  0
SECTION
  2
HEADER
  9
$ACADVER
  1
AC1009
  0
ENDSEC
  0
SECTION
  2
TABLES
  0
TABLE
  2
LAYER
  70
3
  0
LAYER
  2
Layer_18
  70
0
  62
13
  6
CONTINUOUS
  0
LAYER
  2
Layer_27
  70
0
  62
138
  6
CONTINUOUS
  0
LAYER
  2
Layer_0
  70
0
  62
7
  6
CONTINUOUS
  0
ENDTAB
  0
ENDSEC
  0
SECTION
  2
ENTITIES
  0
POLYLINE
  5
90
  8
Layer_0
  62
7
  70
1
  66
1
  10
0
  20
0
  30
0
  0
VERTEX
  5
90
  8
Layer_0
  10
369.43683
  20
486.89009
  42
0.31328933
  0
VERTEX
  5
91
  8
Layer_0
  10
369.43683
  20
442.95569
  42
0.22217469
  0
VERTEX
  5
92
  8
Layer_0
  10
369.94946
  20
442.65787
  42
0.22217393
  0
VERTEX
  5
93
  8
Layer_0
  10
370.50671
  20
442.86011
  0
VERTEX
  5
94
  8
Layer_0
  10
372.08997
  20
444.44337
  0
VERTEX
  5
95
  8
Layer_0
  10
380.57526
  20
435.9581
  0
VERTEX
  5
96
  8
Layer_0
  10
378.99194
  20
434.37483
  42
0.22217393
  0
VERTEX
  5
97
  8
Layer_0
  10
378.78973
  20
433.81758
  42
0.2221708
  0
VERTEX
  5
98
  8
Layer_0
  10
379.08752
  20
433.30499
  42
0.31328956
  0
VERTEX
  5
99
  8
Layer_0
  10
423.02194
  20
433.30499
  42
0.22216574
  0
VERTEX
  5
9a
  8
Layer_0
  10
423.31976
  20
433.81757
  42
0.22217062
  0
VERTEX
  5
9b
  8
Layer_0
  10
423.11752
  20
434.37483
  0
VERTEX
  5
9c
  8
Layer_0
  10
421.53427
  20
435.95808
  0
VERTEX
  5
9d
  8
Layer_0
  10
430.01956
  20
444.44336
  0
VERTEX
  5
9e
  8
Layer_0
  10
431.60281
  20
442.86011
  42
0.222171
  0
VERTEX
  5
9f
  8
Layer_0
  10
432.16006
  20
442.65787
  42
0.22216574
  0
VERTEX
  5
a0
  8
Layer_0
  10
432.67264
  20
442.95569
  42
0.063072332
  0
VERTEX
  5
a1
  8
Layer_0
  10
437.15076
  20
451.53159
  42
0.24551849
  0
VERTEX
  5
a2
  8
Layer_0
  10
436.68423
  20
455.20705
  42
0.24551794
  0
VERTEX
  5
a3
  8
Layer_0
  10
433.40054
  20
456.92288
  0
VERTEX
  5
a4
  8
Layer_0
  10
431.05475
  20
456.92288
  42
-0.41421379
  0
VERTEX
  5
a5
  8
Layer_0
  10
423.05475
  20
464.92288
  42
-0.4142137
  0
VERTEX
  5
a6
  8
Layer_0
  10
431.05475
  20
472.92289
  0
VERTEX
  5
a7
  8
Layer_0
  10
433.40054
  20
472.92289
  42
0.24551772
  0
VERTEX
  5
a8
  8
Layer_0
  10
436.68423
  20
474.63873
  42
0.24551709
  0
VERTEX
  5
a9
  8
Layer_0
  10
437.15079
  20
478.31419
  42
0.063072156
  0
VERTEX
  5
aa
  8
Layer_0
  10
432.67267
  20
486.8901
  42
0.2221708
  0
VERTEX
  5
ab
  8
Layer_0
  10
432.16006
  20
487.18791
  42
0.22217393
  0
VERTEX
  5
ac
  8
Layer_0
  10
431.60281
  20
486.98566
  0
VERTEX
  5
ad
  8
Layer_0
  10
430.01956
  20
485.4024
  0
VERTEX
  5
ae
  8
Layer_0
  10
421.53427
  20
493.88769
  0
VERTEX
  5
af
  8
Layer_0
  10
423.11752
  20
495.47095
  42
0.22217393
  0
VERTEX
  5
b0
  8
Layer_0
  10
423.31976
  20
496.02821
  42
0.22217469
  0
VERTEX
  5
b1
  8
Layer_0
  10
423.02197
  20
496.54079
  42
0.31328933
  0
VERTEX
  5
b2
  8
Layer_0
  10
379.08752
  20
496.5408
  42
0.22217049
  0
VERTEX
  5
b3
  8
Layer_0
  10
378.78973
  20
496.02821
  42
0.22217432
  0
VERTEX
  5
b4
  8
Layer_0
  10
378.992
  20
495.47095
  0
VERTEX
  5
b5
  8
Layer_0
  10
380.57526
  20
493.8877
  0
VERTEX
  5
b6
  8
Layer_0
  10
372.08997
  20
485.40241
  0
VERTEX
  5
b7
  8
Layer_0
  10
370.50671
  20
486.98567
  42
0.2221747
  0
VERTEX
  5
b8
  8
Layer_0
  10
369.94946
  20
487.18792
  42
0.22217109
  0
SEQEND
  0
POLYLINE
  5
ba
  8
Layer_0
  62
7
  70
1
  66
1
  10
0
  20
0
  30
0
  0
VERTEX
  5
ba
  8
Layer_0
  10
374.09784
  20
466.44789
  0
VERTEX
  5
bb
  8
Layer_0
  10
367.05475
  20
466.44789
  0
VERTEX
  5
bc
  8
Layer_0
  10
367.05475
  20
463.39789
  0
VERTEX
  5
bd
  8
Layer_0
  10
374.09784
  20
463.39789
  0
SEQEND
  0
POLYLINE
  5
bf
  8
Layer_0
  62
7
  70
1
  66
1
  10
0
  20
0
  30
0
  0
VERTEX
  5
bf
  8
Layer_0
  10
412.65707
  20
432.9274
  0
VERTEX
  5
c0
  8
Layer_0
  10
409.96179
  20
439.43437
  0
VERTEX
  5
c1
  8
Layer_0
  10
412.77963
  20
440.60156
  0
VERTEX
  5
c2
  8
Layer_0
  10
415.47491
  20
434.09457
  0
SEQEND
  0
POLYLINE
  5
c4
  8
Layer_0
  62
7
  70
1
  66
1
  10
0
  20
0
  30
0
  0
VERTEX
  5
c4
  8
Layer_0
  10
418.12476
  20
444.2229
  0
VERTEX
  5
c5
  8
Layer_0
  10
418.12476
  20
450.89288
  0
VERTEX
  5
c6
  8
Layer_0
  10
418.12476
  20
453.55289
  0
VERTEX
  5
c7
  8
Layer_0
  10
418.12476
  20
460.2229
  42
0.41421356
  0
VERTEX
  5
c8
  8
Layer_0
  10
417.82474
  20
460.52289
  42
0.41421118
  0
VERTEX
  5
c9
  8
Layer_0
  10
417.52475
  20
460.22289
  0
VERTEX
  5
ca
  8
Layer_0
  10
417.52475
  20
453.55289
  0
VERTEX
  5
cb
  8
Layer_0
  10
380.22473
  20
453.55289
  0
VERTEX
  5
cc
  8
Layer_0
  10
380.22473
  20
450.89288
  0
VERTEX
  5
cd
  8
Layer_0
  10
417.52475
  20
450.89288
  0
VERTEX
  5
ce
  8
Layer_0
  10
417.52475
  20
444.2229
  42
0.41421475
  0
VERTEX
  5
cf
  8
Layer_0
  10
417.82474
  20
443.92288
  42
0.4142225
  0
SEQEND
  0
POLYLINE
  5
d1
  8
Layer_0
  62
7
  70
1
  66
1
  10
0
  20
0
  30
0
  0
VERTEX
  5
d1
  8
Layer_0
  10
380.22473
  20
478.9529
  0
VERTEX
  5
d2
  8
Layer_0
  10
380.22473
  20
476.29289
  0
VERTEX
  5
d3
  8
Layer_0
  10
417.52475
  20
476.29289
  0
VERTEX
  5
d4
  8
Layer_0
  10
417.52475
  20
469.62289
  42
0.41421356
  0
VERTEX
  5
d5
  8
Layer_0
  10
417.82474
  20
469.32289
  42
0.41421118
  0
VERTEX
  5
d6
  8
Layer_0
  10
418.12476
  20
469.62289
  0
VERTEX
  5
d7
  8
Layer_0
  10
418.12476
  20
476.29289
  0
VERTEX
  5
d8
  8
Layer_0
  10
418.12476
  20
478.95289
  0
VERTEX
  5
d9
  8
Layer_0
  10
418.12476
  20
485.62289
  42
0.41421356
  0
VERTEX
  5
da
  8
Layer_0
  10
417.82474
  20
485.92289
  42
0.41421356
  0
VERTEX
  5
db
  8
Layer_0
  10
417.52475
  20
485.62289
  0
VERTEX
  5
dc
  8
Layer_0
  10
417.52475
  20
478.95289
  0
SEQEND
  0
POLYLINE
  5
de
  8
Layer_0
  62
7
  70
1
  66
1
  10
0
  20
0
  30
0
  0
VERTEX
  5
de
  8
Layer_0
  10
412.77963
  20
489.24422
  0
VERTEX
  5
df
  8
Layer_0
  10
415.47491
  20
495.75121
  0
VERTEX
  5
e0
  8
Layer_0
  10
412.65707
  20
496.91839
  0
VERTEX
  5
e1
  8
Layer_0
  10
409.96179
  20
490.41141
  0
SEQEND
  0
POLYLINE
  5
e3
  8
Layer_0
  62
7
  70
1
  66
1
  10
0
  20
0
  30
0
  0
VERTEX
  5
e3
  8
Layer_0
  10
411.05475
  20
462.92288
  0
VERTEX
  5
e4
  8
Layer_0
  10
411.05475
  20
466.9229
  42
-0.2679466
  0
VERTEX
  5
e5
  8
Layer_0
  10
411.55475
  20
467.78891
  42
-0.26794904
  0
VERTEX
  5
e6
  8
Layer_0
  10
412.55475
  20
467.78891
  0
VERTEX
  5
e7
  8
Layer_0
  10
416.01886
  20
465.78891
  42
-0.26794899
  0
VERTEX
  5
e8
  8
Layer_0
  10
416.51886
  20
464.92288
  42
-0.26794729
  0
VERTEX
  5
e9
  8
Layer_0
  10
416.01886
  20
464.05685
  0
VERTEX
  5
ea
  8
Layer_0
  10
412.55475
  20
462.05687
  42
-0.26794879
  0
VERTEX
  5
eb
  8
Layer_0
  10
411.55475
  20
462.05687
  42
-0.2679512
  0
SEQEND
  0
POLYLINE
  5
ed
  8
Layer_0
  62
7
  70
1
  66
1
  10
0
  20
0
  30
0
  0
VERTEX
  5
ed
  8
Layer_0
  10
420.32474
  20
444.22289
  0
VERTEX
  5
ee
  8
Layer_0
  10
420.32474
  20
460.22289
  42
-0.41421118
  0
VERTEX
  5
ef
  8
Layer_0
  10
420.62476
  20
460.52289
  42
-0.41421356
  0
VERTEX
  5
f0
  8
Layer_0
  10
420.92474
  20
460.22289
  0
VERTEX
  5
f1
  8
Layer_0
  10
420.92474
  20
444.22289
  42
-0.41421267
  0
VERTEX
  5
f2
  8
Layer_0
  10
420.62476
  20
443.92288
  42
-0.41422384
  0
SEQEND
  0
POLYLINE
  5
f4
  8
Layer_0
  62
7
  70
1
  66
1
  10
0
  20
0
  30
0
  0
VERTEX
  5
f4
  8
Layer_0
  10
420.92474
  20
469.62289
  42
-0.41421356
  0
VERTEX
  5
f5
  8
Layer_0
  10
420.62476
  20
469.32289
  42
-0.41421356
  0
VERTEX
  5
f6
  8
Layer_0
  10
420.32474
  20
469.62289
  0
VERTEX
  5
f7
  8
Layer_0
  10
420.32477
  20
485.62289
  42
-0.41421356
  0
VERTEX
  5
f8
  8
Layer_0
  10
420.62476
  20
485.92288
  42
-0.41421356
  0
VERTEX
  5
f9
  8
Layer_0
  10
420.92474
  20
485.62289
  0
SEQEND
  0
POLYLINE
  5
fb
  8
Layer_0
  62
7
  70
1
  66
1
  10
0
  20
0
  30
0
  0
VERTEX
  5
fb
  8
Layer_0
  10
431.10001
  20
432.89999
  42
0.2170274
  0
VERTEX
  5
fc
  8
Layer_0
  10
431.02457
  20
432.86563
  42
0.21701795
  0
VERTEX
  5
fd
  8
Layer_0
  10
431.00098
  20
432.78615
  0
VERTEX
  5
fe
  8
Layer_0
  10
431.5
  20
429.21692
  42
0.37408713
  0
VERTEX
  5
ff
  8
Layer_0
  10
432.09421
  20
428.7
  0
VERTEX
  5
100
  8
Layer_0
  10
434.29999
  20
428.7
  0
VERTEX
  5
101
  8
Layer_0
  10
434.29999
  20
435.7
  42
-0.41421356
  0
VERTEX
  5
102
  8
Layer_0
  10
434.54999
  20
435.95
  0
VERTEX
  5
103
  8
Layer_0
  10
435.45001
  20
435.95
  42
-0.41421356
  0
VERTEX
  5
104
  8
Layer_0
  10
435.70001
  20
435.7
  0
VERTEX
  5
105
  8
Layer_0
  10
435.70001
  20
428.7
  0
VERTEX
  5
106
  8
Layer_0
  10
437.90579
  20
428.7
  42
0.3740878
  0
VERTEX
  5
107
  8
Layer_0
  10
438.5
  20
429.21692
  0
VERTEX
  5
108
  8
Layer_0
  10
438.99902
  20
432.78615
  42
0.21703951
  0
VERTEX
  5
109
  8
Layer_0
  10
438.97543
  20
432.86563
  42
0.21703391
  0
VERTEX
  5
10a
  8
Layer_0
  10
438.89999
  20
432.89999
  0
VERTEX
  5
10b
  8
Layer_0
  10
438.5
  20
432.89999
  0
VERTEX
  5
10c
  8
Layer_0
  10
438.5
  20
435.45
  42
-0.41421356
  0
VERTEX
  5
10d
  8
Layer_0
  10
438.25
  20
435.7
  42
-0.41421356
  0
VERTEX
  5
10e
  8
Layer_0
  10
438.5
  20
435.95
  42
-0.41421356
  0
VERTEX
  5
10f
  8
Layer_0
  10
438.75
  20
435.7
  42
0.40120622
  0
VERTEX
  5
110
  8
Layer_0
  10
441.3028
  20
438.61954
  42
0.40120633
  0
VERTEX
  5
111
  8
Layer_0
  10
438.5
  20
441.3
  42
0.41421356
  0
VERTEX
  5
112
  8
Layer_0
  10
438.10001
  20
440.89999
  0
VERTEX
  5
113
  8
Layer_0
  10
438.10001
  20
440.3
  42
0.4142123
  0
VERTEX
  5
114
  8
Layer_0
  10
438.5
  20
439.89999
  42
-0.41421356
  0
VERTEX
  5
115
  8
Layer_0
  10
439.29999
  20
439.09999
  42
-0.41421419
  0
VERTEX
  5
116
  8
Layer_0
  10
438.5
  20
438.3
  0
VERTEX
  5
117
  8
Layer_0
  10
431.5
  20
438.3
  42
-0.41421356
  0
VERTEX
  5
118
  8
Layer_0
  10
430.70001
  20
439.09999
  42
-0.41421293
  0
VERTEX
  5
119
  8
Layer_0
  10
431.5
  20
439.89999
  42
0.41421356
  0
VERTEX
  5
11a
  8
Layer_0
  10
431.89999
  20
440.3
  0
VERTEX
  5
11b
  8
Layer_0
  10
431.89999
  20
440.89999
  42
0.41421356
  0
VERTEX
  5
11c
  8
Layer_0
  10
431.5
  20
441.3
  42
0.40120615
  0
VERTEX
  5
11d
  8
Layer_0
  10
428.6972
  20
438.61954
  42
0.40120622
  0
VERTEX
  5
11e
  8
Layer_0
  10
431.25
  20
435.7
  42
-0.41421356
  0
VERTEX
  5
11f
  8
Layer_0
  10
431.5
  20
435.95
  42
-0.41421356
  0
VERTEX
  5
120
  8
Layer_0
  10
431.75
  20
435.7
  42
-0.41421356
  0
VERTEX
  5
121
  8
Layer_0
  10
431.5
  20
435.45
  0
VERTEX
  5
122
  8
Layer_0
  10
431.5
  20
432.89999
  0
SEQEND
  0
POLYLINE
  5
124
  8
Layer_0
  62
7
  70
1
  66
1
  10
0
  20
0
  30
0
  0
VERTEX
  5
124
  8
Layer_0
  10
429.10001
  20
462.89999
  42
0.2170274
  0
VERTEX
  5
125
  8
Layer_0
  10
429.02457
  20
462.86563
  42
0.21701795
  0
VERTEX
  5
126
  8
Layer_0
  10
429.00098
  20
462.78615
  0
VERTEX
  5
127
  8
Layer_0
  10
429.5
  20
459.21692
  42
0.37408713
  0
VERTEX
  5
128
  8
Layer_0
  10
430.09421
  20
458.7
  0
VERTEX
  5
129
  8
Layer_0
  10
432.29999
  20
458.7
  0
VERTEX
  5
12a
  8
Layer_0
  10
432.29999
  20
465.7
  42
-0.41421356
  0
VERTEX
  5
12b
  8
Layer_0
  10
432.54999
  20
465.95
  0
VERTEX
  5
12c
  8
Layer_0
  10
433.45001
  20
465.95
  42
-0.41421356
  0
VERTEX
  5
12d
  8
Layer_0
  10
433.70001
  20
465.7
  0
VERTEX
  5
12e
  8
Layer_0
  10
433.70001
  20
458.7
  0
VERTEX
  5
12f
  8
Layer_0
  10
435.90579
  20
458.7
  42
0.3740878
  0
VERTEX
  5
130
  8
Layer_0
  10
436.5
  20
459.21692
  0
VERTEX
  5
131
  8
Layer_0
  10
436.99902
  20
462.78615
  42
0.21703951
  0
VERTEX
  5
132
  8
Layer_0
  10
436.97543
  20
462.86563
  42
0.21703391
  0
VERTEX
  5
133
  8
Layer_0
  10
436.89999
  20
462.89999
  0
VERTEX
  5
134
  8
Layer_0
  10
436.5
  20
462.89999
  0
VERTEX
  5
135
  8
Layer_0
  10
436.5
  20
465.45
  42
-0.41421356
  0
VERTEX
  5
136
  8
Layer_0
  10
436.25
  20
465.7
  42
-0.41421356
  0
VERTEX
  5
137
  8
Layer_0
  10
436.5
  20
465.95
  42
-0.41421356
  0
VERTEX
  5
138
  8
Layer_0
  10
436.75
  20
465.7
  42
0.40120622
  0
VERTEX
  5
139
  8
Layer_0
  10
439.3028
  20
468.61954
  42
0.40120633
  0
VERTEX
  5
13a
  8
Layer_0
  10
436.5
  20
471.3
  42
0.41421356
  0
VERTEX
  5
13b
  8
Layer_0
  10
436.10001
  20
470.89999
  0
VERTEX
  5
13c
  8
Layer_0
  10
436.10001
  20
470.3
  42
0.4142123
  0
VERTEX
  5
13d
  8
Layer_0
  10
436.5
  20
469.89999
  42
-0.41421356
  0
VERTEX
  5
13e
  8
Layer_0
  10
437.29999
  20
469.09999
  42
-0.41421419
  0
VERTEX
  5
13f
  8
Layer_0
  10
436.5
  20
468.3
  0
VERTEX
  5
140
  8
Layer_0
  10
429.5
  20
468.3
  42
-0.41421356
  0
VERTEX
  5
141
  8
Layer_0
  10
428.70001
  20
469.09999
  42
-0.41421293
  0
VERTEX
  5
142
  8
Layer_0
  10
429.5
  20
469.89999
  42
0.41421356
  0
VERTEX
  5
143
  8
Layer_0
  10
429.89999
  20
470.3
  0
VERTEX
  5
144
  8
Layer_0
  10
429.89999
  20
470.89999
  42
0.41421356
  0
VERTEX
  5
145
  8
Layer_0
  10
429.5
  20
471.3
  42
0.40120615
  0
VERTEX
  5
146
  8
Layer_0
  10
426.6972
  20
468.61954
  42
0.40120622
  0
VERTEX
  5
147
  8
Layer_0
  10
429.25
  20
465.7
  42
-0.41421356
  0
VERTEX
  5
148
  8
Layer_0
  10
429.5
  20
465.95
  42
-0.41421356
  0
VERTEX
  5
149
  8
Layer_0
  10
429.75
  20
465.7
  42
-0.41421356
  0
VERTEX
  5
14a
  8
Layer_0
  10
429.5
  20
465.45
  0
VERTEX
  5
14b
  8
Layer_0
  10
429.5
  20
462.89999
  0
SEQEND
  0
POLYLINE
  5
14d
  8
Layer_0
  62
7
  70
1
  66
1
  10
0
  20
0
  30
0
  0
VERTEX
  5
14d
  8
Layer_0
  10
441.10001
  20
421.89999
  42
0.2170274
  0
VERTEX
  5
14e
  8
Layer_0
  10
441.02457
  20
421.86563
  42
0.21701795
  0
VERTEX
  5
14f
  8
Layer_0
  10
441.00098
  20
421.78615
  0
VERTEX
  5
150
  8
Layer_0
  10
441.5
  20
418.21692
  42
0.37408713
  0
VERTEX
  5
151
  8
Layer_0
  10
442.09421
  20
417.7
  0
VERTEX
  5
152
  8
Layer_0
  10
444.29999
  20
417.7
  0
VERTEX
  5
153
  8
Layer_0
  10
444.29999
  20
424.7
  42
-0.41421356
  0
VERTEX
  5
154
  8
Layer_0
  10
444.54999
  20
424.95
  0
VERTEX
  5
155
  8
Layer_0
  10
445.45001
  20
424.95
  42
-0.41421356
  0
VERTEX
  5
156
  8
Layer_0
  10
445.70001
  20
424.7
  0
VERTEX
  5
157
  8
Layer_0
  10
445.70001
  20
417.7
  0
VERTEX
  5
158
  8
Layer_0
  10
447.90579
  20
417.7
  42
0.3740878
  0
VERTEX
  5
159
  8
Layer_0
  10
448.5
  20
418.21692
  0
VERTEX
  5
15a
  8
Layer_0
  10
448.99902
  20
421.78615
  42
0.21703951
  0
VERTEX
  5
15b
  8
Layer_0
  10
448.97543
  20
421.86563
  42
0.21703391
  0
VERTEX
  5
15c
  8
Layer_0
  10
448.89999
  20
421.89999
  0
VERTEX
  5
15d
  8
Layer_0
  10
448.5
  20
421.89999
  0
VERTEX
  5
15e
  8
Layer_0
  10
448.5
  20
424.45
  42
-0.41421356
  0
VERTEX
  5
15f
  8
Layer_0
  10
448.25
  20
424.7
  42
-0.41421356
  0
VERTEX
  5
160
  8
Layer_0
  10
448.5
  20
424.95
  42
-0.41421356
  0
VERTEX
  5
161
  8
Layer_0
  10
448.75
  20
424.7
  42
0.40120622
  0
VERTEX
  5
162
  8
Layer_0
  10
451.3028
  20
427.61954
  42
0.40120633
  0
VERTEX
  5
163
  8
Layer_0
  10
448.5
  20
430.3
  42
0.41421356
  0
VERTEX
  5
164
  8
Layer_0
  10
448.10001
  20
429.89999
  0
VERTEX
  5
165
  8
Layer_0
  10
448.10001
  20
429.3
  42
0.4142123
  0
VERTEX
  5
166
  8
Layer_0
  10
448.5
  20
428.89999
  42
-0.41421356
  0
VERTEX
  5
167
  8
Layer_0
  10
449.29999
  20
428.09999
  42
-0.41421419
  0
VERTEX
  5
168
  8
Layer_0
  10
448.5
  20
427.3
  0
VERTEX
  5
169
  8
Layer_0
  10
441.5
  20
427.3
  42
-0.41421356
  0
VERTEX
  5
16a
  8
Layer_0
  10
440.70001
  20
428.09999
  42
-0.41421293
  0
VERTEX
  5
16b
  8
Layer_0
  10
441.5
  20
428.89999
  42
0.41421356
  0
VERTEX
  5
16c
  8
Layer_0
  10
441.89999
  20
429.3
  0
VERTEX
  5
16d
  8
Layer_0
  10
441.89999
  20
429.89999
  42
0.41421356
  0
VERTEX
  5
16e
  8
Layer_0
  10
441.5
  20
430.3
  42
0.40120615
  0
VERTEX
  5
16f
  8
Layer_0
  10
438.6972
  20
427.61954
  42
0.40120622
  0
VERTEX
  5
170
  8
Layer_0
  10
441.25
  20
424.7
  42
-0.41421356
  0
VERTEX
  5
171
  8
Layer_0
  10
441.5
  20
424.95
  42
-0.41421356
  0
VERTEX
  5
172
  8
Layer_0
  10
441.75
  20
424.7
  42
-0.41421356
  0
VERTEX
  5
173
  8
Layer_0
  10
441.5
  20
424.45
  0
VERTEX
  5
174
  8
Layer_0
  10
441.5
  20
421.89999
  0
SEQEND
  0
POLYLINE
  5
176
  8
Layer_0
  62
7
  70
1
  66
1
  10
0
  20
0
  30
0
  0
VERTEX
  5
176
  8
Layer_0
  10
454.10001
  20
463.90001
  42
0.2170274
  0
VERTEX
  5
177
  8
Layer_0
  10
454.02457
  20
463.86565
  42
0.21701795
  0
VERTEX
  5
178
  8
Layer_0
  10
454.00098
  20
463.78616
  0
VERTEX
  5
179
  8
Layer_0
  10
454.5
  20
460.21693
  42
0.37408713
  0
VERTEX
  5
17a
  8
Layer_0
  10
455.09421
  20
459.70001
  0
VERTEX
  5
17b
  8
Layer_0
  10
457.29999
  20
459.70001
  0
VERTEX
  5
17c
  8
Layer_0
  10
457.29999
  20
466.70001
  42
-0.41421356
  0
VERTEX
  5
17d
  8
Layer_0
  10
457.54999
  20
466.95001
  0
VERTEX
  5
17e
  8
Layer_0
  10
458.45001
  20
466.95001
  42
-0.41421356
  0
VERTEX
  5
17f
  8
Layer_0
  10
458.70001
  20
466.70001
  0
VERTEX
  5
180
  8
Layer_0
  10
458.70001
  20
459.70001
  0
VERTEX
  5
181
  8
Layer_0
  10
460.90579
  20
459.70001
  42
0.3740878
  0
VERTEX
  5
182
  8
Layer_0
  10
461.5
  20
460.21693
  0
VERTEX
  5
183
  8
Layer_0
  10
461.99902
  20
463.78616
  42
0.21703951
  0
VERTEX
  5
184
  8
Layer_0
  10
461.97543
  20
463.86565
  42
0.21703391
  0
VERTEX
  5
185
  8
Layer_0
  10
461.89999
  20
463.90001
  0
VERTEX
  5
186
  8
Layer_0
  10
461.5
  20
463.90001
  0
VERTEX
  5
187
  8
Layer_0
  10
461.5
  20
466.45001
  42
-0.41421356
  0
VERTEX
  5
188
  8
Layer_0
  10
461.25
  20
466.70001
  42
-0.41421356
  0
VERTEX
  5
189
  8
Layer_0
  10
461.5
  20
466.95001
  42
-0.41421356
  0
VERTEX
  5
18a
  8
Layer_0
  10
461.75
  20
466.70001
  42
0.40120622
  0
VERTEX
  5
18b
  8
Layer_0
  10
464.3028
  20
469.61955
  42
0.40120633
  0
VERTEX
  5
18c
  8
Layer_0
  10
461.5
  20
472.30001
  42
0.41421356
  0
VERTEX
  5
18d
  8
Layer_0
  10
461.10001
  20
471.90001
  0
VERTEX
  5
18e
  8
Layer_0
  10
461.10001
  20
471.30002
  42
0.4142123
  0
VERTEX
  5
18f
  8
Layer_0
  10
461.5
  20
470.90001
  42
-0.41421356
  0
VERTEX
  5
190
  8
Layer_0
  10
462.29999
  20
470.10001
  42
-0.41421419
  0
VERTEX
  5
191
  8
Layer_0
  10
461.5
  20
469.30002
  0
VERTEX
  5
192
  8
Layer_0
  10
454.5
  20
469.30002
  42
-0.41421356
  0
VERTEX
  5
193
  8
Layer_0
  10
453.70001
  20
470.10001
  42
-0.41421293
  0
VERTEX
  5
194
  8
Layer_0
  10
454.5
  20
470.90001
  42
0.41421356
  0
VERTEX
  5
195
  8
Layer_0
  10
454.89999
  20
471.30002
  0
VERTEX
  5
196
  8
Layer_0
  10
454.89999
  20
471.90001
  42
0.41421356
  0
VERTEX
  5
197
  8
Layer_0
  10
454.5
  20
472.30001
  42
0.40120615
  0
VERTEX
  5
198
  8
Layer_0
  10
451.6972
  20
469.61955
  42
0.40120622
  0
VERTEX
  5
199
  8
Layer_0
  10
454.25
  20
466.70001
  42
-0.41421356
  0
VERTEX
  5
19a
  8
Layer_0
  10
454.5
  20
466.95001
  42
-0.41421356
  0
VERTEX
  5
19b
  8
Layer_0
  10
454.75
  20
466.70001
  42
-0.41421356
  0
VERTEX
  5
19c
  8
Layer_0
  10
454.5
  20
466.45001
  0
VERTEX
  5
19d
  8
Layer_0
  10
454.5
  20
463.90001
  0
SEQEND
  0
POLYLINE
  5
19f
  8
Layer_0
  62
7
  70
1
  66
1
  10
0
  20
0
  30
0
  0
VERTEX
  5
19f
  8
Layer_0
  10
448.89999
  20
467.10001
  42
0.2170274
  0
VERTEX
  5
1a0
  8
Layer_0
  10
448.97546
  20
467.13437
  42
0.21701795
  0
VERTEX
  5
1a1
  8
Layer_0
  10
448.99902
  20
467.21385
  0
VERTEX
  5
1a2
  8
Layer_0
  10
448.5
  20
470.78308
  42
0.37408713
  0
VERTEX
  5
1a3
  8
Layer_0
  10
447.90579
  20
471.3
  0
VERTEX
  5
1a4
  8
Layer_0
  10
445.70001
  20
471.3
  0
VERTEX
  5
1a5
  8
Layer_0
  10
445.70001
  20
464.3
  42
-0.41421356
  0
VERTEX
  5
1a6
  8
Layer_0
  10
445.45001
  20
464.05
  0
VERTEX
  5
1a7
  8
Layer_0
  10
444.54999
  20
464.05
  42
-0.41421356
  0
VERTEX
  5
1a8
  8
Layer_0
  10
444.29999
  20
464.3
  0
VERTEX
  5
1a9
  8
Layer_0
  10
444.29999
  20
471.3
  0
VERTEX
  5
1aa
  8
Layer_0
  10
442.09421
  20
471.3
  42
0.3740878
  0
VERTEX
  5
1ab
  8
Layer_0
  10
441.5
  20
470.78308
  0
VERTEX
  5
1ac
  8
Layer_0
  10
441.00098
  20
467.21385
  42
0.21703951
  0
VERTEX
  5
1ad
  8
Layer_0
  10
441.02457
  20
467.13437
  42
0.21703391
  0
VERTEX
  5
1ae
  8
Layer_0
  10
441.10001
  20
467.10001
  0
VERTEX
  5
1af
  8
Layer_0
  10
441.5
  20
467.10001
  0
VERTEX
  5
1b0
  8
Layer_0
  10
441.5
  20
464.55
  42
-0.41421356
  0
VERTEX
  5
1b1
  8
Layer_0
  10
441.75
  20
464.3
  42
-0.41421356
  0
VERTEX
  5
1b2
  8
Layer_0
  10
441.5
  20
464.05
  42
-0.41421356
  0
VERTEX
  5
1b3
  8
Layer_0
  10
441.25
  20
464.3
  42
0.40120622
  0
VERTEX
  5
1b4
  8
Layer_0
  10
438.6972
  20
461.38046
  42
0.40120633
  0
VERTEX
  5
1b5
  8
Layer_0
  10
441.5
  20
458.7
  42
0.41421356
  0
VERTEX
  5
1b6
  8
Layer_0
  10
441.89999
  20
459.10001
  0
VERTEX
  5
1b7
  8
Layer_0
  10
441.89999
  20
459.7
  42
0.4142123
  0
VERTEX
  5
1b8
  8
Layer_0
  10
441.5
  20
460.10001
  42
-0.41421356
  0
VERTEX
  5
1b9
  8
Layer_0
  10
440.70001
  20
460.89999
  42
-0.41421419
  0
VERTEX
  5
1ba
  8
Layer_0
  10
441.5
  20
461.7
  0
VERTEX
  5
1bb
  8
Layer_0
  10
448.5
  20
461.7
  42
-0.41421356
  0
VERTEX
  5
1bc
  8
Layer_0
  10
449.29999
  20
460.90001
  42
-0.41421293
  0
VERTEX
  5
1bd
  8
Layer_0
  10
448.5
  20
460.10001
  42
0.41421356
  0
VERTEX
  5
1be
  8
Layer_0
  10
448.10001
  20
459.7
  0
VERTEX
  5
1bf
  8
Layer_0
  10
448.10001
  20
459.10001
  42
0.41421356
  0
VERTEX
  5
1c0
  8
Layer_0
  10
448.5
  20
458.7
  42
0.40120615
  0
VERTEX
  5
1c1
  8
Layer_0
  10
451.3028
  20
461.38046
  42
0.40120622
  0
VERTEX
  5
1c2
  8
Layer_0
  10
448.75
  20
464.3
  42
-0.41421356
  0
VERTEX
  5
1c3
  8
Layer_0
  10
448.5
  20
464.05
  42
-0.41421356
  0
VERTEX
  5
1c4
  8
Layer_0
  10
448.25
  20
464.3
  42
-0.41421356
  0
VERTEX
  5
1c5
  8
Layer_0
  10
448.5
  20
464.55
  0
VERTEX
  5
1c6
  8
Layer_0
  10
448.5
  20
467.10001
  0
SEQEND
  0
POLYLINE
  5
1c8
  8
Layer_0
  62
7
  70
1
  66
1
  10
0
  20
0
  30
0
  0
VERTEX
  5
1c8
  8
Layer_0
  10
420.10001
  20
421.89999
  42
0.2170274
  0
VERTEX
  5
1c9
  8
Layer_0
  10
420.02457
  20
421.86563
  42
0.21701795
  0
VERTEX
  5
1ca
  8
Layer_0
  10
420.00098
  20
421.78615
  0
VERTEX
  5
1cb
  8
Layer_0
  10
420.5
  20
418.21692
  42
0.37408713
  0
VERTEX
  5
1cc
  8
Layer_0
  10
421.09421
  20
417.7
  0
VERTEX
  5
1cd
  8
Layer_0
  10
423.29999
  20
417.7
  0
VERTEX
  5
1ce
  8
Layer_0
  10
423.29999
  20
424.7
  42
-0.41421356
  0
VERTEX
  5
1cf
  8
Layer_0
  10
423.54999
  20
424.95
  0
VERTEX
  5
1d0
  8
Layer_0
  10
424.45001
  20
424.95
  42
-0.41421356
  0
VERTEX
  5
1d1
  8
Layer_0
  10
424.70001
  20
424.7
  0
VERTEX
  5
1d2
  8
Layer_0
  10
424.70001
  20
417.7
  0
VERTEX
  5
1d3
  8
Layer_0
  10
426.90579
  20
417.7
  42
0.3740878
  0
VERTEX
  5
1d4
  8
Layer_0
  10
427.5
  20
418.21692
  0
VERTEX
  5
1d5
  8
Layer_0
  10
427.99902
  20
421.78615
  42
0.21703951
  0
VERTEX
  5
1d6
  8
Layer_0
  10
427.97543
  20
421.86563
  42
0.21703391
  0
VERTEX
  5
1d7
  8
Layer_0
  10
427.89999
  20
421.89999
  0
VERTEX
  5
1d8
  8
Layer_0
  10
427.5
  20
421.89999
  0
VERTEX
  5
1d9
  8
Layer_0
  10
427.5
  20
424.45
  42
-0.41421356
  0
VERTEX
  5
1da
  8
Layer_0
  10
427.25
  20
424.7
  42
-0.41421356
  0
VERTEX
  5
1db
  8
Layer_0
  10
427.5
  20
424.95
  42
-0.41421356
  0
VERTEX
  5
1dc
  8
Layer_0
  10
427.75
  20
424.7
  42
0.40120622
  0
VERTEX
  5
1dd
  8
Layer_0
  10
430.3028
  20
427.61954
  42
0.40120633
  0
VERTEX
  5
1de
  8
Layer_0
  10
427.5
  20
430.3
  42
0.41421356
  0
VERTEX
  5
1df
  8
Layer_0
  10
427.10001
  20
429.89999
  0
VERTEX
  5
1e0
  8
Layer_0
  10
427.10001
  20
429.3
  42
0.4142123
  0
VERTEX
  5
1e1
  8
Layer_0
  10
427.5
  20
428.89999
  42
-0.41421356
  0
VERTEX
  5
1e2
  8
Layer_0
  10
428.29999
  20
428.09999
  42
-0.41421419
  0
VERTEX
  5
1e3
  8
Layer_0
  10
427.5
  20
427.3
  0
VERTEX
  5
1e4
  8
Layer_0
  10
420.5
  20
427.3
  42
-0.41421356
  0
VERTEX
  5
1e5
  8
Layer_0
  10
419.70001
  20
428.09999
  42
-0.41421293
  0
VERTEX
  5
1e6
  8
Layer_0
  10
420.5
  20
428.89999
  42
0.41421356
  0
VERTEX
  5
1e7
  8
Layer_0
  10
420.89999
  20
429.3
  0
VERTEX
  5
1e8
  8
Layer_0
  10
420.89999
  20
429.89999
  42
0.41421356
  0
VERTEX
  5
1e9
  8
Layer_0
  10
420.5
  20
430.3
  42
0.40120615
  0
VERTEX
  5
1ea
  8
Layer_0
  10
417.6972
  20
427.61954
  42
0.40120622
  0
VERTEX
  5
1eb
  8
Layer_0
  10
420.25
  20
424.7
  42
-0.41421356
  0
VERTEX
  5
1ec
  8
Layer_0
  10
420.5
  20
424.95
  42
-0.41421356
  0
VERTEX
  5
1ed
  8
Layer_0
  10
420.75
  20
424.7
  42
-0.41421356
  0
VERTEX
  5
1ee
  8
Layer_0
  10
420.5
  20
424.45
  0
VERTEX
  5
1ef
  8
Layer_0
  10
420.5
  20
421.89999
  0
SEQEND
  0
POLYLINE
  5
1f1
  8
Layer_27
  62
138
  70
1
  66
1
  10
0
  20
0
  30
0
  0
VERTEX
  5
1f1
  8
Layer_27
  10
362.96326
  20
515.50001
  0
VERTEX
  5
1f2
  8
Layer_27
  10
362.6644
  20
515.47972
  0
VERTEX
  5
1f3
  8
Layer_27
  10
362.37192
  20
515.43369
  0
VERTEX
  5
1f4
  8
Layer_27
  10
362.08743
  20
515.362
  0
VERTEX
  5
1f5
  8
Layer_27
  10
361.81257
  20
515.26473
  0
VERTEX
  5
1f6
  8
Layer_27
  10
361.54897
  20
515.14194
  0
VERTEX
  5
1f7
  8
Layer_27
  10
361.29825
  20
514.99373
  0
VERTEX
  5
1f8
  8
Layer_27
  10
361.06204
  20
514.82016
  0
VERTEX
  5
1f9
  8
Layer_27
  10
360.84196
  20
514.62131
  0
VERTEX
  5
1fa
  8
Layer_27
  10
360.64312
  20
514.40123
  0
VERTEX
  5
1fb
  8
Layer_27
  10
360.46955
  20
514.16502
  0
VERTEX
  5
1fc
  8
Layer_27
  10
360.32135
  20
513.9143
  0
VERTEX
  5
1fd
  8
Layer_27
  10
360.19857
  20
513.65069
  0
VERTEX
  5
1fe
  8
Layer_27
  10
360.1013
  20
513.37583
  0
VERTEX
  5
1ff
  8
Layer_27
  10
360.02961
  20
513.09135
  0
VERTEX
  5
200
  8
Layer_27
  10
359.98357
  20
512.79886
  0
VERTEX
  5
201
  8
Layer_27
  10
359.96326
  20
512.50001
  0
VERTEX
  5
202
  8
Layer_27
  10
359.96326
  20
419.5
  0
VERTEX
  5
203
  8
Layer_27
  10
359.98357
  20
419.20115
  0
VERTEX
  5
204
  8
Layer_27
  10
360.02961
  20
418.90866
  0
VERTEX
  5
205
  8
Layer_27
  10
360.1013
  20
418.62418
  0
VERTEX
  5
206
  8
Layer_27
  10
360.19857
  20
418.34932
  0
VERTEX
  5
207
  8
Layer_27
  10
360.32135
  20
418.08571
  0
VERTEX
  5
208
  8
Layer_27
  10
360.46955
  20
417.83499
  0
VERTEX
  5
209
  8
Layer_27
  10
360.64312
  20
417.59878
  0
VERTEX
  5
20a
  8
Layer_27
  10
360.84196
  20
417.3787
  0
VERTEX
  5
20b
  8
Layer_27
  10
361.06204
  20
417.17985
  0
VERTEX
  5
20c
  8
Layer_27
  10
361.29825
  20
417.00628
  0
VERTEX
  5
20d
  8
Layer_27
  10
361.54897
  20
416.85806
  0
VERTEX
  5
20e
  8
Layer_27
  10
361.81257
  20
416.73528
  0
VERTEX
  5
20f
  8
Layer_27
  10
362.08743
  20
416.638
  0
VERTEX
  5
210
  8
Layer_27
  10
362.37192
  20
416.56631
  0
VERTEX
  5
211
  8
Layer_27
  10
362.6644
  20
416.52029
  0
VERTEX
  5
212
  8
Layer_27
  10
362.96326
  20
416.5
  0
VERTEX
  5
213
  8
Layer_27
  10
530.96326
  20
416.5
  0
VERTEX
  5
214
  8
Layer_27
  10
531.26214
  20
416.52029
  0
VERTEX
  5
215
  8
Layer_27
  10
531.55465
  20
416.56631
  0
VERTEX
  5
216
  8
Layer_27
  10
531.83914
  20
416.638
  0
VERTEX
  5
217
  8
Layer_27
  10
532.114
  20
416.73528
  0
VERTEX
  5
218
  8
Layer_27
  10
532.3776
  20
416.85806
  0
VERTEX
  5
219
  8
Layer_27
  10
532.62833
  20
417.00628
  0
VERTEX
  5
21a
  8
Layer_27
  10
532.86455
  20
417.17985
  0
VERTEX
  5
21b
  8
Layer_27
  10
533.08466
  20
417.3787
  0
VERTEX
  5
21c
  8
Layer_27
  10
533.28348
  20
417.59878
  0
VERTEX
  5
21d
  8
Layer_27
  10
533.45703
  20
417.83499
  0
VERTEX
  5
21e
  8
Layer_27
  10
533.60523
  20
418.08571
  0
VERTEX
  5
21f
  8
Layer_27
  10
533.728
  20
418.34932
  0
VERTEX
  5
220
  8
Layer_27
  10
533.82527
  20
418.62418
  0
VERTEX
  5
221
  8
Layer_27
  10
533.89695
  20
418.90866
  0
VERTEX
  5
222
  8
Layer_27
  10
533.94297
  20
419.20115
  0
VERTEX
  5
223
  8
Layer_27
  10
533.96326
  20
419.5
  0
VERTEX
  5
224
  8
Layer_27
  10
533.96326
  20
512.50001
  0
VERTEX
  5
225
  8
Layer_27
  10
533.98354
  20
512.79886
  0
VERTEX
  5
226
  8
Layer_27
  10
534.02957
  20
513.09135
  0
VERTEX
  5
227
  8
Layer_27
  10
534.10126
  20
513.37583
  0
VERTEX
  5
228
  8
Layer_27
  10
534.19853
  20
513.65069
  0
VERTEX
  5
229
  8
Layer_27
  10
534.32132
  20
513.9143
  0
VERTEX
  5
22a
  8
Layer_27
  10
534.46954
  20
514.16502
  0
VERTEX
  5
22b
  8
Layer_27
  10
534.64311
  20
514.40123
  0
VERTEX
  5
22c
  8
Layer_27
  10
534.84196
  20
514.62131
  0
VERTEX
  5
22d
  8
Layer_27
  10
535.06204
  20
514.82016
  0
VERTEX
  5
22e
  8
Layer_27
  10
535.29825
  20
514.99373
  0
VERTEX
  5
22f
  8
Layer_27
  10
535.54897
  20
515.14194
  0
VERTEX
  5
230
  8
Layer_27
  10
535.81257
  20
515.26473
  0
VERTEX
  5
231
  8
Layer_27
  10
536.08743
  20
515.362
  0
VERTEX
  5
232
  8
Layer_27
  10
536.37192
  20
515.43369
  0
VERTEX
  5
233
  8
Layer_27
  10
536.6644
  20
515.47972
  0
VERTEX
  5
234
  8
Layer_27
  10
536.96326
  20
515.50001
  0
VERTEX
  5
235
  8
Layer_27
  10
579.03674
  20
515.50001
  0
VERTEX
  5
236
  8
Layer_27
  10
579.33562
  20
515.47972
  0
VERTEX
  5
237
  8
Layer_27
  10
579.6281
  20
515.43369
  0
VERTEX
  5
238
  8
Layer_27
  10
579.91259
  20
515.362
  0
VERTEX
  5
239
  8
Layer_27
  10
580.18745
  20
515.26473
  0
VERTEX
  5
23a
  8
Layer_27
  10
580.45105
  20
515.14194
  0
VERTEX
  5
23b
  8
Layer_27
  10
580.70178
  20
514.99373
  0
VERTEX
  5
23c
  8
Layer_27
  10
580.93799
  20
514.82016
  0
VERTEX
  5
23d
  8
Layer_27
  10
581.15807
  20
514.62131
  0
VERTEX
  5
23e
  8
Layer_27
  10
581.35691
  20
514.40123
  0
VERTEX
  5
23f
  8
Layer_27
  10
581.53048
  20
514.16502
  0
VERTEX
  5
240
  8
Layer_27
  10
581.6787
  20
513.9143
  0
VERTEX
  5
241
  8
Layer_27
  10
581.80148
  20
513.65069
  0
VERTEX
  5
242
  8
Layer_27
  10
581.89876
  20
513.37583
  0
VERTEX
  5
243
  8
Layer_27
  10
581.97045
  20
513.09135
  0
VERTEX
  5
244
  8
Layer_27
  10
582.01647
  20
512.79886
  0
VERTEX
  5
245
  8
Layer_27
  10
582.03676
  20
512.50001
  0
VERTEX
  5
246
  8
Layer_27
  10
582.03674
  20
419.5
  0
VERTEX
  5
247
  8
Layer_27
  10
582.01647
  20
419.20115
  0
VERTEX
  5
248
  8
Layer_27
  10
581.97045
  20
418.90866
  0
VERTEX
  5
249
  8
Layer_27
  10
581.89876
  20
418.62418
  0
VERTEX
  5
24a
  8
Layer_27
  10
581.80148
  20
418.34932
  0
VERTEX
  5
24b
  8
Layer_27
  10
581.6787
  20
418.08571
  0
VERTEX
  5
24c
  8
Layer_27
  10
581.53048
  20
417.83499
  0
VERTEX
  5
24d
  8
Layer_27
  10
581.35691
  20
417.59878
  0
VERTEX
  5
24e
  8
Layer_27
  10
581.15807
  20
417.3787
  0
VERTEX
  5
24f
  8
Layer_27
  10
580.93799
  20
417.17985
  0
VERTEX
  5
250
  8
Layer_27
  10
580.70178
  20
417.00628
  0
VERTEX
  5
251
  8
Layer_27
  10
580.45105
  20
416.85806
  0
VERTEX
  5
252
  8
Layer_27
  10
580.18745
  20
416.73528
  0
VERTEX
  5
253
  8
Layer_27
  10
579.91259
  20
416.638
  0
VERTEX
  5
254
  8
Layer_27
  10
579.6281
  20
416.56631
  0
VERTEX
  5
255
  8
Layer_27
  10
579.33562
  20
416.52029
  0
VERTEX
  5
256
  8
Layer_27
  10
579.03676
  20
416.5
  0
VERTEX
  5
257
  8
Layer_27
  10
536.96326
  20
416.5
  0
VERTEX
  5
258
  8
Layer_27
  10
536.6644
  20
416.52029
  0
VERTEX
  5
259
  8
Layer_27
  10
536.37192
  20
416.56631
  0
VERTEX
  5
25a
  8
Layer_27
  10
536.08743
  20
416.638
  0
VERTEX
  5
25b
  8
Layer_27
  10
535.81257
  20
416.73528
  0
VERTEX
  5
25c
  8
Layer_27
  10
535.54897
  20
416.85806
  0
VERTEX
  5
25d
  8
Layer_27
  10
535.29825
  20
417.00628
  0
VERTEX
  5
25e
  8
Layer_27
  10
535.06204
  20
417.17985
  0
VERTEX
  5
25f
  8
Layer_27
  10
534.84196
  20
417.3787
  0
VERTEX
  5
260
  8
Layer_27
  10
534.64311
  20
417.59878
  0
VERTEX
  5
261
  8
Layer_27
  10
534.46954
  20
417.83499
  0
VERTEX
  5
262
  8
Layer_27
  10
534.32132
  20
418.08571
  0
VERTEX
  5
263
  8
Layer_27
  10
534.19853
  20
418.34932
  0
VERTEX
  5
264
  8
Layer_27
  10
534.10126
  20
418.62418
  0
VERTEX
  5
265
  8
Layer_27
  10
534.02957
  20
418.90866
  0
VERTEX
  5
266
  8
Layer_27
  10
533.98354
  20
419.20115
  0
VERTEX
  5
267
  8
Layer_27
  10
533.96326
  20
419.5
  0
VERTEX
  5
268
  8
Layer_27
  10
533.96326
  20
512.50001
  0
VERTEX
  5
269
  8
Layer_27
  10
533.94297
  20
512.79886
  0
VERTEX
  5
26a
  8
Layer_27
  10
533.89695
  20
513.09135
  0
VERTEX
  5
26b
  8
Layer_27
  10
533.82527
  20
513.37583
  0
VERTEX
  5
26c
  8
Layer_27
  10
533.728
  20
513.65069
  0
VERTEX
  5
26d
  8
Layer_27
  10
533.60523
  20
513.9143
  0
VERTEX
  5
26e
  8
Layer_27
  10
533.45703
  20
514.16502
  0
VERTEX
  5
26f
  8
Layer_27
  10
533.28348
  20
514.40123
  0
VERTEX
  5
270
  8
Layer_27
  10
533.08466
  20
514.62131
  0
VERTEX
  5
271
  8
Layer_27
  10
532.86455
  20
514.82016
  0
VERTEX
  5
272
  8
Layer_27
  10
532.62833
  20
514.99373
  0
VERTEX
  5
273
  8
Layer_27
  10
532.3776
  20
515.14194
  0
VERTEX
  5
274
  8
Layer_27
  10
532.114
  20
515.26473
  0
VERTEX
  5
275
  8
Layer_27
  10
531.83914
  20
515.362
  0
VERTEX
  5
276
  8
Layer_27
  10
531.55465
  20
515.43369
  0
VERTEX
  5
277
  8
Layer_27
  10
531.26214
  20
515.47972
  0
VERTEX
  5
278
  8
Layer_27
  10
530.96326
  20
515.50001
  0
VERTEX
  5
279
  8
Layer_27
  10
362.96326
  20
515.50001
  0
SEQEND
  0
POLYLINE
  5
27b
  8
Layer_27
  62
138
  70
1
  66
1
  10
0
  20
0
  30
0
  0
VERTEX
  5
27b
  8
Layer_27
  10
410.04187
  20
439.50211
  0
VERTEX
  5
27c
  8
Layer_27
  10
412.6713
  20
440.59119
  0
VERTEX
  5
27d
  8
Layer_27
  10
412.6752
  20
440.59212
  0
VERTEX
  5
27e
  8
Layer_27
  10
415.39609
  20
434.02338
  0
VERTEX
  5
27f
  8
Layer_27
  10
415.41025
  20
433.98662
  0
VERTEX
  5
280
  8
Layer_27
  10
412.77899
  20
432.89668
  0
VERTEX
  5
281
  8
Layer_27
  10
412.77753
  20
432.89761
  0
VERTEX
  5
282
  8
Layer_27
  10
410.06522
  20
439.44569
  0
SEQEND
  0
POLYLINE
  5
284
  8
Layer_27
  62
138
  70
1
  66
1
  10
0
  20
0
  30
0
  0
VERTEX
  5
284
  8
Layer_27
  10
380.14465
  20
453.5529
  0
VERTEX
  5
285
  8
Layer_27
  10
418.3512
  20
453.5529
  0
VERTEX
  5
286
  8
Layer_27
  10
418.40466
  20
453.55267
  0
VERTEX
  5
287
  8
Layer_27
  10
418.40466
  20
450.895
  0
VERTEX
  5
288
  8
Layer_27
  10
418.3912
  20
450.8929
  0
VERTEX
  5
289
  8
Layer_27
  10
380.15814
  20
450.8929
  0
VERTEX
  5
28a
  8
Layer_27
  10
380.14465
  20
450.89343
  0
VERTEX
  5
28b
  8
Layer_27
  10
380.14465
  20
453.54712
  0
SEQEND
  0
POLYLINE
  5
28d
  8
Layer_27
  62
138
  70
1
  66
1
  10
0
  20
0
  30
0
  0
VERTEX
  5
28d
  8
Layer_27
  10
374.12964
  20
466.3479
  0
VERTEX
  5
28e
  8
Layer_27
  10
374.12964
  20
463.50189
  0
VERTEX
  5
28f
  8
Layer_27
  10
374.12903
  20
463.49791
  0
VERTEX
  5
290
  8
Layer_27
  10
367.01904
  20
463.49791
  0
VERTEX
  5
291
  8
Layer_27
  10
366.97968
  20
463.4989
  0
VERTEX
  5
292
  8
Layer_27
  10
366.97968
  20
466.34689
  0
VERTEX
  5
293
  8
Layer_27
  10
366.98108
  20
466.3479
  0
VERTEX
  5
294
  8
Layer_27
  10
374.0686
  20
466.3479
  0
SEQEND
  0
POLYLINE
  5
296
  8
Layer_27
  62
138
  70
1
  66
1
  10
0
  20
0
  30
0
  0
VERTEX
  5
296
  8
Layer_27
  10
380.14465
  20
478.9529
  0
VERTEX
  5
297
  8
Layer_27
  10
418.3512
  20
478.9529
  0
VERTEX
  5
298
  8
Layer_27
  10
418.40466
  20
478.95267
  0
VERTEX
  5
299
  8
Layer_27
  10
418.40466
  20
476.295
  0
VERTEX
  5
29a
  8
Layer_27
  10
418.3912
  20
476.29291
  0
VERTEX
  5
29b
  8
Layer_27
  10
380.15814
  20
476.29291
  0
VERTEX
  5
29c
  8
Layer_27
  10
380.14465
  20
476.29343
  0
VERTEX
  5
29d
  8
Layer_27
  10
380.14465
  20
478.94711
  0
SEQEND
  0
POLYLINE
  5
29f
  8
Layer_27
  62
138
  70
1
  66
1
  10
0
  20
0
  30
0
  0
VERTEX
  5
29f
  8
Layer_27
  10
412.67496
  20
489.25301
  0
VERTEX
  5
2a0
  8
Layer_27
  10
410.04553
  20
490.34208
  0
VERTEX
  5
2a1
  8
Layer_27
  10
410.04211
  20
490.34418
  0
VERTEX
  5
2a2
  8
Layer_27
  10
412.763
  20
496.91302
  0
VERTEX
  5
2a3
  8
Layer_27
  10
412.77899
  20
496.94902
  0
VERTEX
  5
2a4
  8
Layer_27
  10
415.41025
  20
495.85909
  0
VERTEX
  5
2a5
  8
Layer_27
  10
415.41061
  20
495.85739
  0
VERTEX
  5
2a6
  8
Layer_27
  10
412.69833
  20
489.30942
  0
SEQEND
  0
POLYLINE
  5
2a8
  8
Layer_18
  62
13
  70
1
  66
1
  10
0
  20
0
  30
0
  0
VERTEX
  5
2a8
  8
Layer_18
  10
416.01877
  20
465.78891
  0
VERTEX
  5
2a9
  8
Layer_18
  10
412.55466
  20
467.78891
  42
0.07886916
  0
VERTEX
  5
2aa
  8
Layer_18
  10
412.26257
  20
467.901
  42
0.078785244
  0
VERTEX
  5
2ab
  8
Layer_18
  10
411.95016
  20
467.9174
  42
0.078811408
  0
VERTEX
  5
2ac
  8
Layer_18
  10
411.64795
  20
467.8364
  42
0.079037738
  0
VERTEX
  5
2ad
  8
Layer_18
  10
411.38556
  20
467.666
  42
0.078890035
  0
VERTEX
  5
2ae
  8
Layer_18
  10
411.18866
  20
467.42291
  42
0.078632594
  0
VERTEX
  5
2af
  8
Layer_18
  10
411.07648
  20
467.1308
  42
0.052269297
  0
VERTEX
  5
2b0
  8
Layer_18
  10
411.05466
  20
466.92291
  0
VERTEX
  5
2b1
  8
Layer_18
  10
411.05466
  20
462.92291
  42
0.078721063
  0
VERTEX
  5
2b2
  8
Layer_18
  10
411.10358
  20
462.61391
  42
0.078629996
  0
VERTEX
  5
2b3
  8
Layer_18
  10
411.24567
  20
462.33511
  42
0.078818882
  0
VERTEX
  5
2b4
  8
Layer_18
  10
411.46686
  20
462.11391
  42
0.078634113
  0
VERTEX
  5
2b5
  8
Layer_18
  10
411.74567
  20
461.9718
  42
0.078723883
  0
VERTEX
  5
2b6
  8
Layer_18
  10
412.05466
  20
461.92291
  42
0.078721063
  0
VERTEX
  5
2b7
  8
Layer_18
  10
412.36365
  20
461.9718
  42
0.052581537
  0
VERTEX
  5
2b8
  8
Layer_18
  10
412.55466
  20
462.0569
  0
VERTEX
  5
2b9
  8
Layer_18
  10
416.01877
  20
464.0569
  42
0.07891309
  0
VERTEX
  5
2ba
  8
Layer_18
  10
416.26196
  20
464.2538
  42
0.078799777
  0
VERTEX
  5
2bb
  8
Layer_18
  10
416.43237
  20
464.5162
  42
0.078787528
  0
VERTEX
  5
2bc
  8
Layer_18
  10
416.51337
  20
464.8183
  42
0.078776171
  0
VERTEX
  5
2bd
  8
Layer_18
  10
416.49695
  20
465.1308
  42
0.078640493
  0
VERTEX
  5
2be
  8
Layer_18
  10
416.38486
  20
465.42291
  42
0.078606503
  0
VERTEX
  5
2bf
  8
Layer_18
  10
416.18796
  20
465.666
  42
0.052293839
  0
SEQEND
  0
POLYLINE
  5
2c1
  8
Layer_0
  62
7
  70
1
  66
1
  10
0
  20
0
  30
0
  0
VERTEX
  5
2c1
  8
Layer_0
  10
492.30807
  20
499.19631
  0
VERTEX
  5
2c2
  8
Layer_0
  10
492.30807
  20
499.19568
  0
VERTEX
  5
2c3
  8
Layer_0
  10
492.30807
  20
499.19505
  0
VERTEX
  5
2c4
  8
Layer_0
  10
492.30807
  20
499.19441
  0
VERTEX
  5
2c5
  8
Layer_0
  10
492.30807
  20
499.19378
  0
VERTEX
  5
2c6
  8
Layer_0
  10
492.30807
  20
499.19283
  0
VERTEX
  5
2c7
  8
Layer_0
  10
492.30807
  20
499.19188
  0
VERTEX
  5
2c8
  8
Layer_0
  10
492.30807
  20
499.19124
  0
VERTEX
  5
2c9
  8
Layer_0
  10
492.30807
  20
499.19029
  0
VERTEX
  5
2ca
  8
Layer_0
  10
492.30807
  20
499.18934
  0
VERTEX
  5
2cb
  8
Layer_0
  10
492.30807
  20
499.18871
  42
0.00050296908
  0
VERTEX
  5
2cc
  8
Layer_0
  10
492.30807
  20
499.18681
  0
VERTEX
  5
2cd
  8
Layer_0
  10
492.30807
  20
499.18617
  0
VERTEX
  5
2ce
  8
Layer_0
  10
492.30807
  20
499.18553
  0
VERTEX
  5
2cf
  8
Layer_0
  10
492.30807
  20
499.18395
  0
VERTEX
  5
2d0
  8
Layer_0
  10
492.30807
  20
499.18237
  0
VERTEX
  5
2d1
  8
Layer_0
  10
492.30807
  20
499.18173
  0
VERTEX
  5
2d2
  8
Layer_0
  10
492.30807
  20
499.1811
  42
0.00083600038
  0
VERTEX
  5
2d3
  8
Layer_0
  10
492.30807
  20
499.17983
  42
0.00042007079
  0
VERTEX
  5
2d4
  8
Layer_0
  10
492.30807
  20
499.1773
  0
VERTEX
  5
2d5
  8
Layer_0
  10
492.30807
  20
499.17667
  0
VERTEX
  5
2d6
  8
Layer_0
  10
492.30807
  20
499.17571
  0
VERTEX
  5
2d7
  8
Layer_0
  10
492.30807
  20
499.17476
  0
VERTEX
  5
2d8
  8
Layer_0
  10
492.30807
  20
499.17413
  0
VERTEX
  5
2d9
  8
Layer_0
  10
492.30807
  20
499.17349
  0
VERTEX
  5
2da
  8
Layer_0
  10
492.30743
  20
499.17286
  0
VERTEX
  5
2db
  8
Layer_0
  10
492.30679
  20
499.17223
  0
VERTEX
  5
2dc
  8
Layer_0
  10
492.30618
  20
499.17159
  0
VERTEX
  5
2dd
  8
Layer_0
  10
492.30554
  20
499.17096
  0
VERTEX
  5
2de
  8
Layer_0
  10
492.3049
  20
499.17033
  0
VERTEX
  5
2df
  8
Layer_0
  10
492.30426
  20
499.16969
  0
VERTEX
  5
2e0
  8
Layer_0
  10
492.30365
  20
499.16906
  0
VERTEX
  5
2e1
  8
Layer_0
  10
492.30301
  20
499.16843
  0
VERTEX
  5
2e2
  8
Layer_0
  10
492.30237
  20
499.16779
  0
VERTEX
  5
2e3
  8
Layer_0
  10
492.30173
  20
499.16716
  0
VERTEX
  5
2e4
  8
Layer_0
  10
492.30109
  20
499.16652
  0
VERTEX
  5
2e5
  8
Layer_0
  10
492.30048
  20
499.16589
  0
VERTEX
  5
2e6
  8
Layer_0
  10
492.29984
  20
499.16463
  0
VERTEX
  5
2e7
  8
Layer_0
  10
492.29919
  20
499.16335
  0
VERTEX
  5
2e8
  8
Layer_0
  10
492.29855
  20
499.16209
  0
VERTEX
  5
2e9
  8
Layer_0
  10
492.29794
  20
499.16081
  42
0.28431235
  0
VERTEX
  5
2ea
  8
Layer_0
  10
492.29666
  20
499.15829
  0
VERTEX
  5
2eb
  8
Layer_0
  10
492.29602
  20
499.15702
  42
0.34414659
  0
VERTEX
  5
2ec
  8
Layer_0
  10
492.29285
  20
499.15068
  42
0.28410321
  0
VERTEX
  5
2ed
  8
Layer_0
  10
492.29285
  20
499.14815
  0
VERTEX
  5
2ee
  8
Layer_0
  10
492.29285
  20
499.14688
  0
VERTEX
  5
2ef
  8
Layer_0
  10
492.29286
  20
499.14498
  0
VERTEX
  5
2f0
  8
Layer_0
  10
492.29286
  20
499.14308
  42
0.00039123507
  0
VERTEX
  5
2f1
  8
Layer_0
  10
492.29285
  20
499.13927
  0
VERTEX
  5
2f2
  8
Layer_0
  10
492.29285
  20
499.13801
  42
-0.00052083389
  0
VERTEX
  5
2f3
  8
Layer_0
  10
492.29285
  20
499.13547
  42
-0.21023082
  0
VERTEX
  5
2f4
  8
Layer_0
  10
492.27954
  20
499.09364
  0
VERTEX
  5
2f5
  8
Layer_0
  10
492.27512
  20
499.0797
  0
VERTEX
  5
2f6
  8
Layer_0
  10
492.27069
  20
499.06575
  0
VERTEX
  5
2f7
  8
Layer_0
  10
492.26624
  20
499.05181
  0
VERTEX
  5
2f8
  8
Layer_0
  10
492.26181
  20
499.03786
  0
VERTEX
  5
2f9
  8
Layer_0
  10
492.25739
  20
499.02393
  0
VERTEX
  5
2fa
  8
Layer_0
  10
492.25293
  20
499.00998
  0
VERTEX
  5
2fb
  8
Layer_0
  10
492.2485
  20
498.99605
  0
VERTEX
  5
2fc
  8
Layer_0
  10
492.24405
  20
498.9821
  0
VERTEX
  5
2fd
  8
Layer_0
  10
492.23962
  20
498.96815
  0
VERTEX
  5
2fe
  8
Layer_0
  10
492.23962
  20
498.96721
  0
VERTEX
  5
2ff
  8
Layer_0
  10
492.23962
  20
498.96626
  42
-0.001415615
  0
VERTEX
  5
300
  8
Layer_0
  10
492.23962
  20
498.96309
  0
VERTEX
  5
301
  8
Layer_0
  10
492.23962
  20
498.96245
  0
VERTEX
  5
302
  8
Layer_0
  10
492.23962
  20
498.96181
  42
0.00067750862
  0
VERTEX
  5
303
  8
Layer_0
  10
492.23962
  20
498.96056
  0
VERTEX
  5
304
  8
Layer_0
  10
492.23962
  20
498.95992
  0
VERTEX
  5
305
  8
Layer_0
  10
492.23962
  20
498.95928
  42
0.00020210034
  0
VERTEX
  5
306
  8
Layer_0
  10
492.23962
  20
498.95612
  0
VERTEX
  5
307
  8
Layer_0
  10
492.23962
  20
498.95485
  0
VERTEX
  5
308
  8
Layer_0
  10
492.23962
  20
498.95358
  0
VERTEX
  5
309
  8
Layer_0
  10
492.23962
  20
498.95294
  0
VERTEX
  5
30a
  8
Layer_0
  10
492.23898
  20
498.95231
  0
VERTEX
  5
30b
  8
Layer_0
  10
492.23834
  20
498.95168
  0
VERTEX
  5
30c
  8
Layer_0
  10
492.23773
  20
498.95104
  0
VERTEX
  5
30d
  8
Layer_0
  10
492.23709
  20
498.95041
  0
VERTEX
  5
30e
  8
Layer_0
  10
492.23645
  20
498.94978
  0
VERTEX
  5
30f
  8
Layer_0
  10
492.23581
  20
498.94914
  0
VERTEX
  5
310
  8
Layer_0
  10
492.2352
  20
498.94851
  0
VERTEX
  5
311
  8
Layer_0
  10
492.23456
  20
498.94788
  0
VERTEX
  5
312
  8
Layer_0
  10
492.23392
  20
498.94724
  0
VERTEX
  5
313
  8
Layer_0
  10
492.23328
  20
498.94661
  0
VERTEX
  5
314
  8
Layer_0
  10
492.23267
  20
498.94598
  0
VERTEX
  5
315
  8
Layer_0
  10
492.23203
  20
498.94534
  0
VERTEX
  5
316
  8
Layer_0
  10
492.23138
  20
498.94407
  42
0.0001583207
  0
VERTEX
  5
317
  8
Layer_0
  10
492.2301
  20
498.94154
  0
VERTEX
  5
318
  8
Layer_0
  10
492.22917
  20
498.93964
  0
VERTEX
  5
319
  8
Layer_0
  10
492.22822
  20
498.93774
  0
VERTEX
  5
31a
  8
Layer_0
  10
492.22663
  20
498.93457
  0
VERTEX
  5
31b
  8
Layer_0
  10
492.22505
  20
498.9314
  0
VERTEX
  5
31c
  8
Layer_0
  10
492.22443
  20
498.93013
  0
VERTEX
  5
31d
  8
Layer_0
  10
492.22379
  20
498.92886
  0
VERTEX
  5
31e
  8
Layer_0
  10
492.22314
  20
498.9276
  0
VERTEX
  5
31f
  8
Layer_0
  10
492.2222
  20
498.9257
  0
VERTEX
  5
320
  8
Layer_0
  10
492.22124
  20
498.92379
  0
VERTEX
  5
321
  8
Layer_0
  10
492.22061
  20
498.92252
  0
VERTEX
  5
322
  8
Layer_0
  10
492.21935
  20
498.91999
  0
VERTEX
  5
323
  8
Layer_0
  10
492.21808
  20
498.91745
  0
VERTEX
  5
324
  8
Layer_0
  10
492.21744
  20
498.91618
  0
VERTEX
  5
325
  8
Layer_0
  10
492.2168
  20
498.91492
  0
VERTEX
  5
326
  8
Layer_0
  10
492.21619
  20
498.91428
  0
VERTEX
  5
327
  8
Layer_0
  10
492.21555
  20
498.91365
  0
VERTEX
  5
328
  8
Layer_0
  10
492.2149
  20
498.91302
  0
VERTEX
  5
329
  8
Layer_0
  10
492.21426
  20
498.91238
  0
VERTEX
  5
32a
  8
Layer_0
  10
492.21365
  20
498.91175
  0
VERTEX
  5
32b
  8
Layer_0
  10
492.21301
  20
498.91112
  0
VERTEX
  5
32c
  8
Layer_0
  10
492.21237
  20
498.91048
  0
VERTEX
  5
32d
  8
Layer_0
  10
492.21173
  20
498.90985
  0
VERTEX
  5
32e
  8
Layer_0
  10
492.21112
  20
498.90921
  0
VERTEX
  5
32f
  8
Layer_0
  10
492.21048
  20
498.90858
  0
VERTEX
  5
330
  8
Layer_0
  10
492.20984
  20
498.90794
  0
VERTEX
  5
331
  8
Layer_0
  10
492.2092
  20
498.90731
  0
VERTEX
  5
332
  8
Layer_0
  10
492.20856
  20
498.90605
  0
VERTEX
  5
333
  8
Layer_0
  10
492.20795
  20
498.90478
  0
VERTEX
  5
334
  8
Layer_0
  10
492.20731
  20
498.90351
  0
VERTEX
  5
335
  8
Layer_0
  10
492.20667
  20
498.90224
  0
VERTEX
  5
336
  8
Layer_0
  10
492.20603
  20
498.90097
  0
VERTEX
  5
337
  8
Layer_0
  10
492.2054
  20
498.89971
  42
0.0010400428
  0
VERTEX
  5
338
  8
Layer_0
  10
492.20285
  20
498.89464
  0
VERTEX
  5
339
  8
Layer_0
  10
492.20224
  20
498.89337
  0
VERTEX
  5
33a
  8
Layer_0
  10
492.2016
  20
498.89211
  0
VERTEX
  5
33b
  8
Layer_0
  10
492.20096
  20
498.89146
  0
VERTEX
  5
33c
  8
Layer_0
  10
492.20032
  20
498.89083
  0
VERTEX
  5
33d
  8
Layer_0
  10
492.19971
  20
498.8902
  0
VERTEX
  5
33e
  8
Layer_0
  10
492.19907
  20
498.88956
  0
VERTEX
  5
33f
  8
Layer_0
  10
492.19843
  20
498.88893
  0
VERTEX
  5
340
  8
Layer_0
  10
492.19778
  20
498.8883
  0
VERTEX
  5
341
  8
Layer_0
  10
492.19717
  20
498.88766
  0
VERTEX
  5
342
  8
Layer_0
  10
492.19653
  20
498.88703
  0
VERTEX
  5
343
  8
Layer_0
  10
492.19589
  20
498.8864
  0
VERTEX
  5
344
  8
Layer_0
  10
492.19525
  20
498.88577
  0
VERTEX
  5
345
  8
Layer_0
  10
492.19464
  20
498.88513
  0
VERTEX
  5
346
  8
Layer_0
  10
492.194
  20
498.8845
  0
VERTEX
  5
347
  8
Layer_0
  10
492.19336
  20
498.88387
  0
VERTEX
  5
348
  8
Layer_0
  10
492.19272
  20
498.88322
  0
VERTEX
  5
349
  8
Layer_0
  10
492.19208
  20
498.8826
  0
VERTEX
  5
34a
  8
Layer_0
  10
492.19147
  20
498.88196
  0
VERTEX
  5
34b
  8
Layer_0
  10
492.19083
  20
498.88133
  0
VERTEX
  5
34c
  8
Layer_0
  10
492.19019
  20
498.88069
  0
VERTEX
  5
34d
  8
Layer_0
  10
492.18954
  20
498.88006
  0
VERTEX
  5
34e
  8
Layer_0
  10
492.18893
  20
498.87943
  0
VERTEX
  5
34f
  8
Layer_0
  10
492.18829
  20
498.87879
  0
VERTEX
  5
350
  8
Layer_0
  10
492.18765
  20
498.87816
  0
VERTEX
  5
351
  8
Layer_0
  10
492.18701
  20
498.87753
  0
VERTEX
  5
352
  8
Layer_0
  10
492.1864
  20
498.87689
  0
VERTEX
  5
353
  8
Layer_0
  10
492.18576
  20
498.87563
  0
VERTEX
  5
354
  8
Layer_0
  10
492.18512
  20
498.87436
  0
VERTEX
  5
355
  8
Layer_0
  10
492.18448
  20
498.87309
  42
0.00015952138
  0
VERTEX
  5
356
  8
Layer_0
  10
492.18323
  20
498.87056
  0
VERTEX
  5
357
  8
Layer_0
  10
492.18259
  20
498.86929
  0
VERTEX
  5
358
  8
Layer_0
  10
492.18195
  20
498.86801
  42
-0.10238538
  0
VERTEX
  5
359
  8
Layer_0
  10
492.17877
  20
498.86169
  0
VERTEX
  5
35a
  8
Layer_0
  10
492.17816
  20
498.86041
  0
VERTEX
  5
35b
  8
Layer_0
  10
492.17752
  20
498.85915
  42
0.0013759804
  0
VERTEX
  5
35c
  8
Layer_0
  10
492.1756
  20
498.85535
  42
0.0010377379
  0
VERTEX
  5
35d
  8
Layer_0
  10
492.17307
  20
498.85027
  0
VERTEX
  5
35e
  8
Layer_0
  10
492.17245
  20
498.849
  0
VERTEX
  5
35f
  8
Layer_0
  10
492.17181
  20
498.84773
  0
VERTEX
  5
360
  8
Layer_0
  10
492.17117
  20
498.84647
  0
VERTEX
  5
361
  8
Layer_0
  10
492.17053
  20
498.84584
  0
VERTEX
  5
362
  8
Layer_0
  10
492.16992
  20
498.84521
  0
VERTEX
  5
363
  8
Layer_0
  10
492.16928
  20
498.84457
  0
VERTEX
  5
364
  8
Layer_0
  10
492.16864
  20
498.84394
  0
VERTEX
  5
365
  8
Layer_0
  10
492.168
  20
498.84331
  0
VERTEX
  5
366
  8
Layer_0
  10
492.16736
  20
498.84267
  0
VERTEX
  5
367
  8
Layer_0
  10
492.16675
  20
498.84204
  0
VERTEX
  5
368
  8
Layer_0
  10
492.16611
  20
498.8414
  0
VERTEX
  5
369
  8
Layer_0
  10
492.16547
  20
498.84077
  0
VERTEX
  5
36a
  8
Layer_0
  10
492.16483
  20
498.84013
  0
VERTEX
  5
36b
  8
Layer_0
  10
492.16422
  20
498.8395
  0
VERTEX
  5
36c
  8
Layer_0
  10
492.16357
  20
498.83887
  0
VERTEX
  5
36d
  8
Layer_0
  10
492.16293
  20
498.83823
  0
VERTEX
  5
36e
  8
Layer_0
  10
492.16229
  20
498.8376
  0
VERTEX
  5
36f
  8
Layer_0
  10
492.16168
  20
498.83697
  0
VERTEX
  5
370
  8
Layer_0
  10
492.16104
  20
498.83633
  0
VERTEX
  5
371
  8
Layer_0
  10
492.1604
  20
498.8357
  0
VERTEX
  5
372
  8
Layer_0
  10
492.15976
  20
498.83507
  0
VERTEX
  5
373
  8
Layer_0
  10
492.15915
  20
498.83443
  0
VERTEX
  5
374
  8
Layer_0
  10
492.15851
  20
498.8338
  0
VERTEX
  5
375
  8
Layer_0
  10
492.15787
  20
498.83316
  0
VERTEX
  5
376
  8
Layer_0
  10
492.15723
  20
498.83253
  0
VERTEX
  5
377
  8
Layer_0
  10
492.15659
  20
498.83189
  0
VERTEX
  5
378
  8
Layer_0
  10
492.15598
  20
498.83126
  42
-0.083506358
  0
VERTEX
  5
379
  8
Layer_0
  10
492.15598
  20
498.82999
  0
VERTEX
  5
37a
  8
Layer_0
  10
492.15597
  20
498.82936
  0
VERTEX
  5
37b
  8
Layer_0
  10
492.15597
  20
498.82873
  0
VERTEX
  5
37c
  8
Layer_0
  10
492.15598
  20
498.82809
  0
VERTEX
  5
37d
  8
Layer_0
  10
492.15598
  20
498.82745
  42
0.00084073097
  0
VERTEX
  5
37e
  8
Layer_0
  10
492.15598
  20
498.82619
  0
VERTEX
  5
37f
  8
Layer_0
  10
492.15597
  20
498.82492
  0
VERTEX
  5
380
  8
Layer_0
  10
492.15597
  20
498.82366
  0
VERTEX
  5
381
  8
Layer_0
  10
492.15533
  20
498.82302
  0
VERTEX
  5
382
  8
Layer_0
  10
492.15469
  20
498.82239
  0
VERTEX
  5
383
  8
Layer_0
  10
492.15405
  20
498.82175
  0
VERTEX
  5
384
  8
Layer_0
  10
492.15344
  20
498.82112
  0
VERTEX
  5
385
  8
Layer_0
  10
492.1528
  20
498.82049
  0
VERTEX
  5
386
  8
Layer_0
  10
492.15216
  20
498.81985
  0
VERTEX
  5
387
  8
Layer_0
  10
492.15152
  20
498.81922
  0
VERTEX
  5
388
  8
Layer_0
  10
492.15091
  20
498.81859
  0
VERTEX
  5
389
  8
Layer_0
  10
492.15027
  20
498.81796
  0
VERTEX
  5
38a
  8
Layer_0
  10
492.14963
  20
498.81732
  0
VERTEX
  5
38b
  8
Layer_0
  10
492.14899
  20
498.81668
  0
VERTEX
  5
38c
  8
Layer_0
  10
492.14838
  20
498.81606
  42
-0.34396263
  0
VERTEX
  5
38d
  8
Layer_0
  10
492.14835
  20
498.81351
  0
VERTEX
  5
38e
  8
Layer_0
  10
492.14838
  20
498.81288
  0
VERTEX
  5
38f
  8
Layer_0
  10
492.14836
  20
498.81193
  0
VERTEX
  5
390
  8
Layer_0
  10
492.14836
  20
498.81098
  0
VERTEX
  5
391
  8
Layer_0
  10
492.14838
  20
498.81035
  0
VERTEX
  5
392
  8
Layer_0
  10
492.14838
  20
498.80971
  0
VERTEX
  5
393
  8
Layer_0
  10
492.14838
  20
498.80908
  0
VERTEX
  5
394
  8
Layer_0
  10
492.14838
  20
498.80844
  0
VERTEX
  5
395
  8
Layer_0
  10
492.14774
  20
498.80782
  0
VERTEX
  5
396
  8
Layer_0
  10
492.14709
  20
498.80717
  0
VERTEX
  5
397
  8
Layer_0
  10
492.14645
  20
498.80654
  0
VERTEX
  5
398
  8
Layer_0
  10
492.14581
  20
498.80591
  0
VERTEX
  5
399
  8
Layer_0
  10
492.1452
  20
498.80527
  0
VERTEX
  5
39a
  8
Layer_0
  10
492.14456
  20
498.80464
  0
VERTEX
  5
39b
  8
Layer_0
  10
492.14392
  20
498.80401
  0
VERTEX
  5
39c
  8
Layer_0
  10
492.14328
  20
498.80338
  0
VERTEX
  5
39d
  8
Layer_0
  10
492.14267
  20
498.80274
  0
VERTEX
  5
39e
  8
Layer_0
  10
492.14203
  20
498.80211
  0
VERTEX
  5
39f
  8
Layer_0
  10
492.14139
  20
498.80148
  0
VERTEX
  5
3a0
  8
Layer_0
  10
492.14075
  20
498.80084
  0
VERTEX
  5
3a1
  8
Layer_0
  10
492.14014
  20
498.80021
  0
VERTEX
  5
3a2
  8
Layer_0
  10
492.1395
  20
498.79958
  0
VERTEX
  5
3a3
  8
Layer_0
  10
492.13885
  20
498.79893
  0
VERTEX
  5
3a4
  8
Layer_0
  10
492.13821
  20
498.79831
  0
VERTEX
  5
3a5
  8
Layer_0
  10
492.13757
  20
498.79767
  0
VERTEX
  5
3a6
  8
Layer_0
  10
492.13696
  20
498.79704
  0
VERTEX
  5
3a7
  8
Layer_0
  10
492.13632
  20
498.7964
  0
VERTEX
  5
3a8
  8
Layer_0
  10
492.13568
  20
498.79577
  0
VERTEX
  5
3a9
  8
Layer_0
  10
492.13504
  20
498.79514
  0
VERTEX
  5
3aa
  8
Layer_0
  10
492.13443
  20
498.7945
  0
VERTEX
  5
3ab
  8
Layer_0
  10
492.13379
  20
498.79387
  0
VERTEX
  5
3ac
  8
Layer_0
  10
492.13315
  20
498.79324
  0
VERTEX
  5
3ad
  8
Layer_0
  10
492.1319
  20
498.79197
  0
VERTEX
  5
3ae
  8
Layer_0
  10
492.13062
  20
498.7907
  0
VERTEX
  5
3af
  8
Layer_0
  10
492.12933
  20
498.78943
  0
VERTEX
  5
3b0
  8
Layer_0
  10
492.12808
  20
498.78816
  0
VERTEX
  5
3b1
  8
Layer_0
  10
492.1268
  20
498.7869
  0
VERTEX
  5
3b2
  8
Layer_0
  10
492.12555
  20
498.78563
  0
VERTEX
  5
3b3
  8
Layer_0
  10
492.12427
  20
498.78436
  0
VERTEX
  5
3b4
  8
Layer_0
  10
492.12302
  20
498.7831
  0
VERTEX
  5
3b5
  8
Layer_0
  10
492.12173
  20
498.78183
  0
VERTEX
  5
3b6
  8
Layer_0
  10
492.12048
  20
498.78056
  0
VERTEX
  5
3b7
  8
Layer_0
  10
492.1192
  20
498.7793
  0
VERTEX
  5
3b8
  8
Layer_0
  10
492.11795
  20
498.77802
  0
VERTEX
  5
3b9
  8
Layer_0
  10
492.30332
  20
498.56983
  0
VERTEX
  5
3ba
  8
Layer_0
  10
492.41454
  20
498.41298
  0
VERTEX
  5
3bb
  8
Layer_0
  10
492.41708
  20
498.41298
  0
VERTEX
  5
3bc
  8
Layer_0
  10
492.41962
  20
498.41297
  0
VERTEX
  5
3bd
  8
Layer_0
  10
492.42215
  20
498.41297
  0
VERTEX
  5
3be
  8
Layer_0
  10
492.42468
  20
498.41298
  0
VERTEX
  5
3bf
  8
Layer_0
  10
492.42722
  20
498.41297
  0
VERTEX
  5
3c0
  8
Layer_0
  10
492.42975
  20
498.41297
  0
VERTEX
  5
3c1
  8
Layer_0
  10
492.43228
  20
498.41297
  0
VERTEX
  5
3c2
  8
Layer_0
  10
492.43481
  20
498.41297
  0
VERTEX
  5
3c3
  8
Layer_0
  10
492.43735
  20
498.41297
  0
VERTEX
  5
3c4
  8
Layer_0
  10
492.43988
  20
498.41297
  0
VERTEX
  5
3c5
  8
Layer_0
  10
492.44244
  20
498.41297
  0
VERTEX
  5
3c6
  8
Layer_0
  10
492.44498
  20
498.41297
  42
-0.00065639582
  0
VERTEX
  5
3c7
  8
Layer_0
  10
492.45447
  20
498.42438
  42
-0.00033239922
  0
VERTEX
  5
3c8
  8
Layer_0
  10
492.46399
  20
498.43579
  42
-0.00022638656
  0
VERTEX
  5
3c9
  8
Layer_0
  10
492.47983
  20
498.4548
  0
VERTEX
  5
3ca
  8
Layer_0
  10
492.483
  20
498.4586
  42
-0.004567073
  0
VERTEX
  5
3cb
  8
Layer_0
  10
492.48679
  20
498.46368
  42
-0.000517129
  0
VERTEX
  5
3cc
  8
Layer_0
  10
492.49442
  20
498.47382
  0
VERTEX
  5
3cd
  8
Layer_0
  10
492.49631
  20
498.47635
  42
6.3930383e-05
  0
VERTEX
  5
3ce
  8
Layer_0
  10
492.50201
  20
498.48396
  0
VERTEX
  5
3cf
  8
Layer_0
  10
492.50391
  20
498.48649
  0
VERTEX
  5
3d0
  8
Layer_0
  10
492.5058
  20
498.48903
  0
VERTEX
  5
3d1
  8
Layer_0
  10
492.51215
  20
498.496
  0
VERTEX
  5
3d2
  8
Layer_0
  10
492.51849
  20
498.50297
  0
VERTEX
  5
3d3
  8
Layer_0
  10
492.52481
  20
498.50994
  0
VERTEX
  5
3d4
  8
Layer_0
  10
492.53116
  20
498.51691
  0
VERTEX
  5
3d5
  8
Layer_0
  10
492.53751
  20
498.52388
  0
VERTEX
  5
3d6
  8
Layer_0
  10
492.54382
  20
498.53085
  0
VERTEX
  5
3d7
  8
Layer_0
  10
492.55017
  20
498.53783
  0
VERTEX
  5
3d8
  8
Layer_0
  10
492.55652
  20
498.5448
  0
VERTEX
  5
3d9
  8
Layer_0
  10
492.56284
  20
498.55177
  0
VERTEX
  5
3da
  8
Layer_0
  10
492.56918
  20
498.55874
  0
VERTEX
  5
3db
  8
Layer_0
  10
492.57553
  20
498.56571
  0
VERTEX
  5
3dc
  8
Layer_0
  10
492.58185
  20
498.57269
  0
VERTEX
  5
3dd
  8
Layer_0
  10
492.58313
  20
498.57395
  0
VERTEX
  5
3de
  8
Layer_0
  10
492.58438
  20
498.57522
  0
VERTEX
  5
3df
  8
Layer_0
  10
492.58566
  20
498.57648
  0
VERTEX
  5
3e0
  8
Layer_0
  10
492.58691
  20
498.57776
  0
VERTEX
  5
3e1
  8
Layer_0
  10
492.5882
  20
498.57903
  0
VERTEX
  5
3e2
  8
Layer_0
  10
492.58948
  20
498.58029
  0
VERTEX
  5
3e3
  8
Layer_0
  10
492.59073
  20
498.58156
  0
VERTEX
  5
3e4
  8
Layer_0
  10
492.59201
  20
498.58282
  0
VERTEX
  5
3e5
  8
Layer_0
  10
492.59326
  20
498.58409
  0
VERTEX
  5
3e6
  8
Layer_0
  10
492.59454
  20
498.58536
  0
VERTEX
  5
3e7
  8
Layer_0
  10
492.59579
  20
498.58662
  0
VERTEX
  5
3e8
  8
Layer_0
  10
492.59708
  20
498.58789
  0
VERTEX
  5
3e9
  8
Layer_0
  10
492.59833
  20
498.58916
  0
VERTEX
  5
3ea
  8
Layer_0
  10
492.59961
  20
498.59043
  0
VERTEX
  5
3eb
  8
Layer_0
  10
492.60086
  20
498.5917
  0
VERTEX
  5
3ec
  8
Layer_0
  10
492.60214
  20
498.59296
  0
VERTEX
  5
3ed
  8
Layer_0
  10
492.60339
  20
498.59423
  0
VERTEX
  5
3ee
  8
Layer_0
  10
492.60468
  20
498.5955
  0
VERTEX
  5
3ef
  8
Layer_0
  10
492.60596
  20
498.59677
  0
VERTEX
  5
3f0
  8
Layer_0
  10
492.60721
  20
498.59804
  0
VERTEX
  5
3f1
  8
Layer_0
  10
492.60849
  20
498.5993
  0
VERTEX
  5
3f2
  8
Layer_0
  10
492.60974
  20
498.60057
  0
VERTEX
  5
3f3
  8
Layer_0
  10
492.61102
  20
498.60184
  0
VERTEX
  5
3f4
  8
Layer_0
  10
492.61227
  20
498.6031
  0
VERTEX
  5
3f5
  8
Layer_0
  10
492.61356
  20
498.60437
  0
VERTEX
  5
3f6
  8
Layer_0
  10
492.61481
  20
498.60564
  0
VERTEX
  5
3f7
  8
Layer_0
  10
492.61609
  20
498.6069
  0
VERTEX
  5
3f8
  8
Layer_0
  10
492.61734
  20
498.60818
  0
VERTEX
  5
3f9
  8
Layer_0
  10
492.61862
  20
498.60944
  0
VERTEX
  5
3fa
  8
Layer_0
  10
492.61987
  20
498.61071
  0
VERTEX
  5
3fb
  8
Layer_0
  10
492.62115
  20
498.61198
  0
VERTEX
  5
3fc
  8
Layer_0
  10
492.62241
  20
498.61324
  0
VERTEX
  5
3fd
  8
Layer_0
  10
492.62369
  20
498.61452
  0
VERTEX
  5
3fe
  8
Layer_0
  10
492.62497
  20
498.61578
  0
VERTEX
  5
3ff
  8
Layer_0
  10
492.62622
  20
498.61705
  0
VERTEX
  5
400
  8
Layer_0
  10
492.6275
  20
498.61832
  0
VERTEX
  5
401
  8
Layer_0
  10
492.62939
  20
498.61958
  0
VERTEX
  5
402
  8
Layer_0
  10
492.63129
  20
498.62085
  0
VERTEX
  5
403
  8
Layer_0
  10
492.63321
  20
498.62212
  42
-0.0038049342
  0
VERTEX
  5
404
  8
Layer_0
  10
492.63699
  20
498.62465
  0
VERTEX
  5
405
  8
Layer_0
  10
492.63892
  20
498.62592
  0
VERTEX
  5
406
  8
Layer_0
  10
492.64081
  20
498.62718
  42
-0.0038073913
  0
VERTEX
  5
407
  8
Layer_0
  10
492.64459
  20
498.62972
  0
VERTEX
  5
408
  8
Layer_0
  10
492.64651
  20
498.63099
  42
-0.236104
  0
VERTEX
  5
409
  8
Layer_0
  10
492.6503
  20
498.63353
  0
VERTEX
  5
40a
  8
Layer_0
  10
492.65283
  20
498.63542
  0
VERTEX
  5
40b
  8
Layer_0
  10
492.6554
  20
498.63733
  0
VERTEX
  5
40c
  8
Layer_0
  10
492.6579
  20
498.63923
  0
VERTEX
  5
40d
  8
Layer_0
  10
492.66046
  20
498.64113
  42
-0.0055085439
  0
VERTEX
  5
40e
  8
Layer_0
  10
492.66806
  20
498.64684
  42
-0.00033981511
  0
VERTEX
  5
40f
  8
Layer_0
  10
492.68073
  20
498.65634
  0
VERTEX
  5
410
  8
Layer_0
  10
492.68326
  20
498.65824
  0
VERTEX
  5
411
  8
Layer_0
  10
492.68579
  20
498.66014
  42
-0.0045297713
  0
VERTEX
  5
412
  8
Layer_0
  10
492.69086
  20
498.66395
  0
VERTEX
  5
413
  8
Layer_0
  10
492.69342
  20
498.66585
  0
VERTEX
  5
414
  8
Layer_0
  10
492.69595
  20
498.66775
  42
0.031098667
  0
VERTEX
  5
415
  8
Layer_0
  10
492.70862
  20
498.67725
  0
VERTEX
  5
416
  8
Layer_0
  10
492.71115
  20
498.67915
  42
-0.035491593
  0
VERTEX
  5
417
  8
Layer_0
  10
492.72064
  20
498.68486
  42
-0.0068837964
  0
VERTEX
  5
418
  8
Layer_0
  10
492.73016
  20
498.69057
  0
VERTEX
  5
419
  8
Layer_0
  10
492.73334
  20
498.69247
  0
VERTEX
  5
41a
  8
Layer_0
  10
492.7365
  20
498.69437
  0
VERTEX
  5
41b
  8
Layer_0
  10
492.73967
  20
498.69627
  0
VERTEX
  5
41c
  8
Layer_0
  10
492.74283
  20
498.69817
  42
-0.0055829713
  0
VERTEX
  5
41d
  8
Layer_0
  10
492.74918
  20
498.70197
  42
-5.7392101e-05
  0
VERTEX
  5
41e
  8
Layer_0
  10
492.75867
  20
498.70767
  42
0.0001721766
  0
VERTEX
  5
41f
  8
Layer_0
  10
492.76819
  20
498.71338
  42
-0.0069774399
  0
VERTEX
  5
420
  8
Layer_0
  10
492.77771
  20
498.71909
  42
2.8788537e-05
  0
VERTEX
  5
421
  8
Layer_0
  10
492.7872
  20
498.72479
  0
VERTEX
  5
422
  8
Layer_0
  10
492.78909
  20
498.73049
  42
0.00026096023
  0
VERTEX
  5
423
  8
Layer_0
  10
492.79291
  20
498.7419
  0
VERTEX
  5
424
  8
Layer_0
  10
492.7948
  20
498.7476
  42
-0.0079270598
  0
VERTEX
  5
425
  8
Layer_0
  10
492.79861
  20
498.75901
  42
0.00019493204
  0
VERTEX
  5
426
  8
Layer_0
  10
492.80243
  20
498.77042
  0
VERTEX
  5
427
  8
Layer_0
  10
492.80432
  20
498.77612
  42
-0.00014619849
  0
VERTEX
  5
428
  8
Layer_0
  10
492.81003
  20
498.79324
  42
-0.0006884768
  0
VERTEX
  5
429
  8
Layer_0
  10
492.7948
  20
498.81097
  42
-0.00062261775
  0
VERTEX
  5
42a
  8
Layer_0
  10
492.7872
  20
498.81985
  42
-0.00073867181
  0
VERTEX
  5
42b
  8
Layer_0
  10
492.77579
  20
498.83316
  42
0.13297097
  0
VERTEX
  5
42c
  8
Layer_0
  10
492.76819
  20
498.84203
  0
VERTEX
  5
42d
  8
Layer_0
  10
492.76437
  20
498.84647
  42
-0.00058845739
  0
VERTEX
  5
42e
  8
Layer_0
  10
492.75677
  20
498.85535
  42
-0.00067865954
  0
VERTEX
  5
42f
  8
Layer_0
  10
492.74536
  20
498.86865
  42
-0.00047976461
  0
VERTEX
  5
430
  8
Layer_0
  10
492.73776
  20
498.87753
  0
VERTEX
  5
431
  8
Layer_0
  10
492.73398
  20
498.88197
  0
VERTEX
  5
432
  8
Layer_0
  10
492.73016
  20
498.8864
  42
0.00017626125
  0
VERTEX
  5
433
  8
Layer_0
  10
492.71875
  20
498.8997
  0
VERTEX
  5
434
  8
Layer_0
  10
492.71686
  20
498.90161
  0
VERTEX
  5
435
  8
Layer_0
  10
492.71497
  20
498.90351
  0
VERTEX
  5
436
  8
Layer_0
  10
492.71304
  20
498.90541
  0
VERTEX
  5
437
  8
Layer_0
  10
492.71115
  20
498.90731
  0
VERTEX
  5
438
  8
Layer_0
  10
492.70926
  20
498.90922
  0
VERTEX
  5
439
  8
Layer_0
  10
492.70734
  20
498.91112
  0
VERTEX
  5
43a
  8
Layer_0
  10
492.70544
  20
498.91302
  0
VERTEX
  5
43b
  8
Layer_0
  10
492.70355
  20
498.91492
  0
VERTEX
  5
43c
  8
Layer_0
  10
492.70163
  20
498.91682
  0
VERTEX
  5
43d
  8
Layer_0
  10
492.69974
  20
498.91872
  0
VERTEX
  5
43e
  8
Layer_0
  10
492.69785
  20
498.92062
  0
VERTEX
  5
43f
  8
Layer_0
  10
492.69592
  20
498.92252
  0
VERTEX
  5
440
  8
Layer_0
  10
492.69403
  20
498.92442
  0
VERTEX
  5
441
  8
Layer_0
  10
492.69214
  20
498.92632
  0
VERTEX
  5
442
  8
Layer_0
  10
492.69025
  20
498.92823
  0
VERTEX
  5
443
  8
Layer_0
  10
492.68832
  20
498.93013
  0
VERTEX
  5
444
  8
Layer_0
  10
492.68643
  20
498.93203
  0
VERTEX
  5
445
  8
Layer_0
  10
492.68454
  20
498.93393
  0
VERTEX
  5
446
  8
Layer_0
  10
492.68262
  20
498.93584
  0
VERTEX
  5
447
  8
Layer_0
  10
492.68073
  20
498.93774
  0
VERTEX
  5
448
  8
Layer_0
  10
492.67883
  20
498.93964
  0
VERTEX
  5
449
  8
Layer_0
  10
492.67691
  20
498.94154
  0
VERTEX
  5
44a
  8
Layer_0
  10
492.67502
  20
498.94344
  0
VERTEX
  5
44b
  8
Layer_0
  10
492.67313
  20
498.94534
  0
VERTEX
  5
44c
  8
Layer_0
  10
492.66931
  20
498.94914
  0
VERTEX
  5
44d
  8
Layer_0
  10
492.66553
  20
498.95294
  0
VERTEX
  5
44e
  8
Layer_0
  10
492.66171
  20
498.95674
  0
VERTEX
  5
44f
  8
Layer_0
  10
492.65793
  20
498.96055
  0
VERTEX
  5
450
  8
Layer_0
  10
492.65411
  20
498.96435
  0
VERTEX
  5
451
  8
Layer_0
  10
492.6503
  20
498.96815
  0
VERTEX
  5
452
  8
Layer_0
  10
492.64651
  20
498.97196
  0
VERTEX
  5
453
  8
Layer_0
  10
492.6427
  20
498.97576
  0
VERTEX
  5
454
  8
Layer_0
  10
492.63889
  20
498.97957
  0
VERTEX
  5
455
  8
Layer_0
  10
492.6351
  20
498.98336
  0
VERTEX
  5
456
  8
Layer_0
  10
492.63129
  20
498.98717
  0
VERTEX
  5
457
  8
Layer_0
  10
492.6275
  20
498.99097
  0
VERTEX
  5
458
  8
Layer_0
  10
492.62369
  20
498.99477
  0
VERTEX
  5
459
  8
Layer_0
  10
492.61987
  20
498.99857
  0
VERTEX
  5
45a
  8
Layer_0
  10
492.61609
  20
499.00238
  0
VERTEX
  5
45b
  8
Layer_0
  10
492.61227
  20
499.00618
  0
VERTEX
  5
45c
  8
Layer_0
  10
492.60849
  20
499.00999
  0
VERTEX
  5
45d
  8
Layer_0
  10
492.60468
  20
499.01379
  0
VERTEX
  5
45e
  8
Layer_0
  10
492.60086
  20
499.01759
  0
VERTEX
  5
45f
  8
Layer_0
  10
492.59708
  20
499.02139
  0
VERTEX
  5
460
  8
Layer_0
  10
492.59326
  20
499.02519
  0
VERTEX
  5
461
  8
Layer_0
  10
492.58948
  20
499.029
  0
VERTEX
  5
462
  8
Layer_0
  10
492.58566
  20
499.0328
  0
VERTEX
  5
463
  8
Layer_0
  10
492.58185
  20
499.03661
  0
VERTEX
  5
464
  8
Layer_0
  10
492.57806
  20
499.04041
  0
VERTEX
  5
465
  8
Layer_0
  10
492.57425
  20
499.0442
  0
VERTEX
  5
466
  8
Layer_0
  10
492.57047
  20
499.04801
  0
VERTEX
  5
467
  8
Layer_0
  10
492.56665
  20
499.05181
  0
VERTEX
  5
468
  8
Layer_0
  10
492.56284
  20
499.05562
  0
VERTEX
  5
469
  8
Layer_0
  10
492.55905
  20
499.05942
  0
VERTEX
  5
46a
  8
Layer_0
  10
492.55524
  20
499.06322
  0
VERTEX
  5
46b
  8
Layer_0
  10
492.55142
  20
499.06702
  0
VERTEX
  5
46c
  8
Layer_0
  10
492.54764
  20
499.07082
  0
VERTEX
  5
46d
  8
Layer_0
  10
492.54382
  20
499.07462
  0
VERTEX
  5
46e
  8
Layer_0
  10
492.54004
  20
499.07843
  0
VERTEX
  5
46f
  8
Layer_0
  10
492.53622
  20
499.08223
  0
VERTEX
  5
470
  8
Layer_0
  10
492.53241
  20
499.08604
  0
VERTEX
  5
471
  8
Layer_0
  10
492.52863
  20
499.08984
  0
VERTEX
  5
472
  8
Layer_0
  10
492.52481
  20
499.09364
  0
VERTEX
  5
473
  8
Layer_0
  10
492.52103
  20
499.09744
  0
VERTEX
  5
474
  8
Layer_0
  10
492.51721
  20
499.10124
  0
VERTEX
  5
475
  8
Layer_0
  10
492.51343
  20
499.10505
  0
VERTEX
  5
476
  8
Layer_0
  10
492.50961
  20
499.10885
  0
VERTEX
  5
477
  8
Layer_0
  10
492.5058
  20
499.11266
  0
VERTEX
  5
478
  8
Layer_0
  10
492.50201
  20
499.11646
  0
VERTEX
  5
479
  8
Layer_0
  10
492.4982
  20
499.12026
  0
VERTEX
  5
47a
  8
Layer_0
  10
492.49438
  20
499.12406
  0
VERTEX
  5
47b
  8
Layer_0
  10
492.4906
  20
499.12786
  0
VERTEX
  5
47c
  8
Layer_0
  10
492.48679
  20
499.13167
  0
VERTEX
  5
47d
  8
Layer_0
  10
492.483
  20
499.13547
  0
VERTEX
  5
47e
  8
Layer_0
  10
492.47919
  20
499.13927
  0
VERTEX
  5
47f
  8
Layer_0
  10
492.47537
  20
499.14307
  0
VERTEX
  5
480
  8
Layer_0
  10
492.47159
  20
499.14688
  0
VERTEX
  5
481
  8
Layer_0
  10
492.46777
  20
499.15068
  0
VERTEX
  5
482
  8
Layer_0
  10
492.46399
  20
499.15448
  0
VERTEX
  5
483
  8
Layer_0
  10
492.46017
  20
499.15829
  0
VERTEX
  5
484
  8
Layer_0
  10
492.45636
  20
499.16209
  0
VERTEX
  5
485
  8
Layer_0
  10
492.45258
  20
499.16589
  0
VERTEX
  5
486
  8
Layer_0
  10
492.44876
  20
499.16969
  0
VERTEX
  5
487
  8
Layer_0
  10
492.44498
  20
499.1735
  0
VERTEX
  5
488
  8
Layer_0
  10
492.44434
  20
499.17413
  0
VERTEX
  5
489
  8
Layer_0
  10
492.4437
  20
499.17477
  0
VERTEX
  5
48a
  8
Layer_0
  10
492.44305
  20
499.1754
  0
VERTEX
  5
48b
  8
Layer_0
  10
492.44244
  20
499.17603
  0
VERTEX
  5
48c
  8
Layer_0
  10
492.4418
  20
499.17667
  0
VERTEX
  5
48d
  8
Layer_0
  10
492.44116
  20
499.1773
  0
VERTEX
  5
48e
  8
Layer_0
  10
492.44052
  20
499.17793
  0
VERTEX
  5
48f
  8
Layer_0
  10
492.43988
  20
499.17857
  0
VERTEX
  5
490
  8
Layer_0
  10
492.43927
  20
499.1792
  0
VERTEX
  5
491
  8
Layer_0
  10
492.43863
  20
499.17983
  0
VERTEX
  5
492
  8
Layer_0
  10
492.43799
  20
499.18047
  0
VERTEX
  5
493
  8
Layer_0
  10
492.43735
  20
499.18111
  0
VERTEX
  5
494
  8
Layer_0
  10
492.43674
  20
499.18173
  0
VERTEX
  5
495
  8
Layer_0
  10
492.4361
  20
499.18237
  0
VERTEX
  5
496
  8
Layer_0
  10
492.43546
  20
499.18301
  0
VERTEX
  5
497
  8
Layer_0
  10
492.43481
  20
499.18363
  0
VERTEX
  5
498
  8
Layer_0
  10
492.4342
  20
499.18427
  0
VERTEX
  5
499
  8
Layer_0
  10
492.43356
  20
499.1849
  0
VERTEX
  5
49a
  8
Layer_0
  10
492.43292
  20
499.18554
  0
VERTEX
  5
49b
  8
Layer_0
  10
492.43228
  20
499.18617
  0
VERTEX
  5
49c
  8
Layer_0
  10
492.43164
  20
499.18681
  0
VERTEX
  5
49d
  8
Layer_0
  10
492.43103
  20
499.18744
  0
VERTEX
  5
49e
  8
Layer_0
  10
492.43039
  20
499.18807
  0
VERTEX
  5
49f
  8
Layer_0
  10
492.42975
  20
499.18871
  0
VERTEX
  5
4a0
  8
Layer_0
  10
492.4285
  20
499.18935
  0
VERTEX
  5
4a1
  8
Layer_0
  10
492.42532
  20
499.19093
  0
VERTEX
  5
4a2
  8
Layer_0
  10
492.42215
  20
499.19251
  0
VERTEX
  5
4a3
  8
Layer_0
  10
492.42087
  20
499.19315
  0
VERTEX
  5
4a4
  8
Layer_0
  10
492.41962
  20
499.19377
  0
VERTEX
  5
4a5
  8
Layer_0
  10
492.41833
  20
499.19441
  0
VERTEX
  5
4a6
  8
Layer_0
  10
492.41708
  20
499.19504
  0
VERTEX
  5
4a7
  8
Layer_0
  10
492.41581
  20
499.19567
  0
VERTEX
  5
4a8
  8
Layer_0
  10
492.41454
  20
499.19631
  42
0.0002401533
  0
VERTEX
  5
4a9
  8
Layer_0
  10
492.40948
  20
499.19884
  0
VERTEX
  5
4aa
  8
Layer_0
  10
492.4082
  20
499.19948
  0
VERTEX
  5
4ab
  8
Layer_0
  10
492.40695
  20
499.20011
  0
VERTEX
  5
4ac
  8
Layer_0
  10
492.40567
  20
499.20074
  42
0.0005977851
  0
VERTEX
  5
4ad
  8
Layer_0
  10
492.40314
  20
499.20201
  0
VERTEX
  5
4ae
  8
Layer_0
  10
492.40186
  20
499.20265
  0
VERTEX
  5
4af
  8
Layer_0
  10
492.4006
  20
499.20328
  0
VERTEX
  5
4b0
  8
Layer_0
  10
492.39935
  20
499.20392
  0
VERTEX
  5
4b1
  8
Layer_0
  10
492.39807
  20
499.20455
  0
VERTEX
  5
4b2
  8
Layer_0
  10
492.3968
  20
499.20519
  0
VERTEX
  5
4b3
  8
Layer_0
  10
492.39554
  20
499.20582
  0
VERTEX
  5
4b4
  8
Layer_0
  10
492.39426
  20
499.20645
  0
VERTEX
  5
4b5
  8
Layer_0
  10
492.393
  20
499.20709
  0
VERTEX
  5
4b6
  8
Layer_0
  10
492.39173
  20
499.20772
  0
VERTEX
  5
4b7
  8
Layer_0
  10
492.39047
  20
499.20835
  0
VERTEX
  5
4b8
  8
Layer_0
  10
492.38919
  20
499.20898
  0
VERTEX
  5
4b9
  8
Layer_0
  10
492.38794
  20
499.20962
  0
VERTEX
  5
4ba
  8
Layer_0
  10
492.38666
  20
499.21025
  0
VERTEX
  5
4bb
  8
Layer_0
  10
492.38539
  20
499.21089
  0
VERTEX
  5
4bc
  8
Layer_0
  10
492.38412
  20
499.21152
  0
VERTEX
  5
4bd
  8
Layer_0
  10
492.38284
  20
499.21152
  0
VERTEX
  5
4be
  8
Layer_0
  10
492.38095
  20
499.21152
  0
VERTEX
  5
4bf
  8
Layer_0
  10
492.37905
  20
499.21152
  0
VERTEX
  5
4c0
  8
Layer_0
  10
492.37778
  20
499.21152
  0
VERTEX
  5
4c1
  8
Layer_0
  10
492.37653
  20
499.21152
  42
-0.00026013457
  0
VERTEX
  5
4c2
  8
Layer_0
  10
492.37271
  20
499.21152
  0
VERTEX
  5
4c3
  8
Layer_0
  10
492.37146
  20
499.21152
  0
VERTEX
  5
4c4
  8
Layer_0
  10
492.37018
  20
499.21152
  0
VERTEX
  5
4c5
  8
Layer_0
  10
492.36891
  20
499.21152
  42
0.027676304
  0
VERTEX
  5
4c6
  8
Layer_0
  10
492.367
  20
499.21152
  0
VERTEX
  5
4c7
  8
Layer_0
  10
492.36636
  20
499.21152
  0
VERTEX
  5
4c8
  8
Layer_0
  10
492.36543
  20
499.21152
  0
VERTEX
  5
4c9
  8
Layer_0
  10
492.36448
  20
499.21152
  0
VERTEX
  5
4ca
  8
Layer_0
  10
492.36383
  20
499.21152
  0
VERTEX
  5
4cb
  8
Layer_0
  10
492.36322
  20
499.21152
  0
VERTEX
  5
4cc
  8
Layer_0
  10
492.36258
  20
499.21152
  0
VERTEX
  5
4cd
  8
Layer_0
  10
492.36194
  20
499.21152
  0
VERTEX
  5
4ce
  8
Layer_0
  10
492.3613
  20
499.21152
  42
-0.23559723
  0
VERTEX
  5
4cf
  8
Layer_0
  10
492.36005
  20
499.21152
  0
VERTEX
  5
4d0
  8
Layer_0
  10
492.35941
  20
499.21152
  0
VERTEX
  5
4d1
  8
Layer_0
  10
492.35876
  20
499.21152
  42
-0.00065511904
  0
VERTEX
  5
4d2
  8
Layer_0
  10
492.35751
  20
499.21152
  0
VERTEX
  5
4d3
  8
Layer_0
  10
492.35624
  20
499.21152
  0
VERTEX
  5
4d4
  8
Layer_0
  10
492.35497
  20
499.21152
  0
VERTEX
  5
4d5
  8
Layer_0
  10
492.35434
  20
499.21152
  0
VERTEX
  5
4d6
  8
Layer_0
  10
492.3537
  20
499.21152
  42
-0.00094667298
  0
VERTEX
  5
4d7
  8
Layer_0
  10
492.35245
  20
499.21152
  0
VERTEX
  5
4d8
  8
Layer_0
  10
492.35181
  20
499.21152
  0
VERTEX
  5
4d9
  8
Layer_0
  10
492.35117
  20
499.21152
  0
VERTEX
  5
4da
  8
Layer_0
  10
492.35052
  20
499.21152
  0
VERTEX
  5
4db
  8
Layer_0
  10
492.3499
  20
499.21152
  0
VERTEX
  5
4dc
  8
Layer_0
  10
492.34927
  20
499.21152
  42
-0.00027684657
  0
VERTEX
  5
4dd
  8
Layer_0
  10
492.3461
  20
499.21152
  0
VERTEX
  5
4de
  8
Layer_0
  10
492.34546
  20
499.21152
  0
VERTEX
  5
4df
  8
Layer_0
  10
492.34482
  20
499.21152
  0
VERTEX
  5
4e0
  8
Layer_0
  10
492.34388
  20
499.21152
  0
VERTEX
  5
4e1
  8
Layer_0
  10
492.34293
  20
499.21152
  0
VERTEX
  5
4e2
  8
Layer_0
  10
492.34229
  20
499.21152
  0
VERTEX
  5
4e3
  8
Layer_0
  10
492.34164
  20
499.21152
  42
-0.00095324042
  0
VERTEX
  5
4e4
  8
Layer_0
  10
492.34039
  20
499.21152
  0
VERTEX
  5
4e5
  8
Layer_0
  10
492.33975
  20
499.21152
  42
0.00095323497
  0
VERTEX
  5
4e6
  8
Layer_0
  10
492.3385
  20
499.21152
  0
VERTEX
  5
4e7
  8
Layer_0
  10
492.33786
  20
499.21152
  0
VERTEX
  5
4e8
  8
Layer_0
  10
492.33722
  20
499.21152
  0
VERTEX
  5
4e9
  8
Layer_0
  10
492.33658
  20
499.21152
  42
0.00083364808
  0
VERTEX
  5
4ea
  8
Layer_0
  10
492.33344
  20
499.21152
  0
VERTEX
  5
4eb
  8
Layer_0
  10
492.33279
  20
499.21152
  42
0.22791683
  0
VERTEX
  5
4ec
  8
Layer_0
  10
492.3309
  20
499.21152
  0
VERTEX
  5
4ed
  8
Layer_0
  10
492.33026
  20
499.21089
  0
VERTEX
  5
4ee
  8
Layer_0
  10
492.32962
  20
499.21025
  0
VERTEX
  5
4ef
  8
Layer_0
  10
492.32898
  20
499.20963
  0
VERTEX
  5
4f0
  8
Layer_0
  10
492.32837
  20
499.20898
  0
VERTEX
  5
4f1
  8
Layer_0
  10
492.32773
  20
499.20835
  0
VERTEX
  5
4f2
  8
Layer_0
  10
492.32709
  20
499.20772
  0
VERTEX
  5
4f3
  8
Layer_0
  10
492.32645
  20
499.20708
  0
VERTEX
  5
4f4
  8
Layer_0
  10
492.32581
  20
499.20645
  0
VERTEX
  5
4f5
  8
Layer_0
  10
492.3252
  20
499.20582
  0
VERTEX
  5
4f6
  8
Layer_0
  10
492.32455
  20
499.20518
  0
VERTEX
  5
4f7
  8
Layer_0
  10
492.32391
  20
499.20455
  0
VERTEX
  5
4f8
  8
Layer_0
  10
492.32327
  20
499.20392
  0
VERTEX
  5
4f9
  8
Layer_0
  10
492.32266
  20
499.20392
  42
0.08457984
  0
VERTEX
  5
4fa
  8
Layer_0
  10
492.32138
  20
499.20392
  0
VERTEX
  5
4fb
  8
Layer_0
  10
492.32074
  20
499.20392
  42
0.16224822
  0
VERTEX
  5
4fc
  8
Layer_0
  10
492.31885
  20
499.20392
  0
VERTEX
  5
4fd
  8
Layer_0
  10
492.31821
  20
499.20392
  0
VERTEX
  5
4fe
  8
Layer_0
  10
492.31757
  20
499.20392
  0
VERTEX
  5
4ff
  8
Layer_0
  10
492.31696
  20
499.20392
  0
VERTEX
  5
500
  8
Layer_0
  10
492.31631
  20
499.20391
  0
VERTEX
  5
501
  8
Layer_0
  10
492.31567
  20
499.20392
  0
VERTEX
  5
502
  8
Layer_0
  10
492.31503
  20
499.20392
  42
0.23603821
  0
VERTEX
  5
503
  8
Layer_0
  10
492.31378
  20
499.20392
  0
VERTEX
  5
504
  8
Layer_0
  10
492.31314
  20
499.20392
  42
0.3169556
  0
VERTEX
  5
505
  8
Layer_0
  10
492.31125
  20
499.20392
  0
VERTEX
  5
506
  8
Layer_0
  10
492.31061
  20
499.20392
  0
VERTEX
  5
507
  8
Layer_0
  10
492.30997
  20
499.20392
  42
-0.00067675439
  0
VERTEX
  5
508
  8
Layer_0
  10
492.30872
  20
499.20392
  0
VERTEX
  5
509
  8
Layer_0
  10
492.30807
  20
499.20392
  0
VERTEX
  5
50a
  8
Layer_0
  10
492.30807
  20
499.20328
  0
VERTEX
  5
50b
  8
Layer_0
  10
492.30807
  20
499.20265
  42
0.0008415174
  0
VERTEX
  5
50c
  8
Layer_0
  10
492.30807
  20
499.20139
  0
VERTEX
  5
50d
  8
Layer_0
  10
492.30807
  20
499.20074
  0
VERTEX
  5
50e
  8
Layer_0
  10
492.30807
  20
499.20011
  0
VERTEX
  5
50f
  8
Layer_0
  10
492.30807
  20
499.19949
  0
VERTEX
  5
510
  8
Layer_0
  10
492.30807
  20
499.19884
  0
VERTEX
  5
511
  8
Layer_0
  10
492.30807
  20
499.19821
  0
VERTEX
  5
512
  8
Layer_0
  10
492.30807
  20
499.19759
  0
VERTEX
  5
513
  8
Layer_0
  10
492.30807
  20
499.19695
  0
SEQEND
  0
POLYLINE
  5
515
  8
Layer_0
  62
7
  70
1
  66
1
  10
0
  20
0
  30
0
  0
VERTEX
  5
515
  8
Layer_0
  10
488.90091
  20
495.46975
  0
VERTEX
  5
516
  8
Layer_0
  10
488.9003
  20
495.47038
  0
VERTEX
  5
517
  8
Layer_0
  10
488.89966
  20
495.47102
  0
VERTEX
  5
518
  8
Layer_0
  10
488.89902
  20
495.47165
  0
VERTEX
  5
519
  8
Layer_0
  10
488.89838
  20
495.47228
  0
VERTEX
  5
51a
  8
Layer_0
  10
488.89777
  20
495.47292
  0
VERTEX
  5
51b
  8
Layer_0
  10
488.89713
  20
495.47354
  0
VERTEX
  5
51c
  8
Layer_0
  10
488.89648
  20
495.47418
  0
VERTEX
  5
51d
  8
Layer_0
  10
488.89587
  20
495.47481
  0
VERTEX
  5
51e
  8
Layer_0
  10
488.89523
  20
495.47545
  0
VERTEX
  5
51f
  8
Layer_0
  10
488.89459
  20
495.47608
  0
VERTEX
  5
520
  8
Layer_0
  10
488.89395
  20
495.47672
  0
VERTEX
  5
521
  8
Layer_0
  10
488.89331
  20
495.47735
  0
VERTEX
  5
522
  8
Layer_0
  10
488.8927
  20
495.47798
  0
VERTEX
  5
523
  8
Layer_0
  10
488.89206
  20
495.47861
  0
VERTEX
  5
524
  8
Layer_0
  10
488.89142
  20
495.47925
  0
VERTEX
  5
525
  8
Layer_0
  10
488.89078
  20
495.47989
  0
VERTEX
  5
526
  8
Layer_0
  10
488.89014
  20
495.48052
  0
VERTEX
  5
527
  8
Layer_0
  10
488.88953
  20
495.48116
  0
VERTEX
  5
528
  8
Layer_0
  10
488.88889
  20
495.48179
  0
VERTEX
  5
529
  8
Layer_0
  10
488.88824
  20
495.48242
  0
VERTEX
  5
52a
  8
Layer_0
  10
488.8876
  20
495.48306
  0
VERTEX
  5
52b
  8
Layer_0
  10
488.88699
  20
495.48369
  0
VERTEX
  5
52c
  8
Layer_0
  10
488.88635
  20
495.48433
  0
VERTEX
  5
52d
  8
Layer_0
  10
488.88571
  20
495.48495
  0
VERTEX
  5
52e
  8
Layer_0
  10
488.88571
  20
495.4856
  0
VERTEX
  5
52f
  8
Layer_0
  10
488.88572
  20
495.48686
  0
VERTEX
  5
530
  8
Layer_0
  10
488.88572
  20
495.48813
  42
-0.00079837812
  0
VERTEX
  5
531
  8
Layer_0
  10
488.88571
  20
495.4894
  0
VERTEX
  5
532
  8
Layer_0
  10
488.88571
  20
495.49003
  0
VERTEX
  5
533
  8
Layer_0
  10
488.88572
  20
495.4913
  0
VERTEX
  5
534
  8
Layer_0
  10
488.88572
  20
495.49256
  0
VERTEX
  5
535
  8
Layer_0
  10
488.88507
  20
495.49319
  0
VERTEX
  5
536
  8
Layer_0
  10
488.88446
  20
495.49384
  0
VERTEX
  5
537
  8
Layer_0
  10
488.88382
  20
495.49446
  0
VERTEX
  5
538
  8
Layer_0
  10
488.88318
  20
495.4951
  0
VERTEX
  5
539
  8
Layer_0
  10
488.88257
  20
495.49573
  0
VERTEX
  5
53a
  8
Layer_0
  10
488.88193
  20
495.49637
  0
VERTEX
  5
53b
  8
Layer_0
  10
488.88129
  20
495.49699
  0
VERTEX
  5
53c
  8
Layer_0
  10
488.88065
  20
495.49763
  0
VERTEX
  5
53d
  8
Layer_0
  10
488.88
  20
495.49826
  0
VERTEX
  5
53e
  8
Layer_0
  10
488.87939
  20
495.4989
  0
VERTEX
  5
53f
  8
Layer_0
  10
488.87875
  20
495.49953
  0
VERTEX
  5
540
  8
Layer_0
  10
488.87811
  20
495.50017
  0
VERTEX
  5
541
  8
Layer_0
  10
488.87683
  20
495.5008
  0
VERTEX
  5
542
  8
Layer_0
  10
488.87558
  20
495.50143
  42
0.00038051453
  0
VERTEX
  5
543
  8
Layer_0
  10
488.87051
  20
495.50397
  0
VERTEX
  5
544
  8
Layer_0
  10
488.86923
  20
495.50461
  0
VERTEX
  5
545
  8
Layer_0
  10
488.86798
  20
495.50523
  42
0.061311398
  0
VERTEX
  5
546
  8
Layer_0
  10
488.86545
  20
495.50651
  0
VERTEX
  5
547
  8
Layer_0
  10
488.86417
  20
495.50714
  0
VERTEX
  5
548
  8
Layer_0
  10
488.86292
  20
495.50777
  0
VERTEX
  5
549
  8
Layer_0
  10
488.86227
  20
495.50841
  0
VERTEX
  5
54a
  8
Layer_0
  10
488.86163
  20
495.50903
  0
VERTEX
  5
54b
  8
Layer_0
  10
488.86099
  20
495.50967
  0
VERTEX
  5
54c
  8
Layer_0
  10
488.86035
  20
495.51031
  0
VERTEX
  5
54d
  8
Layer_0
  10
488.85974
  20
495.51094
  0
VERTEX
  5
54e
  8
Layer_0
  10
488.8591
  20
495.51157
  0
VERTEX
  5
54f
  8
Layer_0
  10
488.85846
  20
495.51221
  0
VERTEX
  5
550
  8
Layer_0
  10
488.85782
  20
495.51284
  0
VERTEX
  5
551
  8
Layer_0
  10
488.85721
  20
495.51347
  0
VERTEX
  5
552
  8
Layer_0
  10
488.85657
  20
495.51411
  0
VERTEX
  5
553
  8
Layer_0
  10
488.85593
  20
495.51474
  0
VERTEX
  5
554
  8
Layer_0
  10
488.85529
  20
495.51538
  0
VERTEX
  5
555
  8
Layer_0
  10
488.85529
  20
495.51696
  0
VERTEX
  5
556
  8
Layer_0
  10
488.85529
  20
495.51855
  0
VERTEX
  5
557
  8
Layer_0
  10
488.8553
  20
495.52013
  0
VERTEX
  5
558
  8
Layer_0
  10
488.8553
  20
495.52171
  0
VERTEX
  5
559
  8
Layer_0
  10
488.85529
  20
495.52235
  0
VERTEX
  5
55a
  8
Layer_0
  10
488.85529
  20
495.52298
  42
-0.28403027
  0
VERTEX
  5
55b
  8
Layer_0
  10
488.85339
  20
495.52298
  0
VERTEX
  5
55c
  8
Layer_0
  10
488.85275
  20
495.52298
  42
0.00093103715
  0
VERTEX
  5
55d
  8
Layer_0
  10
488.8515
  20
495.52298
  0
VERTEX
  5
55e
  8
Layer_0
  10
488.85086
  20
495.52298
  0
VERTEX
  5
55f
  8
Layer_0
  10
488.85022
  20
495.52299
  42
0.10846497
  0
VERTEX
  5
560
  8
Layer_0
  10
488.84833
  20
495.52298
  0
VERTEX
  5
561
  8
Layer_0
  10
488.84769
  20
495.52298
  0
VERTEX
  5
562
  8
Layer_0
  10
488.84705
  20
495.52361
  0
VERTEX
  5
563
  8
Layer_0
  10
488.84644
  20
495.52425
  0
VERTEX
  5
564
  8
Layer_0
  10
488.84579
  20
495.52489
  0
VERTEX
  5
565
  8
Layer_0
  10
488.84515
  20
495.52552
  0
VERTEX
  5
566
  8
Layer_0
  10
488.84451
  20
495.52615
  0
VERTEX
  5
567
  8
Layer_0
  10
488.84387
  20
495.52679
  0
VERTEX
  5
568
  8
Layer_0
  10
488.84326
  20
495.52742
  0
VERTEX
  5
569
  8
Layer_0
  10
488.84262
  20
495.52805
  0
VERTEX
  5
56a
  8
Layer_0
  10
488.84198
  20
495.52869
  0
VERTEX
  5
56b
  8
Layer_0
  10
488.84134
  20
495.52933
  0
VERTEX
  5
56c
  8
Layer_0
  10
488.84073
  20
495.52995
  0
VERTEX
  5
56d
  8
Layer_0
  10
488.84009
  20
495.53059
  42
0.00047498363
  0
VERTEX
  5
56e
  8
Layer_0
  10
488.83502
  20
495.53313
  0
VERTEX
  5
56f
  8
Layer_0
  10
488.83374
  20
495.53376
  0
VERTEX
  5
570
  8
Layer_0
  10
488.83249
  20
495.53439
  0
VERTEX
  5
571
  8
Layer_0
  10
488.83121
  20
495.53503
  0
VERTEX
  5
572
  8
Layer_0
  10
488.82996
  20
495.53566
  0
VERTEX
  5
573
  8
Layer_0
  10
488.82867
  20
495.53629
  0
VERTEX
  5
574
  8
Layer_0
  10
488.82739
  20
495.53693
  0
VERTEX
  5
575
  8
Layer_0
  10
488.82614
  20
495.53757
  0
VERTEX
  5
576
  8
Layer_0
  10
488.82489
  20
495.53819
  0
VERTEX
  5
577
  8
Layer_0
  10
488.82425
  20
495.53883
  0
VERTEX
  5
578
  8
Layer_0
  10
488.82361
  20
495.53946
  0
VERTEX
  5
579
  8
Layer_0
  10
488.82297
  20
495.5401
  0
VERTEX
  5
57a
  8
Layer_0
  10
488.82233
  20
495.54073
  0
VERTEX
  5
57b
  8
Layer_0
  10
488.82172
  20
495.54136
  0
VERTEX
  5
57c
  8
Layer_0
  10
488.82108
  20
495.542
  0
VERTEX
  5
57d
  8
Layer_0
  10
488.82043
  20
495.54263
  0
VERTEX
  5
57e
  8
Layer_0
  10
488.81979
  20
495.54327
  0
VERTEX
  5
57f
  8
Layer_0
  10
488.81918
  20
495.54389
  0
VERTEX
  5
580
  8
Layer_0
  10
488.81854
  20
495.54453
  0
VERTEX
  5
581
  8
Layer_0
  10
488.8179
  20
495.54517
  0
VERTEX
  5
582
  8
Layer_0
  10
488.81726
  20
495.5458
  0
VERTEX
  5
583
  8
Layer_0
  10
488.81601
  20
495.54643
  0
VERTEX
  5
584
  8
Layer_0
  10
488.81473
  20
495.54707
  42
0.00032451227
  0
VERTEX
  5
585
  8
Layer_0
  10
488.80841
  20
495.55023
  42
0.0002038597
  0
VERTEX
  5
586
  8
Layer_0
  10
488.80206
  20
495.5534
  0
VERTEX
  5
587
  8
Layer_0
  10
488.80142
  20
495.55341
  0
VERTEX
  5
588
  8
Layer_0
  10
488.80078
  20
495.55341
  42
0.34420778
  0
VERTEX
  5
589
  8
Layer_0
  10
488.79825
  20
495.55341
  0
VERTEX
  5
58a
  8
Layer_0
  10
488.79762
  20
495.5534
  0
VERTEX
  5
58b
  8
Layer_0
  10
488.79699
  20
495.5534
  0
VERTEX
  5
58c
  8
Layer_0
  10
488.79636
  20
495.55341
  0
VERTEX
  5
58d
  8
Layer_0
  10
488.79572
  20
495.55341
  42
0.00093627262
  0
VERTEX
  5
58e
  8
Layer_0
  10
488.79446
  20
495.55341
  42
0.0004733826
  0
VERTEX
  5
58f
  8
Layer_0
  10
488.7894
  20
495.55594
  42
0.00068644912
  0
VERTEX
  5
590
  8
Layer_0
  10
488.78558
  20
495.55785
  0
VERTEX
  5
591
  8
Layer_0
  10
488.7843
  20
495.55847
  0
VERTEX
  5
592
  8
Layer_0
  10
488.78305
  20
495.5591
  0
VERTEX
  5
593
  8
Layer_0
  10
488.78114
  20
495.56006
  0
VERTEX
  5
594
  8
Layer_0
  10
488.77924
  20
495.56101
  0
VERTEX
  5
595
  8
Layer_0
  10
488.77798
  20
495.56165
  42
0.00076374121
  0
VERTEX
  5
596
  8
Layer_0
  10
488.77545
  20
495.56291
  0
VERTEX
  5
597
  8
Layer_0
  10
488.77417
  20
495.56355
  0
VERTEX
  5
598
  8
Layer_0
  10
488.77292
  20
495.56418
  0
VERTEX
  5
599
  8
Layer_0
  10
488.77164
  20
495.56481
  42
-0.00066976929
  0
VERTEX
  5
59a
  8
Layer_0
  10
488.7691
  20
495.56608
  0
VERTEX
  5
59b
  8
Layer_0
  10
488.76782
  20
495.56671
  0
VERTEX
  5
59c
  8
Layer_0
  10
488.76657
  20
495.56734
  0
VERTEX
  5
59d
  8
Layer_0
  10
488.76532
  20
495.56798
  0
VERTEX
  5
59e
  8
Layer_0
  10
488.76404
  20
495.56861
  42
0.0011568654
  0
VERTEX
  5
59f
  8
Layer_0
  10
488.76151
  20
495.56989
  0
VERTEX
  5
5a0
  8
Layer_0
  10
488.76022
  20
495.57051
  42
0.00031512603
  0
VERTEX
  5
5a1
  8
Layer_0
  10
488.75262
  20
495.57432
  42
0.00048774224
  0
VERTEX
  5
5a2
  8
Layer_0
  10
488.75009
  20
495.57558
  0
VERTEX
  5
5a3
  8
Layer_0
  10
488.74881
  20
495.57622
  0
VERTEX
  5
5a4
  8
Layer_0
  10
488.7482
  20
495.57622
  0
VERTEX
  5
5a5
  8
Layer_0
  10
488.74756
  20
495.57622
  0
VERTEX
  5
5a6
  8
Layer_0
  10
488.74692
  20
495.57622
  0
VERTEX
  5
5a7
  8
Layer_0
  10
488.74629
  20
495.57622
  0
VERTEX
  5
5a8
  8
Layer_0
  10
488.74567
  20
495.57622
  42
-0.00043327448
  0
VERTEX
  5
5a9
  8
Layer_0
  10
488.74249
  20
495.57622
  0
VERTEX
  5
5aa
  8
Layer_0
  10
488.74185
  20
495.57622
  0
VERTEX
  5
5ab
  8
Layer_0
  10
488.74121
  20
495.57622
  0
VERTEX
  5
5ac
  8
Layer_0
  10
488.73995
  20
495.57622
  0
VERTEX
  5
5ad
  8
Layer_0
  10
488.73868
  20
495.57622
  42
-0.00053763356
  0
VERTEX
  5
5ae
  8
Layer_0
  10
488.73615
  20
495.57622
  42
0.00092862451
  0
VERTEX
  5
5af
  8
Layer_0
  10
488.73489
  20
495.57622
  0
VERTEX
  5
5b0
  8
Layer_0
  10
488.73425
  20
495.57622
  0
VERTEX
  5
5b1
  8
Layer_0
  10
488.73361
  20
495.57622
  0
VERTEX
  5
5b2
  8
Layer_0
  10
488.73236
  20
495.57685
  0
VERTEX
  5
5b3
  8
Layer_0
  10
488.73108
  20
495.57748
  42
0.00040185722
  0
VERTEX
  5
5b4
  8
Layer_0
  10
488.72473
  20
495.58066
  42
0.37312482
  0
VERTEX
  5
5b5
  8
Layer_0
  10
488.72095
  20
495.58256
  0
VERTEX
  5
5b6
  8
Layer_0
  10
488.71967
  20
495.58319
  0
VERTEX
  5
5b7
  8
Layer_0
  10
488.71841
  20
495.58382
  42
0.00022583502
  0
VERTEX
  5
5b8
  8
Layer_0
  10
488.71207
  20
495.587
  0
VERTEX
  5
5b9
  8
Layer_0
  10
488.71078
  20
495.58763
  0
VERTEX
  5
5ba
  8
Layer_0
  10
488.70953
  20
495.58826
  0
VERTEX
  5
5bb
  8
Layer_0
  10
488.70825
  20
495.5889
  42
0.00024624751
  0
VERTEX
  5
5bc
  8
Layer_0
  10
488.70319
  20
495.59143
  0
VERTEX
  5
5bd
  8
Layer_0
  10
488.70129
  20
495.59143
  0
VERTEX
  5
5be
  8
Layer_0
  10
488.6994
  20
495.59143
  42
0.044994056
  0
VERTEX
  5
5bf
  8
Layer_0
  10
488.69559
  20
495.59143
  0
VERTEX
  5
5c0
  8
Layer_0
  10
488.6937
  20
495.59143
  42
0.00042875752
  0
VERTEX
  5
5c1
  8
Layer_0
  10
488.68228
  20
495.59143
  0
VERTEX
  5
5c2
  8
Layer_0
  10
488.68036
  20
495.59143
  0
VERTEX
  5
5c3
  8
Layer_0
  10
488.67911
  20
495.59206
  0
VERTEX
  5
5c4
  8
Layer_0
  10
488.67786
  20
495.5927
  0
VERTEX
  5
5c5
  8
Layer_0
  10
488.67657
  20
495.59333
  0
VERTEX
  5
5c6
  8
Layer_0
  10
488.67529
  20
495.59396
  0
VERTEX
  5
5c7
  8
Layer_0
  10
488.67404
  20
495.5946
  0
VERTEX
  5
5c8
  8
Layer_0
  10
488.67276
  20
495.59523
  0
VERTEX
  5
5c9
  8
Layer_0
  10
488.67151
  20
495.59587
  42
-0.00022032987
  0
VERTEX
  5
5ca
  8
Layer_0
  10
488.66644
  20
495.5984
  0
VERTEX
  5
5cb
  8
Layer_0
  10
488.66516
  20
495.59904
  0
VERTEX
  5
5cc
  8
Layer_0
  10
488.64996
  20
495.61362
  42
0.010664624
  0
VERTEX
  5
5cd
  8
Layer_0
  10
488.61954
  20
495.64276
  0
VERTEX
  5
5ce
  8
Layer_0
  10
488.60431
  20
495.65734
  0
VERTEX
  5
5cf
  8
Layer_0
  10
488.58911
  20
495.67192
  42
-0.5246579
  0
VERTEX
  5
5d0
  8
Layer_0
  10
488.55869
  20
495.70107
  0
VERTEX
  5
5d1
  8
Layer_0
  10
488.54349
  20
495.71565
  0
VERTEX
  5
5d2
  8
Layer_0
  10
488.52826
  20
495.73022
  42
0.039235726
  0
VERTEX
  5
5d3
  8
Layer_0
  10
488.49786
  20
495.75938
  0
VERTEX
  5
5d4
  8
Layer_0
  10
488.48264
  20
495.77396
  0
VERTEX
  5
5d5
  8
Layer_0
  10
488.48328
  20
495.77522
  42
-0.0010342234
  0
VERTEX
  5
5d6
  8
Layer_0
  10
488.48581
  20
495.7803
  0
VERTEX
  5
5d7
  8
Layer_0
  10
488.48645
  20
495.78156
  0
VERTEX
  5
5d8
  8
Layer_0
  10
488.48709
  20
495.78282
  0
VERTEX
  5
5d9
  8
Layer_0
  10
488.4877
  20
495.7841
  42
-7.9135563e-05
  0
VERTEX
  5
5da
  8
Layer_0
  10
488.49023
  20
495.78917
  42
0.2633633
  0
VERTEX
  5
5db
  8
Layer_0
  10
488.49216
  20
495.79487
  0
VERTEX
  5
5dc
  8
Layer_0
  10
488.4931
  20
495.79772
  0
VERTEX
  5
5dd
  8
Layer_0
  10
488.49405
  20
495.80058
  0
VERTEX
  5
5de
  8
Layer_0
  10
488.495
  20
495.80343
  0
VERTEX
  5
5df
  8
Layer_0
  10
488.49595
  20
495.80628
  0
VERTEX
  5
5e0
  8
Layer_0
  10
488.49658
  20
495.80818
  0
VERTEX
  5
5e1
  8
Layer_0
  10
488.49722
  20
495.81008
  0
VERTEX
  5
5e2
  8
Layer_0
  10
488.49786
  20
495.81198
  0
VERTEX
  5
5e3
  8
Layer_0
  10
488.49847
  20
495.81325
  0
VERTEX
  5
5e4
  8
Layer_0
  10
488.49911
  20
495.81451
  0
VERTEX
  5
5e5
  8
Layer_0
  10
488.49976
  20
495.81578
  42
-8.1872791e-05
  0
VERTEX
  5
5e6
  8
Layer_0
  10
488.50229
  20
495.82085
  42
-7.8683438e-05
  0
VERTEX
  5
5e7
  8
Layer_0
  10
488.50482
  20
495.82593
  0
VERTEX
  5
5e8
  8
Layer_0
  10
488.50546
  20
495.82719
  42
-0.34428694
  0
VERTEX
  5
5e9
  8
Layer_0
  10
488.50546
  20
495.83099
  0
VERTEX
  5
5ea
  8
Layer_0
  10
488.50546
  20
495.8329
  42
-0.00098127434
  0
VERTEX
  5
5eb
  8
Layer_0
  10
488.50546
  20
495.8443
  42
-0.00052118964
  0
VERTEX
  5
5ec
  8
Layer_0
  10
488.50546
  20
495.85001
  0
VERTEX
  5
5ed
  8
Layer_0
  10
488.5061
  20
495.85127
  42
6.2669546e-05
  0
VERTEX
  5
5ee
  8
Layer_0
  10
488.50925
  20
495.85762
  0
VERTEX
  5
5ef
  8
Layer_0
  10
488.50989
  20
495.85888
  0
VERTEX
  5
5f0
  8
Layer_0
  10
488.51053
  20
495.86015
  42
-0.001046568
  0
VERTEX
  5
5f1
  8
Layer_0
  10
488.51306
  20
495.86522
  42
-0.0013547191
  0
VERTEX
  5
5f2
  8
Layer_0
  10
488.51495
  20
495.86902
  0
VERTEX
  5
5f3
  8
Layer_0
  10
488.51559
  20
495.87029
  0
VERTEX
  5
5f4
  8
Layer_0
  10
488.51655
  20
495.87219
  0
VERTEX
  5
5f5
  8
Layer_0
  10
488.5175
  20
495.87409
  0
VERTEX
  5
5f6
  8
Layer_0
  10
488.51813
  20
495.87537
  42
-0.00010429709
  0
VERTEX
  5
5f7
  8
Layer_0
  10
488.52002
  20
495.87916
  0
VERTEX
  5
5f8
  8
Layer_0
  10
488.52066
  20
495.88043
  0
VERTEX
  5
5f9
  8
Layer_0
  10
488.52193
  20
495.88297
  0
VERTEX
  5
5fa
  8
Layer_0
  10
488.5232
  20
495.8855
  42
0.012976688
  0
VERTEX
  5
5fb
  8
Layer_0
  10
488.52637
  20
495.89184
  0
VERTEX
  5
5fc
  8
Layer_0
  10
488.52701
  20
495.8931
  0
VERTEX
  5
5fd
  8
Layer_0
  10
488.52765
  20
495.89437
  0
VERTEX
  5
5fe
  8
Layer_0
  10
488.52826
  20
495.89565
  42
-0.1305228
  0
VERTEX
  5
5ff
  8
Layer_0
  10
488.53143
  20
495.90198
  0
VERTEX
  5
600
  8
Layer_0
  10
488.53207
  20
495.90324
  0
VERTEX
  5
601
  8
Layer_0
  10
488.53271
  20
495.90451
  0
VERTEX
  5
602
  8
Layer_0
  10
488.53333
  20
495.90578
  0
VERTEX
  5
603
  8
Layer_0
  10
488.53398
  20
495.90705
  0
VERTEX
  5
604
  8
Layer_0
  10
488.53461
  20
495.90831
  0
VERTEX
  5
605
  8
Layer_0
  10
488.53525
  20
495.90958
  0
VERTEX
  5
606
  8
Layer_0
  10
488.53589
  20
495.91086
  42
-0.0011143769
  0
VERTEX
  5
607
  8
Layer_0
  10
488.54095
  20
495.92099
  0
VERTEX
  5
608
  8
Layer_0
  10
488.54156
  20
495.92226
  0
VERTEX
  5
609
  8
Layer_0
  10
488.54221
  20
495.92352
  42
-0.00015629221
  0
VERTEX
  5
60a
  8
Layer_0
  10
488.54349
  20
495.92606
  0
VERTEX
  5
60b
  8
Layer_0
  10
488.54413
  20
495.92732
  0
VERTEX
  5
60c
  8
Layer_0
  10
488.54474
  20
495.9286
  0
VERTEX
  5
60d
  8
Layer_0
  10
488.54538
  20
495.92987
  0
VERTEX
  5
60e
  8
Layer_0
  10
488.54602
  20
495.93113
  0
VERTEX
  5
60f
  8
Layer_0
  10
488.54665
  20
495.9324
  0
VERTEX
  5
610
  8
Layer_0
  10
488.54727
  20
495.93367
  42
0.34416262
  0
VERTEX
  5
611
  8
Layer_0
  10
488.55045
  20
495.94
  0
VERTEX
  5
612
  8
Layer_0
  10
488.55109
  20
495.94127
  0
VERTEX
  5
613
  8
Layer_0
  10
488.55173
  20
495.94191
  0
VERTEX
  5
614
  8
Layer_0
  10
488.55237
  20
495.94254
  0
VERTEX
  5
615
  8
Layer_0
  10
488.55298
  20
495.94318
  0
VERTEX
  5
616
  8
Layer_0
  10
488.55362
  20
495.9438
  0
VERTEX
  5
617
  8
Layer_0
  10
488.55426
  20
495.94444
  0
VERTEX
  5
618
  8
Layer_0
  10
488.5549
  20
495.94508
  0
VERTEX
  5
619
  8
Layer_0
  10
488.55551
  20
495.94571
  0
VERTEX
  5
61a
  8
Layer_0
  10
488.55615
  20
495.94634
  0
VERTEX
  5
61b
  8
Layer_0
  10
488.55679
  20
495.94698
  0
VERTEX
  5
61c
  8
Layer_0
  10
488.55743
  20
495.94761
  0
VERTEX
  5
61d
  8
Layer_0
  10
488.55804
  20
495.94824
  0
VERTEX
  5
61e
  8
Layer_0
  10
488.55869
  20
495.94888
  0
VERTEX
  5
61f
  8
Layer_0
  10
488.55933
  20
495.95014
  0
VERTEX
  5
620
  8
Layer_0
  10
488.55997
  20
495.95142
  0
VERTEX
  5
621
  8
Layer_0
  10
488.56154
  20
495.95458
  0
VERTEX
  5
622
  8
Layer_0
  10
488.56313
  20
495.95775
  0
VERTEX
  5
623
  8
Layer_0
  10
488.56375
  20
495.95901
  0
VERTEX
  5
624
  8
Layer_0
  10
488.56439
  20
495.96028
  0
VERTEX
  5
625
  8
Layer_0
  10
488.56503
  20
495.96155
  0
VERTEX
  5
626
  8
Layer_0
  10
488.56566
  20
495.96282
  0
VERTEX
  5
627
  8
Layer_0
  10
488.5663
  20
495.96409
  0
VERTEX
  5
628
  8
Layer_0
  10
488.56693
  20
495.96472
  0
VERTEX
  5
629
  8
Layer_0
  10
488.56757
  20
495.96535
  0
VERTEX
  5
62a
  8
Layer_0
  10
488.56821
  20
495.96599
  0
VERTEX
  5
62b
  8
Layer_0
  10
488.56885
  20
495.96662
  0
VERTEX
  5
62c
  8
Layer_0
  10
488.56946
  20
495.96725
  0
VERTEX
  5
62d
  8
Layer_0
  10
488.5701
  20
495.96789
  0
VERTEX
  5
62e
  8
Layer_0
  10
488.57074
  20
495.96852
  0
VERTEX
  5
62f
  8
Layer_0
  10
488.57135
  20
495.96916
  0
VERTEX
  5
630
  8
Layer_0
  10
488.57199
  20
495.96979
  0
VERTEX
  5
631
  8
Layer_0
  10
488.57263
  20
495.97043
  0
VERTEX
  5
632
  8
Layer_0
  10
488.57327
  20
495.97105
  0
VERTEX
  5
633
  8
Layer_0
  10
488.57391
  20
495.97169
  42
4.5363786e-05
  0
VERTEX
  5
634
  8
Layer_0
  10
488.58276
  20
495.97613
  42
-0.0012590918
  0
VERTEX
  5
635
  8
Layer_0
  10
488.58658
  20
495.97803
  0
VERTEX
  5
636
  8
Layer_0
  10
488.58783
  20
495.97867
  0
VERTEX
  5
637
  8
Layer_0
  10
488.58911
  20
495.97929
  0
VERTEX
  5
638
  8
Layer_0
  10
488.58975
  20
495.98056
  0
VERTEX
  5
639
  8
Layer_0
  10
488.59039
  20
495.98183
  42
0.3442275
  0
VERTEX
  5
63a
  8
Layer_0
  10
488.59164
  20
495.98437
  0
VERTEX
  5
63b
  8
Layer_0
  10
488.59229
  20
495.98563
  0
VERTEX
  5
63c
  8
Layer_0
  10
488.59387
  20
495.9888
  0
VERTEX
  5
63d
  8
Layer_0
  10
488.59545
  20
495.99197
  0
VERTEX
  5
63e
  8
Layer_0
  10
488.59608
  20
495.99324
  0
VERTEX
  5
63f
  8
Layer_0
  10
488.59672
  20
495.99451
  0
VERTEX
  5
640
  8
Layer_0
  10
488.59735
  20
495.99515
  0
VERTEX
  5
641
  8
Layer_0
  10
488.59799
  20
495.99577
  0
VERTEX
  5
642
  8
Layer_0
  10
488.59863
  20
495.99641
  0
VERTEX
  5
643
  8
Layer_0
  10
488.59924
  20
495.99704
  0
VERTEX
  5
644
  8
Layer_0
  10
488.59988
  20
495.99768
  0
VERTEX
  5
645
  8
Layer_0
  10
488.60052
  20
495.99831
  0
VERTEX
  5
646
  8
Layer_0
  10
488.60117
  20
495.99895
  0
VERTEX
  5
647
  8
Layer_0
  10
488.60178
  20
495.99958
  0
VERTEX
  5
648
  8
Layer_0
  10
488.60242
  20
496.00021
  0
VERTEX
  5
649
  8
Layer_0
  10
488.60306
  20
496.00085
  0
VERTEX
  5
64a
  8
Layer_0
  10
488.6037
  20
496.00148
  0
VERTEX
  5
64b
  8
Layer_0
  10
488.60431
  20
496.00211
  0
VERTEX
  5
64c
  8
Layer_0
  10
488.60622
  20
496.00306
  0
VERTEX
  5
64d
  8
Layer_0
  10
488.60812
  20
496.00401
  0
VERTEX
  5
64e
  8
Layer_0
  10
488.60941
  20
496.00465
  0
VERTEX
  5
64f
  8
Layer_0
  10
488.61066
  20
496.00528
  0
VERTEX
  5
650
  8
Layer_0
  10
488.61193
  20
496.00592
  0
VERTEX
  5
651
  8
Layer_0
  10
488.6132
  20
496.00655
  0
VERTEX
  5
652
  8
Layer_0
  10
488.61447
  20
496.00719
  42
-0.0010335868
  0
VERTEX
  5
653
  8
Layer_0
  10
488.61954
  20
496.00972
  42
0.4142315
  0
VERTEX
  5
654
  8
Layer_0
  10
488.62585
  20
496.01289
  0
VERTEX
  5
655
  8
Layer_0
  10
488.62714
  20
496.01352
  0
VERTEX
  5
656
  8
Layer_0
  10
488.62842
  20
496.01415
  0
VERTEX
  5
657
  8
Layer_0
  10
488.62967
  20
496.01479
  0
VERTEX
  5
658
  8
Layer_0
  10
488.63094
  20
496.01542
  0
VERTEX
  5
659
  8
Layer_0
  10
488.63221
  20
496.01606
  0
VERTEX
  5
65a
  8
Layer_0
  10
488.63348
  20
496.01669
  0
VERTEX
  5
65b
  8
Layer_0
  10
488.63474
  20
496.01732
  0
VERTEX
  5
65c
  8
Layer_0
  10
488.63538
  20
496.01796
  0
VERTEX
  5
65d
  8
Layer_0
  10
488.63602
  20
496.01859
  0
VERTEX
  5
65e
  8
Layer_0
  10
488.63666
  20
496.01923
  0
VERTEX
  5
65f
  8
Layer_0
  10
488.63727
  20
496.01986
  0
VERTEX
  5
660
  8
Layer_0
  10
488.63791
  20
496.02049
  0
VERTEX
  5
661
  8
Layer_0
  10
488.63855
  20
496.02113
  0
VERTEX
  5
662
  8
Layer_0
  10
488.63919
  20
496.02176
  0
VERTEX
  5
663
  8
Layer_0
  10
488.63983
  20
496.02239
  0
VERTEX
  5
664
  8
Layer_0
  10
488.64044
  20
496.02303
  0
VERTEX
  5
665
  8
Layer_0
  10
488.64108
  20
496.02367
  0
VERTEX
  5
666
  8
Layer_0
  10
488.64172
  20
496.02429
  0
VERTEX
  5
667
  8
Layer_0
  10
488.64233
  20
496.02493
  42
-0.0010271239
  0
VERTEX
  5
668
  8
Layer_0
  10
488.64743
  20
496.02747
  42
-0.0013880189
  0
VERTEX
  5
669
  8
Layer_0
  10
488.65121
  20
496.02937
  42
-0.0012805909
  0
VERTEX
  5
66a
  8
Layer_0
  10
488.65503
  20
496.03127
  0
VERTEX
  5
66b
  8
Layer_0
  10
488.65629
  20
496.0319
  0
VERTEX
  5
66c
  8
Layer_0
  10
488.65756
  20
496.03254
  0
VERTEX
  5
66d
  8
Layer_0
  10
488.65881
  20
496.03316
  0
VERTEX
  5
66e
  8
Layer_0
  10
488.6601
  20
496.0338
  0
VERTEX
  5
66f
  8
Layer_0
  10
488.66389
  20
496.0357
  0
VERTEX
  5
670
  8
Layer_0
  10
488.6677
  20
496.03761
  0
VERTEX
  5
671
  8
Layer_0
  10
488.66898
  20
496.03824
  0
VERTEX
  5
672
  8
Layer_0
  10
488.67023
  20
496.03887
  0
VERTEX
  5
673
  8
Layer_0
  10
488.6715
  20
496.03951
  0
VERTEX
  5
674
  8
Layer_0
  10
488.67277
  20
496.04014
  0
VERTEX
  5
675
  8
Layer_0
  10
488.67404
  20
496.04014
  0
VERTEX
  5
676
  8
Layer_0
  10
488.67529
  20
496.04015
  42
-0.00044247682
  0
VERTEX
  5
677
  8
Layer_0
  10
488.67786
  20
496.04014
  0
VERTEX
  5
678
  8
Layer_0
  10
488.67974
  20
496.04014
  0
VERTEX
  5
679
  8
Layer_0
  10
488.68165
  20
496.04014
  0
VERTEX
  5
67a
  8
Layer_0
  10
488.68292
  20
496.04015
  0
VERTEX
  5
67b
  8
Layer_0
  10
488.68417
  20
496.04014
  42
-0.0004454763
  0
VERTEX
  5
67c
  8
Layer_0
  10
488.68671
  20
496.04013
  0
VERTEX
  5
67d
  8
Layer_0
  10
488.68799
  20
496.04014
  0
VERTEX
  5
67e
  8
Layer_0
  10
488.68924
  20
496.04077
  0
VERTEX
  5
67f
  8
Layer_0
  10
488.69241
  20
496.04235
  0
VERTEX
  5
680
  8
Layer_0
  10
488.69558
  20
496.04394
  0
VERTEX
  5
681
  8
Layer_0
  10
488.69684
  20
496.04458
  0
VERTEX
  5
682
  8
Layer_0
  10
488.69812
  20
496.04521
  42
-0.28409427
  0
VERTEX
  5
683
  8
Layer_0
  10
488.70319
  20
496.04774
  0
VERTEX
  5
684
  8
Layer_0
  10
488.70508
  20
496.04774
  0
VERTEX
  5
685
  8
Layer_0
  10
488.707
  20
496.04774
  0
VERTEX
  5
686
  8
Layer_0
  10
488.70889
  20
496.04774
  0
VERTEX
  5
687
  8
Layer_0
  10
488.71078
  20
496.04774
  0
VERTEX
  5
688
  8
Layer_0
  10
488.71271
  20
496.04774
  0
VERTEX
  5
689
  8
Layer_0
  10
488.7146
  20
496.04774
  42
0.34419457
  0
VERTEX
  5
68a
  8
Layer_0
  10
488.72031
  20
496.04774
  0
VERTEX
  5
68b
  8
Layer_0
  10
488.7222
  20
496.04774
  42
-0.0013437558
  0
VERTEX
  5
68c
  8
Layer_0
  10
488.72601
  20
496.04774
  0
VERTEX
  5
68d
  8
Layer_0
  10
488.74249
  20
496.03571
  0
VERTEX
  5
68e
  8
Layer_0
  10
488.75897
  20
496.02366
  42
-0.0055122314
  0
VERTEX
  5
68f
  8
Layer_0
  10
488.79193
  20
495.99957
  0
VERTEX
  5
690
  8
Layer_0
  10
488.80841
  20
495.98753
  0
VERTEX
  5
691
  8
Layer_0
  10
488.82489
  20
495.97549
  42
-0.022081488
  0
VERTEX
  5
692
  8
Layer_0
  10
488.85785
  20
495.95141
  0
VERTEX
  5
693
  8
Layer_0
  10
488.8743
  20
495.93937
  0
VERTEX
  5
694
  8
Layer_0
  10
488.89078
  20
495.92732
  0
VERTEX
  5
695
  8
Layer_0
  10
488.90726
  20
495.91531
  0
VERTEX
  5
696
  8
Layer_0
  10
488.92374
  20
495.90324
  0
VERTEX
  5
697
  8
Layer_0
  10
488.92438
  20
495.90198
  42
-0.00032313621
  0
VERTEX
  5
698
  8
Layer_0
  10
488.92627
  20
495.89818
  0
VERTEX
  5
699
  8
Layer_0
  10
488.92691
  20
495.8969
  0
VERTEX
  5
69a
  8
Layer_0
  10
488.92755
  20
495.89564
  0
VERTEX
  5
69b
  8
Layer_0
  10
488.92816
  20
495.89438
  0
VERTEX
  5
69c
  8
Layer_0
  10
488.9288
  20
495.89311
  42
0.0003260335
  0
VERTEX
  5
69d
  8
Layer_0
  10
488.93073
  20
495.88931
  0
VERTEX
  5
69e
  8
Layer_0
  10
488.93134
  20
495.88804
  0
VERTEX
  5
69f
  8
Layer_0
  10
488.93134
  20
495.88614
  0
VERTEX
  5
6a0
  8
Layer_0
  10
488.93135
  20
495.88423
  0
VERTEX
  5
6a1
  8
Layer_0
  10
488.93135
  20
495.88233
  0
VERTEX
  5
6a2
  8
Layer_0
  10
488.93134
  20
495.88043
  0
VERTEX
  5
6a3
  8
Layer_0
  10
488.93134
  20
495.87853
  42
0.00052405376
  0
VERTEX
  5
6a4
  8
Layer_0
  10
488.93134
  20
495.87473
  0
VERTEX
  5
6a5
  8
Layer_0
  10
488.93134
  20
495.87283
  0
VERTEX
  5
6a6
  8
Layer_0
  10
488.93134
  20
495.87093
  42
0.00036021719
  0
VERTEX
  5
6a7
  8
Layer_0
  10
488.93134
  20
495.86522
  0
VERTEX
  5
6a8
  8
Layer_0
  10
488.93198
  20
495.86395
  0
VERTEX
  5
6a9
  8
Layer_0
  10
488.93262
  20
495.86269
  0
VERTEX
  5
6aa
  8
Layer_0
  10
488.93326
  20
495.86142
  42
-0.00051696035
  0
VERTEX
  5
6ab
  8
Layer_0
  10
488.93451
  20
495.85889
  0
VERTEX
  5
6ac
  8
Layer_0
  10
488.93515
  20
495.85762
  0
VERTEX
  5
6ad
  8
Layer_0
  10
488.93579
  20
495.85635
  42
0.0010332462
  0
VERTEX
  5
6ae
  8
Layer_0
  10
488.93704
  20
495.85381
  0
VERTEX
  5
6af
  8
Layer_0
  10
488.93768
  20
495.85254
  0
VERTEX
  5
6b0
  8
Layer_0
  10
488.93832
  20
495.85127
  0
VERTEX
  5
6b1
  8
Layer_0
  10
488.93896
  20
495.85001
  42
-0.48767243
  0
VERTEX
  5
6b2
  8
Layer_0
  10
488.93896
  20
495.84621
  0
VERTEX
  5
6b3
  8
Layer_0
  10
488.93896
  20
495.84494
  0
VERTEX
  5
6b4
  8
Layer_0
  10
488.93895
  20
495.84367
  0
VERTEX
  5
6b5
  8
Layer_0
  10
488.93895
  20
495.84177
  0
VERTEX
  5
6b6
  8
Layer_0
  10
488.93895
  20
495.83987
  42
-0.55767187
  0
VERTEX
  5
6b7
  8
Layer_0
  10
488.93896
  20
495.83733
  0
VERTEX
  5
6b8
  8
Layer_0
  10
488.93896
  20
495.83606
  0
VERTEX
  5
6b9
  8
Layer_0
  10
488.93896
  20
495.8348
  0
VERTEX
  5
6ba
  8
Layer_0
  10
488.94022
  20
495.83227
  0
VERTEX
  5
6bb
  8
Layer_0
  10
488.94149
  20
495.82973
  0
VERTEX
  5
6bc
  8
Layer_0
  10
488.94275
  20
495.82719
  42
-0.00011141371
  0
VERTEX
  5
6bd
  8
Layer_0
  10
488.94656
  20
495.81959
  42
-0.0001485441
  0
VERTEX
  5
6be
  8
Layer_0
  10
488.95035
  20
495.81198
  0
VERTEX
  5
6bf
  8
Layer_0
  10
488.95163
  20
495.80945
  0
VERTEX
  5
6c0
  8
Layer_0
  10
488.95288
  20
495.80692
  0
VERTEX
  5
6c1
  8
Layer_0
  10
488.95416
  20
495.80438
  0
VERTEX
  5
6c2
  8
Layer_0
  10
488.95544
  20
495.80184
  0
VERTEX
  5
6c3
  8
Layer_0
  10
488.9567
  20
495.79931
  0
VERTEX
  5
6c4
  8
Layer_0
  10
488.95798
  20
495.79677
  0
VERTEX
  5
6c5
  8
Layer_0
  10
488.95923
  20
495.79424
  42
0.0002436186
  0
VERTEX
  5
6c6
  8
Layer_0
  10
488.96176
  20
495.78917
  0
VERTEX
  5
6c7
  8
Layer_0
  10
488.96304
  20
495.78664
  42
0.00022017808
  0
VERTEX
  5
6c8
  8
Layer_0
  10
488.96686
  20
495.77902
  0
VERTEX
  5
6c9
  8
Layer_0
  10
488.96811
  20
495.77649
  0
VERTEX
  5
6ca
  8
Layer_0
  10
488.96939
  20
495.77396
  0
VERTEX
  5
6cb
  8
Layer_0
  10
488.97064
  20
495.77142
  0
VERTEX
  5
6cc
  8
Layer_0
  10
488.97189
  20
495.76889
  0
VERTEX
  5
6cd
  8
Layer_0
  10
488.97318
  20
495.76635
  42
-0.00048789264
  0
VERTEX
  5
6ce
  8
Layer_0
  10
488.97699
  20
495.75874
  42
-0.0002967554
  0
VERTEX
  5
6cf
  8
Layer_0
  10
488.97952
  20
495.75368
  0
VERTEX
  5
6d0
  8
Layer_0
  10
488.98077
  20
495.75114
  0
VERTEX
  5
6d1
  8
Layer_0
  10
488.98268
  20
495.74734
  0
VERTEX
  5
6d2
  8
Layer_0
  10
488.98459
  20
495.74353
  0
VERTEX
  5
6d3
  8
Layer_0
  10
488.98584
  20
495.74164
  0
VERTEX
  5
6d4
  8
Layer_0
  10
488.98712
  20
495.73973
  0
VERTEX
  5
6d5
  8
Layer_0
  10
488.9884
  20
495.73782
  0
VERTEX
  5
6d6
  8
Layer_0
  10
488.98965
  20
495.73593
  0
VERTEX
  5
6d7
  8
Layer_0
  10
488.99092
  20
495.73403
  0
VERTEX
  5
6d8
  8
Layer_0
  10
488.99219
  20
495.73213
  0
VERTEX
  5
6d9
  8
Layer_0
  10
488.99347
  20
495.73022
  42
0.00055404823
  0
VERTEX
  5
6da
  8
Layer_0
  10
488.99725
  20
495.72452
  0
VERTEX
  5
6db
  8
Layer_0
  10
488.99853
  20
495.72262
  0
VERTEX
  5
6dc
  8
Layer_0
  10
488.9998
  20
495.72072
  0
VERTEX
  5
6dd
  8
Layer_0
  10
489.00107
  20
495.72009
  42
-0.00029876366
  0
VERTEX
  5
6de
  8
Layer_0
  10
489.00485
  20
495.71819
  0
VERTEX
  5
6df
  8
Layer_0
  10
489.00613
  20
495.71755
  42
0.051629153
  0
VERTEX
  5
6e0
  8
Layer_0
  10
489.0112
  20
495.71501
  0
VERTEX
  5
6e1
  8
Layer_0
  10
489.01248
  20
495.71439
  0
VERTEX
  5
6e2
  8
Layer_0
  10
489.01373
  20
495.71375
  0
VERTEX
  5
6e3
  8
Layer_0
  10
489.01501
  20
495.71311
  0
VERTEX
  5
6e4
  8
Layer_0
  10
489.01563
  20
495.71248
  0
VERTEX
  5
6e5
  8
Layer_0
  10
489.01627
  20
495.71185
  0
VERTEX
  5
6e6
  8
Layer_0
  10
489.01691
  20
495.71121
  0
VERTEX
  5
6e7
  8
Layer_0
  10
489.01755
  20
495.71058
  0
VERTEX
  5
6e8
  8
Layer_0
  10
489.01819
  20
495.70995
  0
VERTEX
  5
6e9
  8
Layer_0
  10
489.0188
  20
495.70931
  0
VERTEX
  5
6ea
  8
Layer_0
  10
489.01944
  20
495.70868
  0
VERTEX
  5
6eb
  8
Layer_0
  10
489.02008
  20
495.70805
  0
VERTEX
  5
6ec
  8
Layer_0
  10
489.02072
  20
495.70741
  0
VERTEX
  5
6ed
  8
Layer_0
  10
489.02133
  20
495.70678
  0
VERTEX
  5
6ee
  8
Layer_0
  10
489.02197
  20
495.70614
  0
VERTEX
  5
6ef
  8
Layer_0
  10
489.02261
  20
495.70551
  0
VERTEX
  5
6f0
  8
Layer_0
  10
489.02386
  20
495.70425
  0
VERTEX
  5
6f1
  8
Layer_0
  10
489.02515
  20
495.70297
  0
VERTEX
  5
6f2
  8
Layer_0
  10
489.02643
  20
495.70171
  0
VERTEX
  5
6f3
  8
Layer_0
  10
489.02768
  20
495.70044
  0
VERTEX
  5
6f4
  8
Layer_0
  10
489.02896
  20
495.69917
  0
VERTEX
  5
6f5
  8
Layer_0
  10
489.03021
  20
495.69791
  0
VERTEX
  5
6f6
  8
Layer_0
  10
489.03149
  20
495.69664
  0
VERTEX
  5
6f7
  8
Layer_0
  10
489.03275
  20
495.69537
  0
VERTEX
  5
6f8
  8
Layer_0
  10
489.03403
  20
495.6941
  0
VERTEX
  5
6f9
  8
Layer_0
  10
489.03528
  20
495.69283
  0
VERTEX
  5
6fa
  8
Layer_0
  10
489.03656
  20
495.69157
  0
VERTEX
  5
6fb
  8
Layer_0
  10
489.03781
  20
495.6903
  0
VERTEX
  5
6fc
  8
Layer_0
  10
489.03845
  20
495.68967
  0
VERTEX
  5
6fd
  8
Layer_0
  10
489.03909
  20
495.68903
  0
VERTEX
  5
6fe
  8
Layer_0
  10
489.03973
  20
495.6884
  0
VERTEX
  5
6ff
  8
Layer_0
  10
489.04034
  20
495.68776
  0
VERTEX
  5
700
  8
Layer_0
  10
489.04099
  20
495.68713
  0
VERTEX
  5
701
  8
Layer_0
  10
489.04163
  20
495.68649
  0
VERTEX
  5
702
  8
Layer_0
  10
489.04227
  20
495.68586
  0
VERTEX
  5
703
  8
Layer_0
  10
489.04291
  20
495.68523
  0
VERTEX
  5
704
  8
Layer_0
  10
489.04352
  20
495.68459
  0
VERTEX
  5
705
  8
Layer_0
  10
489.04416
  20
495.68396
  0
VERTEX
  5
706
  8
Layer_0
  10
489.0448
  20
495.68333
  0
VERTEX
  5
707
  8
Layer_0
  10
489.04544
  20
495.68269
  0
VERTEX
  5
708
  8
Layer_0
  10
489.04669
  20
495.68206
  0
VERTEX
  5
709
  8
Layer_0
  10
489.04797
  20
495.68143
  0
VERTEX
  5
70a
  8
Layer_0
  10
489.04922
  20
495.68079
  0
VERTEX
  5
70b
  8
Layer_0
  10
489.05051
  20
495.68016
  42
0.049998433
  0
VERTEX
  5
70c
  8
Layer_0
  10
489.05304
  20
495.67889
  0
VERTEX
  5
70d
  8
Layer_0
  10
489.05429
  20
495.67825
  42
-0.00031964764
  0
VERTEX
  5
70e
  8
Layer_0
  10
489.05811
  20
495.67635
  0
VERTEX
  5
70f
  8
Layer_0
  10
489.05939
  20
495.67572
  0
VERTEX
  5
710
  8
Layer_0
  10
489.06064
  20
495.67509
  0
VERTEX
  5
711
  8
Layer_0
  10
489.06189
  20
495.67445
  0
VERTEX
  5
712
  8
Layer_0
  10
489.06317
  20
495.67382
  0
VERTEX
  5
713
  8
Layer_0
  10
489.06445
  20
495.67319
  0
VERTEX
  5
714
  8
Layer_0
  10
489.0657
  20
495.67255
  0
VERTEX
  5
715
  8
Layer_0
  10
489.06699
  20
495.67192
  0
VERTEX
  5
716
  8
Layer_0
  10
489.06824
  20
495.67129
  0
VERTEX
  5
717
  8
Layer_0
  10
489.06951
  20
495.67065
  0
VERTEX
  5
718
  8
Layer_0
  10
489.07078
  20
495.67002
  0
VERTEX
  5
719
  8
Layer_0
  10
489.07205
  20
495.66939
  42
0.55746617
  0
VERTEX
  5
71a
  8
Layer_0
  10
489.07584
  20
495.66748
  0
VERTEX
  5
71b
  8
Layer_0
  10
489.07775
  20
495.66748
  0
VERTEX
  5
71c
  8
Layer_0
  10
489.07965
  20
495.66748
  0
VERTEX
  5
71d
  8
Layer_0
  10
489.08092
  20
495.66748
  0
VERTEX
  5
71e
  8
Layer_0
  10
489.08218
  20
495.66748
  0
VERTEX
  5
71f
  8
Layer_0
  10
489.08345
  20
495.66748
  0
VERTEX
  5
720
  8
Layer_0
  10
489.08472
  20
495.66748
  0
VERTEX
  5
721
  8
Layer_0
  10
489.086
  20
495.66748
  42
0.063218975
  0
VERTEX
  5
722
  8
Layer_0
  10
489.08853
  20
495.66748
  42
0.022430123
  0
VERTEX
  5
723
  8
Layer_0
  10
489.09106
  20
495.66748
  0
VERTEX
  5
724
  8
Layer_0
  10
489.09232
  20
495.66685
  0
VERTEX
  5
725
  8
Layer_0
  10
489.0936
  20
495.66621
  0
VERTEX
  5
726
  8
Layer_0
  10
489.09485
  20
495.66558
  0
VERTEX
  5
727
  8
Layer_0
  10
489.09613
  20
495.66495
  0
VERTEX
  5
728
  8
Layer_0
  10
489.09741
  20
495.66431
  0
VERTEX
  5
729
  8
Layer_0
  10
489.09866
  20
495.66368
  0
VERTEX
  5
72a
  8
Layer_0
  10
489.09995
  20
495.66305
  0
VERTEX
  5
72b
  8
Layer_0
  10
489.1012
  20
495.66241
  0
VERTEX
  5
72c
  8
Layer_0
  10
489.10373
  20
495.66115
  0
VERTEX
  5
72d
  8
Layer_0
  10
489.10627
  20
495.65988
  0
VERTEX
  5
72e
  8
Layer_0
  10
489.1069
  20
495.65924
  0
VERTEX
  5
72f
  8
Layer_0
  10
489.10754
  20
495.65862
  0
VERTEX
  5
730
  8
Layer_0
  10
489.10818
  20
495.65797
  0
VERTEX
  5
731
  8
Layer_0
  10
489.1088
  20
495.65735
  0
VERTEX
  5
732
  8
Layer_0
  10
489.10944
  20
495.65671
  0
VERTEX
  5
733
  8
Layer_0
  10
489.11008
  20
495.65607
  0
VERTEX
  5
734
  8
Layer_0
  10
489.11072
  20
495.65544
  0
VERTEX
  5
735
  8
Layer_0
  10
489.11133
  20
495.65481
  0
VERTEX
  5
736
  8
Layer_0
  10
489.11197
  20
495.65417
  0
VERTEX
  5
737
  8
Layer_0
  10
489.11261
  20
495.65354
  0
VERTEX
  5
738
  8
Layer_0
  10
489.11325
  20
495.65291
  0
VERTEX
  5
739
  8
Layer_0
  10
489.11389
  20
495.65227
  0
VERTEX
  5
73a
  8
Layer_0
  10
489.11578
  20
495.65228
  42
-0.00010552976
  0
VERTEX
  5
73b
  8
Layer_0
  10
489.12527
  20
495.65228
  42
-0.00052854049
  0
VERTEX
  5
73c
  8
Layer_0
  10
489.13098
  20
495.65228
  0
VERTEX
  5
73d
  8
Layer_0
  10
489.13287
  20
495.65228
  0
VERTEX
  5
73e
  8
Layer_0
  10
489.1348
  20
495.65228
  0
VERTEX
  5
73f
  8
Layer_0
  10
489.13669
  20
495.65228
  42
0.00024576705
  0
VERTEX
  5
740
  8
Layer_0
  10
489.14175
  20
495.64974
  0
VERTEX
  5
741
  8
Layer_0
  10
489.14493
  20
495.64816
  0
VERTEX
  5
742
  8
Layer_0
  10
489.1481
  20
495.64657
  0
VERTEX
  5
743
  8
Layer_0
  10
489.15
  20
495.64562
  0
VERTEX
  5
744
  8
Layer_0
  10
489.1519
  20
495.64467
  42
-0.0003948366
  0
VERTEX
  5
745
  8
Layer_0
  10
489.1557
  20
495.64467
  0
VERTEX
  5
746
  8
Layer_0
  10
489.15698
  20
495.64467
  0
VERTEX
  5
747
  8
Layer_0
  10
489.15887
  20
495.64467
  0
VERTEX
  5
748
  8
Layer_0
  10
489.16077
  20
495.64467
  42
-0.00039368886
  0
VERTEX
  5
749
  8
Layer_0
  10
489.16458
  20
495.64467
  42
-0.00026068784
  0
VERTEX
  5
74a
  8
Layer_0
  10
489.16711
  20
495.64467
  0
VERTEX
  5
74b
  8
Layer_0
  10
489.16837
  20
495.64404
  0
VERTEX
  5
74c
  8
Layer_0
  10
489.16965
  20
495.6434
  42
-0.00030756962
  0
VERTEX
  5
74d
  8
Layer_0
  10
489.17346
  20
495.64149
  0
VERTEX
  5
74e
  8
Layer_0
  10
489.17471
  20
495.64087
  0
VERTEX
  5
74f
  8
Layer_0
  10
489.17599
  20
495.64023
  0
VERTEX
  5
750
  8
Layer_0
  10
489.17725
  20
495.6396
  0
VERTEX
  5
751
  8
Layer_0
  10
489.17853
  20
495.63896
  0
VERTEX
  5
752
  8
Layer_0
  10
489.17978
  20
495.63833
  0
VERTEX
  5
753
  8
Layer_0
  10
489.18106
  20
495.6377
  0
VERTEX
  5
754
  8
Layer_0
  10
489.18231
  20
495.63706
  42
-0.00026736727
  0
VERTEX
  5
755
  8
Layer_0
  10
489.18613
  20
495.63706
  0
VERTEX
  5
756
  8
Layer_0
  10
489.18802
  20
495.63706
  0
VERTEX
  5
757
  8
Layer_0
  10
489.18991
  20
495.63706
  42
-0.00010761826
  0
VERTEX
  5
758
  8
Layer_0
  10
489.19943
  20
495.63706
  0
VERTEX
  5
759
  8
Layer_0
  10
489.20132
  20
495.63706
  0
VERTEX
  5
75a
  8
Layer_0
  10
489.20325
  20
495.63706
  0
VERTEX
  5
75b
  8
Layer_0
  10
489.20514
  20
495.63706
  42
0.00038874433
  0
VERTEX
  5
75c
  8
Layer_0
  10
489.20892
  20
495.63706
  42
0.00026177855
  0
VERTEX
  5
75d
  8
Layer_0
  10
489.21149
  20
495.63707
  0
VERTEX
  5
75e
  8
Layer_0
  10
489.21274
  20
495.63706
  0
VERTEX
  5
75f
  8
Layer_0
  10
489.21401
  20
495.63706
  0
VERTEX
  5
760
  8
Layer_0
  10
489.21591
  20
495.63706
  0
VERTEX
  5
761
  8
Layer_0
  10
489.21781
  20
495.63706
  0
VERTEX
  5
762
  8
Layer_0
  10
489.21909
  20
495.63706
  0
VERTEX
  5
763
  8
Layer_0
  10
489.22034
  20
495.63706
  0
VERTEX
  5
764
  8
Layer_0
  10
489.22226
  20
495.63706
  0
VERTEX
  5
765
  8
Layer_0
  10
489.22415
  20
495.63706
  42
-0.0011940358
  0
VERTEX
  5
766
  8
Layer_0
  10
489.23175
  20
495.63706
  0
VERTEX
  5
767
  8
Layer_0
  10
489.23364
  20
495.63706
  42
0.28406695
  0
VERTEX
  5
768
  8
Layer_0
  10
489.24127
  20
495.63706
  0
VERTEX
  5
769
  8
Layer_0
  10
489.24316
  20
495.63706
  0
VERTEX
  5
76a
  8
Layer_0
  10
489.24634
  20
495.63706
  0
VERTEX
  5
76b
  8
Layer_0
  10
489.24951
  20
495.63706
  42
-0.00057213547
  0
VERTEX
  5
76c
  8
Layer_0
  10
489.26218
  20
495.63705
  42
-0.55750563
  0
VERTEX
  5
76d
  8
Layer_0
  10
489.27484
  20
495.63706
  0
VERTEX
  5
76e
  8
Layer_0
  10
489.27802
  20
495.63706
  0
VERTEX
  5
76f
  8
Layer_0
  10
489.28119
  20
495.63705
  42
-0.0030884615
  0
VERTEX
  5
770
  8
Layer_0
  10
489.2926
  20
495.63896
  42
-0.0030186199
  0
VERTEX
  5
771
  8
Layer_0
  10
489.30402
  20
495.64086
  0
VERTEX
  5
772
  8
Layer_0
  10
489.3078
  20
495.64149
  0
VERTEX
  5
773
  8
Layer_0
  10
489.31161
  20
495.64214
  0
VERTEX
  5
774
  8
Layer_0
  10
489.31543
  20
495.64276
  0
VERTEX
  5
775
  8
Layer_0
  10
489.31921
  20
495.6434
  0
VERTEX
  5
776
  8
Layer_0
  10
489.32303
  20
495.64404
  0
VERTEX
  5
777
  8
Layer_0
  10
489.32681
  20
495.64467
  42
-5.1920965e-05
  0
VERTEX
  5
778
  8
Layer_0
  10
489.32935
  20
495.64973
  0
VERTEX
  5
779
  8
Layer_0
  10
489.33094
  20
495.65291
  0
VERTEX
  5
77a
  8
Layer_0
  10
489.33252
  20
495.65608
  42
-0.0013845587
  0
VERTEX
  5
77b
  8
Layer_0
  10
489.33441
  20
495.65988
  0
VERTEX
  5
77c
  8
Layer_0
  10
489.33505
  20
495.66051
  0
VERTEX
  5
77d
  8
Layer_0
  10
489.33569
  20
495.66115
  0
VERTEX
  5
77e
  8
Layer_0
  10
489.33633
  20
495.66178
  0
VERTEX
  5
77f
  8
Layer_0
  10
489.33694
  20
495.66241
  0
VERTEX
  5
780
  8
Layer_0
  10
489.33759
  20
495.66305
  0
VERTEX
  5
781
  8
Layer_0
  10
489.33823
  20
495.66368
  0
VERTEX
  5
782
  8
Layer_0
  10
489.33887
  20
495.66431
  0
VERTEX
  5
783
  8
Layer_0
  10
489.33948
  20
495.66495
  0
VERTEX
  5
784
  8
Layer_0
  10
489.34012
  20
495.66559
  0
VERTEX
  5
785
  8
Layer_0
  10
489.34076
  20
495.66621
  0
VERTEX
  5
786
  8
Layer_0
  10
489.3414
  20
495.66685
  0
VERTEX
  5
787
  8
Layer_0
  10
489.34204
  20
495.66749
  42
2.6290729e-05
  0
VERTEX
  5
788
  8
Layer_0
  10
489.34711
  20
495.67509
  42
-0.00075033697
  0
VERTEX
  5
789
  8
Layer_0
  10
489.34964
  20
495.67889
  0
VERTEX
  5
78a
  8
Layer_0
  10
489.35089
  20
495.68079
  42
-0.0017197489
  0
VERTEX
  5
78b
  8
Layer_0
  10
489.35471
  20
495.68649
  0
VERTEX
  5
78c
  8
Layer_0
  10
489.35599
  20
495.6884
  0
VERTEX
  5
78d
  8
Layer_0
  10
489.35724
  20
495.6903
  0
VERTEX
  5
78e
  8
Layer_0
  10
489.35852
  20
495.69093
  0
VERTEX
  5
78f
  8
Layer_0
  10
489.35977
  20
495.69157
  42
-0.00017526434
  0
VERTEX
  5
790
  8
Layer_0
  10
489.3623
  20
495.69283
  0
VERTEX
  5
791
  8
Layer_0
  10
489.36359
  20
495.69347
  0
VERTEX
  5
792
  8
Layer_0
  10
489.36485
  20
495.6941
  0
VERTEX
  5
793
  8
Layer_0
  10
489.36611
  20
495.69474
  0
VERTEX
  5
794
  8
Layer_0
  10
489.36737
  20
495.69537
  0
VERTEX
  5
795
  8
Layer_0
  10
489.36865
  20
495.696
  42
-0.0014892718
  0
VERTEX
  5
796
  8
Layer_0
  10
489.37244
  20
495.69791
  0
VERTEX
  5
797
  8
Layer_0
  10
489.37403
  20
495.70107
  0
VERTEX
  5
798
  8
Layer_0
  10
489.37562
  20
495.70424
  0
VERTEX
  5
799
  8
Layer_0
  10
489.37657
  20
495.70615
  0
VERTEX
  5
79a
  8
Layer_0
  10
489.37752
  20
495.70805
  0
VERTEX
  5
79b
  8
Layer_0
  10
489.37817
  20
495.7093
  0
VERTEX
  5
79c
  8
Layer_0
  10
489.37878
  20
495.71058
  0
VERTEX
  5
79d
  8
Layer_0
  10
489.37943
  20
495.71185
  0
VERTEX
  5
79e
  8
Layer_0
  10
489.38007
  20
495.71312
  0
VERTEX
  5
79f
  8
Layer_0
  10
489.38132
  20
495.71439
  0
VERTEX
  5
7a0
  8
Layer_0
  10
489.3826
  20
495.71565
  0
VERTEX
  5
7a1
  8
Layer_0
  10
489.38385
  20
495.71692
  0
VERTEX
  5
7a2
  8
Layer_0
  10
489.38513
  20
495.71819
  0
VERTEX
  5
7a3
  8
Layer_0
  10
489.38638
  20
495.71945
  0
VERTEX
  5
7a4
  8
Layer_0
  10
489.38766
  20
495.72072
  0
VERTEX
  5
7a5
  8
Layer_0
  10
489.38892
  20
495.72199
  0
VERTEX
  5
7a6
  8
Layer_0
  10
489.3902
  20
495.72326
  0
VERTEX
  5
7a7
  8
Layer_0
  10
489.39145
  20
495.72453
  0
VERTEX
  5
7a8
  8
Layer_0
  10
489.39273
  20
495.72579
  0
VERTEX
  5
7a9
  8
Layer_0
  10
489.39398
  20
495.72706
  0
VERTEX
  5
7aa
  8
Layer_0
  10
489.39526
  20
495.72833
  0
VERTEX
  5
7ab
  8
Layer_0
  10
489.3959
  20
495.72896
  0
VERTEX
  5
7ac
  8
Layer_0
  10
489.39655
  20
495.7296
  0
VERTEX
  5
7ad
  8
Layer_0
  10
489.39716
  20
495.73022
  0
VERTEX
  5
7ae
  8
Layer_0
  10
489.3978
  20
495.73087
  0
VERTEX
  5
7af
  8
Layer_0
  10
489.39844
  20
495.7315
  0
VERTEX
  5
7b0
  8
Layer_0
  10
489.39908
  20
495.73213
  0
VERTEX
  5
7b1
  8
Layer_0
  10
489.39969
  20
495.73277
  0
VERTEX
  5
7b2
  8
Layer_0
  10
489.40033
  20
495.7334
  0
VERTEX
  5
7b3
  8
Layer_0
  10
489.40097
  20
495.73403
  0
VERTEX
  5
7b4
  8
Layer_0
  10
489.40161
  20
495.73466
  0
VERTEX
  5
7b5
  8
Layer_0
  10
489.40222
  20
495.7353
  0
VERTEX
  5
7b6
  8
Layer_0
  10
489.40286
  20
495.73593
  0
VERTEX
  5
7b7
  8
Layer_0
  10
489.4035
  20
495.73657
  0
VERTEX
  5
7b8
  8
Layer_0
  10
489.40414
  20
495.7372
  0
VERTEX
  5
7b9
  8
Layer_0
  10
489.40479
  20
495.73784
  0
VERTEX
  5
7ba
  8
Layer_0
  10
489.4054
  20
495.73846
  0
VERTEX
  5
7bb
  8
Layer_0
  10
489.40604
  20
495.73911
  0
VERTEX
  5
7bc
  8
Layer_0
  10
489.40668
  20
495.73973
  0
VERTEX
  5
7bd
  8
Layer_0
  10
489.40732
  20
495.74037
  0
VERTEX
  5
7be
  8
Layer_0
  10
489.40793
  20
495.741
  0
VERTEX
  5
7bf
  8
Layer_0
  10
489.40857
  20
495.74164
  0
VERTEX
  5
7c0
  8
Layer_0
  10
489.40921
  20
495.74227
  0
VERTEX
  5
7c1
  8
Layer_0
  10
489.40985
  20
495.7429
  0
VERTEX
  5
7c2
  8
Layer_0
  10
489.41046
  20
495.74354
  0
VERTEX
  5
7c3
  8
Layer_0
  10
489.41174
  20
495.74354
  0
VERTEX
  5
7c4
  8
Layer_0
  10
489.41302
  20
495.74353
  0
VERTEX
  5
7c5
  8
Layer_0
  10
489.41428
  20
495.74353
  42
-0.48748131
  0
VERTEX
  5
7c6
  8
Layer_0
  10
489.41681
  20
495.74353
  0
VERTEX
  5
7c7
  8
Layer_0
  10
489.41809
  20
495.74354
  0
VERTEX
  5
7c8
  8
Layer_0
  10
489.41935
  20
495.74353
  0
VERTEX
  5
7c9
  8
Layer_0
  10
489.42062
  20
495.74354
  0
VERTEX
  5
7ca
  8
Layer_0
  10
489.42188
  20
495.74353
  0
VERTEX
  5
7cb
  8
Layer_0
  10
489.42316
  20
495.74353
  0
VERTEX
  5
7cc
  8
Layer_0
  10
489.42442
  20
495.74353
  0
VERTEX
  5
7cd
  8
Layer_0
  10
489.42569
  20
495.74354
  0
VERTEX
  5
7ce
  8
Layer_0
  10
489.42633
  20
495.74417
  0
VERTEX
  5
7cf
  8
Layer_0
  10
489.42694
  20
495.7448
  0
VERTEX
  5
7d0
  8
Layer_0
  10
489.42758
  20
495.74544
  0
VERTEX
  5
7d1
  8
Layer_0
  10
489.42822
  20
495.74607
  0
VERTEX
  5
7d2
  8
Layer_0
  10
489.42886
  20
495.7467
  0
VERTEX
  5
7d3
  8
Layer_0
  10
489.4295
  20
495.74734
  0
VERTEX
  5
7d4
  8
Layer_0
  10
489.43011
  20
495.74797
  0
VERTEX
  5
7d5
  8
Layer_0
  10
489.43076
  20
495.74861
  0
VERTEX
  5
7d6
  8
Layer_0
  10
489.4314
  20
495.74924
  0
VERTEX
  5
7d7
  8
Layer_0
  10
489.43204
  20
495.74988
  0
VERTEX
  5
7d8
  8
Layer_0
  10
489.43265
  20
495.75051
  0
VERTEX
  5
7d9
  8
Layer_0
  10
489.43329
  20
495.75114
  0
VERTEX
  5
7da
  8
Layer_0
  10
489.43457
  20
495.75177
  0
VERTEX
  5
7db
  8
Layer_0
  10
489.43582
  20
495.75241
  0
VERTEX
  5
7dc
  8
Layer_0
  10
489.4371
  20
495.75304
  0
VERTEX
  5
7dd
  8
Layer_0
  10
489.43835
  20
495.75368
  42
-0.00052023071
  0
VERTEX
  5
7de
  8
Layer_0
  10
489.44724
  20
495.75812
  0
VERTEX
  5
7df
  8
Layer_0
  10
489.44849
  20
495.75874
  0
VERTEX
  5
7e0
  8
Layer_0
  10
489.45041
  20
495.75875
  0
VERTEX
  5
7e1
  8
Layer_0
  10
489.45231
  20
495.75875
  42
0.027674284
  0
VERTEX
  5
7e2
  8
Layer_0
  10
489.45483
  20
495.75874
  0
VERTEX
  5
7e3
  8
Layer_0
  10
489.45674
  20
495.75875
  0
VERTEX
  5
7e4
  8
Layer_0
  10
489.45865
  20
495.75874
  42
-0.00078366303
  0
VERTEX
  5
7e5
  8
Layer_0
  10
489.46118
  20
495.75874
  0
VERTEX
  5
7e6
  8
Layer_0
  10
489.46245
  20
495.75874
  0
VERTEX
  5
7e7
  8
Layer_0
  10
489.46372
  20
495.75874
  0
VERTEX
  5
7e8
  8
Layer_0
  10
489.46436
  20
495.75938
  0
VERTEX
  5
7e9
  8
Layer_0
  10
489.465
  20
495.76001
  0
VERTEX
  5
7ea
  8
Layer_0
  10
489.46561
  20
495.76064
  0
VERTEX
  5
7eb
  8
Layer_0
  10
489.46625
  20
495.76128
  0
VERTEX
  5
7ec
  8
Layer_0
  10
489.46689
  20
495.76191
  0
VERTEX
  5
7ed
  8
Layer_0
  10
489.46753
  20
495.76254
  0
VERTEX
  5
7ee
  8
Layer_0
  10
489.46814
  20
495.76318
  0
VERTEX
  5
7ef
  8
Layer_0
  10
489.46878
  20
495.76381
  0
VERTEX
  5
7f0
  8
Layer_0
  10
489.46942
  20
495.76445
  0
VERTEX
  5
7f1
  8
Layer_0
  10
489.47006
  20
495.76508
  0
VERTEX
  5
7f2
  8
Layer_0
  10
489.4707
  20
495.76572
  0
VERTEX
  5
7f3
  8
Layer_0
  10
489.47131
  20
495.76635
  42
-0.00016470491
  0
VERTEX
  5
7f4
  8
Layer_0
  10
489.49667
  20
495.78916
  42
-0.00019025261
  0
VERTEX
  5
7f5
  8
Layer_0
  10
489.52203
  20
495.81198
  42
-0.00017764194
  0
VERTEX
  5
7f6
  8
Layer_0
  10
489.54736
  20
495.83479
  0
VERTEX
  5
7f7
  8
Layer_0
  10
489.54865
  20
495.8367
  0
VERTEX
  5
7f8
  8
Layer_0
  10
489.5499
  20
495.8386
  42
-0.0025167277
  0
VERTEX
  5
7f9
  8
Layer_0
  10
489.55243
  20
495.8424
  0
VERTEX
  5
7fa
  8
Layer_0
  10
489.55371
  20
495.8443
  0
VERTEX
  5
7fb
  8
Layer_0
  10
489.55496
  20
495.84621
  0
VERTEX
  5
7fc
  8
Layer_0
  10
489.55814
  20
495.85096
  0
VERTEX
  5
7fd
  8
Layer_0
  10
489.56131
  20
495.85571
  0
VERTEX
  5
7fe
  8
Layer_0
  10
489.56259
  20
495.8576
  0
VERTEX
  5
7ff
  8
Layer_0
  10
489.56323
  20
495.85825
  0
VERTEX
  5
800
  8
Layer_0
  10
489.56384
  20
495.85888
  0
VERTEX
  5
801
  8
Layer_0
  10
489.56448
  20
495.85951
  0
VERTEX
  5
802
  8
Layer_0
  10
489.56512
  20
495.86015
  0
VERTEX
  5
803
  8
Layer_0
  10
489.56577
  20
495.86078
  0
VERTEX
  5
804
  8
Layer_0
  10
489.56641
  20
495.86141
  0
VERTEX
  5
805
  8
Layer_0
  10
489.56702
  20
495.86205
  0
VERTEX
  5
806
  8
Layer_0
  10
489.56766
  20
495.86268
  0
VERTEX
  5
807
  8
Layer_0
  10
489.5683
  20
495.86331
  0
VERTEX
  5
808
  8
Layer_0
  10
489.56891
  20
495.86395
  0
VERTEX
  5
809
  8
Layer_0
  10
489.56955
  20
495.86458
  0
VERTEX
  5
80a
  8
Layer_0
  10
489.57019
  20
495.86522
  42
-0.0031012115
  0
VERTEX
  5
80b
  8
Layer_0
  10
489.57526
  20
495.86775
  42
-0.092056197
  0
VERTEX
  5
80c
  8
Layer_0
  10
489.5816
  20
495.87093
  0
VERTEX
  5
80d
  8
Layer_0
  10
489.58286
  20
495.87155
  0
VERTEX
  5
80e
  8
Layer_0
  10
489.58414
  20
495.87219
  0
VERTEX
  5
80f
  8
Layer_0
  10
489.58539
  20
495.87282
  0
VERTEX
  5
810
  8
Layer_0
  10
489.58856
  20
495.87599
  0
VERTEX
  5
811
  8
Layer_0
  10
489.59174
  20
495.87916
  0
VERTEX
  5
812
  8
Layer_0
  10
489.59491
  20
495.88232
  0
VERTEX
  5
813
  8
Layer_0
  10
489.59808
  20
495.8855
  0
VERTEX
  5
814
  8
Layer_0
  10
489.60126
  20
495.88866
  0
VERTEX
  5
815
  8
Layer_0
  10
489.60443
  20
495.89183
  0
VERTEX
  5
816
  8
Layer_0
  10
489.60757
  20
495.895
  0
VERTEX
  5
817
  8
Layer_0
  10
489.61075
  20
495.89817
  0
VERTEX
  5
818
  8
Layer_0
  10
489.61392
  20
495.90134
  0
VERTEX
  5
819
  8
Layer_0
  10
489.6171
  20
495.90451
  0
VERTEX
  5
81a
  8
Layer_0
  10
489.62027
  20
495.90768
  0
VERTEX
  5
81b
  8
Layer_0
  10
489.62341
  20
495.91084
  42
-0.00020489511
  0
VERTEX
  5
81c
  8
Layer_0
  10
489.63864
  20
495.92987
  0
VERTEX
  5
81d
  8
Layer_0
  10
489.64117
  20
495.93303
  0
VERTEX
  5
81e
  8
Layer_0
  10
489.64371
  20
495.9362
  0
VERTEX
  5
81f
  8
Layer_0
  10
489.64625
  20
495.93938
  0
VERTEX
  5
820
  8
Layer_0
  10
489.64877
  20
495.94254
  42
-0.0028632126
  0
VERTEX
  5
821
  8
Layer_0
  10
489.65384
  20
495.94887
  0
VERTEX
  5
822
  8
Layer_0
  10
489.65701
  20
495.95204
  0
VERTEX
  5
823
  8
Layer_0
  10
489.66019
  20
495.95521
  0
VERTEX
  5
824
  8
Layer_0
  10
489.66336
  20
495.95838
  0
VERTEX
  5
825
  8
Layer_0
  10
489.66653
  20
495.96155
  0
VERTEX
  5
826
  8
Layer_0
  10
489.66968
  20
495.96472
  0
VERTEX
  5
827
  8
Layer_0
  10
489.67285
  20
495.96789
  0
VERTEX
  5
828
  8
Layer_0
  10
489.67603
  20
495.97105
  0
VERTEX
  5
829
  8
Layer_0
  10
489.6792
  20
495.97423
  0
VERTEX
  5
82a
  8
Layer_0
  10
489.68237
  20
495.97739
  0
VERTEX
  5
82b
  8
Layer_0
  10
489.68555
  20
495.98056
  0
VERTEX
  5
82c
  8
Layer_0
  10
489.68872
  20
495.98373
  0
VERTEX
  5
82d
  8
Layer_0
  10
489.69186
  20
495.9869
  0
VERTEX
  5
82e
  8
Layer_0
  10
489.69504
  20
495.99007
  0
VERTEX
  5
82f
  8
Layer_0
  10
489.69821
  20
495.99324
  0
VERTEX
  5
830
  8
Layer_0
  10
489.70139
  20
495.99641
  0
VERTEX
  5
831
  8
Layer_0
  10
489.70456
  20
495.99957
  0
VERTEX
  5
832
  8
Layer_0
  10
489.70773
  20
496.00275
  0
VERTEX
  5
833
  8
Layer_0
  10
489.71088
  20
496.00591
  0
VERTEX
  5
834
  8
Layer_0
  10
489.71405
  20
496.00908
  0
VERTEX
  5
835
  8
Layer_0
  10
489.71722
  20
496.01225
  0
VERTEX
  5
836
  8
Layer_0
  10
489.7204
  20
496.01542
  0
VERTEX
  5
837
  8
Layer_0
  10
489.72357
  20
496.01859
  0
VERTEX
  5
838
  8
Layer_0
  10
489.72675
  20
496.02176
  0
VERTEX
  5
839
  8
Layer_0
  10
489.72989
  20
496.02493
  0
VERTEX
  5
83a
  8
Layer_0
  10
489.73117
  20
496.02619
  0
VERTEX
  5
83b
  8
Layer_0
  10
489.73242
  20
496.02746
  0
VERTEX
  5
83c
  8
Layer_0
  10
489.7337
  20
496.02873
  0
VERTEX
  5
83d
  8
Layer_0
  10
489.73499
  20
496.03
  0
VERTEX
  5
83e
  8
Layer_0
  10
489.73624
  20
496.03127
  0
VERTEX
  5
83f
  8
Layer_0
  10
489.73752
  20
496.03253
  0
VERTEX
  5
840
  8
Layer_0
  10
489.73877
  20
496.0338
  0
VERTEX
  5
841
  8
Layer_0
  10
489.74005
  20
496.03506
  0
VERTEX
  5
842
  8
Layer_0
  10
489.7413
  20
496.03633
  0
VERTEX
  5
843
  8
Layer_0
  10
489.74258
  20
496.0376
  0
VERTEX
  5
844
  8
Layer_0
  10
489.74384
  20
496.03886
  0
VERTEX
  5
845
  8
Layer_0
  10
489.74512
  20
496.04014
  0
VERTEX
  5
846
  8
Layer_0
  10
489.74701
  20
496.04204
  0
VERTEX
  5
847
  8
Layer_0
  10
489.7489
  20
496.04394
  0
VERTEX
  5
848
  8
Layer_0
  10
489.75082
  20
496.04584
  0
VERTEX
  5
849
  8
Layer_0
  10
489.75272
  20
496.04774
  0
VERTEX
  5
84a
  8
Layer_0
  10
489.75461
  20
496.04964
  0
VERTEX
  5
84b
  8
Layer_0
  10
489.75653
  20
496.05154
  0
VERTEX
  5
84c
  8
Layer_0
  10
489.75842
  20
496.05344
  0
VERTEX
  5
84d
  8
Layer_0
  10
489.76031
  20
496.05534
  0
VERTEX
  5
84e
  8
Layer_0
  10
489.76221
  20
496.05725
  0
VERTEX
  5
84f
  8
Layer_0
  10
489.76413
  20
496.05915
  0
VERTEX
  5
850
  8
Layer_0
  10
489.76602
  20
496.06105
  0
VERTEX
  5
851
  8
Layer_0
  10
489.76791
  20
496.06295
  0
VERTEX
  5
852
  8
Layer_0
  10
489.77045
  20
496.06549
  0
VERTEX
  5
853
  8
Layer_0
  10
489.77301
  20
496.06802
  0
VERTEX
  5
854
  8
Layer_0
  10
489.77554
  20
496.07056
  0
VERTEX
  5
855
  8
Layer_0
  10
489.77808
  20
496.07309
  0
VERTEX
  5
856
  8
Layer_0
  10
489.78061
  20
496.07562
  0
VERTEX
  5
857
  8
Layer_0
  10
489.78314
  20
496.07816
  0
VERTEX
  5
858
  8
Layer_0
  10
489.78568
  20
496.0807
  0
VERTEX
  5
859
  8
Layer_0
  10
489.78821
  20
496.08324
  0
VERTEX
  5
85a
  8
Layer_0
  10
489.79074
  20
496.08577
  0
VERTEX
  5
85b
  8
Layer_0
  10
489.79327
  20
496.0883
  0
VERTEX
  5
85c
  8
Layer_0
  10
489.79581
  20
496.09084
  0
VERTEX
  5
85d
  8
Layer_0
  10
489.79834
  20
496.09337
  0
VERTEX
  5
85e
  8
Layer_0
  10
489.80151
  20
496.09654
  0
VERTEX
  5
85f
  8
Layer_0
  10
489.80469
  20
496.09971
  0
VERTEX
  5
860
  8
Layer_0
  10
489.80786
  20
496.10287
  0
VERTEX
  5
861
  8
Layer_0
  10
489.81104
  20
496.10605
  0
VERTEX
  5
862
  8
Layer_0
  10
489.81421
  20
496.10921
  0
VERTEX
  5
863
  8
Layer_0
  10
489.81735
  20
496.11238
  0
VERTEX
  5
864
  8
Layer_0
  10
489.82053
  20
496.11555
  0
VERTEX
  5
865
  8
Layer_0
  10
489.8237
  20
496.11873
  0
VERTEX
  5
866
  8
Layer_0
  10
489.82687
  20
496.12189
  0
VERTEX
  5
867
  8
Layer_0
  10
489.83005
  20
496.12506
  0
VERTEX
  5
868
  8
Layer_0
  10
489.83319
  20
496.12823
  0
VERTEX
  5
869
  8
Layer_0
  10
489.83636
  20
496.13139
  0
VERTEX
  5
86a
  8
Layer_0
  10
489.85413
  20
496.15168
  0
VERTEX
  5
86b
  8
Layer_0
  10
489.87186
  20
496.17197
  0
VERTEX
  5
86c
  8
Layer_0
  10
489.88962
  20
496.19225
  0
VERTEX
  5
86d
  8
Layer_0
  10
489.90735
  20
496.21252
  0
VERTEX
  5
86e
  8
Layer_0
  10
489.92511
  20
496.2328
  0
VERTEX
  5
86f
  8
Layer_0
  10
489.94284
  20
496.25308
  0
VERTEX
  5
870
  8
Layer_0
  10
489.9606
  20
496.27337
  0
VERTEX
  5
871
  8
Layer_0
  10
489.97833
  20
496.29365
  0
VERTEX
  5
872
  8
Layer_0
  10
489.99609
  20
496.31393
  0
VERTEX
  5
873
  8
Layer_0
  10
490.01382
  20
496.33421
  0
VERTEX
  5
874
  8
Layer_0
  10
490.03159
  20
496.35449
  0
VERTEX
  5
875
  8
Layer_0
  10
490.04932
  20
496.37477
  0
VERTEX
  5
876
  8
Layer_0
  10
490.05884
  20
496.37477
  0
VERTEX
  5
877
  8
Layer_0
  10
490.06833
  20
496.37477
  42
-7.3898906e-05
  0
VERTEX
  5
878
  8
Layer_0
  10
490.08734
  20
496.37476
  0
VERTEX
  5
879
  8
Layer_0
  10
490.09686
  20
496.37477
  0
VERTEX
  5
87a
  8
Layer_0
  10
490.10635
  20
496.37477
  0
VERTEX
  5
87b
  8
Layer_0
  10
490.11588
  20
496.37477
  0
VERTEX
  5
87c
  8
Layer_0
  10
490.12537
  20
496.37477
  0
VERTEX
  5
87d
  8
Layer_0
  10
490.13489
  20
496.37477
  0
VERTEX
  5
87e
  8
Layer_0
  10
490.14438
  20
496.37477
  0
VERTEX
  5
87f
  8
Layer_0
  10
490.1539
  20
496.37477
  0
VERTEX
  5
880
  8
Layer_0
  10
490.16339
  20
496.37477
  0
VERTEX
  5
881
  8
Layer_0
  10
490.17734
  20
496.35892
  42
0.021609426
  0
VERTEX
  5
882
  8
Layer_0
  10
490.20523
  20
496.32724
  0
VERTEX
  5
883
  8
Layer_0
  10
490.21918
  20
496.31139
  0
VERTEX
  5
884
  8
Layer_0
  10
490.23312
  20
496.29555
  42
0.020383893
  0
VERTEX
  5
885
  8
Layer_0
  10
490.26099
  20
496.26386
  0
VERTEX
  5
886
  8
Layer_0
  10
490.27493
  20
496.24802
  42
-0.0065775239
  0
VERTEX
  5
887
  8
Layer_0
  10
490.30283
  20
496.21633
  0
VERTEX
  5
888
  8
Layer_0
  10
490.31677
  20
496.20049
  0
VERTEX
  5
889
  8
Layer_0
  10
490.33072
  20
496.18464
  42
-0.0022684495
  0
VERTEX
  5
88a
  8
Layer_0
  10
490.33072
  20
496.18337
  0
VERTEX
  5
88b
  8
Layer_0
  10
490.33072
  20
496.18274
  0
VERTEX
  5
88c
  8
Layer_0
  10
490.33072
  20
496.1821
  42
-0.48785191
  0
VERTEX
  5
88d
  8
Layer_0
  10
490.33072
  20
496.17957
  42
0.0024009416
  0
VERTEX
  5
88e
  8
Layer_0
  10
490.33072
  20
496.17703
  0
VERTEX
  5
88f
  8
Layer_0
  10
490.31235
  20
496.15549
  0
VERTEX
  5
890
  8
Layer_0
  10
490.29395
  20
496.13394
  0
VERTEX
  5
891
  8
Layer_0
  10
490.27557
  20
496.11239
  0
VERTEX
  5
892
  8
Layer_0
  10
490.2572
  20
496.09084
  0
VERTEX
  5
893
  8
Layer_0
  10
490.23883
  20
496.06929
  0
VERTEX
  5
894
  8
Layer_0
  10
490.22043
  20
496.04774
  0
VERTEX
  5
895
  8
Layer_0
  10
490.20206
  20
496.0262
  0
VERTEX
  5
896
  8
Layer_0
  10
490.18369
  20
496.00465
  0
VERTEX
  5
897
  8
Layer_0
  10
490.16528
  20
495.9831
  0
VERTEX
  5
898
  8
Layer_0
  10
490.14691
  20
495.96155
  0
VERTEX
  5
899
  8
Layer_0
  10
490.12854
  20
495.94001
  0
VERTEX
  5
89a
  8
Layer_0
  10
490.11017
  20
495.91846
  0
VERTEX
  5
89b
  8
Layer_0
  10
490.1051
  20
495.91212
  0
VERTEX
  5
89c
  8
Layer_0
  10
490.10001
  20
495.90578
  0
VERTEX
  5
89d
  8
Layer_0
  10
490.09494
  20
495.89944
  0
VERTEX
  5
89e
  8
Layer_0
  10
490.08987
  20
495.8931
  0
VERTEX
  5
89f
  8
Layer_0
  10
490.08481
  20
495.88676
  0
VERTEX
  5
8a0
  8
Layer_0
  10
490.07974
  20
495.88043
  0
VERTEX
  5
8a1
  8
Layer_0
  10
490.07468
  20
495.87408
  0
VERTEX
  5
8a2
  8
Layer_0
  10
490.06958
  20
495.86775
  42
0.00038669314
  0
VERTEX
  5
8a3
  8
Layer_0
  10
490.05945
  20
495.85508
  42
0.00073276603
  0
VERTEX
  5
8a4
  8
Layer_0
  10
490.04932
  20
495.84241
  42
0.020285222
  0
VERTEX
  5
8a5
  8
Layer_0
  10
490.03918
  20
495.82973
  42
0.00068563689
  0
VERTEX
  5
8a6
  8
Layer_0
  10
490.02905
  20
495.81705
  42
2.0414731e-05
  0
VERTEX
  5
8a7
  8
Layer_0
  10
490.01889
  20
495.80437
  42
0.02095262
  0
VERTEX
  5
8a8
  8
Layer_0
  10
490.00876
  20
495.7917
  42
0.00036033939
  0
VERTEX
  5
8a9
  8
Layer_0
  10
489.99863
  20
495.77902
  42
1.0226104e-05
  0
VERTEX
  5
8aa
  8
Layer_0
  10
489.98846
  20
495.76635
  42
0.00060450542
  0
VERTEX
  5
8ab
  8
Layer_0
  10
489.96567
  20
495.741
  42
0.00015976728
  0
VERTEX
  5
8ac
  8
Layer_0
  10
489.94284
  20
495.71564
  42
0.00046624694
  0
VERTEX
  5
8ad
  8
Layer_0
  10
489.92572
  20
495.69663
  0
VERTEX
  5
8ae
  8
Layer_0
  10
489.92001
  20
495.6903
  0
VERTEX
  5
8af
  8
Layer_0
  10
489.91495
  20
495.68333
  0
VERTEX
  5
8b0
  8
Layer_0
  10
489.90988
  20
495.67636
  0
VERTEX
  5
8b1
  8
Layer_0
  10
489.90482
  20
495.66939
  42
0.00036763189
  0
VERTEX
  5
8b2
  8
Layer_0
  10
489.89468
  20
495.65544
  0
VERTEX
  5
8b3
  8
Layer_0
  10
489.88962
  20
495.64847
  0
VERTEX
  5
8b4
  8
Layer_0
  10
489.88452
  20
495.64149
  0
VERTEX
  5
8b5
  8
Layer_0
  10
489.87946
  20
495.63453
  42
1.5251182e-05
  0
VERTEX
  5
8b6
  8
Layer_0
  10
489.86932
  20
495.62058
  0
VERTEX
  5
8b7
  8
Layer_0
  10
489.86426
  20
495.61362
  0
VERTEX
  5
8b8
  8
Layer_0
  10
489.85919
  20
495.60664
  0
VERTEX
  5
8b9
  8
Layer_0
  10
489.85349
  20
495.59967
  0
VERTEX
  5
8ba
  8
Layer_0
  10
489.84778
  20
495.5927
  0
VERTEX
  5
8bb
  8
Layer_0
  10
489.84207
  20
495.58572
  0
VERTEX
  5
8bc
  8
Layer_0
  10
489.83636
  20
495.57875
  42
0.00027999603
  0
VERTEX
  5
8bd
  8
Layer_0
  10
489.82495
  20
495.56481
  42
0.029435869
  0
VERTEX
  5
8be
  8
Layer_0
  10
489.81357
  20
495.55087
  42
0.00025976607
  0
VERTEX
  5
8bf
  8
Layer_0
  10
489.80215
  20
495.53693
  42
0.0002736562
  0
VERTEX
  5
8c0
  8
Layer_0
  10
489.79074
  20
495.52298
  0
VERTEX
  5
8c1
  8
Layer_0
  10
489.79074
  20
495.52235
  0
VERTEX
  5
8c2
  8
Layer_0
  10
489.79074
  20
495.52172
  0
VERTEX
  5
8c3
  8
Layer_0
  10
489.79074
  20
495.52108
  0
VERTEX
  5
8c4
  8
Layer_0
  10
489.79074
  20
495.52045
  42
0.0010859792
  0
VERTEX
  5
8c5
  8
Layer_0
  10
489.79074
  20
495.51855
  42
0.0031816419
  0
VERTEX
  5
8c6
  8
Layer_0
  10
489.79074
  20
495.51665
  0
VERTEX
  5
8c7
  8
Layer_0
  10
489.79074
  20
495.51601
  0
VERTEX
  5
8c8
  8
Layer_0
  10
489.79074
  20
495.51538
  0
VERTEX
  5
8c9
  8
Layer_0
  10
489.79074
  20
495.51348
  0
VERTEX
  5
8ca
  8
Layer_0
  10
489.79074
  20
495.51158
  42
0.0027971117
  0
VERTEX
  5
8cb
  8
Layer_0
  10
489.79074
  20
495.50904
  0
VERTEX
  5
8cc
  8
Layer_0
  10
489.79074
  20
495.50777
  0
VERTEX
  5
8cd
  8
Layer_0
  10
489.79074
  20
495.50651
  42
-0.00064935074
  0
VERTEX
  5
8ce
  8
Layer_0
  10
489.79074
  20
495.50271
  42
0.0027956363
  0
VERTEX
  5
8cf
  8
Layer_0
  10
489.79074
  20
495.50017
  0
VERTEX
  5
8d0
  8
Layer_0
  10
489.79074
  20
495.49953
  0
VERTEX
  5
8d1
  8
Layer_0
  10
489.79074
  20
495.4989
  42
0.0031708924
  0
VERTEX
  5
8d2
  8
Layer_0
  10
489.79074
  20
495.49637
  0
VERTEX
  5
8d3
  8
Layer_0
  10
489.79074
  20
495.49573
  0
VERTEX
  5
8d4
  8
Layer_0
  10
489.79074
  20
495.4951
  0
VERTEX
  5
8d5
  8
Layer_0
  10
489.79074
  20
495.49446
  42
-0.00052183225
  0
VERTEX
  5
8d6
  8
Layer_0
  10
489.79074
  20
495.49256
  0
VERTEX
  5
8d7
  8
Layer_0
  10
489.79074
  20
495.49193
  0
VERTEX
  5
8d8
  8
Layer_0
  10
489.79074
  20
495.49129
  0
VERTEX
  5
8d9
  8
Layer_0
  10
489.79074
  20
495.48971
  0
VERTEX
  5
8da
  8
Layer_0
  10
489.79074
  20
495.48813
  0
VERTEX
  5
8db
  8
Layer_0
  10
489.79074
  20
495.4875
  0
VERTEX
  5
8dc
  8
Layer_0
  10
489.79074
  20
495.48686
  42
0.0032052086
  0
VERTEX
  5
8dd
  8
Layer_0
  10
489.79074
  20
495.48495
  0
VERTEX
  5
8de
  8
Layer_0
  10
489.79074
  20
495.48369
  0
VERTEX
  5
8df
  8
Layer_0
  10
489.79074
  20
495.48242
  42
0.00016265292
  0
VERTEX
  5
8e0
  8
Layer_0
  10
489.79074
  20
495.47862
  0
VERTEX
  5
8e1
  8
Layer_0
  10
489.79074
  20
495.47736
  0
VERTEX
  5
8e2
  8
Layer_0
  10
489.79074
  20
495.47608
  0
VERTEX
  5
8e3
  8
Layer_0
  10
489.79074
  20
495.47482
  42
0.00016223146
  0
VERTEX
  5
8e4
  8
Layer_0
  10
489.79074
  20
495.47102
  0
VERTEX
  5
8e5
  8
Layer_0
  10
489.79074
  20
495.46974
  0
VERTEX
  5
8e6
  8
Layer_0
  10
489.7901
  20
495.46785
  0
VERTEX
  5
8e7
  8
Layer_0
  10
489.78949
  20
495.46594
  0
VERTEX
  5
8e8
  8
Layer_0
  10
489.78885
  20
495.46405
  0
VERTEX
  5
8e9
  8
Layer_0
  10
489.78821
  20
495.46214
  0
VERTEX
  5
8ea
  8
Layer_0
  10
489.78757
  20
495.46024
  0
VERTEX
  5
8eb
  8
Layer_0
  10
489.78693
  20
495.45834
  0
VERTEX
  5
8ec
  8
Layer_0
  10
489.78632
  20
495.45644
  0
VERTEX
  5
8ed
  8
Layer_0
  10
489.78568
  20
495.45454
  0
VERTEX
  5
8ee
  8
Layer_0
  10
489.78503
  20
495.45264
  0
VERTEX
  5
8ef
  8
Layer_0
  10
489.78439
  20
495.45073
  0
VERTEX
  5
8f0
  8
Layer_0
  10
489.78377
  20
495.44883
  0
VERTEX
  5
8f1
  8
Layer_0
  10
489.78314
  20
495.44693
  0
VERTEX
  5
8f2
  8
Layer_0
  10
489.78314
  20
495.44566
  0
VERTEX
  5
8f3
  8
Layer_0
  10
489.78314
  20
495.44439
  0
VERTEX
  5
8f4
  8
Layer_0
  10
489.78314
  20
495.44313
  0
VERTEX
  5
8f5
  8
Layer_0
  10
489.78314
  20
495.44186
  0
VERTEX
  5
8f6
  8
Layer_0
  10
489.78314
  20
495.4406
  0
VERTEX
  5
8f7
  8
Layer_0
  10
489.78314
  20
495.43932
  0
VERTEX
  5
8f8
  8
Layer_0
  10
489.78314
  20
495.43806
  0
VERTEX
  5
8f9
  8
Layer_0
  10
489.78314
  20
495.43679
  0
VERTEX
  5
8fa
  8
Layer_0
  10
489.78314
  20
495.43552
  0
VERTEX
  5
8fb
  8
Layer_0
  10
489.78314
  20
495.43426
  42
-0.00029655848
  0
VERTEX
  5
8fc
  8
Layer_0
  10
489.78314
  20
495.43172
  0
VERTEX
  5
8fd
  8
Layer_0
  10
489.7825
  20
495.43045
  0
VERTEX
  5
8fe
  8
Layer_0
  10
489.78186
  20
495.42918
  0
VERTEX
  5
8ff
  8
Layer_0
  10
489.78125
  20
495.42792
  0
VERTEX
  5
900
  8
Layer_0
  10
489.78061
  20
495.42665
  0
VERTEX
  5
901
  8
Layer_0
  10
489.77997
  20
495.42538
  0
VERTEX
  5
902
  8
Layer_0
  10
489.77933
  20
495.42411
  0
VERTEX
  5
903
  8
Layer_0
  10
489.77869
  20
495.42284
  42
-0.0054045419
  0
VERTEX
  5
904
  8
Layer_0
  10
489.77551
  20
495.41651
  0
VERTEX
  5
905
  8
Layer_0
  10
489.77553
  20
495.41524
  0
VERTEX
  5
906
  8
Layer_0
  10
489.77553
  20
495.41398
  0
VERTEX
  5
907
  8
Layer_0
  10
489.77554
  20
495.4127
  0
VERTEX
  5
908
  8
Layer_0
  10
489.77553
  20
495.41081
  0
VERTEX
  5
909
  8
Layer_0
  10
489.77553
  20
495.4089
  0
VERTEX
  5
90a
  8
Layer_0
  10
489.77554
  20
495.40764
  0
VERTEX
  5
90b
  8
Layer_0
  10
489.77554
  20
495.40637
  0
VERTEX
  5
90c
  8
Layer_0
  10
489.77553
  20
495.4051
  0
VERTEX
  5
90d
  8
Layer_0
  10
489.77553
  20
495.40384
  0
VERTEX
  5
90e
  8
Layer_0
  10
489.77554
  20
495.40257
  0
VERTEX
  5
90f
  8
Layer_0
  10
489.77551
  20
495.40131
  0
VERTEX
  5
910
  8
Layer_0
  10
489.7749
  20
495.40067
  0
VERTEX
  5
911
  8
Layer_0
  10
489.77426
  20
495.40003
  0
VERTEX
  5
912
  8
Layer_0
  10
489.77362
  20
495.3994
  0
VERTEX
  5
913
  8
Layer_0
  10
489.77298
  20
495.39877
  0
VERTEX
  5
914
  8
Layer_0
  10
489.77237
  20
495.39813
  0
VERTEX
  5
915
  8
Layer_0
  10
489.77173
  20
495.3975
  0
VERTEX
  5
916
  8
Layer_0
  10
489.77109
  20
495.39687
  0
VERTEX
  5
917
  8
Layer_0
  10
489.77045
  20
495.39623
  0
VERTEX
  5
918
  8
Layer_0
  10
489.76984
  20
495.3956
  0
VERTEX
  5
919
  8
Layer_0
  10
489.7692
  20
495.39496
  0
VERTEX
  5
91a
  8
Layer_0
  10
489.76855
  20
495.39433
  0
VERTEX
  5
91b
  8
Layer_0
  10
489.76791
  20
495.39369
  0
VERTEX
  5
91c
  8
Layer_0
  10
489.76791
  20
495.39306
  42
0.0036747606
  0
VERTEX
  5
91d
  8
Layer_0
  10
489.76791
  20
495.3918
  0
VERTEX
  5
91e
  8
Layer_0
  10
489.76791
  20
495.39116
  0
VERTEX
  5
91f
  8
Layer_0
  10
489.76792
  20
495.38989
  0
VERTEX
  5
920
  8
Layer_0
  10
489.76792
  20
495.38862
  0
VERTEX
  5
921
  8
Layer_0
  10
489.76791
  20
495.38799
  0
VERTEX
  5
922
  8
Layer_0
  10
489.76791
  20
495.38736
  0
VERTEX
  5
923
  8
Layer_0
  10
489.76791
  20
495.38673
  0
VERTEX
  5
924
  8
Layer_0
  10
489.76791
  20
495.38609
  0
VERTEX
  5
925
  8
Layer_0
  10
489.7673
  20
495.38545
  0
VERTEX
  5
926
  8
Layer_0
  10
489.76666
  20
495.38483
  0
VERTEX
  5
927
  8
Layer_0
  10
489.76602
  20
495.38419
  0
VERTEX
  5
928
  8
Layer_0
  10
489.76538
  20
495.38356
  0
VERTEX
  5
929
  8
Layer_0
  10
489.76477
  20
495.38292
  0
VERTEX
  5
92a
  8
Layer_0
  10
489.76413
  20
495.38229
  0
VERTEX
  5
92b
  8
Layer_0
  10
489.76349
  20
495.38165
  0
VERTEX
  5
92c
  8
Layer_0
  10
489.76285
  20
495.38102
  0
VERTEX
  5
92d
  8
Layer_0
  10
489.76221
  20
495.38039
  0
VERTEX
  5
92e
  8
Layer_0
  10
489.7616
  20
495.37975
  0
VERTEX
  5
92f
  8
Layer_0
  10
489.76096
  20
495.37912
  0
VERTEX
  5
930
  8
Layer_0
  10
489.76031
  20
495.37849
  0
VERTEX
  5
931
  8
Layer_0
  10
489.75967
  20
495.37659
  0
VERTEX
  5
932
  8
Layer_0
  10
489.75906
  20
495.37468
  0
VERTEX
  5
933
  8
Layer_0
  10
489.75842
  20
495.37278
  42
-0.41426193
  0
VERTEX
  5
934
  8
Layer_0
  10
489.75653
  20
495.36708
  0
VERTEX
  5
935
  8
Layer_0
  10
489.75589
  20
495.36517
  0
VERTEX
  5
936
  8
Layer_0
  10
489.75525
  20
495.36328
  0
VERTEX
  5
937
  8
Layer_0
  10
489.75461
  20
495.36137
  0
VERTEX
  5
938
  8
Layer_0
  10
489.75397
  20
495.35947
  0
VERTEX
  5
939
  8
Layer_0
  10
489.75336
  20
495.35757
  0
VERTEX
  5
93a
  8
Layer_0
  10
489.75272
  20
495.35567
  0
VERTEX
  5
93b
  8
Layer_0
  10
489.75208
  20
495.35377
  0
VERTEX
  5
93c
  8
Layer_0
  10
489.75146
  20
495.35186
  0
VERTEX
  5
93d
  8
Layer_0
  10
489.75082
  20
495.34996
  0
VERTEX
  5
93e
  8
Layer_0
  10
489.75018
  20
495.34807
  0
VERTEX
  5
93f
  8
Layer_0
  10
489.74954
  20
495.34616
  0
VERTEX
  5
940
  8
Layer_0
  10
489.74891
  20
495.34426
  0
VERTEX
  5
941
  8
Layer_0
  10
489.74828
  20
495.34236
  0
VERTEX
  5
942
  8
Layer_0
  10
489.74765
  20
495.34046
  0
VERTEX
  5
943
  8
Layer_0
  10
489.74701
  20
495.33855
  0
VERTEX
  5
944
  8
Layer_0
  10
489.74637
  20
495.33665
  0
VERTEX
  5
945
  8
Layer_0
  10
489.74576
  20
495.33475
  0
VERTEX
  5
946
  8
Layer_0
  10
489.74512
  20
495.33286
  0
VERTEX
  5
947
  8
Layer_0
  10
489.74448
  20
495.33095
  0
VERTEX
  5
948
  8
Layer_0
  10
489.74384
  20
495.32906
  0
VERTEX
  5
949
  8
Layer_0
  10
489.74319
  20
495.32715
  0
VERTEX
  5
94a
  8
Layer_0
  10
489.74258
  20
495.32525
  0
VERTEX
  5
94b
  8
Layer_0
  10
489.74194
  20
495.32334
  42
-0.2840717
  0
VERTEX
  5
94c
  8
Layer_0
  10
489.74005
  20
495.31764
  0
VERTEX
  5
94d
  8
Layer_0
  10
489.73941
  20
495.31573
  0
VERTEX
  5
94e
  8
Layer_0
  10
489.73877
  20
495.31384
  0
VERTEX
  5
94f
  8
Layer_0
  10
489.73813
  20
495.31194
  0
VERTEX
  5
950
  8
Layer_0
  10
489.73749
  20
495.31004
  0
VERTEX
  5
951
  8
Layer_0
  10
489.7356
  20
495.30719
  0
VERTEX
  5
952
  8
Layer_0
  10
489.7337
  20
495.30433
  42
-0.16229418
  0
VERTEX
  5
953
  8
Layer_0
  10
489.72989
  20
495.29863
  0
VERTEX
  5
954
  8
Layer_0
  10
489.72864
  20
495.29673
  0
VERTEX
  5
955
  8
Layer_0
  10
489.72736
  20
495.29483
  0
VERTEX
  5
956
  8
Layer_0
  10
489.7261
  20
495.29292
  0
VERTEX
  5
957
  8
Layer_0
  10
489.72482
  20
495.29102
  0
VERTEX
  5
958
  8
Layer_0
  10
489.72357
  20
495.28912
  0
VERTEX
  5
959
  8
Layer_0
  10
489.72229
  20
495.28722
  0
VERTEX
  5
95a
  8
Layer_0
  10
489.72229
  20
495.28595
  0
VERTEX
  5
95b
  8
Layer_0
  10
489.72229
  20
495.28468
  0
VERTEX
  5
95c
  8
Layer_0
  10
489.72229
  20
495.28342
  0
VERTEX
  5
95d
  8
Layer_0
  10
489.72229
  20
495.28215
  0
VERTEX
  5
95e
  8
Layer_0
  10
489.72229
  20
495.28088
  0
VERTEX
  5
95f
  8
Layer_0
  10
489.72229
  20
495.27962
  0
VERTEX
  5
960
  8
Layer_0
  10
489.72229
  20
495.27835
  0
VERTEX
  5
961
  8
Layer_0
  10
489.72229
  20
495.27708
  42
0.031090792
  0
VERTEX
  5
962
  8
Layer_0
  10
489.72229
  20
495.27455
  0
VERTEX
  5
963
  8
Layer_0
  10
489.72229
  20
495.27328
  0
VERTEX
  5
964
  8
Layer_0
  10
489.72229
  20
495.27202
  0
VERTEX
  5
965
  8
Layer_0
  10
489.72165
  20
495.27074
  0
VERTEX
  5
966
  8
Layer_0
  10
489.72071
  20
495.26884
  0
VERTEX
  5
967
  8
Layer_0
  10
489.71976
  20
495.26694
  0
VERTEX
  5
968
  8
Layer_0
  10
489.71912
  20
495.26567
  0
VERTEX
  5
969
  8
Layer_0
  10
489.71849
  20
495.2644
  0
VERTEX
  5
96a
  8
Layer_0
  10
489.71786
  20
495.26314
  0
VERTEX
  5
96b
  8
Layer_0
  10
489.71722
  20
495.26187
  0
VERTEX
  5
96c
  8
Layer_0
  10
489.71658
  20
495.2606
  42
-0.059874061
  0
VERTEX
  5
96d
  8
Layer_0
  10
489.71469
  20
495.25681
  0
VERTEX
  5
96e
  8
Layer_0
  10
489.71341
  20
495.2549
  0
VERTEX
  5
96f
  8
Layer_0
  10
489.71216
  20
495.253
  0
VERTEX
  5
970
  8
Layer_0
  10
489.71088
  20
495.2511
  0
VERTEX
  5
971
  8
Layer_0
  10
489.70963
  20
495.24919
  42
0.11644823
  0
VERTEX
  5
972
  8
Layer_0
  10
489.70709
  20
495.24539
  0
VERTEX
  5
973
  8
Layer_0
  10
489.70581
  20
495.24349
  0
VERTEX
  5
974
  8
Layer_0
  10
489.70456
  20
495.24159
  0
VERTEX
  5
975
  8
Layer_0
  10
489.70328
  20
495.23969
  42
-7.3270219e-05
  0
VERTEX
  5
976
  8
Layer_0
  10
489.70074
  20
495.23589
  0
VERTEX
  5
977
  8
Layer_0
  10
489.69946
  20
495.23398
  0
VERTEX
  5
978
  8
Layer_0
  10
489.69946
  20
495.23335
  0
VERTEX
  5
979
  8
Layer_0
  10
489.69946
  20
495.23271
  0
VERTEX
  5
97a
  8
Layer_0
  10
489.69946
  20
495.23209
  0
VERTEX
  5
97b
  8
Layer_0
  10
489.69946
  20
495.23145
  42
-0.28364305
  0
VERTEX
  5
97c
  8
Layer_0
  10
489.69946
  20
495.23018
  0
VERTEX
  5
97d
  8
Layer_0
  10
489.69946
  20
495.22955
  42
-0.76897789
  0
VERTEX
  5
97e
  8
Layer_0
  10
489.69946
  20
495.22765
  0
VERTEX
  5
97f
  8
Layer_0
  10
489.69946
  20
495.22701
  0
VERTEX
  5
980
  8
Layer_0
  10
489.69946
  20
495.22638
  0
VERTEX
  5
981
  8
Layer_0
  10
489.69885
  20
495.22574
  0
VERTEX
  5
982
  8
Layer_0
  10
489.69821
  20
495.22511
  0
VERTEX
  5
983
  8
Layer_0
  10
489.69757
  20
495.22447
  0
VERTEX
  5
984
  8
Layer_0
  10
489.69696
  20
495.22385
  0
VERTEX
  5
985
  8
Layer_0
  10
489.69632
  20
495.22321
  0
VERTEX
  5
986
  8
Layer_0
  10
489.69568
  20
495.22257
  0
VERTEX
  5
987
  8
Layer_0
  10
489.69504
  20
495.22194
  0
VERTEX
  5
988
  8
Layer_0
  10
489.6944
  20
495.22131
  0
VERTEX
  5
989
  8
Layer_0
  10
489.69379
  20
495.22067
  0
VERTEX
  5
98a
  8
Layer_0
  10
489.69315
  20
495.22004
  0
VERTEX
  5
98b
  8
Layer_0
  10
489.6925
  20
495.21941
  0
VERTEX
  5
98c
  8
Layer_0
  10
489.69186
  20
495.21877
  0
VERTEX
  5
98d
  8
Layer_0
  10
489.69125
  20
495.21814
  0
VERTEX
  5
98e
  8
Layer_0
  10
489.69061
  20
495.2175
  0
VERTEX
  5
98f
  8
Layer_0
  10
489.68997
  20
495.21687
  0
VERTEX
  5
990
  8
Layer_0
  10
489.68933
  20
495.21623
  0
VERTEX
  5
991
  8
Layer_0
  10
489.68872
  20
495.21561
  0
VERTEX
  5
992
  8
Layer_0
  10
489.68808
  20
495.21497
  0
VERTEX
  5
993
  8
Layer_0
  10
489.68744
  20
495.21433
  0
VERTEX
  5
994
  8
Layer_0
  10
489.6868
  20
495.2137
  0
VERTEX
  5
995
  8
Layer_0
  10
489.68616
  20
495.21307
  0
VERTEX
  5
996
  8
Layer_0
  10
489.68555
  20
495.21243
  0
VERTEX
  5
997
  8
Layer_0
  10
489.68491
  20
495.2118
  0
VERTEX
  5
998
  8
Layer_0
  10
489.68427
  20
495.21117
  42
-0.11645873
  0
VERTEX
  5
999
  8
Layer_0
  10
489.68427
  20
495.2061
  0
VERTEX
  5
99a
  8
Layer_0
  10
489.68427
  20
495.20483
  0
VERTEX
  5
99b
  8
Layer_0
  10
489.68427
  20
495.20357
  0
VERTEX
  5
99c
  8
Layer_0
  10
489.68427
  20
495.2023
  0
VERTEX
  5
99d
  8
Layer_0
  10
489.68427
  20
495.20103
  0
VERTEX
  5
99e
  8
Layer_0
  10
489.68427
  20
495.19976
  42
-0.11639372
  0
VERTEX
  5
99f
  8
Layer_0
  10
489.68427
  20
495.19723
  0
VERTEX
  5
9a0
  8
Layer_0
  10
489.68427
  20
495.19595
  0
VERTEX
  5
9a1
  8
Layer_0
  10
489.68427
  20
495.19469
  0
VERTEX
  5
9a2
  8
Layer_0
  10
489.68427
  20
495.19342
  0
VERTEX
  5
9a3
  8
Layer_0
  10
489.68427
  20
495.19215
  0
VERTEX
  5
9a4
  8
Layer_0
  10
489.68427
  20
495.19089
  0
VERTEX
  5
9a5
  8
Layer_0
  10
489.68427
  20
495.18962
  0
VERTEX
  5
9a6
  8
Layer_0
  10
489.68427
  20
495.18835
  0
VERTEX
  5
9a7
  8
Layer_0
  10
489.68427
  20
495.18709
  0
VERTEX
  5
9a8
  8
Layer_0
  10
489.68427
  20
495.18582
  42
0.28389243
  0
VERTEX
  5
9a9
  8
Layer_0
  10
489.68427
  20
495.18201
  0
VERTEX
  5
9aa
  8
Layer_0
  10
489.68427
  20
495.18075
  0
VERTEX
  5
9ab
  8
Layer_0
  10
489.68427
  20
495.18011
  42
-0.080581343
  0
VERTEX
  5
9ac
  8
Layer_0
  10
489.68427
  20
495.17821
  42
0.11647014
  0
VERTEX
  5
9ad
  8
Layer_0
  10
489.68427
  20
495.17694
  0
VERTEX
  5
9ae
  8
Layer_0
  10
489.68427
  20
495.17632
  0
VERTEX
  5
9af
  8
Layer_0
  10
489.68427
  20
495.17567
  0
VERTEX
  5
9b0
  8
Layer_0
  10
489.68427
  20
495.17505
  42
0.11629396
  0
VERTEX
  5
9b1
  8
Layer_0
  10
489.68427
  20
495.17314
  0
VERTEX
  5
9b2
  8
Layer_0
  10
489.68427
  20
495.17188
  0
VERTEX
  5
9b3
  8
Layer_0
  10
489.68427
  20
495.16997
  0
VERTEX
  5
9b4
  8
Layer_0
  10
489.68427
  20
495.16807
  0
VERTEX
  5
9b5
  8
Layer_0
  10
489.68427
  20
495.16681
  0
VERTEX
  5
9b6
  8
Layer_0
  10
489.68427
  20
495.16554
  0
VERTEX
  5
9b7
  8
Layer_0
  10
489.68427
  20
495.16428
  0
VERTEX
  5
9b8
  8
Layer_0
  10
489.68427
  20
495.163
  0
VERTEX
  5
9b9
  8
Layer_0
  10
489.68427
  20
495.16174
  0
VERTEX
  5
9ba
  8
Layer_0
  10
489.68427
  20
495.16046
  0
VERTEX
  5
9bb
  8
Layer_0
  10
489.68427
  20
495.15919
  0
VERTEX
  5
9bc
  8
Layer_0
  10
489.68427
  20
495.15793
  0
VERTEX
  5
9bd
  8
Layer_0
  10
489.68427
  20
495.1573
  42
0.2839023
  0
VERTEX
  5
9be
  8
Layer_0
  10
489.68427
  20
495.15604
  0
VERTEX
  5
9bf
  8
Layer_0
  10
489.68427
  20
495.1554
  0
VERTEX
  5
9c0
  8
Layer_0
  10
489.68427
  20
495.15477
  42
0.28426778
  0
VERTEX
  5
9c1
  8
Layer_0
  10
489.68427
  20
495.15286
  0
VERTEX
  5
9c2
  8
Layer_0
  10
489.68426
  20
495.15223
  0
VERTEX
  5
9c3
  8
Layer_0
  10
489.68427
  20
495.1516
  0
VERTEX
  5
9c4
  8
Layer_0
  10
489.68427
  20
495.15096
  0
VERTEX
  5
9c5
  8
Layer_0
  10
489.68427
  20
495.15033
  0
VERTEX
  5
9c6
  8
Layer_0
  10
489.68491
  20
495.14969
  0
VERTEX
  5
9c7
  8
Layer_0
  10
489.68555
  20
495.14906
  0
VERTEX
  5
9c8
  8
Layer_0
  10
489.68616
  20
495.14842
  0
VERTEX
  5
9c9
  8
Layer_0
  10
489.6868
  20
495.1478
  0
VERTEX
  5
9ca
  8
Layer_0
  10
489.68744
  20
495.14716
  0
VERTEX
  5
9cb
  8
Layer_0
  10
489.68808
  20
495.14652
  0
VERTEX
  5
9cc
  8
Layer_0
  10
489.68869
  20
495.14589
  0
VERTEX
  5
9cd
  8
Layer_0
  10
489.68933
  20
495.14526
  0
VERTEX
  5
9ce
  8
Layer_0
  10
489.68997
  20
495.14462
  0
VERTEX
  5
9cf
  8
Layer_0
  10
489.69061
  20
495.14399
  0
VERTEX
  5
9d0
  8
Layer_0
  10
489.69122
  20
495.14336
  0
VERTEX
  5
9d1
  8
Layer_0
  10
489.69186
  20
495.14272
  42
0.23605884
  0
VERTEX
  5
9d2
  8
Layer_0
  10
489.69379
  20
495.13892
  0
VERTEX
  5
9d3
  8
Layer_0
  10
489.6944
  20
495.13765
  0
VERTEX
  5
9d4
  8
Layer_0
  10
489.69504
  20
495.13638
  42
-0.049388294
  0
VERTEX
  5
9d5
  8
Layer_0
  10
489.69693
  20
495.13258
  42
-0.041313969
  0
VERTEX
  5
9d6
  8
Layer_0
  10
489.69885
  20
495.12878
  0
VERTEX
  5
9d7
  8
Layer_0
  10
489.69946
  20
495.12751
  0
VERTEX
  5
9d8
  8
Layer_0
  10
489.7001
  20
495.12688
  0
VERTEX
  5
9d9
  8
Layer_0
  10
489.70074
  20
495.12624
  0
VERTEX
  5
9da
  8
Layer_0
  10
489.70139
  20
495.12561
  0
VERTEX
  5
9db
  8
Layer_0
  10
489.70203
  20
495.12497
  0
VERTEX
  5
9dc
  8
Layer_0
  10
489.70264
  20
495.12434
  0
VERTEX
  5
9dd
  8
Layer_0
  10
489.70328
  20
495.1237
  0
VERTEX
  5
9de
  8
Layer_0
  10
489.70392
  20
495.12308
  0
VERTEX
  5
9df
  8
Layer_0
  10
489.70456
  20
495.12244
  0
VERTEX
  5
9e0
  8
Layer_0
  10
489.70517
  20
495.12181
  0
VERTEX
  5
9e1
  8
Layer_0
  10
489.70581
  20
495.12117
  0
VERTEX
  5
9e2
  8
Layer_0
  10
489.70645
  20
495.12054
  0
VERTEX
  5
9e3
  8
Layer_0
  10
489.70709
  20
495.1199
  0
VERTEX
  5
9e4
  8
Layer_0
  10
489.7077
  20
495.11927
  0
VERTEX
  5
9e5
  8
Layer_0
  10
489.70834
  20
495.11864
  0
VERTEX
  5
9e6
  8
Layer_0
  10
489.70898
  20
495.118
  0
VERTEX
  5
9e7
  8
Layer_0
  10
489.70963
  20
495.11737
  0
VERTEX
  5
9e8
  8
Layer_0
  10
489.71024
  20
495.11674
  0
VERTEX
  5
9e9
  8
Layer_0
  10
489.71088
  20
495.1161
  0
VERTEX
  5
9ea
  8
Layer_0
  10
489.71152
  20
495.11547
  0
VERTEX
  5
9eb
  8
Layer_0
  10
489.71216
  20
495.11484
  0
VERTEX
  5
9ec
  8
Layer_0
  10
489.7128
  20
495.1142
  0
VERTEX
  5
9ed
  8
Layer_0
  10
489.71341
  20
495.11357
  0
VERTEX
  5
9ee
  8
Layer_0
  10
489.71405
  20
495.11293
  0
VERTEX
  5
9ef
  8
Layer_0
  10
489.71469
  20
495.1123
  0
VERTEX
  5
9f0
  8
Layer_0
  10
489.71533
  20
495.11166
  0
VERTEX
  5
9f1
  8
Layer_0
  10
489.71594
  20
495.11103
  0
VERTEX
  5
9f2
  8
Layer_0
  10
489.71658
  20
495.1104
  0
VERTEX
  5
9f3
  8
Layer_0
  10
489.71722
  20
495.10976
  0
VERTEX
  5
9f4
  8
Layer_0
  10
489.71786
  20
495.10913
  0
VERTEX
  5
9f5
  8
Layer_0
  10
489.71848
  20
495.1085
  0
VERTEX
  5
9f6
  8
Layer_0
  10
489.71912
  20
495.10786
  0
VERTEX
  5
9f7
  8
Layer_0
  10
489.71976
  20
495.10722
  0
VERTEX
  5
9f8
  8
Layer_0
  10
489.7204
  20
495.1066
  0
VERTEX
  5
9f9
  8
Layer_0
  10
489.72104
  20
495.10596
  0
VERTEX
  5
9fa
  8
Layer_0
  10
489.72165
  20
495.10533
  0
VERTEX
  5
9fb
  8
Layer_0
  10
489.72229
  20
495.10469
  0
VERTEX
  5
9fc
  8
Layer_0
  10
489.72357
  20
495.10406
  0
VERTEX
  5
9fd
  8
Layer_0
  10
489.72546
  20
495.10311
  0
VERTEX
  5
9fe
  8
Layer_0
  10
489.72736
  20
495.10216
  42
0.00095258022
  0
VERTEX
  5
9ff
  8
Layer_0
  10
489.72989
  20
495.10089
  0
VERTEX
  5
a00
  8
Layer_0
  10
489.73117
  20
495.10026
  0
VERTEX
  5
a01
  8
Layer_0
  10
489.73242
  20
495.09962
  0
VERTEX
  5
a02
  8
Layer_0
  10
489.7337
  20
495.09899
  42
0.0014487354
  0
VERTEX
  5
a03
  8
Layer_0
  10
489.73624
  20
495.09772
  0
VERTEX
  5
a04
  8
Layer_0
  10
489.73752
  20
495.09709
  0
VERTEX
  5
a05
  8
Layer_0
  10
489.73813
  20
495.09645
  0
VERTEX
  5
a06
  8
Layer_0
  10
489.73877
  20
495.09583
  0
VERTEX
  5
a07
  8
Layer_0
  10
489.73941
  20
495.09518
  0
VERTEX
  5
a08
  8
Layer_0
  10
489.74005
  20
495.09456
  0
VERTEX
  5
a09
  8
Layer_0
  10
489.74066
  20
495.09392
  0
VERTEX
  5
a0a
  8
Layer_0
  10
489.7413
  20
495.09329
  0
VERTEX
  5
a0b
  8
Layer_0
  10
489.74194
  20
495.09265
  0
VERTEX
  5
a0c
  8
Layer_0
  10
489.74258
  20
495.09203
  0
VERTEX
  5
a0d
  8
Layer_0
  10
489.74319
  20
495.09138
  0
VERTEX
  5
a0e
  8
Layer_0
  10
489.74384
  20
495.09075
  0
VERTEX
  5
a0f
  8
Layer_0
  10
489.74448
  20
495.09012
  0
VERTEX
  5
a10
  8
Layer_0
  10
489.74512
  20
495.08949
  42
-0.066668126
  0
VERTEX
  5
a11
  8
Layer_0
  10
489.74765
  20
495.08822
  0
VERTEX
  5
a12
  8
Layer_0
  10
489.7489
  20
495.08759
  42
0.078851948
  0
VERTEX
  5
a13
  8
Layer_0
  10
489.75143
  20
495.08632
  0
VERTEX
  5
a14
  8
Layer_0
  10
489.75272
  20
495.08568
  0
VERTEX
  5
a15
  8
Layer_0
  10
489.75397
  20
495.08505
  0
VERTEX
  5
a16
  8
Layer_0
  10
489.75525
  20
495.08441
  42
-0.11640967
  0
VERTEX
  5
a17
  8
Layer_0
  10
489.75906
  20
495.08251
  0
VERTEX
  5
a18
  8
Layer_0
  10
489.76031
  20
495.08188
  0
VERTEX
  5
a19
  8
Layer_0
  10
489.7616
  20
495.08188
  0
VERTEX
  5
a1a
  8
Layer_0
  10
489.76285
  20
495.08188
  0
VERTEX
  5
a1b
  8
Layer_0
  10
489.76413
  20
495.08188
  0
VERTEX
  5
a1c
  8
Layer_0
  10
489.76538
  20
495.08188
  0
VERTEX
  5
a1d
  8
Layer_0
  10
489.76666
  20
495.08188
  0
VERTEX
  5
a1e
  8
Layer_0
  10
489.76791
  20
495.08188
  0
VERTEX
  5
a1f
  8
Layer_0
  10
489.7692
  20
495.08188
  0
VERTEX
  5
a20
  8
Layer_0
  10
489.77045
  20
495.08188
  42
0.41455755
  0
VERTEX
  5
a21
  8
Layer_0
  10
489.77298
  20
495.08188
  0
VERTEX
  5
a22
  8
Layer_0
  10
489.77426
  20
495.08188
  0
VERTEX
  5
a23
  8
Layer_0
  10
489.77551
  20
495.08188
  0
VERTEX
  5
a24
  8
Layer_0
  10
489.77744
  20
495.08125
  0
VERTEX
  5
a25
  8
Layer_0
  10
489.77933
  20
495.08061
  0
VERTEX
  5
a26
  8
Layer_0
  10
489.78122
  20
495.07998
  42
0.0023907771
  0
VERTEX
  5
a27
  8
Layer_0
  10
489.78885
  20
495.07745
  0
VERTEX
  5
a28
  8
Layer_0
  10
489.79074
  20
495.07681
  0
VERTEX
  5
a29
  8
Layer_0
  10
489.79263
  20
495.07617
  0
VERTEX
  5
a2a
  8
Layer_0
  10
489.79456
  20
495.07555
  0
VERTEX
  5
a2b
  8
Layer_0
  10
489.79645
  20
495.07491
  0
VERTEX
  5
a2c
  8
Layer_0
  10
489.79834
  20
495.07427
  0
VERTEX
  5
a2d
  8
Layer_0
  10
489.79962
  20
495.07364
  0
VERTEX
  5
a2e
  8
Layer_0
  10
489.80087
  20
495.07301
  42
-0.13753735
  0
VERTEX
  5
a2f
  8
Layer_0
  10
489.80341
  20
495.07174
  0
VERTEX
  5
a30
  8
Layer_0
  10
489.80469
  20
495.07111
  0
VERTEX
  5
a31
  8
Layer_0
  10
489.80594
  20
495.07047
  42
-0.080643819
  0
VERTEX
  5
a32
  8
Layer_0
  10
489.80975
  20
495.06857
  42
0.1164066
  0
VERTEX
  5
a33
  8
Layer_0
  10
489.81357
  20
495.06667
  42
-0.00088761346
  0
VERTEX
  5
a34
  8
Layer_0
  10
489.81735
  20
495.0616
  0
VERTEX
  5
a35
  8
Layer_0
  10
489.81927
  20
495.05907
  0
VERTEX
  5
a36
  8
Layer_0
  10
489.82117
  20
495.05653
  0
VERTEX
  5
a37
  8
Layer_0
  10
489.82306
  20
495.05399
  0
VERTEX
  5
a38
  8
Layer_0
  10
489.82495
  20
495.05146
  42
-0.00065858991
  0
VERTEX
  5
a39
  8
Layer_0
  10
489.82877
  20
495.04639
  0
VERTEX
  5
a3a
  8
Layer_0
  10
489.83066
  20
495.04385
  0
VERTEX
  5
a3b
  8
Layer_0
  10
489.83258
  20
495.04132
  0
VERTEX
  5
a3c
  8
Layer_0
  10
489.83447
  20
495.03878
  0
VERTEX
  5
a3d
  8
Layer_0
  10
489.83636
  20
495.03625
  0
VERTEX
  5
a3e
  8
Layer_0
  10
489.83765
  20
495.03561
  0
VERTEX
  5
a3f
  8
Layer_0
  10
489.8389
  20
495.03498
  0
VERTEX
  5
a40
  8
Layer_0
  10
489.84018
  20
495.03435
  42
0.031096911
  0
VERTEX
  5
a41
  8
Layer_0
  10
489.84396
  20
495.03245
  0
VERTEX
  5
a42
  8
Layer_0
  10
489.84524
  20
495.03181
  0
VERTEX
  5
a43
  8
Layer_0
  10
489.84651
  20
495.03118
  0
VERTEX
  5
a44
  8
Layer_0
  10
489.84778
  20
495.03055
  0
VERTEX
  5
a45
  8
Layer_0
  10
489.84906
  20
495.02991
  42
0.00082572054
  0
VERTEX
  5
a46
  8
Layer_0
  10
489.85159
  20
495.02864
  0
VERTEX
  5
a47
  8
Layer_0
  10
489.85284
  20
495.02737
  0
VERTEX
  5
a48
  8
Layer_0
  10
489.85413
  20
495.02611
  0
VERTEX
  5
a49
  8
Layer_0
  10
489.85538
  20
495.02484
  0
VERTEX
  5
a4a
  8
Layer_0
  10
489.85666
  20
495.02357
  0
VERTEX
  5
a4b
  8
Layer_0
  10
489.85791
  20
495.02231
  0
VERTEX
  5
a4c
  8
Layer_0
  10
489.85919
  20
495.02104
  0
VERTEX
  5
a4d
  8
Layer_0
  10
489.86044
  20
495.01977
  0
VERTEX
  5
a4e
  8
Layer_0
  10
489.86172
  20
495.0185
  0
VERTEX
  5
a4f
  8
Layer_0
  10
489.86298
  20
495.01723
  0
VERTEX
  5
a50
  8
Layer_0
  10
489.86426
  20
495.01597
  0
VERTEX
  5
a51
  8
Layer_0
  10
489.86551
  20
495.0147
  0
VERTEX
  5
a52
  8
Layer_0
  10
489.86679
  20
495.01343
  0
VERTEX
  5
a53
  8
Layer_0
  10
489.86932
  20
495.01089
  0
VERTEX
  5
a54
  8
Layer_0
  10
489.87186
  20
495.00836
  0
VERTEX
  5
a55
  8
Layer_0
  10
489.87439
  20
495.00583
  0
VERTEX
  5
a56
  8
Layer_0
  10
489.87692
  20
495.0033
  0
VERTEX
  5
a57
  8
Layer_0
  10
489.87946
  20
495.00076
  0
VERTEX
  5
a58
  8
Layer_0
  10
489.88199
  20
494.99822
  0
VERTEX
  5
a59
  8
Layer_0
  10
489.88455
  20
494.99568
  0
VERTEX
  5
a5a
  8
Layer_0
  10
489.88708
  20
494.99315
  0
VERTEX
  5
a5b
  8
Layer_0
  10
489.88962
  20
494.99062
  0
VERTEX
  5
a5c
  8
Layer_0
  10
489.89215
  20
494.98808
  0
VERTEX
  5
a5d
  8
Layer_0
  10
489.89468
  20
494.98555
  0
VERTEX
  5
a5e
  8
Layer_0
  10
489.89722
  20
494.98302
  42
-6.45992e-05
  0
VERTEX
  5
a5f
  8
Layer_0
  10
489.90988
  20
494.9735
  0
VERTEX
  5
a60
  8
Layer_0
  10
489.91241
  20
494.9716
  0
VERTEX
  5
a61
  8
Layer_0
  10
489.91495
  20
494.9697
  0
VERTEX
  5
a62
  8
Layer_0
  10
489.91748
  20
494.9678
  0
VERTEX
  5
a63
  8
Layer_0
  10
489.92004
  20
494.9659
  0
VERTEX
  5
a64
  8
Layer_0
  10
489.92258
  20
494.964
  0
VERTEX
  5
a65
  8
Layer_0
  10
489.92511
  20
494.9621
  0
VERTEX
  5
a66
  8
Layer_0
  10
489.92764
  20
494.9602
  0
VERTEX
  5
a67
  8
Layer_0
  10
489.93018
  20
494.95766
  0
VERTEX
  5
a68
  8
Layer_0
  10
489.93271
  20
494.95512
  0
VERTEX
  5
a69
  8
Layer_0
  10
489.93524
  20
494.95259
  0
VERTEX
  5
a6a
  8
Layer_0
  10
489.93777
  20
494.95006
  0
VERTEX
  5
a6b
  8
Layer_0
  10
489.94031
  20
494.94753
  0
VERTEX
  5
a6c
  8
Layer_0
  10
489.94284
  20
494.94498
  0
VERTEX
  5
a6d
  8
Layer_0
  10
489.94537
  20
494.94245
  0
VERTEX
  5
a6e
  8
Layer_0
  10
489.94791
  20
494.93991
  0
VERTEX
  5
a6f
  8
Layer_0
  10
489.95044
  20
494.93738
  0
VERTEX
  5
a70
  8
Layer_0
  10
489.95297
  20
494.93484
  0
VERTEX
  5
a71
  8
Layer_0
  10
489.95551
  20
494.93231
  0
VERTEX
  5
a72
  8
Layer_0
  10
489.95807
  20
494.92978
  0
VERTEX
  5
a73
  8
Layer_0
  10
489.9606
  20
494.92787
  0
VERTEX
  5
a74
  8
Layer_0
  10
489.96313
  20
494.92597
  0
VERTEX
  5
a75
  8
Layer_0
  10
489.96567
  20
494.92407
  42
0.00042530277
  0
VERTEX
  5
a76
  8
Layer_0
  10
489.97073
  20
494.92027
  42
0.00042469805
  0
VERTEX
  5
a77
  8
Layer_0
  10
489.9758
  20
494.91647
  0
VERTEX
  5
a78
  8
Layer_0
  10
489.97833
  20
494.91457
  42
0.019958189
  0
VERTEX
  5
a79
  8
Layer_0
  10
489.9834
  20
494.91077
  0
VERTEX
  5
a7a
  8
Layer_0
  10
489.98593
  20
494.90886
  0
VERTEX
  5
a7b
  8
Layer_0
  10
489.98846
  20
494.90696
  0
VERTEX
  5
a7c
  8
Layer_0
  10
489.99164
  20
494.90506
  0
VERTEX
  5
a7d
  8
Layer_0
  10
489.99481
  20
494.90315
  0
VERTEX
  5
a7e
  8
Layer_0
  10
489.99799
  20
494.90125
  0
VERTEX
  5
a7f
  8
Layer_0
  10
490.00116
  20
494.89935
  42
0.0078572196
  0
VERTEX
  5
a80
  8
Layer_0
  10
490.00748
  20
494.89555
  0
VERTEX
  5
a81
  8
Layer_0
  10
490.01065
  20
494.89365
  0
VERTEX
  5
a82
  8
Layer_0
  10
490.01382
  20
494.89175
  0
VERTEX
  5
a83
  8
Layer_0
  10
490.017
  20
494.88985
  0
VERTEX
  5
a84
  8
Layer_0
  10
490.02017
  20
494.88794
  42
0.00083180462
  0
VERTEX
  5
a85
  8
Layer_0
  10
490.02649
  20
494.88415
  0
VERTEX
  5
a86
  8
Layer_0
  10
490.02777
  20
494.88287
  0
VERTEX
  5
a87
  8
Layer_0
  10
490.02905
  20
494.88161
  0
VERTEX
  5
a88
  8
Layer_0
  10
490.0303
  20
494.88034
  0
VERTEX
  5
a89
  8
Layer_0
  10
490.03159
  20
494.87907
  0
VERTEX
  5
a8a
  8
Layer_0
  10
490.03284
  20
494.87781
  0
VERTEX
  5
a8b
  8
Layer_0
  10
490.03412
  20
494.87654
  0
VERTEX
  5
a8c
  8
Layer_0
  10
490.03537
  20
494.87527
  0
VERTEX
  5
a8d
  8
Layer_0
  10
490.03665
  20
494.87401
  0
VERTEX
  5
a8e
  8
Layer_0
  10
490.0379
  20
494.87274
  0
VERTEX
  5
a8f
  8
Layer_0
  10
490.03918
  20
494.87148
  0
VERTEX
  5
a90
  8
Layer_0
  10
490.04044
  20
494.87021
  0
VERTEX
  5
a91
  8
Layer_0
  10
490.04172
  20
494.86893
  0
VERTEX
  5
a92
  8
Layer_0
  10
490.04361
  20
494.8683
  0
VERTEX
  5
a93
  8
Layer_0
  10
490.0455
  20
494.86767
  0
VERTEX
  5
a94
  8
Layer_0
  10
490.04742
  20
494.86703
  0
VERTEX
  5
a95
  8
Layer_0
  10
490.04932
  20
494.86639
  0
VERTEX
  5
a96
  8
Layer_0
  10
490.05121
  20
494.86577
  0
VERTEX
  5
a97
  8
Layer_0
  10
490.05313
  20
494.86513
  0
VERTEX
  5
a98
  8
Layer_0
  10
490.05502
  20
494.86449
  42
0.001117133
  0
VERTEX
  5
a99
  8
Layer_0
  10
490.06262
  20
494.86196
  0
VERTEX
  5
a9a
  8
Layer_0
  10
490.06451
  20
494.86133
  0
VERTEX
  5
a9b
  8
Layer_0
  10
490.06769
  20
494.85942
  0
VERTEX
  5
a9c
  8
Layer_0
  10
490.07086
  20
494.85753
  42
0.33129658
  0
VERTEX
  5
a9d
  8
Layer_0
  10
490.07721
  20
494.85373
  0
VERTEX
  5
a9e
  8
Layer_0
  10
490.08038
  20
494.85182
  0
VERTEX
  5
a9f
  8
Layer_0
  10
490.08353
  20
494.84992
  0
VERTEX
  5
aa0
  8
Layer_0
  10
490.0867
  20
494.84802
  0
VERTEX
  5
aa1
  8
Layer_0
  10
490.08987
  20
494.84612
  0
VERTEX
  5
aa2
  8
Layer_0
  10
490.09305
  20
494.84422
  42
0.00061911807
  0
VERTEX
  5
aa3
  8
Layer_0
  10
490.10254
  20
494.83852
  0
VERTEX
  5
aa4
  8
Layer_0
  10
490.10571
  20
494.83661
  42
-0.069691434
  0
VERTEX
  5
aa5
  8
Layer_0
  10
490.11206
  20
494.83281
  0
VERTEX
  5
aa6
  8
Layer_0
  10
490.11523
  20
494.8309
  0
VERTEX
  5
aa7
  8
Layer_0
  10
490.11841
  20
494.829
  0
VERTEX
  5
aa8
  8
Layer_0
  10
490.12158
  20
494.8271
  0
VERTEX
  5
aa9
  8
Layer_0
  10
490.12473
  20
494.8252
  0
VERTEX
  5
aaa
  8
Layer_0
  10
490.1279
  20
494.8233
  42
0.00038461508
  0
VERTEX
  5
aab
  8
Layer_0
  10
490.13425
  20
494.8195
  0
VERTEX
  5
aac
  8
Layer_0
  10
490.13742
  20
494.8176
  0
VERTEX
  5
aad
  8
Layer_0
  10
490.14059
  20
494.81569
  0
VERTEX
  5
aae
  8
Layer_0
  10
490.14374
  20
494.8138
  0
VERTEX
  5
aaf
  8
Layer_0
  10
490.14691
  20
494.81189
  42
0.00046229424
  0
VERTEX
  5
ab0
  8
Layer_0
  10
490.15326
  20
494.80809
  0
VERTEX
  5
ab1
  8
Layer_0
  10
490.15643
  20
494.80619
  0
VERTEX
  5
ab2
  8
Layer_0
  10
490.15961
  20
494.80429
  0
VERTEX
  5
ab3
  8
Layer_0
  10
490.16278
  20
494.80238
  42
0.00056960708
  0
VERTEX
  5
ab4
  8
Layer_0
  10
490.17227
  20
494.79668
  0
VERTEX
  5
ab5
  8
Layer_0
  10
490.17545
  20
494.79478
  0
VERTEX
  5
ab6
  8
Layer_0
  10
490.17862
  20
494.79288
  0
VERTEX
  5
ab7
  8
Layer_0
  10
490.18051
  20
494.79161
  42
0.00040782414
  0
VERTEX
  5
ab8
  8
Layer_0
  10
490.18433
  20
494.78908
  0
VERTEX
  5
ab9
  8
Layer_0
  10
490.18622
  20
494.78781
  0
VERTEX
  5
aba
  8
Layer_0
  10
490.18811
  20
494.78654
  0
VERTEX
  5
abb
  8
Layer_0
  10
490.19
  20
494.78528
  0
VERTEX
  5
abc
  8
Layer_0
  10
490.19193
  20
494.78401
  42
0.00047239388
  0
VERTEX
  5
abd
  8
Layer_0
  10
490.19571
  20
494.78148
  0
VERTEX
  5
abe
  8
Layer_0
  10
490.19763
  20
494.7802
  0
VERTEX
  5
abf
  8
Layer_0
  10
490.19952
  20
494.77894
  0
VERTEX
  5
ac0
  8
Layer_0
  10
490.20142
  20
494.77767
  0
VERTEX
  5
ac1
  8
Layer_0
  10
490.20331
  20
494.77704
  0
VERTEX
  5
ac2
  8
Layer_0
  10
490.20523
  20
494.77641
  0
VERTEX
  5
ac3
  8
Layer_0
  10
490.20712
  20
494.77577
  42
-0.14799276
  0
VERTEX
  5
ac4
  8
Layer_0
  10
490.21094
  20
494.7745
  0
VERTEX
  5
ac5
  8
Layer_0
  10
490.21283
  20
494.77386
  0
VERTEX
  5
ac6
  8
Layer_0
  10
490.21472
  20
494.77324
  0
VERTEX
  5
ac7
  8
Layer_0
  10
490.21664
  20
494.7726
  0
VERTEX
  5
ac8
  8
Layer_0
  10
490.21854
  20
494.77197
  0
VERTEX
  5
ac9
  8
Layer_0
  10
490.22043
  20
494.77133
  42
-0.17907287
  0
VERTEX
  5
aca
  8
Layer_0
  10
490.22424
  20
494.77007
  0
VERTEX
  5
acb
  8
Layer_0
  10
490.22803
  20
494.7688
  0
VERTEX
  5
acc
  8
Layer_0
  10
490.23184
  20
494.76753
  0
VERTEX
  5
acd
  8
Layer_0
  10
490.23566
  20
494.76627
  0
VERTEX
  5
ace
  8
Layer_0
  10
490.23944
  20
494.765
  42
-0.00012318303
  0
VERTEX
  5
acf
  8
Layer_0
  10
490.25085
  20
494.76119
  0
VERTEX
  5
ad0
  8
Layer_0
  10
490.25467
  20
494.75993
  0
VERTEX
  5
ad1
  8
Layer_0
  10
490.25845
  20
494.75865
  0
VERTEX
  5
ad2
  8
Layer_0
  10
490.26227
  20
494.75739
  42
0.00095474835
  0
VERTEX
  5
ad3
  8
Layer_0
  10
490.26987
  20
494.75485
  0
VERTEX
  5
ad4
  8
Layer_0
  10
490.27368
  20
494.75295
  0
VERTEX
  5
ad5
  8
Layer_0
  10
490.27747
  20
494.75105
  0
VERTEX
  5
ad6
  8
Layer_0
  10
490.28128
  20
494.74915
  42
0.11266126
  0
VERTEX
  5
ad7
  8
Layer_0
  10
490.29269
  20
494.74345
  0
VERTEX
  5
ad8
  8
Layer_0
  10
490.29648
  20
494.74155
  42
0.12651924
  0
VERTEX
  5
ad9
  8
Layer_0
  10
490.31549
  20
494.73204
  0
VERTEX
  5
ada
  8
Layer_0
  10
490.31931
  20
494.73077
  0
VERTEX
  5
adb
  8
Layer_0
  10
490.32312
  20
494.72951
  42
0.00079541745
  0
VERTEX
  5
adc
  8
Layer_0
  10
490.33072
  20
494.72697
  0
VERTEX
  5
add
  8
Layer_0
  10
490.3345
  20
494.7257
  0
VERTEX
  5
ade
  8
Layer_0
  10
490.33832
  20
494.72443
  0
VERTEX
  5
adf
  8
Layer_0
  10
490.34213
  20
494.72317
  42
0.00079489389
  0
VERTEX
  5
ae0
  8
Layer_0
  10
490.34973
  20
494.72063
  0
VERTEX
  5
ae1
  8
Layer_0
  10
490.35352
  20
494.71936
  0
VERTEX
  5
ae2
  8
Layer_0
  10
490.35733
  20
494.71809
  0
VERTEX
  5
ae3
  8
Layer_0
  10
490.36115
  20
494.71683
  0
VERTEX
  5
ae4
  8
Layer_0
  10
490.36493
  20
494.71493
  42
0.11643387
  0
VERTEX
  5
ae5
  8
Layer_0
  10
490.37634
  20
494.70922
  0
VERTEX
  5
ae6
  8
Layer_0
  10
490.38013
  20
494.70732
  42
0.0010098792
  0
VERTEX
  5
ae7
  8
Layer_0
  10
490.39536
  20
494.69972
  42
-0.31869081
  0
VERTEX
  5
ae8
  8
Layer_0
  10
490.40677
  20
494.69402
  42
0.031587885
  0
VERTEX
  5
ae9
  8
Layer_0
  10
490.40866
  20
494.69021
  42
0.080562043
  0
VERTEX
  5
aea
  8
Layer_0
  10
490.41183
  20
494.68387
  42
0.741913
  0
VERTEX
  5
aeb
  8
Layer_0
  10
490.41309
  20
494.68134
  42
0.00032091393
  0
VERTEX
  5
aec
  8
Layer_0
  10
490.41437
  20
494.6788
  0
VERTEX
  5
aed
  8
Layer_0
  10
490.41437
  20
494.6769
  42
0.00058700739
  0
VERTEX
  5
aee
  8
Layer_0
  10
490.41437
  20
494.6731
  42
0.11648051
  0
VERTEX
  5
aef
  8
Layer_0
  10
490.41437
  20
494.6693
  0
VERTEX
  5
af0
  8
Layer_0
  10
490.41437
  20
494.6674
  42
0.02168633
  0
VERTEX
  5
af1
  8
Layer_0
  10
490.41437
  20
494.66359
  42
0.28414025
  0
VERTEX
  5
af2
  8
Layer_0
  10
490.41437
  20
494.65788
  0
VERTEX
  5
af3
  8
Layer_0
  10
490.41437
  20
494.65599
  42
0.14809868
  0
VERTEX
  5
af4
  8
Layer_0
  10
490.41437
  20
494.65345
  0
VERTEX
  5
af5
  8
Layer_0
  10
490.41437
  20
494.65218
  0
VERTEX
  5
af6
  8
Layer_0
  10
490.41437
  20
494.65092
  0
VERTEX
  5
af7
  8
Layer_0
  10
490.41437
  20
494.64964
  0
VERTEX
  5
af8
  8
Layer_0
  10
490.41437
  20
494.64775
  0
VERTEX
  5
af9
  8
Layer_0
  10
490.41437
  20
494.64585
  0
VERTEX
  5
afa
  8
Layer_0
  10
490.41437
  20
494.64458
  0
VERTEX
  5
afb
  8
Layer_0
  10
490.41437
  20
494.64331
  0
VERTEX
  5
afc
  8
Layer_0
  10
490.41437
  20
494.64204
  0
VERTEX
  5
afd
  8
Layer_0
  10
490.41437
  20
494.64078
  0
VERTEX
  5
afe
  8
Layer_0
  10
490.41437
  20
494.63887
  42
0.035490297
  0
VERTEX
  5
aff
  8
Layer_0
  10
490.41437
  20
494.62936
  42
-0.11643115
  0
VERTEX
  5
b00
  8
Layer_0
  10
490.41437
  20
494.62556
  0
VERTEX
  5
b01
  8
Layer_0
  10
490.41437
  20
494.62366
  0
VERTEX
  5
b02
  8
Layer_0
  10
490.41437
  20
494.62177
  0
VERTEX
  5
b03
  8
Layer_0
  10
490.41437
  20
494.61986
  0
VERTEX
  5
b04
  8
Layer_0
  10
490.41437
  20
494.61797
  42
-0.11641561
  0
VERTEX
  5
b05
  8
Layer_0
  10
490.41183
  20
494.61289
  0
VERTEX
  5
b06
  8
Layer_0
  10
490.41119
  20
494.61162
  42
-0.017216987
  0
VERTEX
  5
b07
  8
Layer_0
  10
490.4093
  20
494.60782
  42
0.41431142
  0
VERTEX
  5
b08
  8
Layer_0
  10
490.40802
  20
494.60529
  42
-0.0011305077
  0
VERTEX
  5
b09
  8
Layer_0
  10
490.40677
  20
494.60275
  0
VERTEX
  5
b0a
  8
Layer_0
  10
490.40677
  20
494.60149
  0
VERTEX
  5
b0b
  8
Layer_0
  10
490.40677
  20
494.60022
  0
VERTEX
  5
b0c
  8
Layer_0
  10
490.40677
  20
494.59895
  0
VERTEX
  5
b0d
  8
Layer_0
  10
490.40677
  20
494.59768
  0
VERTEX
  5
b0e
  8
Layer_0
  10
490.40677
  20
494.59641
  0
VERTEX
  5
b0f
  8
Layer_0
  10
490.40677
  20
494.59515
  0
VERTEX
  5
b10
  8
Layer_0
  10
490.40677
  20
494.59387
  0
VERTEX
  5
b11
  8
Layer_0
  10
490.40677
  20
494.59261
  0
VERTEX
  5
b12
  8
Layer_0
  10
490.40676
  20
494.59134
  0
VERTEX
  5
b13
  8
Layer_0
  10
490.40677
  20
494.59007
  0
VERTEX
  5
b14
  8
Layer_0
  10
490.40677
  20
494.58881
  0
VERTEX
  5
b15
  8
Layer_0
  10
490.40677
  20
494.58754
  0
VERTEX
  5
b16
  8
Layer_0
  10
490.40613
  20
494.58691
  0
VERTEX
  5
b17
  8
Layer_0
  10
490.40549
  20
494.58627
  0
VERTEX
  5
b18
  8
Layer_0
  10
490.40488
  20
494.58563
  0
VERTEX
  5
b19
  8
Layer_0
  10
490.40424
  20
494.58501
  0
VERTEX
  5
b1a
  8
Layer_0
  10
490.40359
  20
494.58437
  0
VERTEX
  5
b1b
  8
Layer_0
  10
490.40295
  20
494.58374
  0
VERTEX
  5
b1c
  8
Layer_0
  10
490.40234
  20
494.5831
  0
VERTEX
  5
b1d
  8
Layer_0
  10
490.4017
  20
494.58247
  0
VERTEX
  5
b1e
  8
Layer_0
  10
490.40106
  20
494.58183
  0
VERTEX
  5
b1f
  8
Layer_0
  10
490.40042
  20
494.5812
  0
VERTEX
  5
b20
  8
Layer_0
  10
490.39978
  20
494.58057
  0
VERTEX
  5
b21
  8
Layer_0
  10
490.39917
  20
494.57993
  0
VERTEX
  5
b22
  8
Layer_0
  10
490.39853
  20
494.57867
  0
VERTEX
  5
b23
  8
Layer_0
  10
490.39758
  20
494.57677
  0
VERTEX
  5
b24
  8
Layer_0
  10
490.39662
  20
494.57486
  0
VERTEX
  5
b25
  8
Layer_0
  10
490.396
  20
494.57359
  0
VERTEX
  5
b26
  8
Layer_0
  10
490.39536
  20
494.57233
  0
VERTEX
  5
b27
  8
Layer_0
  10
490.39471
  20
494.57106
  42
0.11641971
  0
VERTEX
  5
b28
  8
Layer_0
  10
490.39346
  20
494.56853
  42
0.3349571
  0
VERTEX
  5
b29
  8
Layer_0
  10
490.39154
  20
494.56473
  0
VERTEX
  5
b2a
  8
Layer_0
  10
490.38458
  20
494.56726
  0
VERTEX
  5
b2b
  8
Layer_0
  10
490.37762
  20
494.56979
  0
VERTEX
  5
b2c
  8
Layer_0
  10
490.37064
  20
494.57233
  0
VERTEX
  5
b2d
  8
Layer_0
  10
490.36368
  20
494.57486
  0
VERTEX
  5
b2e
  8
Layer_0
  10
490.35669
  20
494.57739
  0
VERTEX
  5
b2f
  8
Layer_0
  10
490.34973
  20
494.57993
  42
0.00026172453
  0
VERTEX
  5
b30
  8
Layer_0
  10
490.32184
  20
494.59007
  0
VERTEX
  5
b31
  8
Layer_0
  10
490.31488
  20
494.59261
  0
VERTEX
  5
b32
  8
Layer_0
  10
490.30789
  20
494.59515
  0
VERTEX
  5
b33
  8
Layer_0
  10
490.30283
  20
494.59641
  0
VERTEX
  5
b34
  8
Layer_0
  10
490.29776
  20
494.59768
  0
VERTEX
  5
b35
  8
Layer_0
  10
490.29269
  20
494.59895
  0
VERTEX
  5
b36
  8
Layer_0
  10
490.2876
  20
494.60022
  0
VERTEX
  5
b37
  8
Layer_0
  10
490.28253
  20
494.60149
  0
VERTEX
  5
b38
  8
Layer_0
  10
490.27747
  20
494.60275
  0
VERTEX
  5
b39
  8
Layer_0
  10
490.2724
  20
494.60402
  0
VERTEX
  5
b3a
  8
Layer_0
  10
490.26733
  20
494.60529
  0
VERTEX
  5
b3b
  8
Layer_0
  10
490.26227
  20
494.60655
  42
-0.0011088996
  0
VERTEX
  5
b3c
  8
Layer_0
  10
490.25214
  20
494.60909
  0
VERTEX
  5
b3d
  8
Layer_0
  10
490.24707
  20
494.61035
  0
VERTEX
  5
b3e
  8
Layer_0
  10
490.2439
  20
494.61099
  0
VERTEX
  5
b3f
  8
Layer_0
  10
490.24072
  20
494.61162
  0
VERTEX
  5
b40
  8
Layer_0
  10
490.23755
  20
494.61226
  42
0.0081940923
  0
VERTEX
  5
b41
  8
Layer_0
  10
490.21219
  20
494.61732
  0
VERTEX
  5
b42
  8
Layer_0
  10
490.20901
  20
494.61796
  0
VERTEX
  5
b43
  8
Layer_0
  10
490.20648
  20
494.61859
  0
VERTEX
  5
b44
  8
Layer_0
  10
490.20396
  20
494.61923
  0
VERTEX
  5
b45
  8
Layer_0
  10
490.20142
  20
494.61986
  0
VERTEX
  5
b46
  8
Layer_0
  10
490.19888
  20
494.6205
  0
VERTEX
  5
b47
  8
Layer_0
  10
490.19635
  20
494.62112
  42
-0.11642361
  0
VERTEX
  5
b48
  8
Layer_0
  10
490.19128
  20
494.6224
  0
VERTEX
  5
b49
  8
Layer_0
  10
490.18875
  20
494.62303
  0
VERTEX
  5
b4a
  8
Layer_0
  10
490.18622
  20
494.62366
  0
VERTEX
  5
b4b
  8
Layer_0
  10
490.18369
  20
494.6243
  42
-0.00047792116
  0
VERTEX
  5
b4c
  8
Layer_0
  10
490.17862
  20
494.62556
  0
VERTEX
  5
b4d
  8
Layer_0
  10
490.17609
  20
494.6262
  42
-0.00041356015
  0
VERTEX
  5
b4e
  8
Layer_0
  10
490.15833
  20
494.63063
  42
-0.00035927147
  0
VERTEX
  5
b4f
  8
Layer_0
  10
490.14819
  20
494.63317
  0
VERTEX
  5
b50
  8
Layer_0
  10
490.14502
  20
494.6338
  42
-0.0010478707
  0
VERTEX
  5
b51
  8
Layer_0
  10
490.13867
  20
494.63507
  0
VERTEX
  5
b52
  8
Layer_0
  10
490.1355
  20
494.6357
  0
VERTEX
  5
b53
  8
Layer_0
  10
490.13232
  20
494.63634
  0
VERTEX
  5
b54
  8
Layer_0
  10
490.12918
  20
494.63698
  0
VERTEX
  5
b55
  8
Layer_0
  10
490.12601
  20
494.63761
  0
VERTEX
  5
b56
  8
Layer_0
  10
490.12283
  20
494.63824
  0
VERTEX
  5
b57
  8
Layer_0
  10
490.11966
  20
494.63888
  42
-0.0013471716
  0
VERTEX
  5
b58
  8
Layer_0
  10
490.11017
  20
494.64078
  0
VERTEX
  5
b59
  8
Layer_0
  10
490.10764
  20
494.64141
  0
VERTEX
  5
b5a
  8
Layer_0
  10
490.1051
  20
494.64204
  0
VERTEX
  5
b5b
  8
Layer_0
  10
490.10257
  20
494.64267
  42
-0.28414873
  0
VERTEX
  5
b5c
  8
Layer_0
  10
490.09747
  20
494.64394
  42
0.13052224
  0
VERTEX
  5
b5d
  8
Layer_0
  10
490.08987
  20
494.64584
  42
0.031097655
  0
VERTEX
  5
b5e
  8
Layer_0
  10
490.08228
  20
494.64775
  0
VERTEX
  5
b5f
  8
Layer_0
  10
490.07974
  20
494.64838
  0
VERTEX
  5
b60
  8
Layer_0
  10
490.07721
  20
494.64902
  42
-0.0005178112
  0
VERTEX
  5
b61
  8
Layer_0
  10
490.07214
  20
494.65028
  0
VERTEX
  5
b62
  8
Layer_0
  10
490.06961
  20
494.65092
  0
VERTEX
  5
b63
  8
Layer_0
  10
490.06708
  20
494.65155
  0
VERTEX
  5
b64
  8
Layer_0
  10
490.06451
  20
494.65218
  0
VERTEX
  5
b65
  8
Layer_0
  10
490.06198
  20
494.65282
  0
VERTEX
  5
b66
  8
Layer_0
  10
490.05945
  20
494.65346
  0
VERTEX
  5
b67
  8
Layer_0
  10
490.05692
  20
494.65408
  42
0.028190303
  0
VERTEX
  5
b68
  8
Layer_0
  10
490.04932
  20
494.65599
  0
VERTEX
  5
b69
  8
Layer_0
  10
490.04614
  20
494.65726
  0
VERTEX
  5
b6a
  8
Layer_0
  10
490.04297
  20
494.65852
  42
-0.0002804776
  0
VERTEX
  5
b6b
  8
Layer_0
  10
490.02713
  20
494.66486
  0
VERTEX
  5
b6c
  8
Layer_0
  10
490.02396
  20
494.66612
  0
VERTEX
  5
b6d
  8
Layer_0
  10
490.02078
  20
494.6674
  0
VERTEX
  5
b6e
  8
Layer_0
  10
490.01764
  20
494.66866
  42
-0.07399502
  0
VERTEX
  5
b6f
  8
Layer_0
  10
490.01129
  20
494.6712
  0
VERTEX
  5
b70
  8
Layer_0
  10
490.00876
  20
494.67183
  42
-0.027670835
  0
VERTEX
  5
b71
  8
Layer_0
  10
490.00369
  20
494.6731
  0
VERTEX
  5
b72
  8
Layer_0
  10
490.00116
  20
494.67374
  42
-0.054716646
  0
VERTEX
  5
b73
  8
Layer_0
  10
489.99609
  20
494.675
  0
VERTEX
  5
b74
  8
Layer_0
  10
489.99353
  20
494.67563
  0
VERTEX
  5
b75
  8
Layer_0
  10
489.991
  20
494.67627
  42
2.1263153e-05
  0
VERTEX
  5
b76
  8
Layer_0
  10
489.98087
  20
494.6788
  0
VERTEX
  5
b77
  8
Layer_0
  10
489.97833
  20
494.67944
  0
VERTEX
  5
b78
  8
Layer_0
  10
489.9758
  20
494.68007
  42
-0.0098636051
  0
VERTEX
  5
b79
  8
Layer_0
  10
489.97073
  20
494.68134
  0
VERTEX
  5
b7a
  8
Layer_0
  10
489.9682
  20
494.68198
  42
0.022301635
  0
VERTEX
  5
b7b
  8
Layer_0
  10
489.9606
  20
494.68387
  42
-0.00024086875
  0
VERTEX
  5
b7c
  8
Layer_0
  10
489.95044
  20
494.68641
  0
VERTEX
  5
b7d
  8
Layer_0
  10
489.9473
  20
494.68768
  0
VERTEX
  5
b7e
  8
Layer_0
  10
489.94412
  20
494.68894
  0
VERTEX
  5
b7f
  8
Layer_0
  10
489.94095
  20
494.69022
  0
VERTEX
  5
b80
  8
Layer_0
  10
489.93777
  20
494.69148
  0
VERTEX
  5
b81
  8
Layer_0
  10
489.9346
  20
494.69275
  0
VERTEX
  5
b82
  8
Layer_0
  10
489.93143
  20
494.69402
  0
VERTEX
  5
b83
  8
Layer_0
  10
489.92828
  20
494.69528
  0
VERTEX
  5
b84
  8
Layer_0
  10
489.92511
  20
494.69655
  0
VERTEX
  5
b85
  8
Layer_0
  10
489.92194
  20
494.69781
  0
VERTEX
  5
b86
  8
Layer_0
  10
489.91876
  20
494.69908
  0
VERTEX
  5
b87
  8
Layer_0
  10
489.91559
  20
494.70035
  0
VERTEX
  5
b88
  8
Layer_0
  10
489.91241
  20
494.70161
  0
VERTEX
  5
b89
  8
Layer_0
  10
489.90988
  20
494.70226
  0
VERTEX
  5
b8a
  8
Layer_0
  10
489.90735
  20
494.70289
  0
VERTEX
  5
b8b
  8
Layer_0
  10
489.90482
  20
494.70352
  42
-0.080617498
  0
VERTEX
  5
b8c
  8
Layer_0
  10
489.89722
  20
494.70542
  0
VERTEX
  5
b8d
  8
Layer_0
  10
489.89468
  20
494.70605
  0
VERTEX
  5
b8e
  8
Layer_0
  10
489.89215
  20
494.70669
  42
-0.0011623341
  0
VERTEX
  5
b8f
  8
Layer_0
  10
489.88455
  20
494.70859
  0
VERTEX
  5
b90
  8
Layer_0
  10
489.88202
  20
494.70922
  0
VERTEX
  5
b91
  8
Layer_0
  10
489.87946
  20
494.71049
  42
-0.0020283264
  0
VERTEX
  5
b92
  8
Layer_0
  10
489.87439
  20
494.71303
  0
VERTEX
  5
b93
  8
Layer_0
  10
489.87186
  20
494.71429
  0
VERTEX
  5
b94
  8
Layer_0
  10
489.86932
  20
494.71556
  0
VERTEX
  5
b95
  8
Layer_0
  10
489.86679
  20
494.71683
  0
VERTEX
  5
b96
  8
Layer_0
  10
489.86426
  20
494.71809
  0
VERTEX
  5
b97
  8
Layer_0
  10
489.86172
  20
494.71936
  42
-0.00074085156
  0
VERTEX
  5
b98
  8
Layer_0
  10
489.85413
  20
494.72316
  0
VERTEX
  5
b99
  8
Layer_0
  10
489.85159
  20
494.72443
  0
VERTEX
  5
b9a
  8
Layer_0
  10
489.84589
  20
494.72633
  42
0.021228616
  0
VERTEX
  5
b9b
  8
Layer_0
  10
489.82877
  20
494.73204
  0
VERTEX
  5
b9c
  8
Layer_0
  10
489.82306
  20
494.73394
  0
VERTEX
  5
b9d
  8
Layer_0
  10
489.81735
  20
494.73584
  0
VERTEX
  5
b9e
  8
Layer_0
  10
489.81165
  20
494.73775
  0
VERTEX
  5
b9f
  8
Layer_0
  10
489.80594
  20
494.73965
  0
VERTEX
  5
ba0
  8
Layer_0
  10
489.80023
  20
494.74155
  0
VERTEX
  5
ba1
  8
Layer_0
  10
489.79456
  20
494.74345
  42
6.4985704e-05
  0
VERTEX
  5
ba2
  8
Layer_0
  10
489.78314
  20
494.74725
  0
VERTEX
  5
ba3
  8
Layer_0
  10
489.78061
  20
494.74852
  0
VERTEX
  5
ba4
  8
Layer_0
  10
489.77808
  20
494.74979
  0
VERTEX
  5
ba5
  8
Layer_0
  10
489.77551
  20
494.75105
  0
VERTEX
  5
ba6
  8
Layer_0
  10
489.77298
  20
494.75232
  42
0.0083305874
  0
VERTEX
  5
ba7
  8
Layer_0
  10
489.76285
  20
494.75739
  0
VERTEX
  5
ba8
  8
Layer_0
  10
489.76031
  20
494.75866
  0
VERTEX
  5
ba9
  8
Layer_0
  10
489.75778
  20
494.75993
  0
VERTEX
  5
baa
  8
Layer_0
  10
489.75525
  20
494.76119
  0
VERTEX
  5
bab
  8
Layer_0
  10
489.75272
  20
494.76246
  0
VERTEX
  5
bac
  8
Layer_0
  10
489.74954
  20
494.76373
  42
-0.0021583
  0
VERTEX
  5
bad
  8
Layer_0
  10
489.73688
  20
494.7688
  42
1.9713817e-05
  0
VERTEX
  5
bae
  8
Layer_0
  10
489.72736
  20
494.7726
  42
-0.0013221046
  0
VERTEX
  5
baf
  8
Layer_0
  10
489.72101
  20
494.77513
  42
-0.0013205077
  0
VERTEX
  5
bb0
  8
Layer_0
  10
489.71469
  20
494.77767
  0
VERTEX
  5
bb1
  8
Layer_0
  10
489.70963
  20
494.7802
  0
VERTEX
  5
bb2
  8
Layer_0
  10
489.70456
  20
494.78275
  0
VERTEX
  5
bb3
  8
Layer_0
  10
489.69946
  20
494.78528
  0
VERTEX
  5
bb4
  8
Layer_0
  10
489.6944
  20
494.78781
  42
-0.12007292
  0
VERTEX
  5
bb5
  8
Layer_0
  10
489.67413
  20
494.79795
  42
-0.061324373
  0
VERTEX
  5
bb6
  8
Layer_0
  10
489.65891
  20
494.80556
  0
VERTEX
  5
bb7
  8
Layer_0
  10
489.65384
  20
494.80809
  0
VERTEX
  5
bb8
  8
Layer_0
  10
489.64813
  20
494.81062
  0
VERTEX
  5
bb9
  8
Layer_0
  10
489.64243
  20
494.81316
  0
VERTEX
  5
bba
  8
Layer_0
  10
489.63672
  20
494.8157
  42
-0.00021634307
  0
VERTEX
  5
bbb
  8
Layer_0
  10
489.61963
  20
494.8233
  0
VERTEX
  5
bbc
  8
Layer_0
  10
489.61392
  20
494.82584
  42
0.00028794474
  0
VERTEX
  5
bbd
  8
Layer_0
  10
489.60251
  20
494.8309
  42
0.072993015
  0
VERTEX
  5
bbe
  8
Layer_0
  10
489.58539
  20
494.83852
  42
-0.32979922
  0
VERTEX
  5
bbf
  8
Layer_0
  10
489.57019
  20
494.84612
  0
VERTEX
  5
bc0
  8
Layer_0
  10
489.56512
  20
494.84865
  0
VERTEX
  5
bc1
  8
Layer_0
  10
489.56006
  20
494.85119
  42
0.022899036
  0
VERTEX
  5
bc2
  8
Layer_0
  10
489.53976
  20
494.86133
  42
-8.3901999e-05
  0
VERTEX
  5
bc3
  8
Layer_0
  10
489.52457
  20
494.86893
  0
VERTEX
  5
bc4
  8
Layer_0
  10
489.51886
  20
494.87147
  0
VERTEX
  5
bc5
  8
Layer_0
  10
489.51315
  20
494.874
  0
VERTEX
  5
bc6
  8
Layer_0
  10
489.50745
  20
494.87654
  42
-0.0057660677
  0
VERTEX
  5
bc7
  8
Layer_0
  10
489.49603
  20
494.88161
  0
VERTEX
  5
bc8
  8
Layer_0
  10
489.49033
  20
494.88414
  0
VERTEX
  5
bc9
  8
Layer_0
  10
489.48462
  20
494.88667
  42
-0.41422583
  0
VERTEX
  5
bca
  8
Layer_0
  10
489.47321
  20
494.89175
  0
VERTEX
  5
bcb
  8
Layer_0
  10
489.46753
  20
494.89429
  0
VERTEX
  5
bcc
  8
Layer_0
  10
489.46182
  20
494.89682
  0
VERTEX
  5
bcd
  8
Layer_0
  10
489.45612
  20
494.89935
  0
VERTEX
  5
bce
  8
Layer_0
  10
489.45358
  20
494.90062
  0
VERTEX
  5
bcf
  8
Layer_0
  10
489.45105
  20
494.90189
  0
VERTEX
  5
bd0
  8
Layer_0
  10
489.44852
  20
494.90315
  42
-0.00013118756
  0
VERTEX
  5
bd1
  8
Layer_0
  10
489.44342
  20
494.90569
  0
VERTEX
  5
bd2
  8
Layer_0
  10
489.44089
  20
494.90696
  0
VERTEX
  5
bd3
  8
Layer_0
  10
489.43835
  20
494.90823
  0
VERTEX
  5
bd4
  8
Layer_0
  10
489.43582
  20
494.90949
  0
VERTEX
  5
bd5
  8
Layer_0
  10
489.43329
  20
494.91076
  0
VERTEX
  5
bd6
  8
Layer_0
  10
489.43076
  20
494.91203
  0
VERTEX
  5
bd7
  8
Layer_0
  10
489.42822
  20
494.9133
  0
VERTEX
  5
bd8
  8
Layer_0
  10
489.42569
  20
494.91457
  0
VERTEX
  5
bd9
  8
Layer_0
  10
489.42252
  20
494.91647
  0
VERTEX
  5
bda
  8
Layer_0
  10
489.41934
  20
494.91837
  42
0.1164617
  0
VERTEX
  5
bdb
  8
Layer_0
  10
489.41302
  20
494.92217
  0
VERTEX
  5
bdc
  8
Layer_0
  10
489.40985
  20
494.92407
  0
VERTEX
  5
bdd
  8
Layer_0
  10
489.40668
  20
494.92597
  42
0.006492727
  0
VERTEX
  5
bde
  8
Layer_0
  10
489.40033
  20
494.92978
  0
VERTEX
  5
bdf
  8
Layer_0
  10
489.39716
  20
494.93167
  0
VERTEX
  5
be0
  8
Layer_0
  10
489.39401
  20
494.93358
  0
VERTEX
  5
be1
  8
Layer_0
  10
489.39084
  20
494.93548
  0
VERTEX
  5
be2
  8
Layer_0
  10
489.38766
  20
494.93738
  42
-0.21628337
  0
VERTEX
  5
be3
  8
Layer_0
  10
489.37753
  20
494.94245
  0
VERTEX
  5
be4
  8
Layer_0
  10
489.37244
  20
494.94498
  42
0.66824687
  0
VERTEX
  5
be5
  8
Layer_0
  10
489.3623
  20
494.95006
  0
VERTEX
  5
be6
  8
Layer_0
  10
489.35724
  20
494.95259
  0
VERTEX
  5
be7
  8
Layer_0
  10
489.35217
  20
494.95512
  0
VERTEX
  5
be8
  8
Layer_0
  10
489.34711
  20
494.95766
  0
VERTEX
  5
be9
  8
Layer_0
  10
489.34204
  20
494.9602
  0
VERTEX
  5
bea
  8
Layer_0
  10
489.33698
  20
494.96273
  0
VERTEX
  5
beb
  8
Layer_0
  10
489.33188
  20
494.96527
  0
VERTEX
  5
bec
  8
Layer_0
  10
489.32681
  20
494.9678
  0
VERTEX
  5
bed
  8
Layer_0
  10
489.32111
  20
494.97097
  0
VERTEX
  5
bee
  8
Layer_0
  10
489.3097
  20
494.97731
  0
VERTEX
  5
bef
  8
Layer_0
  10
489.2983
  20
494.98364
  42
0.0078706844
  0
VERTEX
  5
bf0
  8
Layer_0
  10
489.2869
  20
494.98998
  0
VERTEX
  5
bf1
  8
Layer_0
  10
489.28119
  20
494.99316
  0
VERTEX
  5
bf2
  8
Layer_0
  10
489.27548
  20
494.99632
  42
0.054722927
  0
VERTEX
  5
bf3
  8
Layer_0
  10
489.25836
  20
495.00583
  0
VERTEX
  5
bf4
  8
Layer_0
  10
489.25583
  20
495.00773
  0
VERTEX
  5
bf5
  8
Layer_0
  10
489.2533
  20
495.00963
  42
0.0011144793
  0
VERTEX
  5
bf6
  8
Layer_0
  10
489.24823
  20
495.01344
  0
VERTEX
  5
bf7
  8
Layer_0
  10
489.2457
  20
495.01534
  0
VERTEX
  5
bf8
  8
Layer_0
  10
489.24316
  20
495.01723
  0
VERTEX
  5
bf9
  8
Layer_0
  10
489.24063
  20
495.01913
  0
VERTEX
  5
bfa
  8
Layer_0
  10
489.2381
  20
495.02103
  42
0.001493717
  0
VERTEX
  5
bfb
  8
Layer_0
  10
489.23047
  20
495.02675
  0
VERTEX
  5
bfc
  8
Layer_0
  10
489.22797
  20
495.02864
  0
VERTEX
  5
bfd
  8
Layer_0
  10
489.22479
  20
495.02991
  0
VERTEX
  5
bfe
  8
Layer_0
  10
489.22162
  20
495.03117
  42
0.16678071
  0
VERTEX
  5
bff
  8
Layer_0
  10
489.19943
  20
495.04005
  0
VERTEX
  5
c00
  8
Layer_0
  10
489.19626
  20
495.04132
  0
VERTEX
  5
c01
  8
Layer_0
  10
489.19308
  20
495.04259
  0
VERTEX
  5
c02
  8
Layer_0
  10
489.18994
  20
495.04385
  0
VERTEX
  5
c03
  8
Layer_0
  10
489.18738
  20
495.04575
  42
-0.1213716
  0
VERTEX
  5
c04
  8
Layer_0
  10
489.18231
  20
495.04956
  0
VERTEX
  5
c05
  8
Layer_0
  10
489.17978
  20
495.05146
  0
VERTEX
  5
c06
  8
Layer_0
  10
489.17725
  20
495.05336
  0
VERTEX
  5
c07
  8
Layer_0
  10
489.17471
  20
495.05526
  0
VERTEX
  5
c08
  8
Layer_0
  10
489.17218
  20
495.05716
  42
-0.089932445
  0
VERTEX
  5
c09
  8
Layer_0
  10
489.15952
  20
495.06667
  0
VERTEX
  5
c0a
  8
Layer_0
  10
489.15759
  20
495.06857
  0
VERTEX
  5
c0b
  8
Layer_0
  10
489.1557
  20
495.07047
  0
VERTEX
  5
c0c
  8
Layer_0
  10
489.15381
  20
495.07237
  0
VERTEX
  5
c0d
  8
Layer_0
  10
489.15192
  20
495.07427
  0
VERTEX
  5
c0e
  8
Layer_0
  10
489.14999
  20
495.07617
  0
VERTEX
  5
c0f
  8
Layer_0
  10
489.1481
  20
495.07808
  0
VERTEX
  5
c10
  8
Layer_0
  10
489.14621
  20
495.07998
  0
VERTEX
  5
c11
  8
Layer_0
  10
489.14429
  20
495.08188
  0
VERTEX
  5
c12
  8
Layer_0
  10
489.1424
  20
495.08378
  0
VERTEX
  5
c13
  8
Layer_0
  10
489.1405
  20
495.08568
  0
VERTEX
  5
c14
  8
Layer_0
  10
489.13858
  20
495.08759
  0
VERTEX
  5
c15
  8
Layer_0
  10
489.13669
  20
495.08949
  0
VERTEX
  5
c16
  8
Layer_0
  10
489.13289
  20
495.09139
  0
VERTEX
  5
c17
  8
Layer_0
  10
489.12908
  20
495.09329
  0
VERTEX
  5
c18
  8
Layer_0
  10
489.12656
  20
495.09456
  42
0.00027557323
  0
VERTEX
  5
c19
  8
Layer_0
  10
489.11896
  20
495.09836
  42
0.15209089
  0
VERTEX
  5
c1a
  8
Layer_0
  10
489.11133
  20
495.10216
  42
0.0012738856
  0
VERTEX
  5
c1b
  8
Layer_0
  10
489.10626
  20
495.1047
  0
VERTEX
  5
c1c
  8
Layer_0
  10
489.10373
  20
495.1066
  0
VERTEX
  5
c1d
  8
Layer_0
  10
489.1012
  20
495.1085
  0
VERTEX
  5
c1e
  8
Layer_0
  10
489.09866
  20
495.1104
  0
VERTEX
  5
c1f
  8
Layer_0
  10
489.09613
  20
495.1123
  0
VERTEX
  5
c20
  8
Layer_0
  10
489.0936
  20
495.1142
  0
VERTEX
  5
c21
  8
Layer_0
  10
489.09106
  20
495.1161
  0
VERTEX
  5
c22
  8
Layer_0
  10
489.08853
  20
495.118
  0
VERTEX
  5
c23
  8
Layer_0
  10
489.086
  20
495.1199
  0
VERTEX
  5
c24
  8
Layer_0
  10
489.08347
  20
495.12181
  0
VERTEX
  5
c25
  8
Layer_0
  10
489.08093
  20
495.1237
  42
0.0002186676
  0
VERTEX
  5
c26
  8
Layer_0
  10
489.07584
  20
495.12752
  0
VERTEX
  5
c27
  8
Layer_0
  10
489.07394
  20
495.12941
  0
VERTEX
  5
c28
  8
Layer_0
  10
489.07205
  20
495.13131
  0
VERTEX
  5
c29
  8
Layer_0
  10
489.07013
  20
495.13322
  0
VERTEX
  5
c2a
  8
Layer_0
  10
489.06824
  20
495.13512
  0
VERTEX
  5
c2b
  8
Layer_0
  10
489.06635
  20
495.13702
  0
VERTEX
  5
c2c
  8
Layer_0
  10
489.06445
  20
495.13892
  0
VERTEX
  5
c2d
  8
Layer_0
  10
489.06253
  20
495.14082
  0
VERTEX
  5
c2e
  8
Layer_0
  10
489.06064
  20
495.14272
  0
VERTEX
  5
c2f
  8
Layer_0
  10
489.05875
  20
495.14462
  0
VERTEX
  5
c30
  8
Layer_0
  10
489.05682
  20
495.14653
  0
VERTEX
  5
c31
  8
Layer_0
  10
489.05493
  20
495.14842
  0
VERTEX
  5
c32
  8
Layer_0
  10
489.05304
  20
495.15033
  0
VERTEX
  5
c33
  8
Layer_0
  10
489.05115
  20
495.15222
  0
VERTEX
  5
c34
  8
Layer_0
  10
489.04922
  20
495.15413
  0
VERTEX
  5
c35
  8
Layer_0
  10
489.04733
  20
495.15603
  0
VERTEX
  5
c36
  8
Layer_0
  10
489.04541
  20
495.15794
  0
VERTEX
  5
c37
  8
Layer_0
  10
489.04352
  20
495.15984
  0
VERTEX
  5
c38
  8
Layer_0
  10
489.04163
  20
495.16173
  0
VERTEX
  5
c39
  8
Layer_0
  10
489.03973
  20
495.16364
  0
VERTEX
  5
c3a
  8
Layer_0
  10
489.03781
  20
495.16553
  0
VERTEX
  5
c3b
  8
Layer_0
  10
489.03592
  20
495.16743
  0
VERTEX
  5
c3c
  8
Layer_0
  10
489.03403
  20
495.16934
  0
VERTEX
  5
c3d
  8
Layer_0
  10
489.0321
  20
495.17124
  0
VERTEX
  5
c3e
  8
Layer_0
  10
489.03021
  20
495.17314
  0
VERTEX
  5
c3f
  8
Layer_0
  10
489.02832
  20
495.17504
  0
VERTEX
  5
c40
  8
Layer_0
  10
489.02643
  20
495.17694
  0
VERTEX
  5
c41
  8
Layer_0
  10
489.02451
  20
495.17885
  0
VERTEX
  5
c42
  8
Layer_0
  10
489.02261
  20
495.18075
  0
VERTEX
  5
c43
  8
Layer_0
  10
489.02072
  20
495.18265
  0
VERTEX
  5
c44
  8
Layer_0
  10
489.0188
  20
495.18456
  0
VERTEX
  5
c45
  8
Layer_0
  10
489.01691
  20
495.18645
  0
VERTEX
  5
c46
  8
Layer_0
  10
489.01501
  20
495.18835
  0
VERTEX
  5
c47
  8
Layer_0
  10
489.01309
  20
495.19025
  0
VERTEX
  5
c48
  8
Layer_0
  10
489.0112
  20
495.19215
  0
VERTEX
  5
c49
  8
Layer_0
  10
489.00931
  20
495.19406
  0
VERTEX
  5
c4a
  8
Layer_0
  10
489.00742
  20
495.19595
  0
VERTEX
  5
c4b
  8
Layer_0
  10
489.00613
  20
495.19786
  0
VERTEX
  5
c4c
  8
Layer_0
  10
489.00485
  20
495.19977
  42
-0.00040857585
  0
VERTEX
  5
c4d
  8
Layer_0
  10
489.00107
  20
495.20547
  42
-0.00032314762
  0
VERTEX
  5
c4e
  8
Layer_0
  10
488.99854
  20
495.20927
  42
-0.00040897749
  0
VERTEX
  5
c4f
  8
Layer_0
  10
488.99472
  20
495.21497
  0
VERTEX
  5
c50
  8
Layer_0
  10
488.99347
  20
495.21687
  0
VERTEX
  5
c51
  8
Layer_0
  10
488.99219
  20
495.21878
  0
VERTEX
  5
c52
  8
Layer_0
  10
488.99091
  20
495.22005
  0
VERTEX
  5
c53
  8
Layer_0
  10
488.98965
  20
495.22131
  0
VERTEX
  5
c54
  8
Layer_0
  10
488.9884
  20
495.22258
  0
VERTEX
  5
c55
  8
Layer_0
  10
488.98712
  20
495.22385
  0
VERTEX
  5
c56
  8
Layer_0
  10
488.98584
  20
495.22511
  0
VERTEX
  5
c57
  8
Layer_0
  10
488.98459
  20
495.22638
  0
VERTEX
  5
c58
  8
Layer_0
  10
488.98331
  20
495.22765
  0
VERTEX
  5
c59
  8
Layer_0
  10
488.98206
  20
495.22891
  0
VERTEX
  5
c5a
  8
Layer_0
  10
488.98077
  20
495.23018
  0
VERTEX
  5
c5b
  8
Layer_0
  10
488.97952
  20
495.23145
  0
VERTEX
  5
c5c
  8
Layer_0
  10
488.97824
  20
495.23271
  0
VERTEX
  5
c5d
  8
Layer_0
  10
488.97699
  20
495.23399
  0
VERTEX
  5
c5e
  8
Layer_0
  10
488.97507
  20
495.23652
  0
VERTEX
  5
c5f
  8
Layer_0
  10
488.97318
  20
495.23905
  42
-0.00066455666
  0
VERTEX
  5
c60
  8
Layer_0
  10
488.96558
  20
495.24919
  0
VERTEX
  5
c61
  8
Layer_0
  10
488.96368
  20
495.25172
  0
VERTEX
  5
c62
  8
Layer_0
  10
488.96176
  20
495.25426
  42
-0.00018905004
  0
VERTEX
  5
c63
  8
Layer_0
  10
488.95416
  20
495.2644
  0
VERTEX
  5
c64
  8
Layer_0
  10
488.95288
  20
495.26631
  42
-0.061321159
  0
VERTEX
  5
c65
  8
Layer_0
  10
488.95038
  20
495.27011
  0
VERTEX
  5
c66
  8
Layer_0
  10
488.9491
  20
495.27201
  0
VERTEX
  5
c67
  8
Layer_0
  10
488.94719
  20
495.27486
  0
VERTEX
  5
c68
  8
Layer_0
  10
488.94529
  20
495.27771
  0
VERTEX
  5
c69
  8
Layer_0
  10
488.94403
  20
495.27962
  42
-0.11644316
  0
VERTEX
  5
c6a
  8
Layer_0
  10
488.9415
  20
495.28342
  42
-0.00028200078
  0
VERTEX
  5
c6b
  8
Layer_0
  10
488.93896
  20
495.28722
  0
VERTEX
  5
c6c
  8
Layer_0
  10
488.93832
  20
495.28912
  0
VERTEX
  5
c6d
  8
Layer_0
  10
488.93768
  20
495.29102
  0
VERTEX
  5
c6e
  8
Layer_0
  10
488.93704
  20
495.29292
  0
VERTEX
  5
c6f
  8
Layer_0
  10
488.93643
  20
495.29483
  0
VERTEX
  5
c70
  8
Layer_0
  10
488.93579
  20
495.29672
  0
VERTEX
  5
c71
  8
Layer_0
  10
488.93515
  20
495.29863
  0
VERTEX
  5
c72
  8
Layer_0
  10
488.93451
  20
495.30053
  0
VERTEX
  5
c73
  8
Layer_0
  10
488.9339
  20
495.30243
  42
-0.00022251834
  0
VERTEX
  5
c74
  8
Layer_0
  10
488.93198
  20
495.30814
  0
VERTEX
  5
c75
  8
Layer_0
  10
488.93134
  20
495.31004
  42
0.028456007
  0
VERTEX
  5
c76
  8
Layer_0
  10
488.9288
  20
495.31384
  0
VERTEX
  5
c77
  8
Layer_0
  10
488.92755
  20
495.31573
  0
VERTEX
  5
c78
  8
Layer_0
  10
488.92627
  20
495.31764
  42
-0.00028433106
  0
VERTEX
  5
c79
  8
Layer_0
  10
488.92374
  20
495.32144
  0
VERTEX
  5
c7a
  8
Layer_0
  10
488.92249
  20
495.32335
  42
0.00029315194
  0
VERTEX
  5
c7b
  8
Layer_0
  10
488.91739
  20
495.33096
  0
VERTEX
  5
c7c
  8
Layer_0
  10
488.91614
  20
495.33286
  0
VERTEX
  5
c7d
  8
Layer_0
  10
488.9155
  20
495.33475
  0
VERTEX
  5
c7e
  8
Layer_0
  10
488.91487
  20
495.33665
  0
VERTEX
  5
c7f
  8
Layer_0
  10
488.91424
  20
495.33856
  0
VERTEX
  5
c80
  8
Layer_0
  10
488.9136
  20
495.34045
  0
VERTEX
  5
c81
  8
Layer_0
  10
488.91296
  20
495.34236
  0
VERTEX
  5
c82
  8
Layer_0
  10
488.91232
  20
495.34426
  0
VERTEX
  5
c83
  8
Layer_0
  10
488.91171
  20
495.34616
  0
VERTEX
  5
c84
  8
Layer_0
  10
488.91107
  20
495.34807
  0
VERTEX
  5
c85
  8
Layer_0
  10
488.91043
  20
495.34996
  0
VERTEX
  5
c86
  8
Layer_0
  10
488.90979
  20
495.35187
  0
VERTEX
  5
c87
  8
Layer_0
  10
488.90918
  20
495.35378
  0
VERTEX
  5
c88
  8
Layer_0
  10
488.90854
  20
495.35567
  0
VERTEX
  5
c89
  8
Layer_0
  10
488.90854
  20
495.3563
  0
VERTEX
  5
c8a
  8
Layer_0
  10
488.90853
  20
495.35757
  0
VERTEX
  5
c8b
  8
Layer_0
  10
488.90853
  20
495.35883
  0
VERTEX
  5
c8c
  8
Layer_0
  10
488.90854
  20
495.35947
  0
VERTEX
  5
c8d
  8
Layer_0
  10
488.90854
  20
495.36011
  0
VERTEX
  5
c8e
  8
Layer_0
  10
488.90854
  20
495.36074
  0
VERTEX
  5
c8f
  8
Layer_0
  10
488.90854
  20
495.36137
  0
VERTEX
  5
c90
  8
Layer_0
  10
488.90854
  20
495.362
  0
VERTEX
  5
c91
  8
Layer_0
  10
488.90854
  20
495.36264
  0
VERTEX
  5
c92
  8
Layer_0
  10
488.90854
  20
495.36327
  0
VERTEX
  5
c93
  8
Layer_0
  10
488.90918
  20
495.36391
  0
VERTEX
  5
c94
  8
Layer_0
  10
488.90979
  20
495.36455
  0
VERTEX
  5
c95
  8
Layer_0
  10
488.91043
  20
495.36517
  0
VERTEX
  5
c96
  8
Layer_0
  10
488.91107
  20
495.36581
  0
VERTEX
  5
c97
  8
Layer_0
  10
488.91171
  20
495.36644
  0
VERTEX
  5
c98
  8
Layer_0
  10
488.91232
  20
495.36708
  0
VERTEX
  5
c99
  8
Layer_0
  10
488.91296
  20
495.36771
  0
VERTEX
  5
c9a
  8
Layer_0
  10
488.9136
  20
495.36835
  0
VERTEX
  5
c9b
  8
Layer_0
  10
488.91425
  20
495.36898
  0
VERTEX
  5
c9c
  8
Layer_0
  10
488.91486
  20
495.36961
  0
VERTEX
  5
c9d
  8
Layer_0
  10
488.9155
  20
495.37025
  0
VERTEX
  5
c9e
  8
Layer_0
  10
488.91614
  20
495.37088
  42
-0.0012063292
  0
VERTEX
  5
c9f
  8
Layer_0
  10
488.91614
  20
495.37595
  0
VERTEX
  5
ca0
  8
Layer_0
  10
488.91614
  20
495.37721
  0
VERTEX
  5
ca1
  8
Layer_0
  10
488.91614
  20
495.37848
  0
VERTEX
  5
ca2
  8
Layer_0
  10
488.91614
  20
495.38038
  0
VERTEX
  5
ca3
  8
Layer_0
  10
488.91614
  20
495.38229
  0
VERTEX
  5
ca4
  8
Layer_0
  10
488.91614
  20
495.38419
  0
VERTEX
  5
ca5
  8
Layer_0
  10
488.91614
  20
495.38609
  0
VERTEX
  5
ca6
  8
Layer_0
  10
488.91614
  20
495.38672
  0
VERTEX
  5
ca7
  8
Layer_0
  10
488.91614
  20
495.38736
  42
-0.0007661582
  0
VERTEX
  5
ca8
  8
Layer_0
  10
488.91614
  20
495.38863
  0
VERTEX
  5
ca9
  8
Layer_0
  10
488.91614
  20
495.38925
  0
VERTEX
  5
caa
  8
Layer_0
  10
488.91614
  20
495.39021
  0
VERTEX
  5
cab
  8
Layer_0
  10
488.91614
  20
495.39116
  0
VERTEX
  5
cac
  8
Layer_0
  10
488.91614
  20
495.3918
  42
0.04507059
  0
VERTEX
  5
cad
  8
Layer_0
  10
488.91614
  20
495.39306
  0
VERTEX
  5
cae
  8
Layer_0
  10
488.91614
  20
495.39369
  0
VERTEX
  5
caf
  8
Layer_0
  10
488.91614
  20
495.39433
  42
-0.00077160787
  0
VERTEX
  5
cb0
  8
Layer_0
  10
488.91614
  20
495.3956
  0
VERTEX
  5
cb1
  8
Layer_0
  10
488.91614
  20
495.39622
  0
VERTEX
  5
cb2
  8
Layer_0
  10
488.91614
  20
495.39687
  0
VERTEX
  5
cb3
  8
Layer_0
  10
488.91614
  20
495.39781
  0
VERTEX
  5
cb4
  8
Layer_0
  10
488.91614
  20
495.39876
  0
VERTEX
  5
cb5
  8
Layer_0
  10
488.91614
  20
495.3994
  0
VERTEX
  5
cb6
  8
Layer_0
  10
488.91614
  20
495.40035
  0
VERTEX
  5
cb7
  8
Layer_0
  10
488.91614
  20
495.4013
  0
VERTEX
  5
cb8
  8
Layer_0
  10
488.91614
  20
495.40193
  42
-0.0037271588
  0
VERTEX
  5
cb9
  8
Layer_0
  10
488.91614
  20
495.4032
  0
VERTEX
  5
cba
  8
Layer_0
  10
488.91614
  20
495.40384
  0
VERTEX
  5
cbb
  8
Layer_0
  10
488.91614
  20
495.40446
  42
0.0032637921
  0
VERTEX
  5
cbc
  8
Layer_0
  10
488.91614
  20
495.40701
  0
VERTEX
  5
cbd
  8
Layer_0
  10
488.91614
  20
495.40764
  0
VERTEX
  5
cbe
  8
Layer_0
  10
488.91614
  20
495.40826
  0
VERTEX
  5
cbf
  8
Layer_0
  10
488.91614
  20
495.40891
  0
VERTEX
  5
cc0
  8
Layer_0
  10
488.91614
  20
495.41017
  0
VERTEX
  5
cc1
  8
Layer_0
  10
488.91614
  20
495.41144
  0
VERTEX
  5
cc2
  8
Layer_0
  10
488.91614
  20
495.41271
  0
VERTEX
  5
cc3
  8
Layer_0
  10
488.91614
  20
495.41398
  0
VERTEX
  5
cc4
  8
Layer_0
  10
488.91614
  20
495.41524
  0
VERTEX
  5
cc5
  8
Layer_0
  10
488.91614
  20
495.41651
  42
-0.55769678
  0
VERTEX
  5
cc6
  8
Layer_0
  10
488.91614
  20
495.42032
  42
-0.61794476
  0
VERTEX
  5
cc7
  8
Layer_0
  10
488.91614
  20
495.42285
  0
VERTEX
  5
cc8
  8
Layer_0
  10
488.91614
  20
495.42412
  0
VERTEX
  5
cc9
  8
Layer_0
  10
488.91614
  20
495.42474
  0
VERTEX
  5
cca
  8
Layer_0
  10
488.91614
  20
495.42538
  0
VERTEX
  5
ccb
  8
Layer_0
  10
488.91614
  20
495.42602
  0
VERTEX
  5
ccc
  8
Layer_0
  10
488.91614
  20
495.42665
  42
-0.4139108
  0
VERTEX
  5
ccd
  8
Layer_0
  10
488.91614
  20
495.42855
  0
VERTEX
  5
cce
  8
Layer_0
  10
488.91614
  20
495.42919
  0
VERTEX
  5
ccf
  8
Layer_0
  10
488.91614
  20
495.42982
  0
VERTEX
  5
cd0
  8
Layer_0
  10
488.91614
  20
495.43045
  0
VERTEX
  5
cd1
  8
Layer_0
  10
488.91614
  20
495.43109
  0
VERTEX
  5
cd2
  8
Layer_0
  10
488.91614
  20
495.43172
  0
VERTEX
  5
cd3
  8
Layer_0
  10
488.91614
  20
495.43267
  0
VERTEX
  5
cd4
  8
Layer_0
  10
488.91614
  20
495.43362
  0
VERTEX
  5
cd5
  8
Layer_0
  10
488.91614
  20
495.43425
  0
VERTEX
  5
cd6
  8
Layer_0
  10
488.91614
  20
495.43489
  0
VERTEX
  5
cd7
  8
Layer_0
  10
488.91614
  20
495.43552
  0
VERTEX
  5
cd8
  8
Layer_0
  10
488.91614
  20
495.43616
  0
VERTEX
  5
cd9
  8
Layer_0
  10
488.91614
  20
495.43678
  0
VERTEX
  5
cda
  8
Layer_0
  10
488.91614
  20
495.43742
  0
VERTEX
  5
cdb
  8
Layer_0
  10
488.91614
  20
495.43806
  0
VERTEX
  5
cdc
  8
Layer_0
  10
488.91614
  20
495.43869
  0
VERTEX
  5
cdd
  8
Layer_0
  10
488.91614
  20
495.43932
  0
VERTEX
  5
cde
  8
Layer_0
  10
488.9155
  20
495.43996
  0
VERTEX
  5
cdf
  8
Layer_0
  10
488.91486
  20
495.44059
  0
VERTEX
  5
ce0
  8
Layer_0
  10
488.91425
  20
495.44123
  0
VERTEX
  5
ce1
  8
Layer_0
  10
488.9136
  20
495.44186
  0
VERTEX
  5
ce2
  8
Layer_0
  10
488.91296
  20
495.4425
  0
VERTEX
  5
ce3
  8
Layer_0
  10
488.91235
  20
495.44312
  0
VERTEX
  5
ce4
  8
Layer_0
  10
488.91171
  20
495.44376
  0
VERTEX
  5
ce5
  8
Layer_0
  10
488.91107
  20
495.4444
  0
VERTEX
  5
ce6
  8
Layer_0
  10
488.91043
  20
495.44503
  0
VERTEX
  5
ce7
  8
Layer_0
  10
488.90979
  20
495.44566
  0
VERTEX
  5
ce8
  8
Layer_0
  10
488.90918
  20
495.4463
  0
VERTEX
  5
ce9
  8
Layer_0
  10
488.90854
  20
495.44693
  0
VERTEX
  5
cea
  8
Layer_0
  10
488.90854
  20
495.44757
  42
-0.41411835
  0
VERTEX
  5
ceb
  8
Layer_0
  10
488.90854
  20
495.44946
  0
VERTEX
  5
cec
  8
Layer_0
  10
488.90854
  20
495.4501
  42
0.0008532438
  0
VERTEX
  5
ced
  8
Layer_0
  10
488.90854
  20
495.45327
  0
VERTEX
  5
cee
  8
Layer_0
  10
488.90854
  20
495.4539
  0
VERTEX
  5
cef
  8
Layer_0
  10
488.90854
  20
495.45454
  42
-0.4887042
  0
VERTEX
  5
cf0
  8
Layer_0
  10
488.90854
  20
495.4558
  0
VERTEX
  5
cf1
  8
Layer_0
  10
488.90854
  20
495.45644
  0
VERTEX
  5
cf2
  8
Layer_0
  10
488.90853
  20
495.45707
  0
VERTEX
  5
cf3
  8
Layer_0
  10
488.90853
  20
495.45771
  0
VERTEX
  5
cf4
  8
Layer_0
  10
488.90854
  20
495.45834
  0
VERTEX
  5
cf5
  8
Layer_0
  10
488.90854
  20
495.45897
  0
VERTEX
  5
cf6
  8
Layer_0
  10
488.90854
  20
495.45961
  42
-0.48974285
  0
VERTEX
  5
cf7
  8
Layer_0
  10
488.90854
  20
495.46088
  0
VERTEX
  5
cf8
  8
Layer_0
  10
488.90854
  20
495.4615
  0
VERTEX
  5
cf9
  8
Layer_0
  10
488.90854
  20
495.46214
  0
VERTEX
  5
cfa
  8
Layer_0
  10
488.9079
  20
495.46214
  0
VERTEX
  5
cfb
  8
Layer_0
  10
488.90726
  20
495.46214
  0
VERTEX
  5
cfc
  8
Layer_0
  10
488.90662
  20
495.46214
  0
VERTEX
  5
cfd
  8
Layer_0
  10
488.90601
  20
495.46214
  0
VERTEX
  5
cfe
  8
Layer_0
  10
488.90536
  20
495.46214
  0
VERTEX
  5
cff
  8
Layer_0
  10
488.90378
  20
495.46214
  0
VERTEX
  5
d00
  8
Layer_0
  10
488.9022
  20
495.46214
  0
VERTEX
  5
d01
  8
Layer_0
  10
488.90155
  20
495.46214
  0
VERTEX
  5
d02
  8
Layer_0
  10
488.90094
  20
495.46214
  0
VERTEX
  5
d03
  8
Layer_0
  10
488.90094
  20
495.46278
  0
VERTEX
  5
d04
  8
Layer_0
  10
488.90094
  20
495.46341
  0
VERTEX
  5
d05
  8
Layer_0
  10
488.90094
  20
495.46404
  0
VERTEX
  5
d06
  8
Layer_0
  10
488.90093
  20
495.46467
  0
VERTEX
  5
d07
  8
Layer_0
  10
488.90093
  20
495.46531
  0
VERTEX
  5
d08
  8
Layer_0
  10
488.90094
  20
495.46594
  0
VERTEX
  5
d09
  8
Layer_0
  10
488.90094
  20
495.46658
  42
0.00042517062
  0
SEQEND
  0
POLYLINE
  5
d0b
  8
Layer_0
  62
7
  70
1
  66
1
  10
0
  20
0
  30
0
  0
VERTEX
  5
d0b
  8
Layer_0
  10
491.82134
  20
497.92624
  0
VERTEX
  5
d0c
  8
Layer_0
  10
491.82134
  20
497.92434
  0
VERTEX
  5
d0d
  8
Layer_0
  10
491.82134
  20
497.92243
  0
VERTEX
  5
d0e
  8
Layer_0
  10
491.82135
  20
497.92053
  0
VERTEX
  5
d0f
  8
Layer_0
  10
491.82135
  20
497.91863
  42
0.0015941075
  0
VERTEX
  5
d10
  8
Layer_0
  10
491.82135
  20
497.91293
  0
VERTEX
  5
d11
  8
Layer_0
  10
491.82135
  20
497.91103
  0
VERTEX
  5
d12
  8
Layer_0
  10
491.82135
  20
497.90913
  0
VERTEX
  5
d13
  8
Layer_0
  10
491.82134
  20
497.90627
  0
VERTEX
  5
d14
  8
Layer_0
  10
491.82134
  20
497.90342
  42
0.040037746
  0
VERTEX
  5
d15
  8
Layer_0
  10
491.82895
  20
497.77413
  0
VERTEX
  5
d16
  8
Layer_0
  10
491.82513
  20
497.77032
  0
VERTEX
  5
d17
  8
Layer_0
  10
491.82135
  20
497.76653
  0
VERTEX
  5
d18
  8
Layer_0
  10
491.81754
  20
497.76273
  0
VERTEX
  5
d19
  8
Layer_0
  10
491.81372
  20
497.75892
  0
VERTEX
  5
d1a
  8
Layer_0
  10
491.80994
  20
497.75512
  0
VERTEX
  5
d1b
  8
Layer_0
  10
491.80612
  20
497.75131
  0
VERTEX
  5
d1c
  8
Layer_0
  10
491.80234
  20
497.74751
  0
VERTEX
  5
d1d
  8
Layer_0
  10
491.79852
  20
497.74371
  0
VERTEX
  5
d1e
  8
Layer_0
  10
491.79471
  20
497.73991
  0
VERTEX
  5
d1f
  8
Layer_0
  10
491.79092
  20
497.73611
  0
VERTEX
  5
d20
  8
Layer_0
  10
491.78711
  20
497.7323
  0
VERTEX
  5
d21
  8
Layer_0
  10
491.78333
  20
497.7285
  42
0.0066602632
  0
VERTEX
  5
d22
  8
Layer_0
  10
491.77762
  20
497.72089
  0
VERTEX
  5
d23
  8
Layer_0
  10
491.7757
  20
497.71836
  0
VERTEX
  5
d24
  8
Layer_0
  10
491.7738
  20
497.71583
  0
VERTEX
  5
d25
  8
Layer_0
  10
491.77191
  20
497.71329
  0
VERTEX
  5
d26
  8
Layer_0
  10
491.76999
  20
497.71075
  0
VERTEX
  5
d27
  8
Layer_0
  10
491.7681
  20
497.70822
  0
VERTEX
  5
d28
  8
Layer_0
  10
491.7662
  20
497.70569
  0
VERTEX
  5
d29
  8
Layer_0
  10
491.76428
  20
497.70316
  42
0.0045654317
  0
VERTEX
  5
d2a
  8
Layer_0
  10
491.7605
  20
497.69808
  0
VERTEX
  5
d2b
  8
Layer_0
  10
491.75604
  20
497.69301
  0
VERTEX
  5
d2c
  8
Layer_0
  10
491.75162
  20
497.68794
  0
VERTEX
  5
d2d
  8
Layer_0
  10
491.74719
  20
497.68287
  0
VERTEX
  5
d2e
  8
Layer_0
  10
491.74274
  20
497.6778
  0
VERTEX
  5
d2f
  8
Layer_0
  10
491.73831
  20
497.67273
  0
VERTEX
  5
d30
  8
Layer_0
  10
491.73389
  20
497.66766
  0
VERTEX
  5
d31
  8
Layer_0
  10
491.72943
  20
497.66259
  0
VERTEX
  5
d32
  8
Layer_0
  10
491.72501
  20
497.65752
  0
VERTEX
  5
d33
  8
Layer_0
  10
491.72058
  20
497.65245
  0
VERTEX
  5
d34
  8
Layer_0
  10
491.71613
  20
497.64738
  0
VERTEX
  5
d35
  8
Layer_0
  10
491.7117
  20
497.6423
  0
VERTEX
  5
d36
  8
Layer_0
  10
491.70724
  20
497.63724
  0
VERTEX
  5
d37
  8
Layer_0
  10
491.70535
  20
497.63534
  0
VERTEX
  5
d38
  8
Layer_0
  10
491.70346
  20
497.63344
  0
VERTEX
  5
d39
  8
Layer_0
  10
491.70157
  20
497.63154
  0
VERTEX
  5
d3a
  8
Layer_0
  10
491.69965
  20
497.62964
  0
VERTEX
  5
d3b
  8
Layer_0
  10
491.69775
  20
497.62773
  0
VERTEX
  5
d3c
  8
Layer_0
  10
491.69586
  20
497.62583
  0
VERTEX
  5
d3d
  8
Layer_0
  10
491.69394
  20
497.62393
  0
VERTEX
  5
d3e
  8
Layer_0
  10
491.69205
  20
497.62202
  0
VERTEX
  5
d3f
  8
Layer_0
  10
491.69016
  20
497.62012
  0
VERTEX
  5
d40
  8
Layer_0
  10
491.68823
  20
497.61823
  0
VERTEX
  5
d41
  8
Layer_0
  10
491.68634
  20
497.61633
  0
VERTEX
  5
d42
  8
Layer_0
  10
491.68445
  20
497.61443
  0
VERTEX
  5
d43
  8
Layer_0
  10
491.67938
  20
497.60935
  0
VERTEX
  5
d44
  8
Layer_0
  10
491.67432
  20
497.60428
  0
VERTEX
  5
d45
  8
Layer_0
  10
491.66922
  20
497.59921
  0
VERTEX
  5
d46
  8
Layer_0
  10
491.66415
  20
497.59415
  0
VERTEX
  5
d47
  8
Layer_0
  10
491.65909
  20
497.58907
  0
VERTEX
  5
d48
  8
Layer_0
  10
491.65402
  20
497.584
  0
VERTEX
  5
d49
  8
Layer_0
  10
491.64896
  20
497.57893
  0
VERTEX
  5
d4a
  8
Layer_0
  10
491.64389
  20
497.57386
  0
VERTEX
  5
d4b
  8
Layer_0
  10
491.63882
  20
497.56879
  0
VERTEX
  5
d4c
  8
Layer_0
  10
491.63373
  20
497.56372
  0
VERTEX
  5
d4d
  8
Layer_0
  10
491.62866
  20
497.55865
  0
VERTEX
  5
d4e
  8
Layer_0
  10
491.6236
  20
497.55358
  0
VERTEX
  5
d4f
  8
Layer_0
  10
491.6217
  20
497.55168
  0
VERTEX
  5
d50
  8
Layer_0
  10
491.61981
  20
497.54977
  0
VERTEX
  5
d51
  8
Layer_0
  10
491.61789
  20
497.54787
  0
VERTEX
  5
d52
  8
Layer_0
  10
491.616
  20
497.54597
  0
VERTEX
  5
d53
  8
Layer_0
  10
491.61411
  20
497.54408
  0
VERTEX
  5
d54
  8
Layer_0
  10
491.61218
  20
497.54218
  0
VERTEX
  5
d55
  8
Layer_0
  10
491.61029
  20
497.54027
  0
VERTEX
  5
d56
  8
Layer_0
  10
491.6084
  20
497.53838
  0
VERTEX
  5
d57
  8
Layer_0
  10
491.60648
  20
497.53647
  0
VERTEX
  5
d58
  8
Layer_0
  10
491.60458
  20
497.53457
  0
VERTEX
  5
d59
  8
Layer_0
  10
491.60269
  20
497.53267
  0
VERTEX
  5
d5a
  8
Layer_0
  10
491.6008
  20
497.53076
  0
VERTEX
  5
d5b
  8
Layer_0
  10
491.59824
  20
497.5276
  0
VERTEX
  5
d5c
  8
Layer_0
  10
491.5957
  20
497.52442
  0
VERTEX
  5
d5d
  8
Layer_0
  10
491.59318
  20
497.52126
  0
VERTEX
  5
d5e
  8
Layer_0
  10
491.59064
  20
497.51809
  42
-0.00094925079
  0
VERTEX
  5
d5f
  8
Layer_0
  10
491.58304
  20
497.50858
  0
VERTEX
  5
d60
  8
Layer_0
  10
491.5805
  20
497.50542
  0
VERTEX
  5
d61
  8
Layer_0
  10
491.57797
  20
497.50225
  0
VERTEX
  5
d62
  8
Layer_0
  10
491.57544
  20
497.49908
  42
0.0063600582
  0
VERTEX
  5
d63
  8
Layer_0
  10
491.57037
  20
497.49274
  0
VERTEX
  5
d64
  8
Layer_0
  10
491.56784
  20
497.4902
  0
VERTEX
  5
d65
  8
Layer_0
  10
491.56531
  20
497.48767
  0
VERTEX
  5
d66
  8
Layer_0
  10
491.56274
  20
497.48513
  0
VERTEX
  5
d67
  8
Layer_0
  10
491.56021
  20
497.4826
  0
VERTEX
  5
d68
  8
Layer_0
  10
491.55768
  20
497.48006
  0
VERTEX
  5
d69
  8
Layer_0
  10
491.55515
  20
497.47753
  0
VERTEX
  5
d6a
  8
Layer_0
  10
491.55261
  20
497.47499
  0
VERTEX
  5
d6b
  8
Layer_0
  10
491.55008
  20
497.47246
  0
VERTEX
  5
d6c
  8
Layer_0
  10
491.54755
  20
497.46992
  0
VERTEX
  5
d6d
  8
Layer_0
  10
491.54501
  20
497.46739
  0
VERTEX
  5
d6e
  8
Layer_0
  10
491.54248
  20
497.46485
  0
VERTEX
  5
d6f
  8
Layer_0
  10
491.53995
  20
497.46232
  0
VERTEX
  5
d70
  8
Layer_0
  10
491.53552
  20
497.45724
  0
VERTEX
  5
d71
  8
Layer_0
  10
491.53107
  20
497.45218
  42
-2.6806507e-05
  0
VERTEX
  5
d72
  8
Layer_0
  10
491.52219
  20
497.44204
  0
VERTEX
  5
d73
  8
Layer_0
  10
491.51776
  20
497.43697
  42
0.0001737233
  0
VERTEX
  5
d74
  8
Layer_0
  10
491.49557
  20
497.41161
  42
0.01067502
  0
VERTEX
  5
d75
  8
Layer_0
  10
491.48669
  20
497.40147
  42
8.4742633e-06
  0
VERTEX
  5
d76
  8
Layer_0
  10
491.46454
  20
497.37613
  42
0.00018959328
  0
VERTEX
  5
d77
  8
Layer_0
  10
491.44678
  20
497.35584
  42
0.0002996061
  0
VERTEX
  5
d78
  8
Layer_0
  10
491.43347
  20
497.34064
  42
0.00050024689
  0
VERTEX
  5
d79
  8
Layer_0
  10
491.41129
  20
497.31528
  42
0.0003245773
  0
VERTEX
  5
d7a
  8
Layer_0
  10
491.39355
  20
497.295
  0
VERTEX
  5
d7b
  8
Layer_0
  10
491.38689
  20
497.2874
  0
VERTEX
  5
d7c
  8
Layer_0
  10
491.38023
  20
497.27979
  0
VERTEX
  5
d7d
  8
Layer_0
  10
491.37579
  20
497.27535
  0
VERTEX
  5
d7e
  8
Layer_0
  10
491.37137
  20
497.27092
  0
VERTEX
  5
d7f
  8
Layer_0
  10
491.36691
  20
497.26648
  0
VERTEX
  5
d80
  8
Layer_0
  10
491.36249
  20
497.26205
  0
VERTEX
  5
d81
  8
Layer_0
  10
491.35806
  20
497.25761
  0
VERTEX
  5
d82
  8
Layer_0
  10
491.35361
  20
497.25317
  0
VERTEX
  5
d83
  8
Layer_0
  10
491.34918
  20
497.24873
  0
VERTEX
  5
d84
  8
Layer_0
  10
491.34476
  20
497.2443
  0
VERTEX
  5
d85
  8
Layer_0
  10
491.3403
  20
497.23986
  0
VERTEX
  5
d86
  8
Layer_0
  10
491.33588
  20
497.23543
  0
VERTEX
  5
d87
  8
Layer_0
  10
491.33142
  20
497.23099
  0
VERTEX
  5
d88
  8
Layer_0
  10
491.327
  20
497.22655
  0
VERTEX
  5
d89
  8
Layer_0
  10
491.31369
  20
497.21578
  0
VERTEX
  5
d8a
  8
Layer_0
  10
491.30038
  20
497.20501
  0
VERTEX
  5
d8b
  8
Layer_0
  10
491.28708
  20
497.19423
  0
VERTEX
  5
d8c
  8
Layer_0
  10
491.27377
  20
497.18346
  0
VERTEX
  5
d8d
  8
Layer_0
  10
491.26044
  20
497.17268
  0
VERTEX
  5
d8e
  8
Layer_0
  10
491.24713
  20
497.16191
  0
VERTEX
  5
d8f
  8
Layer_0
  10
491.23383
  20
497.15114
  0
VERTEX
  5
d90
  8
Layer_0
  10
491.22052
  20
497.14037
  0
VERTEX
  5
d91
  8
Layer_0
  10
491.20721
  20
497.12959
  0
VERTEX
  5
d92
  8
Layer_0
  10
491.19391
  20
497.11882
  0
VERTEX
  5
d93
  8
Layer_0
  10
491.1806
  20
497.10804
  0
VERTEX
  5
d94
  8
Layer_0
  10
491.1673
  20
497.09727
  0
VERTEX
  5
d95
  8
Layer_0
  10
491.16223
  20
497.09219
  0
VERTEX
  5
d96
  8
Layer_0
  10
491.15714
  20
497.08713
  0
VERTEX
  5
d97
  8
Layer_0
  10
491.15207
  20
497.08205
  0
VERTEX
  5
d98
  8
Layer_0
  10
491.147
  20
497.07699
  0
VERTEX
  5
d99
  8
Layer_0
  10
491.14194
  20
497.07191
  0
VERTEX
  5
d9a
  8
Layer_0
  10
491.13687
  20
497.06685
  0
VERTEX
  5
d9b
  8
Layer_0
  10
491.13181
  20
497.06178
  0
VERTEX
  5
d9c
  8
Layer_0
  10
491.12674
  20
497.05671
  0
VERTEX
  5
d9d
  8
Layer_0
  10
491.12164
  20
497.05164
  0
VERTEX
  5
d9e
  8
Layer_0
  10
491.11658
  20
497.04657
  0
VERTEX
  5
d9f
  8
Layer_0
  10
491.11151
  20
497.0415
  0
VERTEX
  5
da0
  8
Layer_0
  10
491.10645
  20
497.03642
  0
VERTEX
  5
da1
  8
Layer_0
  10
491.10138
  20
497.03136
  0
VERTEX
  5
da2
  8
Layer_0
  10
491.09631
  20
497.02628
  0
VERTEX
  5
da3
  8
Layer_0
  10
491.09125
  20
497.02122
  0
VERTEX
  5
da4
  8
Layer_0
  10
491.08615
  20
497.01614
  0
VERTEX
  5
da5
  8
Layer_0
  10
491.08109
  20
497.01108
  0
VERTEX
  5
da6
  8
Layer_0
  10
491.07602
  20
497.006
  0
VERTEX
  5
da7
  8
Layer_0
  10
491.07095
  20
497.00093
  0
VERTEX
  5
da8
  8
Layer_0
  10
491.06589
  20
496.99586
  0
VERTEX
  5
da9
  8
Layer_0
  10
491.06082
  20
496.9908
  0
VERTEX
  5
daa
  8
Layer_0
  10
491.05576
  20
496.98573
  0
VERTEX
  5
dab
  8
Layer_0
  10
491.05066
  20
496.98065
  0
VERTEX
  5
dac
  8
Layer_0
  10
491.04559
  20
496.97559
  0
VERTEX
  5
dad
  8
Layer_0
  10
491.04053
  20
496.97051
  0
VERTEX
  5
dae
  8
Layer_0
  10
491.03546
  20
496.96544
  0
VERTEX
  5
daf
  8
Layer_0
  10
491.0304
  20
496.96037
  0
VERTEX
  5
db0
  8
Layer_0
  10
491.02533
  20
496.95531
  0
VERTEX
  5
db1
  8
Layer_0
  10
491.02026
  20
496.95023
  0
VERTEX
  5
db2
  8
Layer_0
  10
491.0152
  20
496.94516
  0
VERTEX
  5
db3
  8
Layer_0
  10
491.0101
  20
496.94009
  0
VERTEX
  5
db4
  8
Layer_0
  10
491.00504
  20
496.93502
  0
VERTEX
  5
db5
  8
Layer_0
  10
490.99997
  20
496.92995
  0
VERTEX
  5
db6
  8
Layer_0
  10
490.9949
  20
496.92488
  0
VERTEX
  5
db7
  8
Layer_0
  10
490.98984
  20
496.91982
  0
VERTEX
  5
db8
  8
Layer_0
  10
490.98477
  20
496.91474
  0
VERTEX
  5
db9
  8
Layer_0
  10
490.97906
  20
496.90777
  0
VERTEX
  5
dba
  8
Layer_0
  10
490.97336
  20
496.9008
  0
VERTEX
  5
dbb
  8
Layer_0
  10
490.96765
  20
496.89383
  0
VERTEX
  5
dbc
  8
Layer_0
  10
490.96194
  20
496.88686
  0
VERTEX
  5
dbd
  8
Layer_0
  10
490.95624
  20
496.87988
  0
VERTEX
  5
dbe
  8
Layer_0
  10
490.95053
  20
496.87291
  0
VERTEX
  5
dbf
  8
Layer_0
  10
490.94482
  20
496.86594
  0
VERTEX
  5
dc0
  8
Layer_0
  10
490.93912
  20
496.85897
  0
VERTEX
  5
dc1
  8
Layer_0
  10
490.93344
  20
496.852
  0
VERTEX
  5
dc2
  8
Layer_0
  10
490.92773
  20
496.84503
  0
VERTEX
  5
dc3
  8
Layer_0
  10
490.92203
  20
496.83805
  0
VERTEX
  5
dc4
  8
Layer_0
  10
490.91632
  20
496.83109
  0
VERTEX
  5
dc5
  8
Layer_0
  10
490.91125
  20
496.82538
  0
VERTEX
  5
dc6
  8
Layer_0
  10
490.90616
  20
496.81968
  42
-0.036786124
  0
VERTEX
  5
dc7
  8
Layer_0
  10
490.89096
  20
496.80257
  42
0.00018038102
  0
VERTEX
  5
dc8
  8
Layer_0
  10
490.8707
  20
496.77975
  42
0.00051277121
  0
VERTEX
  5
dc9
  8
Layer_0
  10
490.85547
  20
496.76263
  42
0.00012482447
  0
VERTEX
  5
dca
  8
Layer_0
  10
490.83011
  20
496.73412
  42
0.0005237241
  0
VERTEX
  5
dcb
  8
Layer_0
  10
490.80984
  20
496.7113
  42
0.00037290583
  0
VERTEX
  5
dcc
  8
Layer_0
  10
490.79971
  20
496.69989
  0
VERTEX
  5
dcd
  8
Layer_0
  10
490.79465
  20
496.69418
  42
0.01273659
  0
VERTEX
  5
dce
  8
Layer_0
  10
490.78448
  20
496.68279
  42
-0.038918711
  0
VERTEX
  5
dcf
  8
Layer_0
  10
490.77435
  20
496.67137
  42
0.00078526953
  0
VERTEX
  5
dd0
  8
Layer_0
  10
490.76422
  20
496.65997
  42
-0.40211214
  0
VERTEX
  5
dd1
  8
Layer_0
  10
490.75406
  20
496.64856
  42
0.00018080326
  0
VERTEX
  5
dd2
  8
Layer_0
  10
490.7338
  20
496.62574
  0
VERTEX
  5
dd3
  8
Layer_0
  10
490.73187
  20
496.62321
  0
VERTEX
  5
dd4
  8
Layer_0
  10
490.72998
  20
496.62067
  0
VERTEX
  5
dd5
  8
Layer_0
  10
490.72809
  20
496.61813
  0
VERTEX
  5
dd6
  8
Layer_0
  10
490.72333
  20
496.6118
  0
VERTEX
  5
dd7
  8
Layer_0
  10
490.71858
  20
496.60546
  42
0.007894253
  0
VERTEX
  5
dd8
  8
Layer_0
  10
490.71286
  20
496.59785
  0
VERTEX
  5
dd9
  8
Layer_0
  10
490.71097
  20
496.59532
  42
0.14873986
  0
VERTEX
  5
dda
  8
Layer_0
  10
490.44479
  20
496.81587
  0
VERTEX
  5
ddb
  8
Layer_0
  10
490.44543
  20
496.81715
  0
VERTEX
  5
ddc
  8
Layer_0
  10
490.44604
  20
496.81841
  42
0.23605356
  0
VERTEX
  5
ddd
  8
Layer_0
  10
490.44733
  20
496.82095
  0
VERTEX
  5
dde
  8
Layer_0
  10
490.44797
  20
496.82221
  0
VERTEX
  5
ddf
  8
Layer_0
  10
490.44891
  20
496.82411
  0
VERTEX
  5
de0
  8
Layer_0
  10
490.44986
  20
496.82601
  42
-0.0011165649
  0
VERTEX
  5
de1
  8
Layer_0
  10
490.45239
  20
496.83109
  0
VERTEX
  5
de2
  8
Layer_0
  10
490.45367
  20
496.83235
  0
VERTEX
  5
de3
  8
Layer_0
  10
490.45493
  20
496.83362
  0
VERTEX
  5
de4
  8
Layer_0
  10
490.45621
  20
496.83488
  0
VERTEX
  5
de5
  8
Layer_0
  10
490.45746
  20
496.83615
  0
VERTEX
  5
de6
  8
Layer_0
  10
490.45874
  20
496.83742
  0
VERTEX
  5
de7
  8
Layer_0
  10
490.45999
  20
496.83868
  0
VERTEX
  5
de8
  8
Layer_0
  10
490.46127
  20
496.83996
  0
VERTEX
  5
de9
  8
Layer_0
  10
490.46252
  20
496.84122
  0
VERTEX
  5
dea
  8
Layer_0
  10
490.46381
  20
496.84249
  0
VERTEX
  5
deb
  8
Layer_0
  10
490.46506
  20
496.84376
  0
VERTEX
  5
dec
  8
Layer_0
  10
490.46634
  20
496.84502
  0
VERTEX
  5
ded
  8
Layer_0
  10
490.46759
  20
496.8463
  0
VERTEX
  5
dee
  8
Layer_0
  10
490.47269
  20
496.85263
  0
VERTEX
  5
def
  8
Layer_0
  10
490.47775
  20
496.85897
  42
-0.00024029805
  0
VERTEX
  5
df0
  8
Layer_0
  10
490.49295
  20
496.87798
  42
-0.00037889411
  0
VERTEX
  5
df1
  8
Layer_0
  10
490.50311
  20
496.89066
  42
-0.0070925393
  0
VERTEX
  5
df2
  8
Layer_0
  10
490.51831
  20
496.90968
  0
VERTEX
  5
df3
  8
Layer_0
  10
490.52338
  20
496.91601
  0
VERTEX
  5
df4
  8
Layer_0
  10
490.52844
  20
496.92235
  0
VERTEX
  5
df5
  8
Layer_0
  10
490.53351
  20
496.92868
  0
VERTEX
  5
df6
  8
Layer_0
  10
490.53857
  20
496.93503
  0
VERTEX
  5
df7
  8
Layer_0
  10
490.54367
  20
496.94136
  0
VERTEX
  5
df8
  8
Layer_0
  10
490.54874
  20
496.9477
  0
VERTEX
  5
df9
  8
Layer_0
  10
490.5538
  20
496.95403
  0
VERTEX
  5
dfa
  8
Layer_0
  10
490.55887
  20
496.96037
  0
VERTEX
  5
dfb
  8
Layer_0
  10
490.56393
  20
496.96671
  0
VERTEX
  5
dfc
  8
Layer_0
  10
490.569
  20
496.97305
  0
VERTEX
  5
dfd
  8
Layer_0
  10
490.57407
  20
496.97939
  42
-0.00024001865
  0
VERTEX
  5
dfe
  8
Layer_0
  10
490.58929
  20
496.9984
  42
-0.00067367452
  0
VERTEX
  5
dff
  8
Layer_0
  10
490.59943
  20
497.01107
  42
-0.00033751187
  0
VERTEX
  5
e00
  8
Layer_0
  10
490.60956
  20
497.02375
  42
-0.0053249088
  0
VERTEX
  5
e01
  8
Layer_0
  10
490.61972
  20
497.03642
  42
-0.0049723994
  0
VERTEX
  5
e02
  8
Layer_0
  10
490.62985
  20
497.0491
  42
-0.0053241063
  0
VERTEX
  5
e03
  8
Layer_0
  10
490.63998
  20
497.06178
  42
-0.00070282796
  0
VERTEX
  5
e04
  8
Layer_0
  10
490.65015
  20
497.07445
  0
VERTEX
  5
e05
  8
Layer_0
  10
490.65267
  20
497.07762
  0
VERTEX
  5
e06
  8
Layer_0
  10
490.6552
  20
497.08079
  0
VERTEX
  5
e07
  8
Layer_0
  10
490.65775
  20
497.08395
  0
VERTEX
  5
e08
  8
Layer_0
  10
490.66028
  20
497.08713
  42
-0.0042639643
  0
VERTEX
  5
e09
  8
Layer_0
  10
490.67041
  20
497.0998
  0
VERTEX
  5
e0a
  8
Layer_0
  10
490.67294
  20
497.10297
  0
VERTEX
  5
e0b
  8
Layer_0
  10
490.67548
  20
497.10614
  42
7.4360634e-05
  0
VERTEX
  5
e0c
  8
Layer_0
  10
490.68054
  20
497.11248
  0
VERTEX
  5
e0d
  8
Layer_0
  10
490.68307
  20
497.11565
  42
4.4835027e-05
  0
VERTEX
  5
e0e
  8
Layer_0
  10
490.68817
  20
497.12199
  0
VERTEX
  5
e0f
  8
Layer_0
  10
490.6907
  20
497.12515
  42
-0.002846053
  0
VERTEX
  5
e10
  8
Layer_0
  10
490.69577
  20
497.13148
  0
VERTEX
  5
e11
  8
Layer_0
  10
490.6983
  20
497.13466
  0
VERTEX
  5
e12
  8
Layer_0
  10
490.70083
  20
497.13783
  0
VERTEX
  5
e13
  8
Layer_0
  10
490.70337
  20
497.141
  0
VERTEX
  5
e14
  8
Layer_0
  10
490.7059
  20
497.14417
  0
VERTEX
  5
e15
  8
Layer_0
  10
490.70844
  20
497.14734
  0
VERTEX
  5
e16
  8
Layer_0
  10
490.71097
  20
497.15051
  42
-0.0028453033
  0
VERTEX
  5
e17
  8
Layer_0
  10
490.71603
  20
497.15684
  0
VERTEX
  5
e18
  8
Layer_0
  10
490.71857
  20
497.16001
  0
VERTEX
  5
e19
  8
Layer_0
  10
490.7211
  20
497.16318
  42
-0.0033218403
  0
VERTEX
  5
e1a
  8
Layer_0
  10
490.72873
  20
497.17268
  0
VERTEX
  5
e1b
  8
Layer_0
  10
490.73126
  20
497.17586
  0
VERTEX
  5
e1c
  8
Layer_0
  10
490.7338
  20
497.17902
  0
VERTEX
  5
e1d
  8
Layer_0
  10
490.73633
  20
497.18219
  0
VERTEX
  5
e1e
  8
Layer_0
  10
490.73886
  20
497.18536
  0
VERTEX
  5
e1f
  8
Layer_0
  10
490.74139
  20
497.18853
  42
-0.0037893767
  0
VERTEX
  5
e20
  8
Layer_0
  10
490.74899
  20
497.19804
  42
-1.4064655e-05
  0
VERTEX
  5
e21
  8
Layer_0
  10
490.75659
  20
497.20754
  0
VERTEX
  5
e22
  8
Layer_0
  10
490.75916
  20
497.21071
  42
5.7607829e-05
  0
VERTEX
  5
e23
  8
Layer_0
  10
490.77182
  20
497.22656
  0
VERTEX
  5
e24
  8
Layer_0
  10
490.77435
  20
497.22972
  0
VERTEX
  5
e25
  8
Layer_0
  10
490.77689
  20
497.2329
  0
VERTEX
  5
e26
  8
Layer_0
  10
490.77942
  20
497.23606
  0
VERTEX
  5
e27
  8
Layer_0
  10
490.78195
  20
497.23923
  42
-2.2255565e-05
  0
VERTEX
  5
e28
  8
Layer_0
  10
490.78702
  20
497.24557
  42
-0.0021216276
  0
VERTEX
  5
e29
  8
Layer_0
  10
490.79211
  20
497.2519
  0
VERTEX
  5
e2a
  8
Layer_0
  10
490.79462
  20
497.25507
  42
-0.00051891191
  0
VERTEX
  5
e2b
  8
Layer_0
  10
490.80225
  20
497.26458
  0
VERTEX
  5
e2c
  8
Layer_0
  10
490.8035
  20
497.26585
  0
VERTEX
  5
e2d
  8
Layer_0
  10
490.80478
  20
497.26712
  0
VERTEX
  5
e2e
  8
Layer_0
  10
490.80603
  20
497.26839
  0
VERTEX
  5
e2f
  8
Layer_0
  10
490.80731
  20
497.26965
  0
VERTEX
  5
e30
  8
Layer_0
  10
490.80856
  20
497.27092
  0
VERTEX
  5
e31
  8
Layer_0
  10
490.80984
  20
497.27219
  0
VERTEX
  5
e32
  8
Layer_0
  10
490.8111
  20
497.27345
  0
VERTEX
  5
e33
  8
Layer_0
  10
490.81238
  20
497.27472
  0
VERTEX
  5
e34
  8
Layer_0
  10
490.81366
  20
497.27599
  0
VERTEX
  5
e35
  8
Layer_0
  10
490.81491
  20
497.27725
  0
VERTEX
  5
e36
  8
Layer_0
  10
490.81619
  20
497.27853
  0
VERTEX
  5
e37
  8
Layer_0
  10
490.81744
  20
497.27979
  0
VERTEX
  5
e38
  8
Layer_0
  10
490.81808
  20
497.28043
  0
VERTEX
  5
e39
  8
Layer_0
  10
490.81873
  20
497.28106
  0
VERTEX
  5
e3a
  8
Layer_0
  10
490.81934
  20
497.28169
  0
VERTEX
  5
e3b
  8
Layer_0
  10
490.81998
  20
497.28233
  0
VERTEX
  5
e3c
  8
Layer_0
  10
490.82062
  20
497.28296
  0
VERTEX
  5
e3d
  8
Layer_0
  10
490.82126
  20
497.28359
  0
VERTEX
  5
e3e
  8
Layer_0
  10
490.8219
  20
497.28423
  0
VERTEX
  5
e3f
  8
Layer_0
  10
490.82251
  20
497.28487
  0
VERTEX
  5
e40
  8
Layer_0
  10
490.82315
  20
497.28549
  0
VERTEX
  5
e41
  8
Layer_0
  10
490.82379
  20
497.28613
  0
VERTEX
  5
e42
  8
Layer_0
  10
490.82443
  20
497.28677
  0
VERTEX
  5
e43
  8
Layer_0
  10
490.82504
  20
497.2874
  0
VERTEX
  5
e44
  8
Layer_0
  10
490.82568
  20
497.28803
  0
VERTEX
  5
e45
  8
Layer_0
  10
490.82632
  20
497.28867
  0
VERTEX
  5
e46
  8
Layer_0
  10
490.82697
  20
497.2893
  0
VERTEX
  5
e47
  8
Layer_0
  10
490.82758
  20
497.28993
  0
VERTEX
  5
e48
  8
Layer_0
  10
490.82822
  20
497.29057
  0
VERTEX
  5
e49
  8
Layer_0
  10
490.82886
  20
497.2912
  0
VERTEX
  5
e4a
  8
Layer_0
  10
490.8295
  20
497.29183
  0
VERTEX
  5
e4b
  8
Layer_0
  10
490.83014
  20
497.29247
  0
VERTEX
  5
e4c
  8
Layer_0
  10
490.83075
  20
497.2931
  0
VERTEX
  5
e4d
  8
Layer_0
  10
490.83139
  20
497.29373
  0
VERTEX
  5
e4e
  8
Layer_0
  10
490.83203
  20
497.29437
  0
VERTEX
  5
e4f
  8
Layer_0
  10
490.83267
  20
497.295
  42
-0.0043823263
  0
VERTEX
  5
e50
  8
Layer_0
  10
490.84152
  20
497.30641
  42
-0.0002968967
  0
VERTEX
  5
e51
  8
Layer_0
  10
490.8504
  20
497.31782
  42
-0.00032540059
  0
VERTEX
  5
e52
  8
Layer_0
  10
490.85928
  20
497.32922
  42
-0.00032529658
  0
VERTEX
  5
e53
  8
Layer_0
  10
490.86816
  20
497.34064
  42
-0.0043962989
  0
VERTEX
  5
e54
  8
Layer_0
  10
490.87701
  20
497.35204
  42
-0.0043839256
  0
VERTEX
  5
e55
  8
Layer_0
  10
490.88589
  20
497.36345
  0
VERTEX
  5
e56
  8
Layer_0
  10
490.9182
  20
497.40528
  0
VERTEX
  5
e57
  8
Layer_0
  10
490.95054
  20
497.44711
  42
4.0998799e-05
  0
VERTEX
  5
e58
  8
Layer_0
  10
490.99362
  20
497.50288
  42
0.30292024
  0
VERTEX
  5
e59
  8
Layer_0
  10
491.05829
  20
497.58653
  0
VERTEX
  5
e5a
  8
Layer_0
  10
491.09061
  20
497.62836
  0
VERTEX
  5
e5b
  8
Layer_0
  10
491.12293
  20
497.67019
  0
VERTEX
  5
e5c
  8
Layer_0
  10
491.14447
  20
497.69808
  0
VERTEX
  5
e5d
  8
Layer_0
  10
491.14828
  20
497.70315
  0
VERTEX
  5
e5e
  8
Layer_0
  10
491.15207
  20
497.70822
  42
-0.22532644
  0
VERTEX
  5
e5f
  8
Layer_0
  10
491.1673
  20
497.7285
  0
VERTEX
  5
e60
  8
Layer_0
  10
491.17108
  20
497.73357
  42
0.00034483861
  0
VERTEX
  5
e61
  8
Layer_0
  10
491.1825
  20
497.74878
  42
0.00067478396
  0
VERTEX
  5
e62
  8
Layer_0
  10
491.19009
  20
497.75893
  42
1.2814352e-05
  0
VERTEX
  5
e63
  8
Layer_0
  10
491.19769
  20
497.76843
  0
VERTEX
  5
e64
  8
Layer_0
  10
491.20024
  20
497.7716
  0
VERTEX
  5
e65
  8
Layer_0
  10
491.20278
  20
497.77476
  0
VERTEX
  5
e66
  8
Layer_0
  10
491.20532
  20
497.77794
  42
-0.0039029045
  0
VERTEX
  5
e67
  8
Layer_0
  10
491.21545
  20
497.79061
  42
-0.0021216276
  0
VERTEX
  5
e68
  8
Layer_0
  10
491.22052
  20
497.79694
  0
VERTEX
  5
e69
  8
Layer_0
  10
491.22305
  20
497.80012
  42
-0.18108716
  0
VERTEX
  5
e6a
  8
Layer_0
  10
491.22812
  20
497.80646
  0
VERTEX
  5
e6b
  8
Layer_0
  10
491.23068
  20
497.80962
  42
-0.34417595
  0
VERTEX
  5
e6c
  8
Layer_0
  10
491.23828
  20
497.81914
  42
-0.0021228486
  0
VERTEX
  5
e6d
  8
Layer_0
  10
491.24335
  20
497.82547
  42
-0.0009702957
  0
VERTEX
  5
e6e
  8
Layer_0
  10
491.25095
  20
497.83498
  0
VERTEX
  5
e6f
  8
Layer_0
  10
491.25284
  20
497.83688
  0
VERTEX
  5
e70
  8
Layer_0
  10
491.25476
  20
497.83878
  0
VERTEX
  5
e71
  8
Layer_0
  10
491.25665
  20
497.84068
  0
VERTEX
  5
e72
  8
Layer_0
  10
491.25854
  20
497.84258
  0
VERTEX
  5
e73
  8
Layer_0
  10
491.26047
  20
497.84448
  0
VERTEX
  5
e74
  8
Layer_0
  10
491.26236
  20
497.84638
  0
VERTEX
  5
e75
  8
Layer_0
  10
491.26425
  20
497.84828
  0
VERTEX
  5
e76
  8
Layer_0
  10
491.26614
  20
497.85018
  0
VERTEX
  5
e77
  8
Layer_0
  10
491.26807
  20
497.85208
  0
VERTEX
  5
e78
  8
Layer_0
  10
491.26996
  20
497.85399
  0
VERTEX
  5
e79
  8
Layer_0
  10
491.27185
  20
497.85589
  0
VERTEX
  5
e7a
  8
Layer_0
  10
491.27377
  20
497.85779
  0
VERTEX
  5
e7b
  8
Layer_0
  10
491.27692
  20
497.8616
  0
VERTEX
  5
e7c
  8
Layer_0
  10
491.28009
  20
497.86539
  42
-0.0029051802
  0
VERTEX
  5
e7d
  8
Layer_0
  10
491.28644
  20
497.873
  0
VERTEX
  5
e7e
  8
Layer_0
  10
491.28961
  20
497.8768
  0
VERTEX
  5
e7f
  8
Layer_0
  10
491.29279
  20
497.88061
  42
-0.0034794726
  0
VERTEX
  5
e80
  8
Layer_0
  10
491.30228
  20
497.89201
  42
-0.0029203239
  0
VERTEX
  5
e81
  8
Layer_0
  10
491.30862
  20
497.89962
  0
VERTEX
  5
e82
  8
Layer_0
  10
491.3118
  20
497.90342
  0
VERTEX
  5
e83
  8
Layer_0
  10
491.31494
  20
497.90723
  42
-0.0023290277
  0
VERTEX
  5
e84
  8
Layer_0
  10
491.32129
  20
497.91483
  0
VERTEX
  5
e85
  8
Layer_0
  10
491.32446
  20
497.91863
  0
VERTEX
  5
e86
  8
Layer_0
  10
491.32764
  20
497.92244
  42
-0.0029018377
  0
VERTEX
  5
e87
  8
Layer_0
  10
491.33398
  20
497.93004
  0
VERTEX
  5
e88
  8
Layer_0
  10
491.33713
  20
497.93385
  0
VERTEX
  5
e89
  8
Layer_0
  10
491.3403
  20
497.93764
  42
-0.0034903172
  0
VERTEX
  5
e8a
  8
Layer_0
  10
491.34982
  20
497.94905
  0
VERTEX
  5
e8b
  8
Layer_0
  10
491.35043
  20
497.95033
  42
3.9575747e-05
  0
VERTEX
  5
e8c
  8
Layer_0
  10
491.35361
  20
497.95666
  0
VERTEX
  5
e8d
  8
Layer_0
  10
491.35425
  20
497.95793
  0
VERTEX
  5
e8e
  8
Layer_0
  10
491.35488
  20
497.95919
  42
-0.0020804001
  0
VERTEX
  5
e8f
  8
Layer_0
  10
491.35614
  20
497.96172
  0
VERTEX
  5
e90
  8
Layer_0
  10
491.35678
  20
497.963
  0
VERTEX
  5
e91
  8
Layer_0
  10
491.35742
  20
497.96426
  42
-0.00011396449
  0
VERTEX
  5
e92
  8
Layer_0
  10
491.35931
  20
497.96806
  0
VERTEX
  5
e93
  8
Layer_0
  10
491.35995
  20
497.96934
  42
-0.0019427994
  0
VERTEX
  5
e94
  8
Layer_0
  10
491.36124
  20
497.97187
  0
VERTEX
  5
e95
  8
Layer_0
  10
491.36185
  20
497.97313
  0
VERTEX
  5
e96
  8
Layer_0
  10
491.36249
  20
497.9744
  0
VERTEX
  5
e97
  8
Layer_0
  10
491.36312
  20
497.97567
  0
VERTEX
  5
e98
  8
Layer_0
  10
491.36376
  20
497.97694
  0
VERTEX
  5
e99
  8
Layer_0
  10
491.36438
  20
497.97821
  0
VERTEX
  5
e9a
  8
Layer_0
  10
491.36502
  20
497.97948
  42
-0.0035419314
  0
VERTEX
  5
e9b
  8
Layer_0
  10
491.37515
  20
497.99216
  0
VERTEX
  5
e9c
  8
Layer_0
  10
491.37769
  20
497.99532
  42
0.00051107648
  0
VERTEX
  5
e9d
  8
Layer_0
  10
491.38531
  20
498.00483
  42
0.0004451021
  0
VERTEX
  5
e9e
  8
Layer_0
  10
491.39545
  20
498.0175
  0
VERTEX
  5
e9f
  8
Layer_0
  10
491.39798
  20
498.02067
  0
VERTEX
  5
ea0
  8
Layer_0
  10
491.40051
  20
498.02383
  0
VERTEX
  5
ea1
  8
Layer_0
  10
491.40305
  20
498.02701
  42
0.00010599853
  0
VERTEX
  5
ea2
  8
Layer_0
  10
491.41571
  20
498.04285
  0
VERTEX
  5
ea3
  8
Layer_0
  10
491.41827
  20
498.04602
  0
VERTEX
  5
ea4
  8
Layer_0
  10
491.42081
  20
498.04919
  0
VERTEX
  5
ea5
  8
Layer_0
  10
491.42334
  20
498.05236
  0
VERTEX
  5
ea6
  8
Layer_0
  10
491.42587
  20
498.05553
  0
VERTEX
  5
ea7
  8
Layer_0
  10
491.42841
  20
498.05806
  0
VERTEX
  5
ea8
  8
Layer_0
  10
491.43094
  20
498.0606
  0
VERTEX
  5
ea9
  8
Layer_0
  10
491.43347
  20
498.06313
  0
VERTEX
  5
eaa
  8
Layer_0
  10
491.436
  20
498.06567
  0
VERTEX
  5
eab
  8
Layer_0
  10
491.43854
  20
498.06821
  0
VERTEX
  5
eac
  8
Layer_0
  10
491.44107
  20
498.07074
  0
VERTEX
  5
ead
  8
Layer_0
  10
491.4436
  20
498.07327
  0
VERTEX
  5
eae
  8
Layer_0
  10
491.44614
  20
498.07581
  0
VERTEX
  5
eaf
  8
Layer_0
  10
491.44867
  20
498.07835
  0
VERTEX
  5
eb0
  8
Layer_0
  10
491.4512
  20
498.08088
  0
VERTEX
  5
eb1
  8
Layer_0
  10
491.45374
  20
498.08341
  0
VERTEX
  5
eb2
  8
Layer_0
  10
491.4563
  20
498.08595
  0
VERTEX
  5
eb3
  8
Layer_0
  10
491.45944
  20
498.08912
  0
VERTEX
  5
eb4
  8
Layer_0
  10
491.46262
  20
498.09229
  0
VERTEX
  5
eb5
  8
Layer_0
  10
491.46579
  20
498.09546
  0
VERTEX
  5
eb6
  8
Layer_0
  10
491.46896
  20
498.09863
  0
VERTEX
  5
eb7
  8
Layer_0
  10
491.47214
  20
498.10179
  0
VERTEX
  5
eb8
  8
Layer_0
  10
491.47531
  20
498.10497
  0
VERTEX
  5
eb9
  8
Layer_0
  10
491.47845
  20
498.10813
  0
VERTEX
  5
eba
  8
Layer_0
  10
491.48163
  20
498.1113
  0
VERTEX
  5
ebb
  8
Layer_0
  10
491.4848
  20
498.11447
  0
VERTEX
  5
ebc
  8
Layer_0
  10
491.48798
  20
498.11764
  0
VERTEX
  5
ebd
  8
Layer_0
  10
491.49115
  20
498.1208
  0
VERTEX
  5
ebe
  8
Layer_0
  10
491.49432
  20
498.12398
  0
VERTEX
  5
ebf
  8
Layer_0
  10
491.49747
  20
498.12714
  0
VERTEX
  5
ec0
  8
Layer_0
  10
491.50064
  20
498.13031
  0
VERTEX
  5
ec1
  8
Layer_0
  10
491.50381
  20
498.13348
  0
VERTEX
  5
ec2
  8
Layer_0
  10
491.50699
  20
498.13665
  0
VERTEX
  5
ec3
  8
Layer_0
  10
491.51016
  20
498.13982
  0
VERTEX
  5
ec4
  8
Layer_0
  10
491.51334
  20
498.14299
  0
VERTEX
  5
ec5
  8
Layer_0
  10
491.51648
  20
498.14616
  0
VERTEX
  5
ec6
  8
Layer_0
  10
491.51965
  20
498.14932
  0
VERTEX
  5
ec7
  8
Layer_0
  10
491.52283
  20
498.1525
  0
VERTEX
  5
ec8
  8
Layer_0
  10
491.526
  20
498.15566
  0
VERTEX
  5
ec9
  8
Layer_0
  10
491.52917
  20
498.15883
  0
VERTEX
  5
eca
  8
Layer_0
  10
491.53235
  20
498.162
  0
VERTEX
  5
ecb
  8
Layer_0
  10
491.53488
  20
498.16454
  0
VERTEX
  5
ecc
  8
Layer_0
  10
491.53741
  20
498.16707
  0
VERTEX
  5
ecd
  8
Layer_0
  10
491.53995
  20
498.1696
  0
VERTEX
  5
ece
  8
Layer_0
  10
491.54248
  20
498.17214
  0
VERTEX
  5
ecf
  8
Layer_0
  10
491.54501
  20
498.17467
  0
VERTEX
  5
ed0
  8
Layer_0
  10
491.54755
  20
498.17722
  0
VERTEX
  5
ed1
  8
Layer_0
  10
491.55008
  20
498.17975
  0
VERTEX
  5
ed2
  8
Layer_0
  10
491.55261
  20
498.18228
  0
VERTEX
  5
ed3
  8
Layer_0
  10
491.55515
  20
498.18481
  0
VERTEX
  5
ed4
  8
Layer_0
  10
491.55768
  20
498.18736
  0
VERTEX
  5
ed5
  8
Layer_0
  10
491.56021
  20
498.18989
  0
VERTEX
  5
ed6
  8
Layer_0
  10
491.56274
  20
498.19242
  42
-0.00092883967
  0
VERTEX
  5
ed7
  8
Layer_0
  10
491.56656
  20
498.19749
  42
-0.0018184724
  0
VERTEX
  5
ed8
  8
Layer_0
  10
491.57037
  20
498.20256
  0
VERTEX
  5
ed9
  8
Layer_0
  10
491.57227
  20
498.20509
  0
VERTEX
  5
eda
  8
Layer_0
  10
491.57416
  20
498.20763
  42
-0.0018231993
  0
VERTEX
  5
edb
  8
Layer_0
  10
491.57797
  20
498.2127
  0
VERTEX
  5
edc
  8
Layer_0
  10
491.57986
  20
498.21523
  0
VERTEX
  5
edd
  8
Layer_0
  10
491.58179
  20
498.21777
  42
-0.0018228368
  0
VERTEX
  5
ede
  8
Layer_0
  10
491.58557
  20
498.22284
  0
VERTEX
  5
edf
  8
Layer_0
  10
491.58621
  20
498.22411
  0
VERTEX
  5
ee0
  8
Layer_0
  10
491.58685
  20
498.22538
  0
VERTEX
  5
ee1
  8
Layer_0
  10
491.58746
  20
498.22665
  0
VERTEX
  5
ee2
  8
Layer_0
  10
491.5881
  20
498.22791
  0
VERTEX
  5
ee3
  8
Layer_0
  10
491.58875
  20
498.22918
  0
VERTEX
  5
ee4
  8
Layer_0
  10
491.58939
  20
498.23045
  42
-0.00017157965
  0
VERTEX
  5
ee5
  8
Layer_0
  10
491.59064
  20
498.23298
  0
VERTEX
  5
ee6
  8
Layer_0
  10
491.59128
  20
498.23425
  0
VERTEX
  5
ee7
  8
Layer_0
  10
491.59192
  20
498.23552
  0
VERTEX
  5
ee8
  8
Layer_0
  10
491.59255
  20
498.23679
  0
VERTEX
  5
ee9
  8
Layer_0
  10
491.59318
  20
498.23805
  0
VERTEX
  5
eea
  8
Layer_0
  10
491.68017
  20
498.13015
  0
VERTEX
  5
eeb
  8
Layer_0
  10
491.74719
  20
498.04222
  0
VERTEX
  5
eec
  8
Layer_0
  10
491.79424
  20
497.97425
  0
SEQEND
  0
POLYLINE
  5
eee
  8
Layer_0
  62
7
  70
1
  66
1
  10
0
  20
0
  30
0
  0
VERTEX
  5
eee
  8
Layer_0
  10
490.01889
  20
496.50406
  0
VERTEX
  5
eef
  8
Layer_0
  10
490.0303
  20
496.50406
  0
VERTEX
  5
ef0
  8
Layer_0
  10
490.04172
  20
496.50406
  0
VERTEX
  5
ef1
  8
Layer_0
  10
490.05313
  20
496.50406
  0
VERTEX
  5
ef2
  8
Layer_0
  10
490.06451
  20
496.50406
  42
-0.00039502185
  0
VERTEX
  5
ef3
  8
Layer_0
  10
490.08734
  20
496.50406
  0
VERTEX
  5
ef4
  8
Layer_0
  10
490.11017
  20
496.50406
  0
VERTEX
  5
ef5
  8
Layer_0
  10
490.13297
  20
496.50406
  42
-0.000896442
  0
VERTEX
  5
ef6
  8
Layer_0
  10
490.15579
  20
496.50406
  0
VERTEX
  5
ef7
  8
Layer_0
  10
490.16531
  20
496.50406
  0
VERTEX
  5
ef8
  8
Layer_0
  10
490.1748
  20
496.50406
  0
VERTEX
  5
ef9
  8
Layer_0
  10
490.18433
  20
496.50406
  0
VERTEX
  5
efa
  8
Layer_0
  10
490.19382
  20
496.50406
  0
VERTEX
  5
efb
  8
Layer_0
  10
490.2318
  20
496.50408
  0
VERTEX
  5
efc
  8
Layer_0
  10
490.26987
  20
496.50406
  0
VERTEX
  5
efd
  8
Layer_0
  10
490.28381
  20
496.48821
  0
VERTEX
  5
efe
  8
Layer_0
  10
490.29776
  20
496.47237
  0
VERTEX
  5
eff
  8
Layer_0
  10
490.31171
  20
496.45653
  0
VERTEX
  5
f00
  8
Layer_0
  10
490.32562
  20
496.44068
  0
VERTEX
  5
f01
  8
Layer_0
  10
490.3396
  20
496.42484
  0
VERTEX
  5
f02
  8
Layer_0
  10
490.35352
  20
496.409
  0
VERTEX
  5
f03
  8
Layer_0
  10
490.36746
  20
496.39315
  0
VERTEX
  5
f04
  8
Layer_0
  10
490.38141
  20
496.3773
  0
VERTEX
  5
f05
  8
Layer_0
  10
490.39536
  20
496.36147
  0
VERTEX
  5
f06
  8
Layer_0
  10
490.41616
  20
496.33816
  0
VERTEX
  5
f07
  8
Layer_0
  10
490.43718
  20
496.31393
  0
VERTEX
  5
f08
  8
Layer_0
  10
490.43719
  20
496.31266
  0
VERTEX
  5
f09
  8
Layer_0
  10
490.43719
  20
496.31139
  0
VERTEX
  5
f0a
  8
Layer_0
  10
490.43718
  20
496.31013
  0
VERTEX
  5
f0b
  8
Layer_0
  10
490.43718
  20
496.30886
  0
VERTEX
  5
f0c
  8
Layer_0
  10
490.43719
  20
496.30759
  42
0.0002230153
  0
VERTEX
  5
f0d
  8
Layer_0
  10
490.43719
  20
496.30505
  0
VERTEX
  5
f0e
  8
Layer_0
  10
490.43719
  20
496.30379
  0
VERTEX
  5
f0f
  8
Layer_0
  10
490.43719
  20
496.30252
  0
VERTEX
  5
f10
  8
Layer_0
  10
490.43719
  20
496.30125
  0
VERTEX
  5
f11
  8
Layer_0
  10
490.43719
  20
496.29998
  0
VERTEX
  5
f12
  8
Layer_0
  10
490.43719
  20
496.29872
  0
VERTEX
  5
f13
  8
Layer_0
  10
490.43719
  20
496.28604
  0
VERTEX
  5
f14
  8
Layer_0
  10
490.43719
  20
496.27336
  42
0.00020570488
  0
VERTEX
  5
f15
  8
Layer_0
  10
490.43719
  20
496.24802
  0
VERTEX
  5
f16
  8
Layer_0
  10
490.43719
  20
496.23534
  0
VERTEX
  5
f17
  8
Layer_0
  10
490.43719
  20
496.22266
  0
VERTEX
  5
f18
  8
Layer_0
  10
490.43719
  20
496.20999
  42
2.607695e-05
  0
VERTEX
  5
f19
  8
Layer_0
  10
490.43719
  20
496.18464
  0
VERTEX
  5
f1a
  8
Layer_0
  10
490.43719
  20
496.17196
  0
VERTEX
  5
f1b
  8
Layer_0
  10
490.43719
  20
496.15929
  0
VERTEX
  5
f1c
  8
Layer_0
  10
490.43719
  20
496.14661
  0
VERTEX
  5
f1d
  8
Layer_0
  10
490.43719
  20
496.13964
  0
VERTEX
  5
f1e
  8
Layer_0
  10
490.43719
  20
496.13267
  0
VERTEX
  5
f1f
  8
Layer_0
  10
490.43719
  20
496.12569
  0
VERTEX
  5
f20
  8
Layer_0
  10
490.43719
  20
496.11873
  0
VERTEX
  5
f21
  8
Layer_0
  10
490.43719
  20
496.11176
  0
VERTEX
  5
f22
  8
Layer_0
  10
490.43719
  20
496.10479
  0
VERTEX
  5
f23
  8
Layer_0
  10
490.43719
  20
496.09782
  0
VERTEX
  5
f24
  8
Layer_0
  10
490.43719
  20
496.09084
  0
VERTEX
  5
f25
  8
Layer_0
  10
490.43719
  20
496.08386
  0
VERTEX
  5
f26
  8
Layer_0
  10
490.43719
  20
496.0769
  0
VERTEX
  5
f27
  8
Layer_0
  10
490.43719
  20
496.06992
  0
VERTEX
  5
f28
  8
Layer_0
  10
490.43719
  20
496.06296
  0
VERTEX
  5
f29
  8
Layer_0
  10
490.42325
  20
496.04901
  0
VERTEX
  5
f2a
  8
Layer_0
  10
490.4093
  20
496.03507
  0
VERTEX
  5
f2b
  8
Layer_0
  10
490.39536
  20
496.02113
  0
VERTEX
  5
f2c
  8
Layer_0
  10
490.38141
  20
496.00719
  0
VERTEX
  5
f2d
  8
Layer_0
  10
490.36746
  20
495.99324
  0
VERTEX
  5
f2e
  8
Layer_0
  10
490.35352
  20
495.9793
  0
VERTEX
  5
f2f
  8
Layer_0
  10
490.33957
  20
495.96535
  0
VERTEX
  5
f30
  8
Layer_0
  10
490.32565
  20
495.95142
  0
VERTEX
  5
f31
  8
Layer_0
  10
490.31171
  20
495.93747
  0
VERTEX
  5
f32
  8
Layer_0
  10
490.29776
  20
495.92352
  0
VERTEX
  5
f33
  8
Layer_0
  10
490.28381
  20
495.90958
  0
VERTEX
  5
f34
  8
Layer_0
  10
490.26987
  20
495.89565
  0
VERTEX
  5
f35
  8
Layer_0
  10
490.26544
  20
495.89564
  0
VERTEX
  5
f36
  8
Layer_0
  10
490.26099
  20
495.89564
  42
-0.4141962
  0
VERTEX
  5
f37
  8
Layer_0
  10
490.25214
  20
495.89565
  0
VERTEX
  5
f38
  8
Layer_0
  10
490.24768
  20
495.89564
  0
VERTEX
  5
f39
  8
Layer_0
  10
490.24326
  20
495.89564
  0
VERTEX
  5
f3a
  8
Layer_0
  10
490.23883
  20
495.89564
  0
VERTEX
  5
f3b
  8
Layer_0
  10
490.23438
  20
495.89564
  0
VERTEX
  5
f3c
  8
Layer_0
  10
490.22995
  20
495.89565
  0
VERTEX
  5
f3d
  8
Layer_0
  10
490.22549
  20
495.89565
  0
VERTEX
  5
f3e
  8
Layer_0
  10
490.22107
  20
495.89565
  0
VERTEX
  5
f3f
  8
Layer_0
  10
490.21664
  20
495.89564
  42
0.00047918716
  0
VERTEX
  5
f40
  8
Layer_0
  10
490.20901
  20
495.88613
  0
VERTEX
  5
f41
  8
Layer_0
  10
490.20648
  20
495.88297
  42
1.0288488e-05
  0
VERTEX
  5
f42
  8
Layer_0
  10
490.19635
  20
495.87029
  0
VERTEX
  5
f43
  8
Layer_0
  10
490.19382
  20
495.86712
  0
VERTEX
  5
f44
  8
Layer_0
  10
490.19128
  20
495.86395
  0
VERTEX
  5
f45
  8
Layer_0
  10
490.18875
  20
495.86079
  0
VERTEX
  5
f46
  8
Layer_0
  10
490.18621
  20
495.85761
  42
0.00067615988
  0
VERTEX
  5
f47
  8
Layer_0
  10
490.17609
  20
495.84494
  42
0.00036004869
  0
VERTEX
  5
f48
  8
Layer_0
  10
490.16592
  20
495.83226
  0
VERTEX
  5
f49
  8
Layer_0
  10
490.16086
  20
495.82592
  0
VERTEX
  5
f4a
  8
Layer_0
  10
490.15579
  20
495.81959
  42
2.0615157e-05
  0
VERTEX
  5
f4b
  8
Layer_0
  10
490.14566
  20
495.80692
  0
VERTEX
  5
f4c
  8
Layer_0
  10
490.14056
  20
495.80058
  42
-0.00071395456
  0
VERTEX
  5
f4d
  8
Layer_0
  10
490.13043
  20
495.7879
  0
VERTEX
  5
f4e
  8
Layer_0
  10
490.12537
  20
495.78156
  0
VERTEX
  5
f4f
  8
Layer_0
  10
490.1203
  20
495.77522
  0
VERTEX
  5
f50
  8
Layer_0
  10
490.11523
  20
495.76889
  0
VERTEX
  5
f51
  8
Layer_0
  10
490.11017
  20
495.76254
  42
0.00037249592
  0
VERTEX
  5
f52
  8
Layer_0
  10
490.10004
  20
495.74987
  42
0.00039192574
  0
VERTEX
  5
f53
  8
Layer_0
  10
490.08987
  20
495.7372
  42
0.00038144946
  0
VERTEX
  5
f54
  8
Layer_0
  10
490.07974
  20
495.72452
  0
VERTEX
  5
f55
  8
Layer_0
  10
490.07468
  20
495.71819
  0
VERTEX
  5
f56
  8
Layer_0
  10
490.06961
  20
495.71185
  0
VERTEX
  5
f57
  8
Layer_0
  10
490.06451
  20
495.70551
  0
VERTEX
  5
f58
  8
Layer_0
  10
490.05945
  20
495.69917
  42
0.00037677902
  0
VERTEX
  5
f59
  8
Layer_0
  10
490.04932
  20
495.68649
  0
VERTEX
  5
f5a
  8
Layer_0
  10
490.04425
  20
495.68016
  0
VERTEX
  5
f5b
  8
Layer_0
  10
490.03918
  20
495.67382
  0
VERTEX
  5
f5c
  8
Layer_0
  10
490.03412
  20
495.66748
  0
VERTEX
  5
f5d
  8
Layer_0
  10
490.02905
  20
495.66115
  0
VERTEX
  5
f5e
  8
Layer_0
  10
490.02396
  20
495.65481
  0
VERTEX
  5
f5f
  8
Layer_0
  10
490.01889
  20
495.64847
  0
VERTEX
  5
f60
  8
Layer_0
  10
490.01382
  20
495.64214
  0
VERTEX
  5
f61
  8
Layer_0
  10
490.00876
  20
495.63579
  0
VERTEX
  5
f62
  8
Layer_0
  10
490.00369
  20
495.62946
  0
VERTEX
  5
f63
  8
Layer_0
  10
490.00177
  20
495.62756
  0
VERTEX
  5
f64
  8
Layer_0
  10
489.99988
  20
495.62566
  0
VERTEX
  5
f65
  8
Layer_0
  10
489.99799
  20
495.62376
  0
VERTEX
  5
f66
  8
Layer_0
  10
489.99609
  20
495.62186
  0
VERTEX
  5
f67
  8
Layer_0
  10
489.99417
  20
495.61995
  0
VERTEX
  5
f68
  8
Layer_0
  10
489.99228
  20
495.61805
  0
VERTEX
  5
f69
  8
Layer_0
  10
489.99039
  20
495.61615
  0
VERTEX
  5
f6a
  8
Layer_0
  10
489.98846
  20
495.61424
  0
VERTEX
  5
f6b
  8
Layer_0
  10
489.98657
  20
495.61235
  0
VERTEX
  5
f6c
  8
Layer_0
  10
489.98468
  20
495.61044
  0
VERTEX
  5
f6d
  8
Layer_0
  10
489.98276
  20
495.60854
  0
VERTEX
  5
f6e
  8
Layer_0
  10
489.98087
  20
495.60664
  42
0.069672986
  0
VERTEX
  5
f6f
  8
Layer_0
  10
490.14059
  20
495.58382
  42
0.26174546
  0
VERTEX
  5
f70
  8
Layer_0
  10
490.66534
  20
495.87283
  0
VERTEX
  5
f71
  8
Layer_0
  10
493.98123
  20
495.87282
  42
0.29034458
  0
VERTEX
  5
f72
  8
Layer_0
  10
494.66571
  20
495.42412
  42
0.23065025
  0
VERTEX
  5
f73
  8
Layer_0
  10
495.25131
  20
495.70551
  0
VERTEX
  5
f74
  8
Layer_0
  10
495.25131
  20
495.70615
  0
VERTEX
  5
f75
  8
Layer_0
  10
495.25128
  20
495.70677
  0
VERTEX
  5
f76
  8
Layer_0
  10
495.25131
  20
495.70741
  42
0.0010547091
  0
VERTEX
  5
f77
  8
Layer_0
  10
495.25131
  20
495.70931
  0
VERTEX
  5
f78
  8
Layer_0
  10
495.2513
  20
495.70995
  0
VERTEX
  5
f79
  8
Layer_0
  10
495.2513
  20
495.71058
  0
VERTEX
  5
f7a
  8
Layer_0
  10
495.25131
  20
495.71121
  0
VERTEX
  5
f7b
  8
Layer_0
  10
495.25128
  20
495.71185
  42
0.0010904974
  0
VERTEX
  5
f7c
  8
Layer_0
  10
495.25128
  20
495.71312
  0
VERTEX
  5
f7d
  8
Layer_0
  10
495.25128
  20
495.71819
  42
-0.14309637
  0
VERTEX
  5
f7e
  8
Layer_0
  10
495.25128
  20
495.75874
  0
VERTEX
  5
f7f
  8
Layer_0
  10
495.25131
  20
495.76382
  0
VERTEX
  5
f80
  8
Layer_0
  10
495.25128
  20
495.76889
  0
VERTEX
  5
f81
  8
Layer_0
  10
495.25128
  20
495.77396
  42
0.2963292
  0
VERTEX
  5
f82
  8
Layer_0
  10
495.1727
  20
495.77396
  0
VERTEX
  5
f83
  8
Layer_0
  10
495.13342
  20
495.77396
  0
VERTEX
  5
f84
  8
Layer_0
  10
495.09412
  20
495.77396
  0
VERTEX
  5
f85
  8
Layer_0
  10
495.05484
  20
495.77396
  0
VERTEX
  5
f86
  8
Layer_0
  10
495.01553
  20
495.77396
  0
VERTEX
  5
f87
  8
Layer_0
  10
494.97626
  20
495.77396
  0
VERTEX
  5
f88
  8
Layer_0
  10
494.93695
  20
495.77396
  0
VERTEX
  5
f89
  8
Layer_0
  10
494.89764
  20
495.77396
  0
VERTEX
  5
f8a
  8
Layer_0
  10
494.85837
  20
495.77396
  42
-0.25640524
  0
VERTEX
  5
f8b
  8
Layer_0
  10
494.77979
  20
495.77396
  0
VERTEX
  5
f8c
  8
Layer_0
  10
494.75314
  20
495.80818
  0
VERTEX
  5
f8d
  8
Layer_0
  10
494.72653
  20
495.8424
  0
VERTEX
  5
f8e
  8
Layer_0
  10
494.69992
  20
495.87663
  0
VERTEX
  5
f8f
  8
Layer_0
  10
494.67331
  20
495.91085
  0
VERTEX
  5
f90
  8
Layer_0
  10
494.64667
  20
495.94508
  0
VERTEX
  5
f91
  8
Layer_0
  10
494.62006
  20
495.97929
  42
0.070120981
  0
VERTEX
  5
f92
  8
Layer_0
  10
494.56683
  20
496.04774
  42
-0.010776239
  0
VERTEX
  5
f93
  8
Layer_0
  10
494.51358
  20
496.1162
  0
VERTEX
  5
f94
  8
Layer_0
  10
494.48695
  20
496.15048
  0
VERTEX
  5
f95
  8
Layer_0
  10
494.46035
  20
496.18464
  0
VERTEX
  5
f96
  8
Layer_0
  10
494.48697
  20
496.21823
  0
VERTEX
  5
f97
  8
Layer_0
  10
494.51358
  20
496.25182
  42
-0.063540247
  0
VERTEX
  5
f98
  8
Layer_0
  10
494.56683
  20
496.319
  42
0.037530691
  0
VERTEX
  5
f99
  8
Layer_0
  10
494.62006
  20
496.38618
  0
VERTEX
  5
f9a
  8
Layer_0
  10
494.64664
  20
496.41978
  0
VERTEX
  5
f9b
  8
Layer_0
  10
494.6733
  20
496.45336
  0
VERTEX
  5
f9c
  8
Layer_0
  10
494.69992
  20
496.48695
  0
VERTEX
  5
f9d
  8
Layer_0
  10
494.72653
  20
496.52054
  42
0.41797315
  0
VERTEX
  5
f9e
  8
Layer_0
  10
494.77979
  20
496.58772
  0
VERTEX
  5
f9f
  8
Layer_0
  10
494.81906
  20
496.58772
  0
VERTEX
  5
fa0
  8
Layer_0
  10
494.85835
  20
496.5877
  0
VERTEX
  5
fa1
  8
Layer_0
  10
494.89766
  20
496.58772
  0
VERTEX
  5
fa2
  8
Layer_0
  10
494.93695
  20
496.58772
  0
VERTEX
  5
fa3
  8
Layer_0
  10
494.97621
  20
496.58769
  0
VERTEX
  5
fa4
  8
Layer_0
  10
495.01554
  20
496.58772
  42
0.001317263
  0
VERTEX
  5
fa5
  8
Layer_0
  10
495.09412
  20
496.58772
  0
VERTEX
  5
fa6
  8
Layer_0
  10
495.13342
  20
496.58772
  42
-0.015499914
  0
VERTEX
  5
fa7
  8
Layer_0
  10
495.21201
  20
496.58772
  0
VERTEX
  5
fa8
  8
Layer_0
  10
495.25131
  20
496.58772
  0
VERTEX
  5
fa9
  8
Layer_0
  10
495.25131
  20
496.59342
  0
VERTEX
  5
faa
  8
Layer_0
  10
495.25128
  20
496.59912
  42
-0.044995131
  0
VERTEX
  5
fab
  8
Layer_0
  10
495.25131
  20
496.61053
  42
-0.00044348243
  0
VERTEX
  5
fac
  8
Layer_0
  10
495.25131
  20
496.62194
  42
-2.6603894e-08
  0
VERTEX
  5
fad
  8
Layer_0
  10
495.25128
  20
496.64476
  0
VERTEX
  5
fae
  8
Layer_0
  10
495.2513
  20
496.65046
  0
VERTEX
  5
faf
  8
Layer_0
  10
495.2513
  20
496.65616
  42
0.23065203
  0
VERTEX
  5
fb0
  8
Layer_0
  10
494.66571
  20
496.93756
  42
0.29713302
  0
VERTEX
  5
fb1
  8
Layer_0
  10
493.98123
  20
496.48885
  0
VERTEX
  5
fb2
  8
Layer_0
  10
490.68054
  20
496.48885
  0
VERTEX
  5
fb3
  8
Layer_0
  10
490.67865
  20
496.49202
  0
VERTEX
  5
fb4
  8
Layer_0
  10
490.67676
  20
496.49519
  0
VERTEX
  5
fb5
  8
Layer_0
  10
490.67484
  20
496.49836
  42
0.00039745623
  0
VERTEX
  5
fb6
  8
Layer_0
  10
490.67105
  20
496.50469
  0
VERTEX
  5
fb7
  8
Layer_0
  10
490.66913
  20
496.50786
  0
VERTEX
  5
fb8
  8
Layer_0
  10
490.66724
  20
496.51103
  0
VERTEX
  5
fb9
  8
Layer_0
  10
490.66534
  20
496.5142
  0
VERTEX
  5
fba
  8
Layer_0
  10
490.66345
  20
496.51736
  0
VERTEX
  5
fbb
  8
Layer_0
  10
490.66153
  20
496.52054
  0
VERTEX
  5
fbc
  8
Layer_0
  10
490.65964
  20
496.5237
  0
VERTEX
  5
fbd
  8
Layer_0
  10
490.65775
  20
496.52688
  42
0.13890295
  0
VERTEX
  5
fbe
  8
Layer_0
  10
490.39154
  20
496.74742
  42
0.11655744
  0
VERTEX
  5
fbf
  8
Layer_0
  10
490.14056
  20
496.80066
  42
0.41421356
  0
VERTEX
  5
fc0
  8
Layer_0
  10
489.52457
  20
496.18464
  42
0.088262229
  0
VERTEX
  5
fc1
  8
Layer_0
  10
489.55499
  20
495.98691
  0
VERTEX
  5
fc2
  8
Layer_0
  10
489.55753
  20
495.98944
  0
VERTEX
  5
fc3
  8
Layer_0
  10
489.56006
  20
495.99197
  0
VERTEX
  5
fc4
  8
Layer_0
  10
489.56259
  20
495.99451
  0
VERTEX
  5
fc5
  8
Layer_0
  10
489.56512
  20
495.99704
  0
VERTEX
  5
fc6
  8
Layer_0
  10
489.56766
  20
495.99958
  0
VERTEX
  5
fc7
  8
Layer_0
  10
489.57019
  20
496.00211
  0
VERTEX
  5
fc8
  8
Layer_0
  10
489.57272
  20
496.00465
  0
VERTEX
  5
fc9
  8
Layer_0
  10
489.57526
  20
496.00719
  0
VERTEX
  5
fca
  8
Layer_0
  10
489.57779
  20
496.00972
  0
VERTEX
  5
fcb
  8
Layer_0
  10
489.58032
  20
496.01225
  0
VERTEX
  5
fcc
  8
Layer_0
  10
489.58286
  20
496.01479
  0
VERTEX
  5
fcd
  8
Layer_0
  10
489.58539
  20
496.01732
  0
VERTEX
  5
fce
  8
Layer_0
  10
489.58856
  20
496.02049
  0
VERTEX
  5
fcf
  8
Layer_0
  10
489.59174
  20
496.02366
  0
VERTEX
  5
fd0
  8
Layer_0
  10
489.59491
  20
496.02683
  0
VERTEX
  5
fd1
  8
Layer_0
  10
489.59808
  20
496.03
  0
VERTEX
  5
fd2
  8
Layer_0
  10
489.60126
  20
496.03317
  0
VERTEX
  5
fd3
  8
Layer_0
  10
489.6044
  20
496.03634
  0
VERTEX
  5
fd4
  8
Layer_0
  10
489.60757
  20
496.03951
  0
VERTEX
  5
fd5
  8
Layer_0
  10
489.61075
  20
496.04268
  0
VERTEX
  5
fd6
  8
Layer_0
  10
489.61392
  20
496.04585
  0
VERTEX
  5
fd7
  8
Layer_0
  10
489.6171
  20
496.04901
  0
VERTEX
  5
fd8
  8
Layer_0
  10
489.62027
  20
496.05219
  0
VERTEX
  5
fd9
  8
Layer_0
  10
489.62341
  20
496.05535
  42
-0.0007467559
  0
VERTEX
  5
fda
  8
Layer_0
  10
489.62851
  20
496.06168
  42
-0.00038965586
  0
VERTEX
  5
fdb
  8
Layer_0
  10
489.63864
  20
496.07436
  42
-0.00038523167
  0
VERTEX
  5
fdc
  8
Layer_0
  10
489.64877
  20
496.08704
  0
VERTEX
  5
fdd
  8
Layer_0
  10
489.65131
  20
496.09021
  0
VERTEX
  5
fde
  8
Layer_0
  10
489.65384
  20
496.09338
  0
VERTEX
  5
fdf
  8
Layer_0
  10
489.65512
  20
496.09464
  0
VERTEX
  5
fe0
  8
Layer_0
  10
489.65637
  20
496.09592
  0
VERTEX
  5
fe1
  8
Layer_0
  10
489.65765
  20
496.09718
  0
VERTEX
  5
fe2
  8
Layer_0
  10
489.65891
  20
496.09845
  0
VERTEX
  5
fe3
  8
Layer_0
  10
489.66019
  20
496.09972
  0
VERTEX
  5
fe4
  8
Layer_0
  10
489.66144
  20
496.10098
  0
VERTEX
  5
fe5
  8
Layer_0
  10
489.66272
  20
496.10225
  0
VERTEX
  5
fe6
  8
Layer_0
  10
489.664
  20
496.10352
  0
VERTEX
  5
fe7
  8
Layer_0
  10
489.66525
  20
496.10478
  0
VERTEX
  5
fe8
  8
Layer_0
  10
489.66653
  20
496.10605
  0
VERTEX
  5
fe9
  8
Layer_0
  10
489.66779
  20
496.10732
  0
VERTEX
  5
fea
  8
Layer_0
  10
489.66907
  20
496.10859
  0
VERTEX
  5
feb
  8
Layer_0
  10
489.67032
  20
496.10986
  0
VERTEX
  5
fec
  8
Layer_0
  10
489.6716
  20
496.11112
  0
VERTEX
  5
fed
  8
Layer_0
  10
489.67285
  20
496.11239
  0
VERTEX
  5
fee
  8
Layer_0
  10
489.67413
  20
496.11366
  0
VERTEX
  5
fef
  8
Layer_0
  10
489.67538
  20
496.11493
  0
VERTEX
  5
ff0
  8
Layer_0
  10
489.67667
  20
496.1162
  0
VERTEX
  5
ff1
  8
Layer_0
  10
489.67792
  20
496.11746
  0
VERTEX
  5
ff2
  8
Layer_0
  10
489.6792
  20
496.11873
  0
VERTEX
  5
ff3
  8
Layer_0
  10
489.68045
  20
496.12
  0
VERTEX
  5
ff4
  8
Layer_0
  10
489.68173
  20
496.12126
  0
VERTEX
  5
ff5
  8
Layer_0
  10
489.68298
  20
496.12253
  0
VERTEX
  5
ff6
  8
Layer_0
  10
489.68427
  20
496.12379
  42
-0.0028453033
  0
VERTEX
  5
ff7
  8
Layer_0
  10
489.68933
  20
496.13013
  42
-0.00067003135
  0
VERTEX
  5
ff8
  8
Layer_0
  10
489.69946
  20
496.14281
  42
-0.00034620702
  0
VERTEX
  5
ff9
  8
Layer_0
  10
489.70963
  20
496.15549
  0
VERTEX
  5
ffa
  8
Layer_0
  10
489.71215
  20
496.15866
  0
VERTEX
  5
ffb
  8
Layer_0
  10
489.71469
  20
496.16182
  42
0.00042656049
  0
VERTEX
  5
ffc
  8
Layer_0
  10
489.71976
  20
496.16816
  42
0.00026267775
  0
VERTEX
  5
ffd
  8
Layer_0
  10
489.73495
  20
496.18718
  0
VERTEX
  5
ffe
  8
Layer_0
  10
489.7375
  20
496.19035
  0
VERTEX
  5
fff
  8
Layer_0
  10
489.74004
  20
496.19351
  0
VERTEX
  5
1000
  8
Layer_0
  10
489.74258
  20
496.19669
  0
VERTEX
  5
1001
  8
Layer_0
  10
489.74512
  20
496.19985
  0
VERTEX
  5
1002
  8
Layer_0
  10
489.75082
  20
496.20618
  42
-0.00020143525
  0
VERTEX
  5
1003
  8
Layer_0
  10
489.77362
  20
496.23154
  42
-0.00030219472
  0
VERTEX
  5
1004
  8
Layer_0
  10
489.79074
  20
496.25055
  42
-0.00018134276
  0
VERTEX
  5
1005
  8
Layer_0
  10
489.81357
  20
496.2759
  0
VERTEX
  5
1006
  8
Layer_0
  10
489.81357
  20
496.27907
  0
VERTEX
  5
1007
  8
Layer_0
  10
489.81357
  20
496.28224
  0
VERTEX
  5
1008
  8
Layer_0
  10
489.81354
  20
496.28542
  42
-7.766383e-05
  0
VERTEX
  5
1009
  8
Layer_0
  10
489.81357
  20
496.29808
  0
VERTEX
  5
100a
  8
Layer_0
  10
489.81356
  20
496.30442
  0
VERTEX
  5
100b
  8
Layer_0
  10
489.81356
  20
496.31076
  0
VERTEX
  5
100c
  8
Layer_0
  10
489.81354
  20
496.31393
  0
VERTEX
  5
100d
  8
Layer_0
  10
489.83005
  20
496.32977
  0
VERTEX
  5
100e
  8
Layer_0
  10
489.8465
  20
496.34561
  42
-0.00011314417
  0
VERTEX
  5
100f
  8
Layer_0
  10
489.87946
  20
496.3773
  0
VERTEX
  5
1010
  8
Layer_0
  10
489.89594
  20
496.39315
  0
VERTEX
  5
1011
  8
Layer_0
  10
489.91241
  20
496.409
  42
-8.7217886e-05
  0
VERTEX
  5
1012
  8
Layer_0
  10
489.94537
  20
496.44068
  0
VERTEX
  5
1013
  8
Layer_0
  10
489.96185
  20
496.45653
  0
VERTEX
  5
1014
  8
Layer_0
  10
489.97833
  20
496.47237
  42
-0.00037044587
  0
VERTEX
  5
1015
  8
Layer_0
  10
490.01129
  20
496.50406
  42
-0.34421931
  0
VERTEX
  5
1016
  8
Layer_0
  10
490.01318
  20
496.50406
  0
VERTEX
  5
1017
  8
Layer_0
  10
490.01382
  20
496.50406
  42
-0.28406178
  0
VERTEX
  5
1018
  8
Layer_0
  10
490.01572
  20
496.50406
  42
0.0010821621
  0
VERTEX
  5
1019
  8
Layer_0
  10
490.01764
  20
496.50406
  0
VERTEX
  5
101a
  8
Layer_0
  10
490.01825
  20
496.50406
  0
SEQEND
  0
POLYLINE
  5
101c
  8
Layer_0
  62
7
  70
1
  66
1
  10
0
  20
0
  30
0
  0
VERTEX
  5
101c
  8
Layer_0
  10
462.12094
  20
476.01318
  42
-0.34193245
  0
VERTEX
  5
101d
  8
Layer_0
  10
466.62094
  20
477.94774
  42
-0.34193194
  0
VERTEX
  5
101e
  8
Layer_0
  10
469.62
  20
474.075
  0
VERTEX
  5
101f
  8
Layer_0
  10
469.62
  20
457.925
  42
-0.34193191
  0
VERTEX
  5
1020
  8
Layer_0
  10
466.62094
  20
454.05226
  42
-0.3419312
  0
VERTEX
  5
1021
  8
Layer_0
  10
462.12091
  20
455.98682
  42
0.31511236
  0
VERTEX
  5
1022
  8
Layer_0
  10
458
  20
458
  0
VERTEX
  5
1023
  8
Layer_0
  10
447.5
  20
458
  42
0.41421356
  0
VERTEX
  5
1024
  8
Layer_0
  10
443.5
  20
454
  0
VERTEX
  5
1025
  8
Layer_0
  10
443.5
  20
451.5
  42
0.41421361
  0
VERTEX
  5
1026
  8
Layer_0
  10
473.5
  20
421.5
  0
VERTEX
  5
1027
  8
Layer_0
  10
502.5
  20
421.5
  42
0.41421358
  0
VERTEX
  5
1028
  8
Layer_0
  10
532.5
  20
451.5
  0
VERTEX
  5
1029
  8
Layer_0
  10
532.5
  20
480.5
  42
0.41421361
  0
VERTEX
  5
102a
  8
Layer_0
  10
502.5
  20
510.5
  0
VERTEX
  5
102b
  8
Layer_0
  10
473.5
  20
510.5
  42
0.41421351
  0
VERTEX
  5
102c
  8
Layer_0
  10
443.5
  20
480.5
  0
VERTEX
  5
102d
  8
Layer_0
  10
443.5
  20
477.99999
  42
0.4142132
  0
VERTEX
  5
102e
  8
Layer_0
  10
447.5
  20
473.99999
  0
VERTEX
  5
102f
  8
Layer_0
  10
458
  20
474
  42
0.31511229
  0
SEQEND
  0
POLYLINE
  5
1031
  8
Layer_0
  62
7
  70
1
  66
1
  10
0
  20
0
  30
0
  0
VERTEX
  5
1031
  8
Layer_0
  10
515.12631
  20
480.39841
  42
-0.41421356
  0
VERTEX
  5
1032
  8
Layer_0
  10
514.84348
  20
480.39841
  42
-0.41421356
  0
VERTEX
  5
1033
  8
Layer_0
  10
514.84348
  20
480.68124
  0
VERTEX
  5
1034
  8
Layer_0
  10
523.94196
  20
489.77972
  42
-0.41421356
  0
VERTEX
  5
1035
  8
Layer_0
  10
524.22479
  20
489.77972
  42
-0.41421356
  0
VERTEX
  5
1036
  8
Layer_0
  10
524.22479
  20
489.49687
  0
SEQEND
  0
POLYLINE
  5
1038
  8
Layer_0
  62
7
  70
1
  66
1
  10
0
  20
0
  30
0
  0
VERTEX
  5
1038
  8
Layer_0
  10
514.84348
  20
451.31876
  0
VERTEX
  5
1039
  8
Layer_0
  10
523.94196
  20
442.22029
  42
0.41421356
  0
VERTEX
  5
103a
  8
Layer_0
  10
524.22479
  20
442.22029
  42
0.41421356
  0
VERTEX
  5
103b
  8
Layer_0
  10
524.22479
  20
442.50313
  0
VERTEX
  5
103c
  8
Layer_0
  10
515.12631
  20
451.60159
  42
0.41421356
  0
VERTEX
  5
103d
  8
Layer_0
  10
514.84348
  20
451.60161
  42
0.41421356
  0
SEQEND
  0
POLYLINE
  5
103f
  8
Layer_0
  62
7
  70
1
  66
1
  10
0
  20
0
  30
0
  0
VERTEX
  5
103f
  8
Layer_0
  10
516.82336
  20
445.37906
  0
VERTEX
  5
1040
  8
Layer_0
  10
512.86359
  20
449.33887
  42
-0.41421356
  0
VERTEX
  5
1041
  8
Layer_0
  10
512.86359
  20
449.6217
  42
-0.41421356
  0
VERTEX
  5
1042
  8
Layer_0
  10
513.14642
  20
449.6217
  0
VERTEX
  5
1043
  8
Layer_0
  10
522.2449
  20
440.52324
  42
-0.41421356
  0
VERTEX
  5
1044
  8
Layer_0
  10
522.2449
  20
440.24039
  42
-0.41421356
  0
VERTEX
  5
1045
  8
Layer_0
  10
521.96204
  20
440.24039
  0
VERTEX
  5
1046
  8
Layer_0
  10
518.80328
  20
443.39917
  0
VERTEX
  5
1047
  8
Layer_0
  10
510.60083
  20
435.19672
  0
VERTEX
  5
1048
  8
Layer_0
  10
513.75961
  20
432.03795
  42
-0.41421356
  0
VERTEX
  5
1049
  8
Layer_0
  10
513.75961
  20
431.75511
  42
-0.41421356
  0
VERTEX
  5
104a
  8
Layer_0
  10
513.47678
  20
431.75511
  0
VERTEX
  5
104b
  8
Layer_0
  10
504.3783
  20
440.85358
  42
-0.41421356
  0
VERTEX
  5
104c
  8
Layer_0
  10
504.3783
  20
441.13641
  42
-0.41421356
  0
VERTEX
  5
104d
  8
Layer_0
  10
504.66113
  20
441.13641
  0
VERTEX
  5
104e
  8
Layer_0
  10
508.62094
  20
437.17662
  0
SEQEND
  0
POLYLINE
  5
1050
  8
Layer_0
  62
7
  70
1
  66
1
  10
0
  20
0
  30
0
  0
VERTEX
  5
1050
  8
Layer_0
  10
508.62094
  20
494.82338
  0
VERTEX
  5
1051
  8
Layer_0
  10
504.66113
  20
490.86359
  42
-0.41421356
  0
VERTEX
  5
1052
  8
Layer_0
  10
504.3783
  20
490.86359
  42
-0.41421356
  0
VERTEX
  5
1053
  8
Layer_0
  10
504.3783
  20
491.14642
  0
VERTEX
  5
1054
  8
Layer_0
  10
513.47678
  20
500.2449
  42
-0.41421356
  0
VERTEX
  5
1055
  8
Layer_0
  10
513.75961
  20
500.2449
  42
-0.41421356
  0
VERTEX
  5
1056
  8
Layer_0
  10
513.75961
  20
499.96205
  0
VERTEX
  5
1057
  8
Layer_0
  10
510.60083
  20
496.80328
  0
VERTEX
  5
1058
  8
Layer_0
  10
518.80328
  20
488.60085
  0
VERTEX
  5
1059
  8
Layer_0
  10
521.96204
  20
491.75962
  42
-0.41421356
  0
VERTEX
  5
105a
  8
Layer_0
  10
522.24487
  20
491.75961
  42
-0.41421356
  0
VERTEX
  5
105b
  8
Layer_0
  10
522.24487
  20
491.47678
  0
VERTEX
  5
105c
  8
Layer_0
  10
513.14642
  20
482.3783
  42
-0.41421356
  0
VERTEX
  5
105d
  8
Layer_0
  10
512.86359
  20
482.3783
  42
-0.41421356
  0
VERTEX
  5
105e
  8
Layer_0
  10
512.86359
  20
482.66115
  0
VERTEX
  5
105f
  8
Layer_0
  10
516.82336
  20
486.62094
  0
SEQEND
  0
POLYLINE
  5
1061
  8
Layer_0
  62
7
  70
1
  66
1
  10
0
  20
0
  30
0
  0
VERTEX
  5
1061
  8
Layer_0
  10
502.68124
  20
492.84348
  42
-0.41421356
  0
VERTEX
  5
1062
  8
Layer_0
  10
502.39841
  20
492.84348
  42
-0.41421356
  0
VERTEX
  5
1063
  8
Layer_0
  10
502.39841
  20
493.12633
  0
VERTEX
  5
1064
  8
Layer_0
  10
511.49686
  20
502.22479
  42
-0.41421356
  0
VERTEX
  5
1065
  8
Layer_0
  10
511.77969
  20
502.22479
  42
-0.41421356
  0
VERTEX
  5
1066
  8
Layer_0
  10
511.77969
  20
501.94196
  0
SEQEND
  0
POLYLINE
  5
1068
  8
Layer_0
  62
7
  70
1
  66
1
  10
0
  20
0
  30
0
  0
VERTEX
  5
1068
  8
Layer_0
  10
473.60159
  20
493.12632
  42
-0.41421356
  0
VERTEX
  5
1069
  8
Layer_0
  10
473.60159
  20
492.84348
  42
-0.41421356
  0
VERTEX
  5
106a
  8
Layer_0
  10
473.31876
  20
492.84348
  0
VERTEX
  5
106b
  8
Layer_0
  10
464.22028
  20
501.94195
  42
-0.41421356
  0
VERTEX
  5
106c
  8
Layer_0
  10
464.22028
  20
502.22478
  42
-0.41421356
  0
VERTEX
  5
106d
  8
Layer_0
  10
464.50311
  20
502.22479
  0
SEQEND
  0
POLYLINE
  5
106f
  8
Layer_0
  62
7
  70
1
  66
1
  10
0
  20
0
  30
0
  0
VERTEX
  5
106f
  8
Layer_0
  10
502.39841
  20
438.87367
  0
VERTEX
  5
1070
  8
Layer_0
  10
511.49686
  20
429.77521
  42
0.41421356
  0
VERTEX
  5
1071
  8
Layer_0
  10
511.77972
  20
429.77521
  42
0.41421356
  0
VERTEX
  5
1072
  8
Layer_0
  10
511.77972
  20
430.05806
  0
VERTEX
  5
1073
  8
Layer_0
  10
502.68124
  20
439.15652
  42
0.41421356
  0
VERTEX
  5
1074
  8
Layer_0
  10
502.39841
  20
439.15652
  42
0.41421356
  0
SEQEND
  0
POLYLINE
  5
1076
  8
Layer_0
  62
7
  70
1
  66
1
  10
0
  20
0
  30
0
  0
VERTEX
  5
1076
  8
Layer_0
  10
473.31876
  20
439.15652
  42
-0.41421356
  0
VERTEX
  5
1077
  8
Layer_0
  10
473.60159
  20
439.15652
  42
-0.41421356
  0
VERTEX
  5
1078
  8
Layer_0
  10
473.60159
  20
438.87367
  0
VERTEX
  5
1079
  8
Layer_0
  10
464.50311
  20
429.77521
  42
-0.41421356
  0
VERTEX
  5
107a
  8
Layer_0
  10
464.22028
  20
429.77521
  42
-0.41421356
  0
VERTEX
  5
107b
  8
Layer_0
  10
464.22028
  20
430.05804
  0
SEQEND
  0
POLYLINE
  5
107d
  8
Layer_0
  62
7
  70
1
  66
1
  10
0
  20
0
  30
0
  0
VERTEX
  5
107d
  8
Layer_0
  10
467.37906
  20
437.17662
  0
VERTEX
  5
107e
  8
Layer_0
  10
471.33887
  20
441.13641
  42
-0.41421356
  0
VERTEX
  5
107f
  8
Layer_0
  10
471.6217
  20
441.13641
  42
-0.41421356
  0
VERTEX
  5
1080
  8
Layer_0
  10
471.6217
  20
440.85358
  0
VERTEX
  5
1081
  8
Layer_0
  10
462.52322
  20
431.7551
  42
-0.41421356
  0
VERTEX
  5
1082
  8
Layer_0
  10
462.24039
  20
431.7551
  42
-0.41421356
  0
VERTEX
  5
1083
  8
Layer_0
  10
462.24039
  20
432.03795
  0
VERTEX
  5
1084
  8
Layer_0
  10
465.39917
  20
435.19672
  0
VERTEX
  5
1085
  8
Layer_0
  10
457.19672
  20
443.39915
  0
VERTEX
  5
1086
  8
Layer_0
  10
454.03793
  20
440.24039
  42
-0.41421356
  0
VERTEX
  5
1087
  8
Layer_0
  10
453.7551
  20
440.24039
  42
-0.41421356
  0
VERTEX
  5
1088
  8
Layer_0
  10
453.7551
  20
440.52322
  0
VERTEX
  5
1089
  8
Layer_0
  10
462.85358
  20
449.6217
  42
-0.41421356
  0
VERTEX
  5
108a
  8
Layer_0
  10
463.13641
  20
449.6217
  42
-0.41421356
  0
VERTEX
  5
108b
  8
Layer_0
  10
463.13641
  20
449.33885
  0
VERTEX
  5
108c
  8
Layer_0
  10
459.17661
  20
445.37906
  0
SEQEND
  0
POLYLINE
  5
108e
  8
Layer_0
  62
7
  70
1
  66
1
  10
0
  20
0
  30
0
  0
VERTEX
  5
108e
  8
Layer_0
  10
478
  20
468
  0
VERTEX
  5
108f
  8
Layer_0
  10
478
  20
464
  42
-0.2679466
  0
VERTEX
  5
1090
  8
Layer_0
  10
477.5
  20
463.13397
  42
-0.26794904
  0
VERTEX
  5
1091
  8
Layer_0
  10
476.5
  20
463.13397
  0
VERTEX
  5
1092
  8
Layer_0
  10
473.03589
  20
465.13397
  42
-0.26794899
  0
VERTEX
  5
1093
  8
Layer_0
  10
472.53589
  20
466
  42
-0.26794729
  0
VERTEX
  5
1094
  8
Layer_0
  10
473.03589
  20
466.86603
  0
VERTEX
  5
1095
  8
Layer_0
  10
476.5
  20
468.86603
  42
-0.26794879
  0
VERTEX
  5
1096
  8
Layer_0
  10
477.5
  20
468.86603
  42
-0.2679512
  0
SEQEND
  0
POLYLINE
  5
1098
  8
Layer_0
  62
7
  70
1
  66
1
  10
0
  20
0
  30
0
  0
VERTEX
  5
1098
  8
Layer_0
  10
459.17661
  20
486.62094
  0
VERTEX
  5
1099
  8
Layer_0
  10
463.13641
  20
482.66114
  42
-0.41421356
  0
VERTEX
  5
109a
  8
Layer_0
  10
463.13641
  20
482.3783
  42
-0.41421356
  0
VERTEX
  5
109b
  8
Layer_0
  10
462.85358
  20
482.3783
  0
VERTEX
  5
109c
  8
Layer_0
  10
453.7551
  20
491.47676
  42
-0.41421356
  0
VERTEX
  5
109d
  8
Layer_0
  10
453.7551
  20
491.75961
  42
-0.41421356
  0
VERTEX
  5
109e
  8
Layer_0
  10
454.03793
  20
491.75961
  0
VERTEX
  5
109f
  8
Layer_0
  10
457.19672
  20
488.60084
  0
VERTEX
  5
10a0
  8
Layer_0
  10
465.39914
  20
496.80328
  0
VERTEX
  5
10a1
  8
Layer_0
  10
462.24039
  20
499.96205
  42
-0.41421356
  0
VERTEX
  5
10a2
  8
Layer_0
  10
462.24039
  20
500.24489
  42
-0.41421356
  0
VERTEX
  5
10a3
  8
Layer_0
  10
462.52322
  20
500.24489
  0
VERTEX
  5
10a4
  8
Layer_0
  10
471.6217
  20
491.14642
  42
-0.41421356
  0
VERTEX
  5
10a5
  8
Layer_0
  10
471.6217
  20
490.86359
  42
-0.41421356
  0
VERTEX
  5
10a6
  8
Layer_0
  10
471.33887
  20
490.86358
  0
VERTEX
  5
10a7
  8
Layer_0
  10
467.37906
  20
494.82338
  0
SEQEND
  0
POLYLINE
  5
10a9
  8
Layer_0
  62
7
  70
1
  66
1
  10
0
  20
0
  30
0
  0
VERTEX
  5
10a9
  8
Layer_0
  10
461.15652
  20
480.68124
  42
-0.41421356
  0
VERTEX
  5
10aa
  8
Layer_0
  10
461.15652
  20
480.3984
  42
-0.41421356
  0
VERTEX
  5
10ab
  8
Layer_0
  10
460.87366
  20
480.3984
  0
VERTEX
  5
10ac
  8
Layer_0
  10
451.77521
  20
489.49687
  42
-0.41421356
  0
VERTEX
  5
10ad
  8
Layer_0
  10
451.77521
  20
489.77971
  42
-0.41421356
  0
VERTEX
  5
10ae
  8
Layer_0
  10
452.05804
  20
489.77971
  0
SEQEND
  0
POLYLINE
  5
10b0
  8
Layer_0
  62
7
  70
1
  66
1
  10
0
  20
0
  30
0
  0
VERTEX
  5
10b0
  8
Layer_0
  10
460.87366
  20
451.60159
  42
-0.41421356
  0
VERTEX
  5
10b1
  8
Layer_0
  10
461.15652
  20
451.60159
  42
-0.41421356
  0
VERTEX
  5
10b2
  8
Layer_0
  10
461.15652
  20
451.31876
  0
VERTEX
  5
10b3
  8
Layer_0
  10
452.05804
  20
442.22028
  42
-0.41421356
  0
VERTEX
  5
10b4
  8
Layer_0
  10
451.77521
  20
442.22028
  42
-0.41421356
  0
VERTEX
  5
10b5
  8
Layer_0
  10
451.77521
  20
442.50313
  0
SEQEND
  0
POLYLINE
  5
10b7
  8
Layer_0
  62
7
  70
1
  66
1
  10
0
  20
0
  30
0
  0
VERTEX
  5
10b7
  8
Layer_0
  10
498.12608
  20
500.13936
  0
VERTEX
  5
10b8
  8
Layer_0
  10
498.09756
  20
500.14435
  0
VERTEX
  5
10b9
  8
Layer_0
  10
498.03481
  20
500.16788
  0
VERTEX
  5
10ba
  8
Layer_0
  10
497.97207
  20
500.22278
  0
VERTEX
  5
10bb
  8
Layer_0
  10
497.94355
  20
500.32189
  42
-0.41421356
  0
VERTEX
  5
10bc
  8
Layer_0
  10
498.11847
  20
500.51962
  42
0.035772797
  0
VERTEX
  5
10bd
  8
Layer_0
  10
498.26297
  20
500.51962
  0
VERTEX
  5
10be
  8
Layer_0
  10
498.33521
  20
500.51956
  0
VERTEX
  5
10bf
  8
Layer_0
  10
498.40747
  20
500.51962
  42
0.21915482
  0
VERTEX
  5
10c0
  8
Layer_0
  10
498.55197
  20
500.51962
  42
0.032351163
  0
VERTEX
  5
10c1
  8
Layer_0
  10
498.22495
  20
501.40944
  0
VERTEX
  5
10c2
  8
Layer_0
  10
498.17932
  20
501.40627
  0
VERTEX
  5
10c3
  8
Layer_0
  10
498.13367
  20
501.40309
  0
VERTEX
  5
10c4
  8
Layer_0
  10
498.08804
  20
501.39993
  0
VERTEX
  5
10c5
  8
Layer_0
  10
498.04242
  20
501.39676
  42
-0.04285127
  0
VERTEX
  5
10c6
  8
Layer_0
  10
497.95117
  20
501.39043
  0
VERTEX
  5
10c7
  8
Layer_0
  10
497.90552
  20
501.38725
  0
VERTEX
  5
10c8
  8
Layer_0
  10
497.85989
  20
501.38409
  0
VERTEX
  5
10c9
  8
Layer_0
  10
497.81427
  20
501.38092
  0
VERTEX
  5
10ca
  8
Layer_0
  10
497.76865
  20
501.37775
  0
VERTEX
  5
10cb
  8
Layer_0
  10
497.72299
  20
501.37458
  0
VERTEX
  5
10cc
  8
Layer_0
  10
497.67737
  20
501.37141
  0
VERTEX
  5
10cd
  8
Layer_0
  10
497.64837
  20
501.37046
  0
VERTEX
  5
10ce
  8
Layer_0
  10
497.5823
  20
501.38092
  0
VERTEX
  5
10cf
  8
Layer_0
  10
497.51053
  20
501.42275
  0
VERTEX
  5
10d0
  8
Layer_0
  10
497.46442
  20
501.51591
  0
VERTEX
  5
10d1
  8
Layer_0
  10
497.46442
  20
501.62108
  0
VERTEX
  5
10d2
  8
Layer_0
  10
497.49864
  20
501.68988
  0
VERTEX
  5
10d3
  8
Layer_0
  10
497.54998
  20
501.72874
  0
VERTEX
  5
10d4
  8
Layer_0
  10
497.60132
  20
501.74407
  0
VERTEX
  5
10d5
  8
Layer_0
  10
497.83422
  20
501.78495
  0
VERTEX
  5
10d6
  8
Layer_0
  10
498.02721
  20
501.82012
  42
0.028256967
  0
VERTEX
  5
10d7
  8
Layer_0
  10
497.57089
  20
502.59586
  0
VERTEX
  5
10d8
  8
Layer_0
  10
497.55441
  20
502.59206
  42
-0.019870459
  0
VERTEX
  5
10d9
  8
Layer_0
  10
497.48849
  20
502.57684
  42
-0.031098002
  0
VERTEX
  5
10da
  8
Layer_0
  10
497.45554
  20
502.56924
  42
-0.06132265
  0
VERTEX
  5
10db
  8
Layer_0
  10
497.42261
  20
502.56163
  0
VERTEX
  5
10dc
  8
Layer_0
  10
497.40613
  20
502.55783
  0
VERTEX
  5
10dd
  8
Layer_0
  10
497.38965
  20
502.55402
  0
VERTEX
  5
10de
  8
Layer_0
  10
497.37317
  20
502.55022
  0
VERTEX
  5
10df
  8
Layer_0
  10
497.37317
  20
506.4441
  0
VERTEX
  5
10e0
  8
Layer_0
  10
497.36088
  20
506.72223
  0
VERTEX
  5
10e1
  8
Layer_0
  10
497.32487
  20
506.97724
  0
VERTEX
  5
10e2
  8
Layer_0
  10
497.26633
  20
507.20845
  0
VERTEX
  5
10e3
  8
Layer_0
  10
497.18647
  20
507.41519
  0
VERTEX
  5
10e4
  8
Layer_0
  10
497.08652
  20
507.59681
  0
VERTEX
  5
10e5
  8
Layer_0
  10
496.96769
  20
507.75262
  0
VERTEX
  5
10e6
  8
Layer_0
  10
496.83119
  20
507.88196
  0
VERTEX
  5
10e7
  8
Layer_0
  10
496.67823
  20
507.98416
  0
VERTEX
  5
10e8
  8
Layer_0
  10
496.51003
  20
508.05856
  0
VERTEX
  5
10e9
  8
Layer_0
  10
496.32781
  20
508.10448
  0
VERTEX
  5
10ea
  8
Layer_0
  10
496.13278
  20
508.12125
  0
VERTEX
  5
10eb
  8
Layer_0
  10
495.92614
  20
508.10822
  0
VERTEX
  5
10ec
  8
Layer_0
  10
495.70913
  20
508.0647
  0
VERTEX
  5
10ed
  8
Layer_0
  10
495.48295
  20
507.99004
  0
VERTEX
  5
10ee
  8
Layer_0
  10
495.24881
  20
507.88356
  0
VERTEX
  5
10ef
  8
Layer_0
  10
495.00793
  20
507.74459
  0
VERTEX
  5
10f0
  8
Layer_0
  10
492.24722
  20
505.99539
  42
0.017301401
  0
VERTEX
  5
10f1
  8
Layer_0
  10
491.93542
  20
506.04102
  0
VERTEX
  5
10f2
  8
Layer_0
  10
491.92084
  20
506.01187
  0
VERTEX
  5
10f3
  8
Layer_0
  10
491.90625
  20
505.98271
  0
VERTEX
  5
10f4
  8
Layer_0
  10
491.89169
  20
505.95356
  0
VERTEX
  5
10f5
  8
Layer_0
  10
491.87711
  20
505.92441
  0
VERTEX
  5
10f6
  8
Layer_0
  10
491.86255
  20
505.89526
  0
VERTEX
  5
10f7
  8
Layer_0
  10
491.84796
  20
505.8661
  0
VERTEX
  5
10f8
  8
Layer_0
  10
491.83337
  20
505.83694
  0
VERTEX
  5
10f9
  8
Layer_0
  10
491.81882
  20
505.80779
  0
VERTEX
  5
10fa
  8
Layer_0
  10
491.80423
  20
505.77864
  0
VERTEX
  5
10fb
  8
Layer_0
  10
491.78964
  20
505.74949
  0
VERTEX
  5
10fc
  8
Layer_0
  10
491.77509
  20
505.72034
  0
VERTEX
  5
10fd
  8
Layer_0
  10
491.7605
  20
505.69118
  0
VERTEX
  5
10fe
  8
Layer_0
  10
491.71581
  20
505.66268
  0
VERTEX
  5
10ff
  8
Layer_0
  10
491.67113
  20
505.63414
  42
0.11298408
  0
VERTEX
  5
1100
  8
Layer_0
  10
491.61157
  20
505.59612
  42
0.022443327
  0
VERTEX
  5
1101
  8
Layer_0
  10
491.552
  20
505.55809
  42
0.039088397
  0
VERTEX
  5
1102
  8
Layer_0
  10
491.46262
  20
505.50105
  42
7.5782276e-06
  0
VERTEX
  5
1103
  8
Layer_0
  10
491.40305
  20
505.46302
  42
-0.34531799
  0
VERTEX
  5
1104
  8
Layer_0
  10
491.327
  20
505.66837
  0
VERTEX
  5
1105
  8
Layer_0
  10
491.4021
  20
505.87846
  0
VERTEX
  5
1106
  8
Layer_0
  10
491.47149
  20
506.07145
  42
0.013373436
  0
VERTEX
  5
1107
  8
Layer_0
  10
491.04559
  20
506.08665
  42
0.012084622
  0
VERTEX
  5
1108
  8
Layer_0
  10
490.57407
  20
506.07144
  0
VERTEX
  5
1109
  8
Layer_0
  10
490.56076
  20
506.02771
  0
VERTEX
  5
110a
  8
Layer_0
  10
490.54745
  20
505.98398
  0
VERTEX
  5
110b
  8
Layer_0
  10
490.53415
  20
505.94025
  0
VERTEX
  5
110c
  8
Layer_0
  10
490.52084
  20
505.89652
  0
VERTEX
  5
110d
  8
Layer_0
  10
490.50754
  20
505.8528
  0
VERTEX
  5
110e
  8
Layer_0
  10
490.49423
  20
505.80907
  0
VERTEX
  5
110f
  8
Layer_0
  10
490.48093
  20
505.76534
  0
VERTEX
  5
1110
  8
Layer_0
  10
490.46762
  20
505.7216
  0
VERTEX
  5
1111
  8
Layer_0
  10
490.45428
  20
505.67787
  0
VERTEX
  5
1112
  8
Layer_0
  10
490.44098
  20
505.63414
  0
VERTEX
  5
1113
  8
Layer_0
  10
490.42767
  20
505.59042
  0
VERTEX
  5
1114
  8
Layer_0
  10
490.41437
  20
505.54668
  0
VERTEX
  5
1115
  8
Layer_0
  10
490.40106
  20
505.51436
  0
VERTEX
  5
1116
  8
Layer_0
  10
490.35353
  20
505.44781
  0
VERTEX
  5
1117
  8
Layer_0
  10
490.35921
  20
505.39709
  0
VERTEX
  5
1118
  8
Layer_0
  10
490.36493
  20
505.34641
  0
VERTEX
  5
1119
  8
Layer_0
  10
490.37064
  20
505.29572
  0
VERTEX
  5
111a
  8
Layer_0
  10
490.37634
  20
505.24501
  0
VERTEX
  5
111b
  8
Layer_0
  10
490.38205
  20
505.19431
  0
VERTEX
  5
111c
  8
Layer_0
  10
490.38776
  20
505.14361
  42
-0.038984437
  0
VERTEX
  5
111d
  8
Layer_0
  10
490.41055
  20
504.9408
  0
VERTEX
  5
111e
  8
Layer_0
  10
490.41626
  20
504.8901
  0
VERTEX
  5
111f
  8
Layer_0
  10
490.42197
  20
504.8394
  0
VERTEX
  5
1120
  8
Layer_0
  10
490.40677
  20
504.8299
  0
VERTEX
  5
1121
  8
Layer_0
  10
490.39154
  20
504.82038
  0
VERTEX
  5
1122
  8
Layer_0
  10
490.37634
  20
504.81087
  0
VERTEX
  5
1123
  8
Layer_0
  10
490.36115
  20
504.80138
  0
VERTEX
  5
1124
  8
Layer_0
  10
490.34592
  20
504.79186
  0
VERTEX
  5
1125
  8
Layer_0
  10
490.33072
  20
504.78236
  0
VERTEX
  5
1126
  8
Layer_0
  10
490.31549
  20
504.77286
  0
VERTEX
  5
1127
  8
Layer_0
  10
490.30029
  20
504.76334
  0
VERTEX
  5
1128
  8
Layer_0
  10
490.28506
  20
504.75384
  0
VERTEX
  5
1129
  8
Layer_0
  10
490.26987
  20
504.74432
  0
VERTEX
  5
112a
  8
Layer_0
  10
490.25467
  20
504.73483
  0
VERTEX
  5
112b
  8
Layer_0
  10
490.23944
  20
504.72532
  0
VERTEX
  5
112c
  8
Layer_0
  10
490.23309
  20
504.78172
  0
VERTEX
  5
112d
  8
Layer_0
  10
490.22678
  20
504.83813
  0
VERTEX
  5
112e
  8
Layer_0
  10
490.22043
  20
504.89453
  0
VERTEX
  5
112f
  8
Layer_0
  10
490.21411
  20
504.95094
  0
VERTEX
  5
1130
  8
Layer_0
  10
490.20776
  20
505.00735
  0
VERTEX
  5
1131
  8
Layer_0
  10
490.20142
  20
505.06375
  0
VERTEX
  5
1132
  8
Layer_0
  10
490.19507
  20
505.12016
  0
VERTEX
  5
1133
  8
Layer_0
  10
490.18875
  20
505.17656
  0
VERTEX
  5
1134
  8
Layer_0
  10
490.1824
  20
505.23296
  0
VERTEX
  5
1135
  8
Layer_0
  10
490.17609
  20
505.28938
  0
VERTEX
  5
1136
  8
Layer_0
  10
490.16974
  20
505.34578
  0
VERTEX
  5
1137
  8
Layer_0
  10
490.16339
  20
505.40218
  42
-0.36761144
  0
VERTEX
  5
1138
  8
Layer_0
  10
490.03412
  20
505.59992
  0
VERTEX
  5
1139
  8
Layer_0
  10
490.07499
  20
505.82713
  0
VERTEX
  5
113a
  8
Layer_0
  10
490.11016
  20
506.02581
  42
0.026161155
  0
VERTEX
  5
113b
  8
Layer_0
  10
489.22797
  20
505.8661
  0
VERTEX
  5
113c
  8
Layer_0
  10
489.22287
  20
505.82047
  0
VERTEX
  5
113d
  8
Layer_0
  10
489.2178
  20
505.77484
  0
VERTEX
  5
113e
  8
Layer_0
  10
489.21274
  20
505.7292
  0
VERTEX
  5
113f
  8
Layer_0
  10
489.20767
  20
505.68358
  0
VERTEX
  5
1140
  8
Layer_0
  10
489.20261
  20
505.63795
  0
VERTEX
  5
1141
  8
Layer_0
  10
489.19754
  20
505.59232
  0
VERTEX
  5
1142
  8
Layer_0
  10
489.19247
  20
505.54668
  0
VERTEX
  5
1143
  8
Layer_0
  10
489.18738
  20
505.50105
  0
VERTEX
  5
1144
  8
Layer_0
  10
489.18231
  20
505.45542
  0
VERTEX
  5
1145
  8
Layer_0
  10
489.17725
  20
505.40979
  0
VERTEX
  5
1146
  8
Layer_0
  10
489.17218
  20
505.36415
  0
VERTEX
  5
1147
  8
Layer_0
  10
489.16711
  20
505.31853
  0
VERTEX
  5
1148
  8
Layer_0
  10
489.16212
  20
505.29001
  0
VERTEX
  5
1149
  8
Layer_0
  10
489.13859
  20
505.22726
  0
VERTEX
  5
114a
  8
Layer_0
  10
489.08369
  20
505.16452
  0
VERTEX
  5
114b
  8
Layer_0
  10
488.98458
  20
505.136
  42
-0.41421356
  0
VERTEX
  5
114c
  8
Layer_0
  10
488.78687
  20
505.31092
  0
VERTEX
  5
114d
  8
Layer_0
  10
488.78687
  20
505.34705
  0
VERTEX
  5
114e
  8
Layer_0
  10
488.78684
  20
505.38315
  0
VERTEX
  5
114f
  8
Layer_0
  10
488.78685
  20
505.4193
  0
VERTEX
  5
1150
  8
Layer_0
  10
488.78683
  20
505.45542
  0
VERTEX
  5
1151
  8
Layer_0
  10
488.78683
  20
505.49155
  0
VERTEX
  5
1152
  8
Layer_0
  10
488.78683
  20
505.52766
  0
VERTEX
  5
1153
  8
Layer_0
  10
488.78687
  20
505.5638
  0
VERTEX
  5
1154
  8
Layer_0
  10
488.78687
  20
505.59991
  0
VERTEX
  5
1155
  8
Layer_0
  10
488.78687
  20
505.63605
  0
VERTEX
  5
1156
  8
Layer_0
  10
488.78686
  20
505.67218
  0
VERTEX
  5
1157
  8
Layer_0
  10
488.78685
  20
505.7083
  0
VERTEX
  5
1158
  8
Layer_0
  10
488.78683
  20
505.74442
  42
0.032353748
  0
VERTEX
  5
1159
  8
Layer_0
  10
487.89703
  20
505.4174
  0
VERTEX
  5
115a
  8
Layer_0
  10
487.90021
  20
505.37176
  0
VERTEX
  5
115b
  8
Layer_0
  10
487.90338
  20
505.32613
  0
VERTEX
  5
115c
  8
Layer_0
  10
487.90656
  20
505.28049
  0
VERTEX
  5
115d
  8
Layer_0
  10
487.90973
  20
505.23486
  0
VERTEX
  5
115e
  8
Layer_0
  10
487.91287
  20
505.18923
  0
VERTEX
  5
115f
  8
Layer_0
  10
487.91605
  20
505.14361
  0
VERTEX
  5
1160
  8
Layer_0
  10
487.91922
  20
505.09798
  0
VERTEX
  5
1161
  8
Layer_0
  10
487.92239
  20
505.05234
  0
VERTEX
  5
1162
  8
Layer_0
  10
487.92557
  20
505.00671
  0
VERTEX
  5
1163
  8
Layer_0
  10
487.92871
  20
504.96107
  0
VERTEX
  5
1164
  8
Layer_0
  10
487.93188
  20
504.91545
  0
VERTEX
  5
1165
  8
Layer_0
  10
487.93506
  20
504.86981
  0
VERTEX
  5
1166
  8
Layer_0
  10
487.93601
  20
504.84082
  0
VERTEX
  5
1167
  8
Layer_0
  10
487.92556
  20
504.77475
  0
VERTEX
  5
1168
  8
Layer_0
  10
487.88373
  20
504.70298
  0
VERTEX
  5
1169
  8
Layer_0
  10
487.79056
  20
504.65687
  42
-0.39525592
  0
VERTEX
  5
116a
  8
Layer_0
  10
487.56241
  20
504.79376
  0
VERTEX
  5
116b
  8
Layer_0
  10
487.52153
  20
505.02667
  0
VERTEX
  5
116c
  8
Layer_0
  10
487.48635
  20
505.21966
  42
0.028253864
  0
VERTEX
  5
116d
  8
Layer_0
  10
486.71063
  20
504.76335
  0
VERTEX
  5
116e
  8
Layer_0
  10
486.72141
  20
504.71898
  0
VERTEX
  5
116f
  8
Layer_0
  10
486.74286
  20
504.63037
  0
VERTEX
  5
1170
  8
Layer_0
  10
486.76449
  20
504.54152
  42
-0.24579622
  0
VERTEX
  5
1171
  8
Layer_0
  10
486.79681
  20
504.40843
  0
VERTEX
  5
1172
  8
Layer_0
  10
486.81846
  20
504.31978
  0
VERTEX
  5
1173
  8
Layer_0
  10
486.83991
  20
504.23098
  0
VERTEX
  5
1174
  8
Layer_0
  10
486.84573
  20
504.20269
  0
VERTEX
  5
1175
  8
Layer_0
  10
486.84656
  20
504.13591
  0
VERTEX
  5
1176
  8
Layer_0
  10
486.81745
  20
504.05772
  0
VERTEX
  5
1177
  8
Layer_0
  10
486.73344
  20
503.99521
  0
VERTEX
  5
1178
  8
Layer_0
  10
486.63005
  20
503.97965
  0
VERTEX
  5
1179
  8
Layer_0
  10
486.55661
  20
504.00187
  0
VERTEX
  5
117a
  8
Layer_0
  10
486.50884
  20
504.04548
  0
VERTEX
  5
117b
  8
Layer_0
  10
486.48246
  20
504.09408
  42
-0.039989597
  0
VERTEX
  5
117c
  8
Layer_0
  10
486.33035
  20
504.49716
  42
0.027108375
  0
VERTEX
  5
117d
  8
Layer_0
  10
485.64587
  20
503.91155
  0
VERTEX
  5
117e
  8
Layer_0
  10
485.66428
  20
503.86973
  0
VERTEX
  5
117f
  8
Layer_0
  10
485.68265
  20
503.8279
  0
VERTEX
  5
1180
  8
Layer_0
  10
485.70102
  20
503.78607
  0
VERTEX
  5
1181
  8
Layer_0
  10
485.71942
  20
503.74424
  0
VERTEX
  5
1182
  8
Layer_0
  10
485.73779
  20
503.70242
  0
VERTEX
  5
1183
  8
Layer_0
  10
485.75616
  20
503.66058
  0
VERTEX
  5
1184
  8
Layer_0
  10
485.77454
  20
503.61876
  0
VERTEX
  5
1185
  8
Layer_0
  10
485.79291
  20
503.57692
  0
VERTEX
  5
1186
  8
Layer_0
  10
485.81131
  20
503.5351
  42
0.17959544
  0
VERTEX
  5
1187
  8
Layer_0
  10
485.84805
  20
503.45144
  0
VERTEX
  5
1188
  8
Layer_0
  10
485.86642
  20
503.40961
  0
VERTEX
  5
1189
  8
Layer_0
  10
485.87606
  20
503.38216
  0
VERTEX
  5
118a
  8
Layer_0
  10
485.8864
  20
503.3155
  0
VERTEX
  5
118b
  8
Layer_0
  10
485.86965
  20
503.23315
  0
VERTEX
  5
118c
  8
Layer_0
  10
485.79799
  20
503.15864
  42
-0.41587002
  0
VERTEX
  5
118d
  8
Layer_0
  10
485.53943
  20
503.21188
  42
-0.013879269
  0
VERTEX
  5
118e
  8
Layer_0
  10
485.31885
  20
503.58453
  42
0.026931981
  0
VERTEX
  5
118f
  8
Layer_0
  10
484.74847
  20
502.89246
  0
VERTEX
  5
1190
  8
Layer_0
  10
484.7738
  20
502.85443
  0
VERTEX
  5
1191
  8
Layer_0
  10
484.79916
  20
502.81641
  0
VERTEX
  5
1192
  8
Layer_0
  10
484.82452
  20
502.77837
  0
VERTEX
  5
1193
  8
Layer_0
  10
484.84985
  20
502.74036
  0
VERTEX
  5
1194
  8
Layer_0
  10
484.87521
  20
502.70233
  0
VERTEX
  5
1195
  8
Layer_0
  10
484.90057
  20
502.6643
  0
VERTEX
  5
1196
  8
Layer_0
  10
484.92593
  20
502.62627
  0
VERTEX
  5
1197
  8
Layer_0
  10
484.95126
  20
502.58825
  0
VERTEX
  5
1198
  8
Layer_0
  10
484.97662
  20
502.55022
  0
VERTEX
  5
1199
  8
Layer_0
  10
485.00198
  20
502.51219
  0
VERTEX
  5
119a
  8
Layer_0
  10
485.02734
  20
502.47417
  0
VERTEX
  5
119b
  8
Layer_0
  10
485.05267
  20
502.43614
  0
VERTEX
  5
119c
  8
Layer_0
  10
485.0673
  20
502.41071
  0
VERTEX
  5
119d
  8
Layer_0
  10
485.08975
  20
502.34678
  0
VERTEX
  5
119e
  8
Layer_0
  10
485.08797
  20
502.26288
  0
VERTEX
  5
119f
  8
Layer_0
  10
485.02987
  20
502.17756
  42
-0.41251
  0
VERTEX
  5
11a0
  8
Layer_0
  10
484.76367
  20
502.18517
  0
VERTEX
  5
11a1
  8
Layer_0
  10
484.60872
  20
502.36009
  0
VERTEX
  5
11a2
  8
Layer_0
  10
484.48229
  20
502.51219
  42
0.02826007
  0
VERTEX
  5
11a3
  8
Layer_0
  10
484.03357
  20
501.72885
  0
VERTEX
  5
11a4
  8
Layer_0
  10
484.06525
  20
501.6959
  0
VERTEX
  5
11a5
  8
Layer_0
  10
484.09695
  20
501.66294
  42
-0.0015243715
  0
VERTEX
  5
11a6
  8
Layer_0
  10
484.19202
  20
501.56408
  0
VERTEX
  5
11a7
  8
Layer_0
  10
484.22369
  20
501.53112
  42
-0.062527908
  0
VERTEX
  5
11a8
  8
Layer_0
  10
484.28708
  20
501.4652
  0
VERTEX
  5
11a9
  8
Layer_0
  10
484.31879
  20
501.43225
  0
VERTEX
  5
11aa
  8
Layer_0
  10
484.35046
  20
501.39929
  0
VERTEX
  5
11ab
  8
Layer_0
  10
484.38214
  20
501.36634
  0
VERTEX
  5
11ac
  8
Layer_0
  10
484.41385
  20
501.33337
  0
VERTEX
  5
11ad
  8
Layer_0
  10
484.43238
  20
501.31116
  0
VERTEX
  5
11ae
  8
Layer_0
  10
484.46517
  20
501.25258
  0
VERTEX
  5
11af
  8
Layer_0
  10
484.47801
  20
501.16975
  0
VERTEX
  5
11b0
  8
Layer_0
  10
484.43666
  20
501.0748
  42
-0.40595902
  0
VERTEX
  5
11b1
  8
Layer_0
  10
484.17047
  20
501.03677
  0
VERTEX
  5
11b2
  8
Layer_0
  10
483.98319
  20
501.19459
  0
VERTEX
  5
11b3
  8
Layer_0
  10
483.83584
  20
501.31817
  42
0.028203294
  0
VERTEX
  5
11b4
  8
Layer_0
  10
483.53162
  20
500.47399
  0
VERTEX
  5
11b5
  8
Layer_0
  10
483.53226
  20
500.46956
  0
VERTEX
  5
11b6
  8
Layer_0
  10
483.5329
  20
500.46512
  0
VERTEX
  5
11b7
  8
Layer_0
  10
483.53354
  20
500.46068
  0
VERTEX
  5
11b8
  8
Layer_0
  10
483.53418
  20
500.45625
  0
VERTEX
  5
11b9
  8
Layer_0
  10
483.53479
  20
500.45181
  42
8.9015333e-05
  0
VERTEX
  5
11ba
  8
Layer_0
  10
483.53668
  20
500.4385
  0
VERTEX
  5
11bb
  8
Layer_0
  10
483.53732
  20
500.43407
  0
VERTEX
  5
11bc
  8
Layer_0
  10
483.53796
  20
500.42963
  0
VERTEX
  5
11bd
  8
Layer_0
  10
483.5386
  20
500.42519
  0
VERTEX
  5
11be
  8
Layer_0
  10
483.53925
  20
500.42075
  0
VERTEX
  5
11bf
  8
Layer_0
  10
482.61139
  20
499.82755
  0
VERTEX
  5
11c0
  8
Layer_0
  10
482.3828
  20
499.66801
  0
VERTEX
  5
11c1
  8
Layer_0
  10
482.18467
  20
499.501
  0
VERTEX
  5
11c2
  8
Layer_0
  10
482.01703
  20
499.32756
  0
VERTEX
  5
11c3
  8
Layer_0
  10
481.87987
  20
499.14878
  0
VERTEX
  5
11c4
  8
Layer_0
  10
481.77319
  20
498.96572
  0
VERTEX
  5
11c5
  8
Layer_0
  10
481.69699
  20
498.77945
  0
VERTEX
  5
11c6
  8
Layer_0
  10
481.65127
  20
498.59104
  0
VERTEX
  5
11c7
  8
Layer_0
  10
481.63603
  20
498.40156
  0
VERTEX
  5
11c8
  8
Layer_0
  10
481.65127
  20
498.21209
  0
VERTEX
  5
11c9
  8
Layer_0
  10
481.69699
  20
498.02368
  0
VERTEX
  5
11ca
  8
Layer_0
  10
481.77319
  20
497.83741
  0
VERTEX
  5
11cb
  8
Layer_0
  10
481.87987
  20
497.65435
  0
VERTEX
  5
11cc
  8
Layer_0
  10
482.01703
  20
497.47557
  0
VERTEX
  5
11cd
  8
Layer_0
  10
482.18467
  20
497.30213
  0
VERTEX
  5
11ce
  8
Layer_0
  10
482.38279
  20
497.13511
  0
VERTEX
  5
11cf
  8
Layer_0
  10
482.6114
  20
496.97558
  0
VERTEX
  5
11d0
  8
Layer_0
  10
484.14764
  20
495.98691
  0
VERTEX
  5
11d1
  8
Layer_0
  10
484.064
  20
495.9869
  0
VERTEX
  5
11d2
  8
Layer_0
  10
483.98034
  20
495.9869
  0
VERTEX
  5
11d3
  8
Layer_0
  10
483.94421
  20
495.98691
  0
VERTEX
  5
11d4
  8
Layer_0
  10
483.90808
  20
495.9869
  0
VERTEX
  5
11d5
  8
Layer_0
  10
483.87198
  20
495.9869
  0
VERTEX
  5
11d6
  8
Layer_0
  10
483.83585
  20
495.9869
  42
0.0088572826
  0
VERTEX
  5
11d7
  8
Layer_0
  10
483.76358
  20
495.98691
  0
VERTEX
  5
11d8
  8
Layer_0
  10
483.72748
  20
495.98691
  0
VERTEX
  5
11d9
  8
Layer_0
  10
483.69135
  20
495.98691
  0
VERTEX
  5
11da
  8
Layer_0
  10
483.65521
  20
495.9869
  0
VERTEX
  5
11db
  8
Layer_0
  10
483.61908
  20
495.9869
  0
VERTEX
  5
11dc
  8
Layer_0
  10
483.58298
  20
495.9869
  0
VERTEX
  5
11dd
  8
Layer_0
  10
483.54684
  20
495.9869
  42
0.032355446
  0
VERTEX
  5
11de
  8
Layer_0
  10
483.87387
  20
495.09709
  0
VERTEX
  5
11df
  8
Layer_0
  10
483.91949
  20
495.10026
  0
VERTEX
  5
11e0
  8
Layer_0
  10
483.96501
  20
495.1034
  0
VERTEX
  5
11e1
  8
Layer_0
  10
484.01076
  20
495.1066
  42
-0.08181273
  0
VERTEX
  5
11e2
  8
Layer_0
  10
484.10202
  20
495.11293
  0
VERTEX
  5
11e3
  8
Layer_0
  10
484.14761
  20
495.11612
  0
VERTEX
  5
11e4
  8
Layer_0
  10
484.19329
  20
495.11927
  0
VERTEX
  5
11e5
  8
Layer_0
  10
484.23892
  20
495.12244
  0
VERTEX
  5
11e6
  8
Layer_0
  10
484.28458
  20
495.12563
  0
VERTEX
  5
11e7
  8
Layer_0
  10
484.33018
  20
495.12878
  42
0.026225246
  0
VERTEX
  5
11e8
  8
Layer_0
  10
484.42145
  20
495.13512
  0
VERTEX
  5
11e9
  8
Layer_0
  10
484.45044
  20
495.13606
  0
VERTEX
  5
11ea
  8
Layer_0
  10
484.51651
  20
495.12561
  0
VERTEX
  5
11eb
  8
Layer_0
  10
484.58828
  20
495.08378
  0
VERTEX
  5
11ec
  8
Layer_0
  10
484.63439
  20
494.99062
  42
-0.39525926
  0
VERTEX
  5
11ed
  8
Layer_0
  10
484.4975
  20
494.76246
  0
VERTEX
  5
11ee
  8
Layer_0
  10
484.26744
  20
494.72158
  0
VERTEX
  5
11ef
  8
Layer_0
  10
484.0716
  20
494.68641
  42
0.028254828
  0
VERTEX
  5
11f0
  8
Layer_0
  10
484.52792
  20
493.91068
  0
VERTEX
  5
11f1
  8
Layer_0
  10
484.5723
  20
493.92145
  0
VERTEX
  5
11f2
  8
Layer_0
  10
484.61664
  20
493.93222
  0
VERTEX
  5
11f3
  8
Layer_0
  10
484.66101
  20
493.94299
  0
VERTEX
  5
11f4
  8
Layer_0
  10
484.70538
  20
493.95377
  0
VERTEX
  5
11f5
  8
Layer_0
  10
484.74973
  20
493.96455
  0
VERTEX
  5
11f6
  8
Layer_0
  10
484.7941
  20
493.97532
  0
VERTEX
  5
11f7
  8
Layer_0
  10
484.83847
  20
493.98609
  0
VERTEX
  5
11f8
  8
Layer_0
  10
484.88284
  20
493.99686
  0
VERTEX
  5
11f9
  8
Layer_0
  10
484.92719
  20
494.00764
  0
VERTEX
  5
11fa
  8
Layer_0
  10
484.97156
  20
494.01842
  0
VERTEX
  5
11fb
  8
Layer_0
  10
485.01593
  20
494.02919
  0
VERTEX
  5
11fc
  8
Layer_0
  10
485.06027
  20
494.03996
  0
VERTEX
  5
11fd
  8
Layer_0
  10
485.08856
  20
494.04579
  0
VERTEX
  5
11fe
  8
Layer_0
  10
485.15535
  20
494.04662
  0
VERTEX
  5
11ff
  8
Layer_0
  10
485.23354
  20
494.0175
  0
VERTEX
  5
1200
  8
Layer_0
  10
485.29604
  20
493.93349
  0
VERTEX
  5
1201
  8
Layer_0
  10
485.31161
  20
493.83011
  0
VERTEX
  5
1202
  8
Layer_0
  10
485.28939
  20
493.75667
  0
VERTEX
  5
1203
  8
Layer_0
  10
485.24578
  20
493.7089
  0
VERTEX
  5
1204
  8
Layer_0
  10
485.19718
  20
493.68251
  42
-0.040004726
  0
VERTEX
  5
1205
  8
Layer_0
  10
484.7941
  20
493.53041
  42
0.027109815
  0
VERTEX
  5
1206
  8
Layer_0
  10
485.3797
  20
492.84594
  0
VERTEX
  5
1207
  8
Layer_0
  10
485.42154
  20
492.86432
  0
VERTEX
  5
1208
  8
Layer_0
  10
485.46338
  20
492.8827
  0
VERTEX
  5
1209
  8
Layer_0
  10
485.50519
  20
492.90108
  0
VERTEX
  5
120a
  8
Layer_0
  10
485.54703
  20
492.91946
  0
VERTEX
  5
120b
  8
Layer_0
  10
485.58884
  20
492.93784
  0
VERTEX
  5
120c
  8
Layer_0
  10
485.63068
  20
492.95621
  0
VERTEX
  5
120d
  8
Layer_0
  10
485.67252
  20
492.97459
  0
VERTEX
  5
120e
  8
Layer_0
  10
485.71432
  20
492.99297
  0
VERTEX
  5
120f
  8
Layer_0
  10
485.75616
  20
493.01135
  0
VERTEX
  5
1210
  8
Layer_0
  10
485.79797
  20
493.02974
  0
VERTEX
  5
1211
  8
Layer_0
  10
485.83981
  20
493.04811
  0
VERTEX
  5
1212
  8
Layer_0
  10
485.88165
  20
493.0665
  0
VERTEX
  5
1213
  8
Layer_0
  10
485.9091
  20
493.07612
  0
VERTEX
  5
1214
  8
Layer_0
  10
485.97577
  20
493.08646
  0
VERTEX
  5
1215
  8
Layer_0
  10
486.05812
  20
493.0697
  0
VERTEX
  5
1216
  8
Layer_0
  10
486.13262
  20
492.99804
  42
-0.41588282
  0
VERTEX
  5
1217
  8
Layer_0
  10
486.07938
  20
492.73947
  42
-0.013823327
  0
VERTEX
  5
1218
  8
Layer_0
  10
485.70673
  20
492.51891
  42
0.026935192
  0
VERTEX
  5
1219
  8
Layer_0
  10
486.3988
  20
491.94852
  0
VERTEX
  5
121a
  8
Layer_0
  10
486.43683
  20
491.97388
  0
VERTEX
  5
121b
  8
Layer_0
  10
486.47485
  20
491.99922
  0
VERTEX
  5
121c
  8
Layer_0
  10
486.51288
  20
492.02457
  0
VERTEX
  5
121d
  8
Layer_0
  10
486.5509
  20
492.04993
  0
VERTEX
  5
121e
  8
Layer_0
  10
486.58891
  20
492.07521
  0
VERTEX
  5
121f
  8
Layer_0
  10
486.62696
  20
492.10063
  42
-0.018876201
  0
VERTEX
  5
1220
  8
Layer_0
  10
486.703
  20
492.15133
  42
-0.08778836
  0
VERTEX
  5
1221
  8
Layer_0
  10
486.77905
  20
492.20203
  42
0.077533502
  0
VERTEX
  5
1222
  8
Layer_0
  10
486.8551
  20
492.25273
  0
VERTEX
  5
1223
  8
Layer_0
  10
486.88055
  20
492.26735
  0
VERTEX
  5
1224
  8
Layer_0
  10
486.94448
  20
492.28981
  0
VERTEX
  5
1225
  8
Layer_0
  10
487.02838
  20
492.28803
  0
VERTEX
  5
1226
  8
Layer_0
  10
487.1137
  20
492.22992
  42
-0.41251834
  0
VERTEX
  5
1227
  8
Layer_0
  10
487.10608
  20
491.96373
  0
VERTEX
  5
1228
  8
Layer_0
  10
486.93117
  20
491.80878
  0
VERTEX
  5
1229
  8
Layer_0
  10
486.77907
  20
491.68234
  42
0.028255449
  0
VERTEX
  5
122a
  8
Layer_0
  10
487.56241
  20
491.23363
  0
VERTEX
  5
122b
  8
Layer_0
  10
487.59537
  20
491.26532
  0
VERTEX
  5
122c
  8
Layer_0
  10
487.62833
  20
491.297
  0
VERTEX
  5
122d
  8
Layer_0
  10
487.66129
  20
491.3287
  0
VERTEX
  5
122e
  8
Layer_0
  10
487.69421
  20
491.36038
  0
VERTEX
  5
122f
  8
Layer_0
  10
487.72717
  20
491.39207
  0
VERTEX
  5
1230
  8
Layer_0
  10
487.76013
  20
491.42376
  0
VERTEX
  5
1231
  8
Layer_0
  10
487.79309
  20
491.45544
  0
VERTEX
  5
1232
  8
Layer_0
  10
487.82605
  20
491.48714
  0
VERTEX
  5
1233
  8
Layer_0
  10
487.85901
  20
491.51883
  0
VERTEX
  5
1234
  8
Layer_0
  10
487.89192
  20
491.55045
  0
VERTEX
  5
1235
  8
Layer_0
  10
487.92492
  20
491.58221
  0
VERTEX
  5
1236
  8
Layer_0
  10
487.95789
  20
491.61389
  0
VERTEX
  5
1237
  8
Layer_0
  10
487.9801
  20
491.63243
  0
VERTEX
  5
1238
  8
Layer_0
  10
488.03868
  20
491.66523
  0
VERTEX
  5
1239
  8
Layer_0
  10
488.12151
  20
491.67806
  0
VERTEX
  5
123a
  8
Layer_0
  10
488.21646
  20
491.63671
  42
-0.40596085
  0
VERTEX
  5
123b
  8
Layer_0
  10
488.25449
  20
491.37052
  0
VERTEX
  5
123c
  8
Layer_0
  10
488.10333
  20
491.18325
  0
VERTEX
  5
123d
  8
Layer_0
  10
487.98069
  20
491.0359
  42
0.028211892
  0
VERTEX
  5
123e
  8
Layer_0
  10
488.82489
  20
490.73169
  0
VERTEX
  5
123f
  8
Layer_0
  10
488.85211
  20
490.76845
  0
VERTEX
  5
1240
  8
Layer_0
  10
488.87939
  20
490.80521
  0
VERTEX
  5
1241
  8
Layer_0
  10
488.90662
  20
490.84196
  0
VERTEX
  5
1242
  8
Layer_0
  10
488.9339
  20
490.87872
  0
VERTEX
  5
1243
  8
Layer_0
  10
488.96112
  20
490.91548
  0
VERTEX
  5
1244
  8
Layer_0
  10
488.98837
  20
490.95224
  0
VERTEX
  5
1245
  8
Layer_0
  10
489.01563
  20
490.989
  42
0.013106262
  0
VERTEX
  5
1246
  8
Layer_0
  10
489.07013
  20
491.06252
  42
0.13850217
  0
VERTEX
  5
1247
  8
Layer_0
  10
489.12463
  20
491.13603
  0
VERTEX
  5
1248
  8
Layer_0
  10
489.15189
  20
491.17279
  0
VERTEX
  5
1249
  8
Layer_0
  10
489.17079
  20
491.19525
  0
VERTEX
  5
124a
  8
Layer_0
  10
489.2232
  20
491.23839
  0
VERTEX
  5
124b
  8
Layer_0
  10
489.3027
  20
491.26584
  0
VERTEX
  5
124c
  8
Layer_0
  10
489.40287
  20
491.24124
  42
-0.41256061
  0
VERTEX
  5
124d
  8
Layer_0
  10
489.48654
  20
490.99026
  0
VERTEX
  5
124e
  8
Layer_0
  10
489.3715
  20
490.78682
  0
VERTEX
  5
124f
  8
Layer_0
  10
489.27358
  20
490.61761
  42
0.033237991
  0
VERTEX
  5
1250
  8
Layer_0
  10
490.16339
  20
490.4655
  0
VERTEX
  5
1251
  8
Layer_0
  10
490.18367
  20
490.50605
  0
VERTEX
  5
1252
  8
Layer_0
  10
490.20396
  20
490.54662
  0
VERTEX
  5
1253
  8
Layer_0
  10
490.22424
  20
490.58719
  42
0.027879782
  0
VERTEX
  5
1254
  8
Layer_0
  10
490.2648
  20
490.66831
  0
VERTEX
  5
1255
  8
Layer_0
  10
490.2851
  20
490.70887
  0
VERTEX
  5
1256
  8
Layer_0
  10
490.30536
  20
490.74944
  0
VERTEX
  5
1257
  8
Layer_0
  10
490.32573
  20
490.79
  0
VERTEX
  5
1258
  8
Layer_0
  10
490.34592
  20
490.83055
  0
VERTEX
  5
1259
  8
Layer_0
  10
490.36621
  20
490.87111
  0
VERTEX
  5
125a
  8
Layer_0
  10
490.38648
  20
490.9116
  0
VERTEX
  5
125b
  8
Layer_0
  10
490.40676
  20
490.95224
  0
VERTEX
  5
125c
  8
Layer_0
  10
490.42114
  20
490.97743
  0
VERTEX
  5
125d
  8
Layer_0
  10
490.46475
  20
491.02829
  0
VERTEX
  5
125e
  8
Layer_0
  10
490.53831
  20
491.06774
  0
VERTEX
  5
125f
  8
Layer_0
  10
490.64253
  20
491.05871
  0
VERTEX
  5
1260
  8
Layer_0
  10
490.73331
  20
491.00476
  0
VERTEX
  5
1261
  8
Layer_0
  10
490.77562
  20
490.94083
  0
VERTEX
  5
1262
  8
Layer_0
  10
490.7837
  20
490.8769
  0
VERTEX
  5
1263
  8
Layer_0
  10
490.77182
  20
490.82295
  0
VERTEX
  5
1264
  8
Layer_0
  10
490.69671
  20
490.61285
  0
VERTEX
  5
1265
  8
Layer_0
  10
490.62732
  20
490.41987
  42
0.01337595
  0
VERTEX
  5
1266
  8
Layer_0
  10
491.05322
  20
490.40466
  42
0.012078278
  0
VERTEX
  5
1267
  8
Layer_0
  10
491.52472
  20
490.41987
  0
VERTEX
  5
1268
  8
Layer_0
  10
491.53806
  20
490.4636
  0
VERTEX
  5
1269
  8
Layer_0
  10
491.55136
  20
490.50733
  0
VERTEX
  5
126a
  8
Layer_0
  10
491.56467
  20
490.55106
  0
VERTEX
  5
126b
  8
Layer_0
  10
491.57797
  20
490.59479
  0
VERTEX
  5
126c
  8
Layer_0
  10
491.59128
  20
490.63852
  0
VERTEX
  5
126d
  8
Layer_0
  10
491.60458
  20
490.68225
  0
VERTEX
  5
126e
  8
Layer_0
  10
491.61789
  20
490.72598
  0
VERTEX
  5
126f
  8
Layer_0
  10
491.6312
  20
490.76971
  0
VERTEX
  5
1270
  8
Layer_0
  10
491.64453
  20
490.81344
  0
VERTEX
  5
1271
  8
Layer_0
  10
491.65784
  20
490.85718
  0
VERTEX
  5
1272
  8
Layer_0
  10
491.67114
  20
490.9009
  0
VERTEX
  5
1273
  8
Layer_0
  10
491.68445
  20
490.94463
  0
VERTEX
  5
1274
  8
Layer_0
  10
491.69775
  20
490.97695
  0
VERTEX
  5
1275
  8
Layer_0
  10
491.74529
  20
491.0435
  42
-0.00031055884
  0
VERTEX
  5
1276
  8
Layer_0
  10
491.7453
  20
491.0473
  0
VERTEX
  5
1277
  8
Layer_0
  10
491.7453
  20
491.04921
  0
VERTEX
  5
1278
  8
Layer_0
  10
491.7453
  20
491.0511
  0
VERTEX
  5
1279
  8
Layer_0
  10
491.7453
  20
491.05301
  0
VERTEX
  5
127a
  8
Layer_0
  10
491.74527
  20
491.05491
  0
VERTEX
  5
127b
  8
Layer_0
  10
491.7453
  20
491.05681
  42
0.00020408159
  0
VERTEX
  5
127c
  8
Layer_0
  10
491.7453
  20
491.06061
  42
-0.19886447
  0
VERTEX
  5
127d
  8
Layer_0
  10
491.7453
  20
491.06441
  0
VERTEX
  5
127e
  8
Layer_0
  10
491.7453
  20
491.06631
  0
VERTEX
  5
127f
  8
Layer_0
  10
491.77191
  20
491.0492
  0
VERTEX
  5
1280
  8
Layer_0
  10
491.79852
  20
491.0321
  42
0.026667184
  0
VERTEX
  5
1281
  8
Layer_0
  10
491.85175
  20
490.99787
  0
VERTEX
  5
1282
  8
Layer_0
  10
491.87839
  20
490.98076
  0
VERTEX
  5
1283
  8
Layer_0
  10
491.90497
  20
490.96368
  0
VERTEX
  5
1284
  8
Layer_0
  10
491.93161
  20
490.94653
  0
VERTEX
  5
1285
  8
Layer_0
  10
491.95822
  20
490.92943
  0
VERTEX
  5
1286
  8
Layer_0
  10
491.9848
  20
490.91232
  0
VERTEX
  5
1287
  8
Layer_0
  10
492.01147
  20
490.8952
  0
VERTEX
  5
1288
  8
Layer_0
  10
492.03809
  20
490.87808
  0
VERTEX
  5
1289
  8
Layer_0
  10
492.0647
  20
490.86098
  0
VERTEX
  5
128a
  8
Layer_0
  10
492.02763
  20
490.62997
  0
VERTEX
  5
128b
  8
Layer_0
  10
491.99626
  20
490.45029
  42
0.019492343
  0
VERTEX
  5
128c
  8
Layer_0
  10
492.56665
  20
490.54155
  0
VERTEX
  5
128d
  8
Layer_0
  10
495.01553
  20
488.99009
  0
VERTEX
  5
128e
  8
Layer_0
  10
495.25641
  20
488.85113
  0
VERTEX
  5
128f
  8
Layer_0
  10
495.49051
  20
488.7447
  0
VERTEX
  5
1290
  8
Layer_0
  10
495.71658
  20
488.67018
  0
VERTEX
  5
1291
  8
Layer_0
  10
495.93339
  20
488.62694
  0
VERTEX
  5
1292
  8
Layer_0
  10
496.13969
  20
488.61436
  0
VERTEX
  5
1293
  8
Layer_0
  10
496.33421
  20
488.63181
  0
VERTEX
  5
1294
  8
Layer_0
  10
496.51573
  20
488.67867
  0
VERTEX
  5
1295
  8
Layer_0
  10
496.68298
  20
488.75433
  0
VERTEX
  5
1296
  8
Layer_0
  10
496.83473
  20
488.85814
  0
VERTEX
  5
1297
  8
Layer_0
  10
496.96973
  20
488.98949
  0
VERTEX
  5
1298
  8
Layer_0
  10
497.08672
  20
489.14776
  0
VERTEX
  5
1299
  8
Layer_0
  10
497.18445
  20
489.33232
  0
VERTEX
  5
129a
  8
Layer_0
  10
497.2617
  20
489.54255
  0
VERTEX
  5
129b
  8
Layer_0
  10
497.31719
  20
489.77782
  0
VERTEX
  5
129c
  8
Layer_0
  10
497.34969
  20
490.03752
  0
VERTEX
  5
129d
  8
Layer_0
  10
497.35795
  20
490.321
  0
VERTEX
  5
129e
  8
Layer_0
  10
497.35794
  20
494.29854
  42
0.0249232
  0
VERTEX
  5
129f
  8
Layer_0
  10
497.60892
  20
494.00194
  42
0.028254175
  0
VERTEX
  5
12a0
  8
Layer_0
  10
498.05762
  20
494.78528
  0
VERTEX
  5
12a1
  8
Layer_0
  10
498.02594
  20
494.81824
  0
VERTEX
  5
12a2
  8
Layer_0
  10
497.99426
  20
494.85119
  0
VERTEX
  5
12a3
  8
Layer_0
  10
497.96255
  20
494.88414
  0
VERTEX
  5
12a4
  8
Layer_0
  10
497.93088
  20
494.9171
  0
VERTEX
  5
12a5
  8
Layer_0
  10
497.8992
  20
494.95006
  0
VERTEX
  5
12a6
  8
Layer_0
  10
497.86749
  20
494.98301
  0
VERTEX
  5
12a7
  8
Layer_0
  10
497.83582
  20
495.01597
  0
VERTEX
  5
12a8
  8
Layer_0
  10
497.80414
  20
495.04893
  0
VERTEX
  5
12a9
  8
Layer_0
  10
497.77243
  20
495.08188
  0
VERTEX
  5
12aa
  8
Layer_0
  10
497.74075
  20
495.11484
  0
VERTEX
  5
12ab
  8
Layer_0
  10
497.70905
  20
495.1478
  0
VERTEX
  5
12ac
  8
Layer_0
  10
497.67737
  20
495.18075
  0
VERTEX
  5
12ad
  8
Layer_0
  10
497.65883
  20
495.20297
  0
VERTEX
  5
12ae
  8
Layer_0
  10
497.62603
  20
495.26155
  0
VERTEX
  5
12af
  8
Layer_0
  10
497.6132
  20
495.34438
  0
VERTEX
  5
12b0
  8
Layer_0
  10
497.65455
  20
495.43933
  42
-0.40595783
  0
VERTEX
  5
12b1
  8
Layer_0
  10
497.92075
  20
495.47736
  0
VERTEX
  5
12b2
  8
Layer_0
  10
498.10801
  20
495.3262
  0
VERTEX
  5
12b3
  8
Layer_0
  10
498.25537
  20
495.20356
  42
0.028209053
  0
VERTEX
  5
12b4
  8
Layer_0
  10
498.55957
  20
496.04774
  42
-0.085515802
  0
VERTEX
  5
12b5
  8
Layer_0
  10
498.48605
  20
496.10225
  0
VERTEX
  5
12b6
  8
Layer_0
  10
498.44931
  20
496.1295
  0
VERTEX
  5
12b7
  8
Layer_0
  10
498.41254
  20
496.15675
  0
VERTEX
  5
12b8
  8
Layer_0
  10
498.37513
  20
496.18421
  0
VERTEX
  5
12b9
  8
Layer_0
  10
498.33902
  20
496.21126
  0
VERTEX
  5
12ba
  8
Layer_0
  10
498.30228
  20
496.23851
  42
-0.028165128
  0
VERTEX
  5
12bb
  8
Layer_0
  10
498.22876
  20
496.29301
  0
VERTEX
  5
12bc
  8
Layer_0
  10
498.19199
  20
496.32027
  0
VERTEX
  5
12bd
  8
Layer_0
  10
498.15524
  20
496.34752
  0
VERTEX
  5
12be
  8
Layer_0
  10
498.11847
  20
496.37477
  0
VERTEX
  5
12bf
  8
Layer_0
  10
498.09601
  20
496.39367
  0
VERTEX
  5
12c0
  8
Layer_0
  10
498.05288
  20
496.44607
  0
VERTEX
  5
12c1
  8
Layer_0
  10
498.02543
  20
496.52557
  0
VERTEX
  5
12c2
  8
Layer_0
  10
498.05003
  20
496.62574
  42
-0.41256384
  0
VERTEX
  5
12c3
  8
Layer_0
  10
498.30099
  20
496.7094
  0
VERTEX
  5
12c4
  8
Layer_0
  10
498.50444
  20
496.59152
  0
VERTEX
  5
12c5
  8
Layer_0
  10
498.67365
  20
496.49645
  42
0.031792325
  0
VERTEX
  5
12c6
  8
Layer_0
  10
498.82574
  20
497.38627
  0
VERTEX
  5
12c7
  8
Layer_0
  10
498.78519
  20
497.40655
  0
VERTEX
  5
12c8
  8
Layer_0
  10
498.74463
  20
497.42683
  0
VERTEX
  5
12c9
  8
Layer_0
  10
498.70407
  20
497.44711
  0
VERTEX
  5
12ca
  8
Layer_0
  10
498.66351
  20
497.46739
  0
VERTEX
  5
12cb
  8
Layer_0
  10
498.62296
  20
497.48767
  0
VERTEX
  5
12cc
  8
Layer_0
  10
498.5824
  20
497.50795
  0
VERTEX
  5
12cd
  8
Layer_0
  10
498.54184
  20
497.52824
  0
VERTEX
  5
12ce
  8
Layer_0
  10
498.50127
  20
497.54851
  0
VERTEX
  5
12cf
  8
Layer_0
  10
498.46069
  20
497.56879
  0
VERTEX
  5
12d0
  8
Layer_0
  10
498.42014
  20
497.58907
  0
VERTEX
  5
12d1
  8
Layer_0
  10
498.37958
  20
497.60935
  0
VERTEX
  5
12d2
  8
Layer_0
  10
498.33902
  20
497.62964
  0
VERTEX
  5
12d3
  8
Layer_0
  10
498.31383
  20
497.64401
  0
VERTEX
  5
12d4
  8
Layer_0
  10
498.26297
  20
497.68763
  0
VERTEX
  5
12d5
  8
Layer_0
  10
498.22352
  20
497.76118
  0
VERTEX
  5
12d6
  8
Layer_0
  10
498.23255
  20
497.8654
  0
VERTEX
  5
12d7
  8
Layer_0
  10
498.2865
  20
497.95618
  0
VERTEX
  5
12d8
  8
Layer_0
  10
498.35043
  20
497.99849
  0
VERTEX
  5
12d9
  8
Layer_0
  10
498.41436
  20
498.00657
  0
VERTEX
  5
12da
  8
Layer_0
  10
498.46831
  20
497.99468
  0
VERTEX
  5
12db
  8
Layer_0
  10
498.67841
  20
497.91958
  0
VERTEX
  5
12dc
  8
Layer_0
  10
498.87139
  20
497.85018
  42
0.013370922
  0
VERTEX
  5
12dd
  8
Layer_0
  10
498.8866
  20
498.27608
  42
0.012080475
  0
VERTEX
  5
12de
  8
Layer_0
  10
498.8714
  20
498.7476
  0
VERTEX
  5
12df
  8
Layer_0
  10
498.82767
  20
498.76028
  0
VERTEX
  5
12e0
  8
Layer_0
  10
498.78394
  20
498.77296
  42
0.011659683
  0
VERTEX
  5
12e1
  8
Layer_0
  10
498.69647
  20
498.7983
  0
VERTEX
  5
12e2
  8
Layer_0
  10
498.65274
  20
498.81098
  0
VERTEX
  5
12e3
  8
Layer_0
  10
498.60901
  20
498.82365
  42
0.22745661
  0
VERTEX
  5
12e4
  8
Layer_0
  10
498.52155
  20
498.84901
  0
VERTEX
  5
12e5
  8
Layer_0
  10
498.47781
  20
498.86168
  0
VERTEX
  5
12e6
  8
Layer_0
  10
498.43408
  20
498.87436
  0
VERTEX
  5
12e7
  8
Layer_0
  10
498.39035
  20
498.88703
  0
VERTEX
  5
12e8
  8
Layer_0
  10
498.34662
  20
498.89971
  0
VERTEX
  5
12e9
  8
Layer_0
  10
498.31431
  20
498.91302
  0
VERTEX
  5
12ea
  8
Layer_0
  10
498.24776
  20
498.96055
  0
VERTEX
  5
12eb
  8
Layer_0
  10
498.17487
  20
498.95232
  0
VERTEX
  5
12ec
  8
Layer_0
  10
498.10199
  20
498.94408
  0
VERTEX
  5
12ed
  8
Layer_0
  10
498.02911
  20
498.93583
  0
VERTEX
  5
12ee
  8
Layer_0
  10
497.95624
  20
498.9276
  0
VERTEX
  5
12ef
  8
Layer_0
  10
497.88333
  20
498.91936
  0
VERTEX
  5
12f0
  8
Layer_0
  10
497.81046
  20
498.91112
  0
VERTEX
  5
12f1
  8
Layer_0
  10
497.73758
  20
498.90288
  0
VERTEX
  5
12f2
  8
Layer_0
  10
497.6647
  20
498.89464
  0
VERTEX
  5
12f3
  8
Layer_0
  10
497.5918
  20
498.8864
  0
VERTEX
  5
12f4
  8
Layer_0
  10
497.51892
  20
498.87816
  0
VERTEX
  5
12f5
  8
Layer_0
  10
497.44604
  20
498.86992
  0
VERTEX
  5
12f6
  8
Layer_0
  10
497.37317
  20
498.86168
  0
VERTEX
  5
12f7
  8
Layer_0
  10
497.3732
  20
498.95657
  0
VERTEX
  5
12f8
  8
Layer_0
  10
497.37316
  20
499.05181
  0
VERTEX
  5
12f9
  8
Layer_0
  10
497.44297
  20
499.05931
  0
VERTEX
  5
12fa
  8
Layer_0
  10
497.51259
  20
499.06702
  0
VERTEX
  5
12fb
  8
Layer_0
  10
497.58231
  20
499.07463
  0
VERTEX
  5
12fc
  8
Layer_0
  10
497.65201
  20
499.08223
  0
VERTEX
  5
12fd
  8
Layer_0
  10
497.72174
  20
499.08984
  0
VERTEX
  5
12fe
  8
Layer_0
  10
497.79144
  20
499.09744
  42
0.2593055
  0
VERTEX
  5
12ff
  8
Layer_0
  10
497.93088
  20
499.11266
  0
VERTEX
  5
1300
  8
Layer_0
  10
498.00058
  20
499.12026
  0
VERTEX
  5
1301
  8
Layer_0
  10
498.07031
  20
499.12787
  0
VERTEX
  5
1302
  8
Layer_0
  10
498.14001
  20
499.13547
  0
VERTEX
  5
1303
  8
Layer_0
  10
498.20975
  20
499.14307
  42
-0.3676041
  0
VERTEX
  5
1304
  8
Layer_0
  10
498.40747
  20
499.27236
  0
VERTEX
  5
1305
  8
Layer_0
  10
498.63468
  20
499.23149
  0
VERTEX
  5
1306
  8
Layer_0
  10
498.83336
  20
499.19631
  42
0.0261561
  0
VERTEX
  5
1307
  8
Layer_0
  10
498.67365
  20
500.07852
  0
VERTEX
  5
1308
  8
Layer_0
  10
498.62794
  20
500.08356
  0
VERTEX
  5
1309
  8
Layer_0
  10
498.58239
  20
500.08866
  42
-0.027530179
  0
VERTEX
  5
130a
  8
Layer_0
  10
498.49112
  20
500.0988
  0
VERTEX
  5
130b
  8
Layer_0
  10
498.4455
  20
500.10387
  0
VERTEX
  5
130c
  8
Layer_0
  10
498.39987
  20
500.10894
  0
VERTEX
  5
130d
  8
Layer_0
  10
498.35425
  20
500.11401
  0
VERTEX
  5
130e
  8
Layer_0
  10
498.30859
  20
500.11908
  0
VERTEX
  5
130f
  8
Layer_0
  10
498.26297
  20
500.12415
  0
VERTEX
  5
1310
  8
Layer_0
  10
498.21735
  20
500.12923
  0
VERTEX
  5
1311
  8
Layer_0
  10
498.17169
  20
500.13429
  0
VERTEX
  5
1312
  8
Layer_0
  10
498.12607
  20
500.13936
  0
SEQEND
  0
POLYLINE
  5
1314
  8
Layer_0
  62
7
  70
1
  66
1
  10
0
  20
0
  30
0
  0
VERTEX
  5
1314
  8
Layer_0
  10
490.09495
  20
483.13405
  0
VERTEX
  5
1315
  8
Layer_0
  10
490.1026
  20
483.29164
  0
VERTEX
  5
1316
  8
Layer_0
  10
490.1262
  20
483.42793
  0
VERTEX
  5
1317
  8
Layer_0
  10
490.16674
  20
483.543
  0
VERTEX
  5
1318
  8
Layer_0
  10
490.22519
  20
483.63695
  0
VERTEX
  5
1319
  8
Layer_0
  10
490.30254
  20
483.70987
  0
VERTEX
  5
131a
  8
Layer_0
  10
490.39975
  20
483.76184
  0
VERTEX
  5
131b
  8
Layer_0
  10
490.51783
  20
483.79296
  0
VERTEX
  5
131c
  8
Layer_0
  10
490.65774
  20
483.80331
  0
VERTEX
  5
131d
  8
Layer_0
  10
490.79463
  20
483.79284
  0
VERTEX
  5
131e
  8
Layer_0
  10
490.90586
  20
483.76089
  0
VERTEX
  5
131f
  8
Layer_0
  10
490.9957
  20
483.70666
  0
VERTEX
  5
1320
  8
Layer_0
  10
491.06842
  20
483.62935
  0
VERTEX
  5
1321
  8
Layer_0
  10
491.12831
  20
483.52815
  0
VERTEX
  5
1322
  8
Layer_0
  10
491.17965
  20
483.40226
  0
VERTEX
  5
1323
  8
Layer_0
  10
491.2267
  20
483.25088
  0
VERTEX
  5
1324
  8
Layer_0
  10
491.27376
  20
483.07321
  0
VERTEX
  5
1325
  8
Layer_0
  10
491.33233
  20
482.86183
  0
VERTEX
  5
1326
  8
Layer_0
  10
491.39723
  20
482.67833
  0
VERTEX
  5
1327
  8
Layer_0
  10
491.47336
  20
482.52283
  0
VERTEX
  5
1328
  8
Layer_0
  10
491.56561
  20
482.3954
  0
VERTEX
  5
1329
  8
Layer_0
  10
491.67891
  20
482.29613
  0
VERTEX
  5
132a
  8
Layer_0
  10
491.81813
  20
482.22511
  0
VERTEX
  5
132b
  8
Layer_0
  10
491.9882
  20
482.18243
  0
VERTEX
  5
132c
  8
Layer_0
  10
492.194
  20
482.16819
  0
VERTEX
  5
132d
  8
Layer_0
  10
492.43277
  20
482.18327
  0
VERTEX
  5
132e
  8
Layer_0
  10
492.64116
  20
482.22891
  0
VERTEX
  5
132f
  8
Layer_0
  10
492.81871
  20
482.30575
  0
VERTEX
  5
1330
  8
Layer_0
  10
492.96498
  20
482.41441
  0
VERTEX
  5
1331
  8
Layer_0
  10
493.07952
  20
482.55551
  0
VERTEX
  5
1332
  8
Layer_0
  10
493.16188
  20
482.72967
  0
VERTEX
  5
1333
  8
Layer_0
  10
493.21163
  20
482.93752
  0
VERTEX
  5
1334
  8
Layer_0
  10
493.22831
  20
483.17969
  0
VERTEX
  5
1335
  8
Layer_0
  10
493.21405
  20
483.49102
  0
VERTEX
  5
1336
  8
Layer_0
  10
493.18268
  20
483.80522
  0
VERTEX
  5
1337
  8
Layer_0
  10
493.16592
  20
483.94021
  0
VERTEX
  5
1338
  8
Layer_0
  10
493.15131
  20
484.04811
  0
VERTEX
  5
1339
  8
Layer_0
  10
493.14097
  20
484.11964
  0
VERTEX
  5
133a
  8
Layer_0
  10
493.13705
  20
484.14555
  0
VERTEX
  5
133b
  8
Layer_0
  10
493.11169
  20
484.14365
  0
VERTEX
  5
133c
  8
Layer_0
  10
493.08633
  20
484.14175
  0
VERTEX
  5
133d
  8
Layer_0
  10
493.06097
  20
484.13985
  0
VERTEX
  5
133e
  8
Layer_0
  10
493.03564
  20
484.13795
  0
VERTEX
  5
133f
  8
Layer_0
  10
493.01028
  20
484.13605
  0
VERTEX
  5
1340
  8
Layer_0
  10
492.98492
  20
484.13415
  0
VERTEX
  5
1341
  8
Layer_0
  10
492.95959
  20
484.13225
  0
VERTEX
  5
1342
  8
Layer_0
  10
492.93423
  20
484.13034
  0
VERTEX
  5
1343
  8
Layer_0
  10
492.90887
  20
484.12844
  0
VERTEX
  5
1344
  8
Layer_0
  10
492.88354
  20
484.12653
  0
VERTEX
  5
1345
  8
Layer_0
  10
492.85818
  20
484.12463
  0
VERTEX
  5
1346
  8
Layer_0
  10
492.83282
  20
484.12273
  0
VERTEX
  5
1347
  8
Layer_0
  10
492.83578
  20
484.09532
  0
VERTEX
  5
1348
  8
Layer_0
  10
492.84353
  20
484.0203
  0
VERTEX
  5
1349
  8
Layer_0
  10
492.85449
  20
483.90857
  0
VERTEX
  5
134a
  8
Layer_0
  10
492.86706
  20
483.77099
  0
VERTEX
  5
134b
  8
Layer_0
  10
492.89059
  20
483.46179
  0
VERTEX
  5
134c
  8
Layer_0
  10
492.90128
  20
483.17969
  0
VERTEX
  5
134d
  8
Layer_0
  10
492.89062
  20
483.0281
  0
VERTEX
  5
134e
  8
Layer_0
  10
492.85874
  20
482.89817
  0
VERTEX
  5
134f
  8
Layer_0
  10
492.80583
  20
482.78946
  0
VERTEX
  5
1350
  8
Layer_0
  10
492.73207
  20
482.70151
  0
VERTEX
  5
1351
  8
Layer_0
  10
492.63762
  20
482.63388
  0
VERTEX
  5
1352
  8
Layer_0
  10
492.52268
  20
482.58612
  0
VERTEX
  5
1353
  8
Layer_0
  10
492.38742
  20
482.5578
  0
VERTEX
  5
1354
  8
Layer_0
  10
492.23202
  20
482.54845
  0
VERTEX
  5
1355
  8
Layer_0
  10
492.09137
  20
482.55915
  0
VERTEX
  5
1356
  8
Layer_0
  10
491.97522
  20
482.59123
  0
VERTEX
  5
1357
  8
Layer_0
  10
491.88029
  20
482.64471
  0
VERTEX
  5
1358
  8
Layer_0
  10
491.80328
  20
482.71957
  0
VERTEX
  5
1359
  8
Layer_0
  10
491.68979
  20
482.93347
  0
VERTEX
  5
135a
  8
Layer_0
  10
491.60839
  20
483.23292
  0
VERTEX
  5
135b
  8
Layer_0
  10
491.5489
  20
483.45315
  0
VERTEX
  5
135c
  8
Layer_0
  10
491.48184
  20
483.64574
  0
VERTEX
  5
135d
  8
Layer_0
  10
491.40319
  20
483.81018
  0
VERTEX
  5
135e
  8
Layer_0
  10
491.30894
  20
483.94591
  0
VERTEX
  5
135f
  8
Layer_0
  10
491.19508
  20
484.05242
  0
VERTEX
  5
1360
  8
Layer_0
  10
491.05761
  20
484.12915
  0
VERTEX
  5
1361
  8
Layer_0
  10
490.8925
  20
484.17559
  0
VERTEX
  5
1362
  8
Layer_0
  10
490.69576
  20
484.19118
  0
VERTEX
  5
1363
  8
Layer_0
  10
490.46997
  20
484.17419
  0
VERTEX
  5
1364
  8
Layer_0
  10
490.27688
  20
484.12369
  0
VERTEX
  5
1365
  8
Layer_0
  10
490.1157
  20
484.04038
  0
VERTEX
  5
1366
  8
Layer_0
  10
489.98563
  20
483.925
  0
VERTEX
  5
1367
  8
Layer_0
  10
489.88585
  20
483.77824
  0
VERTEX
  5
1368
  8
Layer_0
  10
489.81558
  20
483.60083
  0
VERTEX
  5
1369
  8
Layer_0
  10
489.774
  20
483.39346
  0
VERTEX
  5
136a
  8
Layer_0
  10
489.76032
  20
483.15687
  0
VERTEX
  5
136b
  8
Layer_0
  10
489.77577
  20
482.85623
  0
VERTEX
  5
136c
  8
Layer_0
  10
489.80975
  20
482.56556
  0
VERTEX
  5
136d
  8
Layer_0
  10
489.82791
  20
482.44314
  0
VERTEX
  5
136e
  8
Layer_0
  10
489.84374
  20
482.3462
  0
VERTEX
  5
136f
  8
Layer_0
  10
489.85494
  20
482.28242
  0
VERTEX
  5
1370
  8
Layer_0
  10
489.85919
  20
482.25945
  0
VERTEX
  5
1371
  8
Layer_0
  10
489.88455
  20
482.26072
  0
VERTEX
  5
1372
  8
Layer_0
  10
489.90988
  20
482.26199
  0
VERTEX
  5
1373
  8
Layer_0
  10
489.93524
  20
482.26326
  0
VERTEX
  5
1374
  8
Layer_0
  10
489.9606
  20
482.26453
  0
VERTEX
  5
1375
  8
Layer_0
  10
489.98593
  20
482.26579
  0
VERTEX
  5
1376
  8
Layer_0
  10
490.01129
  20
482.26706
  0
VERTEX
  5
1377
  8
Layer_0
  10
490.03665
  20
482.26833
  0
VERTEX
  5
1378
  8
Layer_0
  10
490.06198
  20
482.26959
  0
VERTEX
  5
1379
  8
Layer_0
  10
490.08734
  20
482.27086
  0
VERTEX
  5
137a
  8
Layer_0
  10
490.1127
  20
482.27213
  0
VERTEX
  5
137b
  8
Layer_0
  10
490.13806
  20
482.27339
  0
VERTEX
  5
137c
  8
Layer_0
  10
490.16339
  20
482.27467
  0
VERTEX
  5
137d
  8
Layer_0
  10
490.16046
  20
482.29818
  0
VERTEX
  5
137e
  8
Layer_0
  10
490.1527
  20
482.36295
  0
VERTEX
  5
137f
  8
Layer_0
  10
490.14174
  20
482.46035
  0
VERTEX
  5
1380
  8
Layer_0
  10
490.12917
  20
482.58172
  0
VERTEX
  5
1381
  8
Layer_0
  10
490.10565
  20
482.86181
  0
SEQEND
  0
POLYLINE
  5
1383
  8
Layer_0
  62
7
  70
1
  66
1
  10
0
  20
0
  30
0
  0
VERTEX
  5
1383
  8
Layer_0
  10
489.80594
  20
479.24017
  0
VERTEX
  5
1384
  8
Layer_0
  10
493.17508
  20
479.24017
  0
VERTEX
  5
1385
  8
Layer_0
  10
493.17508
  20
477.5442
  42
0.021030811
  0
VERTEX
  5
1386
  8
Layer_0
  10
493.12057
  20
477.54421
  42
0.30277731
  0
VERTEX
  5
1387
  8
Layer_0
  10
493.06607
  20
477.5442
  0
VERTEX
  5
1388
  8
Layer_0
  10
493.03878
  20
477.54422
  0
VERTEX
  5
1389
  8
Layer_0
  10
493.01156
  20
477.54421
  42
0.014048603
  0
VERTEX
  5
138a
  8
Layer_0
  10
492.95706
  20
477.5442
  0
VERTEX
  5
138b
  8
Layer_0
  10
492.92981
  20
477.54421
  42
0.0038983395
  0
VERTEX
  5
138c
  8
Layer_0
  10
492.87531
  20
477.5442
  0
VERTEX
  5
138d
  8
Layer_0
  10
492.84805
  20
477.54421
  0
VERTEX
  5
138e
  8
Layer_0
  10
492.84805
  20
477.65449
  0
VERTEX
  5
138f
  8
Layer_0
  10
492.84805
  20
477.76476
  0
VERTEX
  5
1390
  8
Layer_0
  10
492.84805
  20
477.87504
  0
VERTEX
  5
1391
  8
Layer_0
  10
492.84805
  20
477.98531
  0
VERTEX
  5
1392
  8
Layer_0
  10
492.84805
  20
478.09559
  0
VERTEX
  5
1393
  8
Layer_0
  10
492.84805
  20
478.20586
  0
VERTEX
  5
1394
  8
Layer_0
  10
492.84805
  20
478.31614
  0
VERTEX
  5
1395
  8
Layer_0
  10
492.84805
  20
478.42641
  0
VERTEX
  5
1396
  8
Layer_0
  10
492.84805
  20
478.53669
  0
VERTEX
  5
1397
  8
Layer_0
  10
492.84805
  20
478.64697
  0
VERTEX
  5
1398
  8
Layer_0
  10
492.84805
  20
478.75724
  0
VERTEX
  5
1399
  8
Layer_0
  10
492.84805
  20
478.86752
  0
VERTEX
  5
139a
  8
Layer_0
  10
489.80594
  20
478.86752
  0
VERTEX
  5
139b
  8
Layer_0
  10
489.80594
  20
478.89857
  0
VERTEX
  5
139c
  8
Layer_0
  10
489.80594
  20
478.92963
  0
VERTEX
  5
139d
  8
Layer_0
  10
489.80594
  20
478.96068
  0
VERTEX
  5
139e
  8
Layer_0
  10
489.80594
  20
478.99174
  0
VERTEX
  5
139f
  8
Layer_0
  10
489.80594
  20
479.0228
  0
VERTEX
  5
13a0
  8
Layer_0
  10
489.80594
  20
479.05385
  0
VERTEX
  5
13a1
  8
Layer_0
  10
489.80594
  20
479.0849
  0
VERTEX
  5
13a2
  8
Layer_0
  10
489.80594
  20
479.11596
  0
VERTEX
  5
13a3
  8
Layer_0
  10
489.80594
  20
479.14701
  0
VERTEX
  5
13a4
  8
Layer_0
  10
489.80594
  20
479.17807
  0
VERTEX
  5
13a5
  8
Layer_0
  10
489.80594
  20
479.20912
  0
SEQEND
  0
POLYLINE
  5
13a7
  8
Layer_0
  62
7
  70
1
  66
1
  10
0
  20
0
  30
0
  0
VERTEX
  5
13a7
  8
Layer_0
  10
489.80594
  20
480.06915
  0
VERTEX
  5
13a8
  8
Layer_0
  10
489.80594
  20
480.03619
  0
VERTEX
  5
13a9
  8
Layer_0
  10
489.80594
  20
480.00323
  0
VERTEX
  5
13aa
  8
Layer_0
  10
489.80597
  20
479.97028
  0
VERTEX
  5
13ab
  8
Layer_0
  10
489.80597
  20
479.93732
  0
VERTEX
  5
13ac
  8
Layer_0
  10
489.80594
  20
479.90436
  0
VERTEX
  5
13ad
  8
Layer_0
  10
489.80595
  20
479.87141
  0
VERTEX
  5
13ae
  8
Layer_0
  10
489.80594
  20
479.83846
  0
VERTEX
  5
13af
  8
Layer_0
  10
489.80597
  20
479.8055
  0
VERTEX
  5
13b0
  8
Layer_0
  10
489.80594
  20
479.77254
  0
VERTEX
  5
13b1
  8
Layer_0
  10
489.80594
  20
479.73959
  0
VERTEX
  5
13b2
  8
Layer_0
  10
489.80597
  20
479.70663
  0
VERTEX
  5
13b3
  8
Layer_0
  10
489.80594
  20
479.67368
  0
VERTEX
  5
13b4
  8
Layer_0
  10
491.7605
  20
480.64714
  0
VERTEX
  5
13b5
  8
Layer_0
  10
493.17508
  20
480.64714
  42
-0.02088833
  0
VERTEX
  5
13b6
  8
Layer_0
  10
493.17508
  20
480.70672
  0
VERTEX
  5
13b7
  8
Layer_0
  10
493.17508
  20
480.7365
  0
VERTEX
  5
13b8
  8
Layer_0
  10
493.17508
  20
480.7663
  0
VERTEX
  5
13b9
  8
Layer_0
  10
493.17508
  20
480.79608
  0
VERTEX
  5
13ba
  8
Layer_0
  10
493.17508
  20
480.82587
  0
VERTEX
  5
13bb
  8
Layer_0
  10
493.17508
  20
480.85565
  0
VERTEX
  5
13bc
  8
Layer_0
  10
493.17508
  20
480.88544
  0
VERTEX
  5
13bd
  8
Layer_0
  10
493.17508
  20
480.91523
  0
VERTEX
  5
13be
  8
Layer_0
  10
493.17508
  20
480.94502
  0
VERTEX
  5
13bf
  8
Layer_0
  10
493.17508
  20
480.97481
  0
VERTEX
  5
13c0
  8
Layer_0
  10
493.17508
  20
481.00459
  0
VERTEX
  5
13c1
  8
Layer_0
  10
491.7605
  20
481.00459
  0
VERTEX
  5
13c2
  8
Layer_0
  10
489.80594
  20
481.98566
  0
VERTEX
  5
13c3
  8
Layer_0
  10
489.80594
  20
481.95207
  0
VERTEX
  5
13c4
  8
Layer_0
  10
489.80597
  20
481.91849
  0
VERTEX
  5
13c5
  8
Layer_0
  10
489.80594
  20
481.8849
  0
VERTEX
  5
13c6
  8
Layer_0
  10
489.80594
  20
481.8513
  0
VERTEX
  5
13c7
  8
Layer_0
  10
489.80597
  20
481.81772
  0
VERTEX
  5
13c8
  8
Layer_0
  10
489.80594
  20
481.78413
  0
VERTEX
  5
13c9
  8
Layer_0
  10
489.80594
  20
481.75053
  0
VERTEX
  5
13ca
  8
Layer_0
  10
489.80594
  20
481.71695
  0
VERTEX
  5
13cb
  8
Layer_0
  10
489.80594
  20
481.68336
  0
VERTEX
  5
13cc
  8
Layer_0
  10
489.80597
  20
481.64977
  42
-0.04307448
  0
VERTEX
  5
13cd
  8
Layer_0
  10
489.80594
  20
481.58259
  0
VERTEX
  5
13ce
  8
Layer_0
  10
491.35742
  20
480.82967
  0
SEQEND
  0
POLYLINE
  5
13d0
  8
Layer_0
  62
7
  70
1
  66
1
  10
0
  20
0
  30
0
  0
VERTEX
  5
13d0
  8
Layer_0
  10
493.17508
  20
486.57922
  42
-0.0018547624
  0
VERTEX
  5
13d1
  8
Layer_0
  10
493.17508
  20
486.64133
  0
VERTEX
  5
13d2
  8
Layer_0
  10
493.17508
  20
486.67239
  42
-0.020788274
  0
VERTEX
  5
13d3
  8
Layer_0
  10
493.17508
  20
486.7345
  0
VERTEX
  5
13d4
  8
Layer_0
  10
493.17507
  20
486.76556
  0
VERTEX
  5
13d5
  8
Layer_0
  10
493.17507
  20
486.79661
  42
-0.013032443
  0
VERTEX
  5
13d6
  8
Layer_0
  10
493.17508
  20
486.85872
  0
VERTEX
  5
13d7
  8
Layer_0
  10
493.17508
  20
486.88977
  42
-0.9186934
  0
VERTEX
  5
13d8
  8
Layer_0
  10
493.17508
  20
486.95188
  0
VERTEX
  5
13d9
  8
Layer_0
  10
489.80594
  20
486.07728
  0
VERTEX
  5
13da
  8
Layer_0
  10
489.80594
  20
486.01581
  0
VERTEX
  5
13db
  8
Layer_0
  10
489.80594
  20
485.95433
  0
VERTEX
  5
13dc
  8
Layer_0
  10
489.80594
  20
485.89285
  0
VERTEX
  5
13dd
  8
Layer_0
  10
489.80597
  20
485.83138
  0
VERTEX
  5
13de
  8
Layer_0
  10
489.806
  20
485.76985
  0
VERTEX
  5
13df
  8
Layer_0
  10
489.80595
  20
485.70843
  0
VERTEX
  5
13e0
  8
Layer_0
  10
489.80589
  20
485.64688
  0
VERTEX
  5
13e1
  8
Layer_0
  10
489.80595
  20
485.58548
  0
VERTEX
  5
13e2
  8
Layer_0
  10
489.80594
  20
485.524
  0
VERTEX
  5
13e3
  8
Layer_0
  10
489.80594
  20
485.46252
  0
VERTEX
  5
13e4
  8
Layer_0
  10
489.80594
  20
485.40105
  0
VERTEX
  5
13e5
  8
Layer_0
  10
489.80597
  20
485.33957
  0
VERTEX
  5
13e6
  8
Layer_0
  10
493.17508
  20
484.47258
  0
VERTEX
  5
13e7
  8
Layer_0
  10
493.17508
  20
484.50363
  0
VERTEX
  5
13e8
  8
Layer_0
  10
493.17508
  20
484.53468
  42
0.51266768
  0
VERTEX
  5
13e9
  8
Layer_0
  10
493.17508
  20
484.59679
  42
-0.00904022
  0
VERTEX
  5
13ea
  8
Layer_0
  10
493.17508
  20
484.65891
  0
VERTEX
  5
13eb
  8
Layer_0
  10
493.17508
  20
484.68996
  0
VERTEX
  5
13ec
  8
Layer_0
  10
493.17508
  20
484.72102
  0
VERTEX
  5
13ed
  8
Layer_0
  10
493.17508
  20
484.75207
  0
VERTEX
  5
13ee
  8
Layer_0
  10
493.17508
  20
484.78313
  0
VERTEX
  5
13ef
  8
Layer_0
  10
493.17508
  20
484.81418
  0
VERTEX
  5
13f0
  8
Layer_0
  10
493.17508
  20
484.84523
  0
VERTEX
  5
13f1
  8
Layer_0
  10
493.10345
  20
484.86488
  0
VERTEX
  5
13f2
  8
Layer_0
  10
493.03183
  20
484.88452
  0
VERTEX
  5
13f3
  8
Layer_0
  10
492.96024
  20
484.90417
  0
VERTEX
  5
13f4
  8
Layer_0
  10
492.88861
  20
484.92383
  0
VERTEX
  5
13f5
  8
Layer_0
  10
492.8175
  20
484.9433
  0
VERTEX
  5
13f6
  8
Layer_0
  10
492.74538
  20
484.96311
  0
VERTEX
  5
13f7
  8
Layer_0
  10
492.67377
  20
484.98276
  0
VERTEX
  5
13f8
  8
Layer_0
  10
492.60214
  20
485.00241
  0
VERTEX
  5
13f9
  8
Layer_0
  10
492.53052
  20
485.02205
  0
VERTEX
  5
13fa
  8
Layer_0
  10
492.45892
  20
485.0417
  0
VERTEX
  5
13fb
  8
Layer_0
  10
492.3873
  20
485.06135
  0
VERTEX
  5
13fc
  8
Layer_0
  10
492.31567
  20
485.08099
  0
VERTEX
  5
13fd
  8
Layer_0
  10
492.31567
  20
485.1862
  0
VERTEX
  5
13fe
  8
Layer_0
  10
492.31567
  20
485.2914
  0
VERTEX
  5
13ff
  8
Layer_0
  10
492.31567
  20
485.39661
  0
VERTEX
  5
1400
  8
Layer_0
  10
492.31567
  20
485.50182
  0
VERTEX
  5
1401
  8
Layer_0
  10
492.31567
  20
485.60703
  0
VERTEX
  5
1402
  8
Layer_0
  10
492.31567
  20
485.71223
  0
VERTEX
  5
1403
  8
Layer_0
  10
492.31567
  20
485.81744
  0
VERTEX
  5
1404
  8
Layer_0
  10
492.31567
  20
485.92264
  0
VERTEX
  5
1405
  8
Layer_0
  10
492.31567
  20
486.02785
  0
VERTEX
  5
1406
  8
Layer_0
  10
492.31567
  20
486.13306
  0
VERTEX
  5
1407
  8
Layer_0
  10
492.31579
  20
486.23793
  0
VERTEX
  5
1408
  8
Layer_0
  10
492.31568
  20
486.34346
  0
VERTEX
  5
1409
  8
Layer_0
  10
492.38704
  20
486.36289
  0
VERTEX
  5
140a
  8
Layer_0
  10
492.45891
  20
486.38276
  0
VERTEX
  5
140b
  8
Layer_0
  10
492.5307
  20
486.4021
  0
VERTEX
  5
140c
  8
Layer_0
  10
492.60214
  20
486.42205
  0
VERTEX
  5
140d
  8
Layer_0
  10
492.67377
  20
486.4417
  0
VERTEX
  5
140e
  8
Layer_0
  10
492.74536
  20
486.46134
  0
VERTEX
  5
140f
  8
Layer_0
  10
492.81699
  20
486.48099
  0
VERTEX
  5
1410
  8
Layer_0
  10
492.88861
  20
486.50064
  0
VERTEX
  5
1411
  8
Layer_0
  10
492.96024
  20
486.52029
  0
VERTEX
  5
1412
  8
Layer_0
  10
493.03183
  20
486.53993
  0
VERTEX
  5
1413
  8
Layer_0
  10
493.10345
  20
486.55958
  0
SEQEND
  0
POLYLINE
  5
1415
  8
Layer_0
  62
7
  70
1
  66
1
  10
0
  20
0
  30
0
  0
VERTEX
  5
1415
  8
Layer_0
  10
484.7789
  20
486.1001
  0
VERTEX
  5
1416
  8
Layer_0
  10
484.7789
  20
486.1546
  0
VERTEX
  5
1417
  8
Layer_0
  10
484.7789
  20
486.20911
  0
VERTEX
  5
1418
  8
Layer_0
  10
484.7789
  20
486.26361
  0
VERTEX
  5
1419
  8
Layer_0
  10
484.7789
  20
486.31812
  0
VERTEX
  5
141a
  8
Layer_0
  10
484.7789
  20
486.37262
  0
VERTEX
  5
141b
  8
Layer_0
  10
484.7789
  20
486.42712
  0
VERTEX
  5
141c
  8
Layer_0
  10
484.7789
  20
486.48163
  0
VERTEX
  5
141d
  8
Layer_0
  10
484.7789
  20
486.53613
  0
VERTEX
  5
141e
  8
Layer_0
  10
484.7789
  20
486.59064
  0
VERTEX
  5
141f
  8
Layer_0
  10
484.7789
  20
486.64514
  0
VERTEX
  5
1420
  8
Layer_0
  10
484.7789
  20
486.69965
  0
VERTEX
  5
1421
  8
Layer_0
  10
484.7789
  20
486.75415
  0
VERTEX
  5
1422
  8
Layer_0
  10
488.14801
  20
486.75415
  0
VERTEX
  5
1423
  8
Layer_0
  10
488.14801
  20
486.72499
  0
VERTEX
  5
1424
  8
Layer_0
  10
488.14801
  20
486.69584
  0
VERTEX
  5
1425
  8
Layer_0
  10
488.14801
  20
486.66669
  0
VERTEX
  5
1426
  8
Layer_0
  10
488.14801
  20
486.63753
  0
VERTEX
  5
1427
  8
Layer_0
  10
488.14801
  20
486.60838
  0
VERTEX
  5
1428
  8
Layer_0
  10
488.14801
  20
486.57923
  0
VERTEX
  5
1429
  8
Layer_0
  10
488.14801
  20
486.55008
  0
VERTEX
  5
142a
  8
Layer_0
  10
488.14801
  20
486.52092
  0
VERTEX
  5
142b
  8
Layer_0
  10
488.14801
  20
486.49177
  0
VERTEX
  5
142c
  8
Layer_0
  10
488.14801
  20
486.46262
  0
VERTEX
  5
142d
  8
Layer_0
  10
488.14801
  20
486.43346
  0
VERTEX
  5
142e
  8
Layer_0
  10
488.14801
  20
486.40431
  0
VERTEX
  5
142f
  8
Layer_0
  10
485.11353
  20
486.40431
  0
VERTEX
  5
1430
  8
Layer_0
  10
485.11353
  20
486.39796
  0
VERTEX
  5
1431
  8
Layer_0
  10
485.11353
  20
486.39163
  0
VERTEX
  5
1432
  8
Layer_0
  10
485.11353
  20
486.3853
  0
VERTEX
  5
1433
  8
Layer_0
  10
485.11353
  20
486.37895
  0
VERTEX
  5
1434
  8
Layer_0
  10
485.11353
  20
486.37262
  0
VERTEX
  5
1435
  8
Layer_0
  10
485.11353
  20
486.36628
  0
VERTEX
  5
1436
  8
Layer_0
  10
485.11353
  20
486.35994
  0
VERTEX
  5
1437
  8
Layer_0
  10
485.11353
  20
486.35361
  0
VERTEX
  5
1438
  8
Layer_0
  10
485.11353
  20
486.34727
  0
VERTEX
  5
1439
  8
Layer_0
  10
485.11353
  20
486.34093
  0
VERTEX
  5
143a
  8
Layer_0
  10
485.11353
  20
486.33459
  0
VERTEX
  5
143b
  8
Layer_0
  10
485.11353
  20
486.32825
  0
VERTEX
  5
143c
  8
Layer_0
  10
488.02634
  20
485.47647
  42
-0.084538263
  0
VERTEX
  5
143d
  8
Layer_0
  10
488.02634
  20
485.39915
  0
VERTEX
  5
143e
  8
Layer_0
  10
488.02634
  20
485.36049
  0
VERTEX
  5
143f
  8
Layer_0
  10
488.02634
  20
485.32183
  0
VERTEX
  5
1440
  8
Layer_0
  10
488.02634
  20
485.28317
  0
VERTEX
  5
1441
  8
Layer_0
  10
488.02634
  20
485.24451
  0
VERTEX
  5
1442
  8
Layer_0
  10
488.02629
  20
485.20589
  0
VERTEX
  5
1443
  8
Layer_0
  10
488.02633
  20
485.16719
  0
VERTEX
  5
1444
  8
Layer_0
  10
488.02634
  20
485.12852
  0
VERTEX
  5
1445
  8
Layer_0
  10
488.02634
  20
485.08987
  0
VERTEX
  5
1446
  8
Layer_0
  10
488.02634
  20
485.05121
  0
VERTEX
  5
1447
  8
Layer_0
  10
488.02634
  20
485.01255
  0
VERTEX
  5
1448
  8
Layer_0
  10
485.11353
  20
484.15315
  42
0.00034202223
  0
VERTEX
  5
1449
  8
Layer_0
  10
485.11353
  20
484.13034
  42
2.0530508e-05
  0
VERTEX
  5
144a
  8
Layer_0
  10
485.11353
  20
484.10753
  0
VERTEX
  5
144b
  8
Layer_0
  10
485.11353
  20
484.10182
  42
-0.00025453073
  0
VERTEX
  5
144c
  8
Layer_0
  10
485.11353
  20
484.09041
  0
VERTEX
  5
144d
  8
Layer_0
  10
485.11353
  20
484.08472
  0
VERTEX
  5
144e
  8
Layer_0
  10
488.14801
  20
484.08471
  42
0.046228796
  0
VERTEX
  5
144f
  8
Layer_0
  10
488.14801
  20
484.02513
  0
VERTEX
  5
1450
  8
Layer_0
  10
488.14801
  20
483.99535
  42
-0.13449094
  0
VERTEX
  5
1451
  8
Layer_0
  10
488.14801
  20
483.93578
  42
-0.21807647
  0
VERTEX
  5
1452
  8
Layer_0
  10
488.14801
  20
483.8762
  0
VERTEX
  5
1453
  8
Layer_0
  10
488.14803
  20
483.84643
  0
VERTEX
  5
1454
  8
Layer_0
  10
488.14801
  20
483.81663
  42
-0.022395567
  0
VERTEX
  5
1455
  8
Layer_0
  10
488.14801
  20
483.75705
  0
VERTEX
  5
1456
  8
Layer_0
  10
488.14801
  20
483.72726
  0
VERTEX
  5
1457
  8
Layer_0
  10
484.7789
  20
483.72726
  0
VERTEX
  5
1458
  8
Layer_0
  10
484.7789
  20
483.78177
  0
VERTEX
  5
1459
  8
Layer_0
  10
484.7789
  20
483.83627
  0
VERTEX
  5
145a
  8
Layer_0
  10
484.7789
  20
483.89078
  0
VERTEX
  5
145b
  8
Layer_0
  10
484.7789
  20
483.94528
  0
VERTEX
  5
145c
  8
Layer_0
  10
484.7789
  20
483.99979
  0
VERTEX
  5
145d
  8
Layer_0
  10
484.7789
  20
484.05429
  0
VERTEX
  5
145e
  8
Layer_0
  10
484.7789
  20
484.1088
  0
VERTEX
  5
145f
  8
Layer_0
  10
484.7789
  20
484.1633
  0
VERTEX
  5
1460
  8
Layer_0
  10
484.7789
  20
484.2178
  0
VERTEX
  5
1461
  8
Layer_0
  10
484.7789
  20
484.27231
  0
VERTEX
  5
1462
  8
Layer_0
  10
484.7789
  20
484.32681
  0
VERTEX
  5
1463
  8
Layer_0
  10
484.7789
  20
484.38132
  0
VERTEX
  5
1464
  8
Layer_0
  10
487.66888
  20
485.24071
  0
SEQEND
  0
POLYLINE
  5
1466
  8
Layer_0
  62
7
  70
1
  66
1
  10
0
  20
0
  30
0
  0
VERTEX
  5
1466
  8
Layer_0
  10
492.14836
  20
474.99645
  0
VERTEX
  5
1467
  8
Layer_0
  10
492.40624
  20
475.01296
  0
VERTEX
  5
1468
  8
Layer_0
  10
492.62714
  20
475.06288
  0
VERTEX
  5
1469
  8
Layer_0
  10
492.81185
  20
475.14685
  0
VERTEX
  5
146a
  8
Layer_0
  10
492.96117
  20
475.26549
  0
VERTEX
  5
146b
  8
Layer_0
  10
493.07592
  20
475.41942
  0
VERTEX
  5
146c
  8
Layer_0
  10
493.15689
  20
475.60927
  0
VERTEX
  5
146d
  8
Layer_0
  10
493.20489
  20
475.83566
  0
VERTEX
  5
146e
  8
Layer_0
  10
493.22071
  20
476.09921
  0
VERTEX
  5
146f
  8
Layer_0
  10
493.20489
  20
476.36026
  0
VERTEX
  5
1470
  8
Layer_0
  10
493.15689
  20
476.58476
  0
VERTEX
  5
1471
  8
Layer_0
  10
493.07592
  20
476.77326
  0
VERTEX
  5
1472
  8
Layer_0
  10
492.96118
  20
476.92628
  0
VERTEX
  5
1473
  8
Layer_0
  10
492.81185
  20
477.04437
  0
VERTEX
  5
1474
  8
Layer_0
  10
492.62714
  20
477.12806
  0
VERTEX
  5
1475
  8
Layer_0
  10
492.40624
  20
477.17788
  0
VERTEX
  5
1476
  8
Layer_0
  10
492.14836
  20
477.19437
  0
VERTEX
  5
1477
  8
Layer_0
  10
489.80594
  20
477.19437
  0
VERTEX
  5
1478
  8
Layer_0
  10
489.80597
  20
477.16331
  0
VERTEX
  5
1479
  8
Layer_0
  10
489.80594
  20
477.13226
  0
VERTEX
  5
147a
  8
Layer_0
  10
489.80597
  20
477.1012
  0
VERTEX
  5
147b
  8
Layer_0
  10
489.80597
  20
477.07014
  0
VERTEX
  5
147c
  8
Layer_0
  10
489.80595
  20
477.03908
  0
VERTEX
  5
147d
  8
Layer_0
  10
489.80595
  20
477.00804
  42
0.002844829
  0
VERTEX
  5
147e
  8
Layer_0
  10
489.80597
  20
476.94593
  0
VERTEX
  5
147f
  8
Layer_0
  10
489.80593
  20
476.91487
  0
VERTEX
  5
1480
  8
Layer_0
  10
489.80595
  20
476.88382
  0
VERTEX
  5
1481
  8
Layer_0
  10
489.80597
  20
476.85277
  0
VERTEX
  5
1482
  8
Layer_0
  10
489.80594
  20
476.82172
  0
VERTEX
  5
1483
  8
Layer_0
  10
489.80595
  20
476.82108
  0
VERTEX
  5
1484
  8
Layer_0
  10
489.80595
  20
476.82044
  0
VERTEX
  5
1485
  8
Layer_0
  10
489.80594
  20
476.81981
  42
0.00070821641
  0
VERTEX
  5
1486
  8
Layer_0
  10
489.80594
  20
476.81854
  0
VERTEX
  5
1487
  8
Layer_0
  10
489.80595
  20
476.81759
  0
VERTEX
  5
1488
  8
Layer_0
  10
489.80595
  20
476.81664
  0
VERTEX
  5
1489
  8
Layer_0
  10
489.80597
  20
476.81601
  0
VERTEX
  5
148a
  8
Layer_0
  10
489.80597
  20
476.81537
  0
VERTEX
  5
148b
  8
Layer_0
  10
489.80595
  20
476.81474
  0
VERTEX
  5
148c
  8
Layer_0
  10
489.80595
  20
476.8141
  0
VERTEX
  5
148d
  8
Layer_0
  10
492.17117
  20
476.8141
  0
VERTEX
  5
148e
  8
Layer_0
  10
492.35071
  20
476.80334
  0
VERTEX
  5
148f
  8
Layer_0
  10
492.50225
  20
476.77073
  0
VERTEX
  5
1490
  8
Layer_0
  10
492.62705
  20
476.71585
  0
VERTEX
  5
1491
  8
Layer_0
  10
492.72636
  20
476.63823
  0
VERTEX
  5
1492
  8
Layer_0
  10
492.80144
  20
476.53745
  0
VERTEX
  5
1493
  8
Layer_0
  10
492.85351
  20
476.41305
  0
VERTEX
  5
1494
  8
Layer_0
  10
492.88385
  20
476.26458
  0
VERTEX
  5
1495
  8
Layer_0
  10
492.89368
  20
476.09161
  0
VERTEX
  5
1496
  8
Layer_0
  10
492.88385
  20
475.91645
  0
VERTEX
  5
1497
  8
Layer_0
  10
492.85351
  20
475.76696
  0
VERTEX
  5
1498
  8
Layer_0
  10
492.80143
  20
475.64242
  0
VERTEX
  5
1499
  8
Layer_0
  10
492.72636
  20
475.54213
  0
VERTEX
  5
149a
  8
Layer_0
  10
492.62705
  20
475.46536
  0
VERTEX
  5
149b
  8
Layer_0
  10
492.50225
  20
475.41141
  0
VERTEX
  5
149c
  8
Layer_0
  10
492.35071
  20
475.37957
  0
VERTEX
  5
149d
  8
Layer_0
  10
492.17118
  20
475.36911
  0
VERTEX
  5
149e
  8
Layer_0
  10
489.80594
  20
475.36911
  0
VERTEX
  5
149f
  8
Layer_0
  10
489.80594
  20
475.33806
  0
VERTEX
  5
14a0
  8
Layer_0
  10
489.80594
  20
475.307
  0
VERTEX
  5
14a1
  8
Layer_0
  10
489.80594
  20
475.27595
  0
VERTEX
  5
14a2
  8
Layer_0
  10
489.80594
  20
475.24489
  0
VERTEX
  5
14a3
  8
Layer_0
  10
489.80594
  20
475.21384
  0
VERTEX
  5
14a4
  8
Layer_0
  10
489.80594
  20
475.18279
  0
VERTEX
  5
14a5
  8
Layer_0
  10
489.80594
  20
475.15173
  0
VERTEX
  5
14a6
  8
Layer_0
  10
489.80594
  20
475.12067
  0
VERTEX
  5
14a7
  8
Layer_0
  10
489.80597
  20
475.08961
  0
VERTEX
  5
14a8
  8
Layer_0
  10
489.80594
  20
475.05856
  0
VERTEX
  5
14a9
  8
Layer_0
  10
489.80596
  20
475.02751
  0
VERTEX
  5
14aa
  8
Layer_0
  10
489.80595
  20
474.99645
  0
VERTEX
  5
14ab
  8
Layer_0
  10
492.14838
  20
474.99645
  0
SEQEND
  0
POLYLINE
  5
14ad
  8
Layer_0
  62
7
  70
1
  66
1
  10
0
  20
0
  30
0
  0
VERTEX
  5
14ad
  8
Layer_0
  10
489.80594
  20
473.6047
  42
0.021791265
  0
VERTEX
  5
14ae
  8
Layer_0
  10
489.80594
  20
473.71497
  42
0.0022721192
  0
VERTEX
  5
14af
  8
Layer_0
  10
489.80594
  20
473.82525
  42
0.0060742205
  0
VERTEX
  5
14b0
  8
Layer_0
  10
489.80594
  20
473.93552
  0
VERTEX
  5
14b1
  8
Layer_0
  10
489.80594
  20
473.99066
  0
VERTEX
  5
14b2
  8
Layer_0
  10
489.80594
  20
474.04581
  0
VERTEX
  5
14b3
  8
Layer_0
  10
489.80594
  20
474.10094
  0
VERTEX
  5
14b4
  8
Layer_0
  10
489.80597
  20
474.15608
  0
VERTEX
  5
14b5
  8
Layer_0
  10
489.80594
  20
474.21121
  0
VERTEX
  5
14b6
  8
Layer_0
  10
489.80597
  20
474.26636
  0
VERTEX
  5
14b7
  8
Layer_0
  10
493.17508
  20
474.26635
  0
VERTEX
  5
14b8
  8
Layer_0
  10
493.17508
  20
474.2372
  0
VERTEX
  5
14b9
  8
Layer_0
  10
493.17508
  20
474.20805
  0
VERTEX
  5
14ba
  8
Layer_0
  10
493.17508
  20
474.17889
  0
VERTEX
  5
14bb
  8
Layer_0
  10
493.17508
  20
474.14973
  0
VERTEX
  5
14bc
  8
Layer_0
  10
493.17508
  20
474.12058
  0
VERTEX
  5
14bd
  8
Layer_0
  10
493.17508
  20
474.09143
  0
VERTEX
  5
14be
  8
Layer_0
  10
493.17508
  20
474.06228
  0
VERTEX
  5
14bf
  8
Layer_0
  10
493.17508
  20
474.03313
  0
VERTEX
  5
14c0
  8
Layer_0
  10
493.17508
  20
474.00397
  0
VERTEX
  5
14c1
  8
Layer_0
  10
493.17508
  20
473.97482
  0
VERTEX
  5
14c2
  8
Layer_0
  10
493.17508
  20
473.94566
  0
VERTEX
  5
14c3
  8
Layer_0
  10
493.17508
  20
473.91651
  0
VERTEX
  5
14c4
  8
Layer_0
  10
490.14059
  20
473.91651
  0
VERTEX
  5
14c5
  8
Layer_0
  10
490.14059
  20
473.91017
  0
VERTEX
  5
14c6
  8
Layer_0
  10
490.14059
  20
473.90384
  0
VERTEX
  5
14c7
  8
Layer_0
  10
490.14059
  20
473.89749
  0
VERTEX
  5
14c8
  8
Layer_0
  10
490.14056
  20
473.89116
  0
VERTEX
  5
14c9
  8
Layer_0
  10
490.14059
  20
473.88483
  0
VERTEX
  5
14ca
  8
Layer_0
  10
490.14059
  20
473.87849
  0
VERTEX
  5
14cb
  8
Layer_0
  10
490.14059
  20
473.87215
  0
VERTEX
  5
14cc
  8
Layer_0
  10
490.14059
  20
473.86581
  0
VERTEX
  5
14cd
  8
Layer_0
  10
490.14059
  20
473.85947
  0
VERTEX
  5
14ce
  8
Layer_0
  10
490.14059
  20
473.85313
  0
VERTEX
  5
14cf
  8
Layer_0
  10
490.14059
  20
473.8468
  0
VERTEX
  5
14d0
  8
Layer_0
  10
490.14059
  20
473.84045
  0
VERTEX
  5
14d1
  8
Layer_0
  10
493.05338
  20
472.98106
  0
VERTEX
  5
14d2
  8
Layer_0
  10
493.05338
  20
472.94304
  0
VERTEX
  5
14d3
  8
Layer_0
  10
493.05338
  20
472.90501
  0
VERTEX
  5
14d4
  8
Layer_0
  10
493.05338
  20
472.86699
  0
VERTEX
  5
14d5
  8
Layer_0
  10
493.05338
  20
472.82896
  0
VERTEX
  5
14d6
  8
Layer_0
  10
493.05338
  20
472.79094
  0
VERTEX
  5
14d7
  8
Layer_0
  10
493.05338
  20
472.75291
  0
VERTEX
  5
14d8
  8
Layer_0
  10
493.05338
  20
472.71489
  0
VERTEX
  5
14d9
  8
Layer_0
  10
493.05338
  20
472.67686
  0
VERTEX
  5
14da
  8
Layer_0
  10
493.05338
  20
472.63883
  0
VERTEX
  5
14db
  8
Layer_0
  10
493.05338
  20
472.60081
  0
VERTEX
  5
14dc
  8
Layer_0
  10
493.0534
  20
472.56282
  0
VERTEX
  5
14dd
  8
Layer_0
  10
493.05339
  20
472.52475
  0
VERTEX
  5
14de
  8
Layer_0
  10
490.14059
  20
471.65776
  0
VERTEX
  5
14df
  8
Layer_0
  10
490.14059
  20
471.65205
  42
0.00031060011
  0
VERTEX
  5
14e0
  8
Layer_0
  10
490.14059
  20
471.64064
  0
VERTEX
  5
14e1
  8
Layer_0
  10
490.14059
  20
471.63495
  0
VERTEX
  5
14e2
  8
Layer_0
  10
490.14059
  20
471.62924
  42
0.00018712058
  0
VERTEX
  5
14e3
  8
Layer_0
  10
490.14059
  20
471.61783
  0
VERTEX
  5
14e4
  8
Layer_0
  10
490.14059
  20
471.61212
  42
0.00014596712
  0
VERTEX
  5
14e5
  8
Layer_0
  10
490.14059
  20
471.60071
  0
VERTEX
  5
14e6
  8
Layer_0
  10
490.14059
  20
471.59502
  0
VERTEX
  5
14e7
  8
Layer_0
  10
490.14059
  20
471.58931
  0
VERTEX
  5
14e8
  8
Layer_0
  10
493.17508
  20
471.58931
  0
VERTEX
  5
14e9
  8
Layer_0
  10
493.17508
  20
471.56015
  0
VERTEX
  5
14ea
  8
Layer_0
  10
493.17508
  20
471.53101
  0
VERTEX
  5
14eb
  8
Layer_0
  10
493.17508
  20
471.50185
  0
VERTEX
  5
14ec
  8
Layer_0
  10
493.17508
  20
471.47269
  0
VERTEX
  5
14ed
  8
Layer_0
  10
493.17508
  20
471.44354
  0
VERTEX
  5
14ee
  8
Layer_0
  10
493.17508
  20
471.4144
  0
VERTEX
  5
14ef
  8
Layer_0
  10
493.17508
  20
471.38524
  0
VERTEX
  5
14f0
  8
Layer_0
  10
493.17508
  20
471.35608
  0
VERTEX
  5
14f1
  8
Layer_0
  10
493.17508
  20
471.32693
  0
VERTEX
  5
14f2
  8
Layer_0
  10
493.17508
  20
471.29778
  0
VERTEX
  5
14f3
  8
Layer_0
  10
493.17508
  20
471.26862
  0
VERTEX
  5
14f4
  8
Layer_0
  10
493.17508
  20
471.23947
  0
VERTEX
  5
14f5
  8
Layer_0
  10
489.80597
  20
471.23947
  0
VERTEX
  5
14f6
  8
Layer_0
  10
489.80594
  20
471.29333
  42
0.12338395
  0
VERTEX
  5
14f7
  8
Layer_0
  10
489.80597
  20
471.40108
  42
0.12276868
  0
VERTEX
  5
14f8
  8
Layer_0
  10
489.80594
  20
471.50882
  0
VERTEX
  5
14f9
  8
Layer_0
  10
489.80594
  20
471.5627
  42
0.12256206
  0
VERTEX
  5
14fa
  8
Layer_0
  10
489.80594
  20
471.67044
  0
VERTEX
  5
14fb
  8
Layer_0
  10
489.80594
  20
471.7243
  42
-0.0047642241
  0
VERTEX
  5
14fc
  8
Layer_0
  10
489.80597
  20
471.83205
  0
VERTEX
  5
14fd
  8
Layer_0
  10
489.80594
  20
471.88591
  0
VERTEX
  5
14fe
  8
Layer_0
  10
492.69595
  20
472.75291
  0
SEQEND
  0
POLYLINE
  5
1500
  8
Layer_0
  62
7
  70
1
  66
1
  10
0
  20
0
  30
0
  0
VERTEX
  5
1500
  8
Layer_0
  10
486.44443
  20
479.1337
  0
VERTEX
  5
1501
  8
Layer_0
  10
484.7789
  20
478.22868
  0
VERTEX
  5
1502
  8
Layer_0
  10
484.7789
  20
478.26353
  0
VERTEX
  5
1503
  8
Layer_0
  10
484.7789
  20
478.2984
  0
VERTEX
  5
1504
  8
Layer_0
  10
484.7789
  20
478.33325
  0
VERTEX
  5
1505
  8
Layer_0
  10
484.7789
  20
478.36811
  0
VERTEX
  5
1506
  8
Layer_0
  10
484.7789
  20
478.40296
  0
VERTEX
  5
1507
  8
Layer_0
  10
484.7789
  20
478.43782
  0
VERTEX
  5
1508
  8
Layer_0
  10
484.7789
  20
478.47268
  0
VERTEX
  5
1509
  8
Layer_0
  10
484.7789
  20
478.50754
  0
VERTEX
  5
150a
  8
Layer_0
  10
484.7789
  20
478.5424
  0
VERTEX
  5
150b
  8
Layer_0
  10
484.7789
  20
478.57726
  0
VERTEX
  5
150c
  8
Layer_0
  10
484.7789
  20
478.61211
  0
VERTEX
  5
150d
  8
Layer_0
  10
484.7789
  20
478.64697
  0
VERTEX
  5
150e
  8
Layer_0
  10
486.31516
  20
479.46073
  0
VERTEX
  5
150f
  8
Layer_0
  10
486.31705
  20
479.49875
  0
VERTEX
  5
1510
  8
Layer_0
  10
486.31894
  20
479.53678
  0
VERTEX
  5
1511
  8
Layer_0
  10
486.32086
  20
479.57481
  0
VERTEX
  5
1512
  8
Layer_0
  10
486.32275
  20
479.61283
  0
VERTEX
  5
1513
  8
Layer_0
  10
486.32465
  20
479.65086
  0
VERTEX
  5
1514
  8
Layer_0
  10
486.32657
  20
479.68889
  0
VERTEX
  5
1515
  8
Layer_0
  10
486.32846
  20
479.72691
  0
VERTEX
  5
1516
  8
Layer_0
  10
486.33035
  20
479.76494
  0
VERTEX
  5
1517
  8
Layer_0
  10
486.33228
  20
479.80296
  0
VERTEX
  5
1518
  8
Layer_0
  10
486.33417
  20
479.84099
  0
VERTEX
  5
1519
  8
Layer_0
  10
486.33606
  20
479.87901
  0
VERTEX
  5
151a
  8
Layer_0
  10
486.33795
  20
479.91704
  0
VERTEX
  5
151b
  8
Layer_0
  10
484.7789
  20
479.91704
  0
VERTEX
  5
151c
  8
Layer_0
  10
484.7789
  20
479.94746
  0
VERTEX
  5
151d
  8
Layer_0
  10
484.7789
  20
479.97788
  0
VERTEX
  5
151e
  8
Layer_0
  10
484.7789
  20
480.0083
  0
VERTEX
  5
151f
  8
Layer_0
  10
484.7789
  20
480.03873
  0
VERTEX
  5
1520
  8
Layer_0
  10
484.7789
  20
480.06915
  0
VERTEX
  5
1521
  8
Layer_0
  10
484.7789
  20
480.09956
  0
VERTEX
  5
1522
  8
Layer_0
  10
484.7789
  20
480.12999
  0
VERTEX
  5
1523
  8
Layer_0
  10
484.7789
  20
480.16041
  0
VERTEX
  5
1524
  8
Layer_0
  10
484.7789
  20
480.19083
  0
VERTEX
  5
1525
  8
Layer_0
  10
484.7789
  20
480.22125
  42
-0.30203086
  0
VERTEX
  5
1526
  8
Layer_0
  10
484.7789
  20
480.28209
  0
VERTEX
  5
1527
  8
Layer_0
  10
488.14801
  20
480.2821
  0
VERTEX
  5
1528
  8
Layer_0
  10
488.14801
  20
480.25167
  0
VERTEX
  5
1529
  8
Layer_0
  10
488.14801
  20
480.22125
  0
VERTEX
  5
152a
  8
Layer_0
  10
488.14801
  20
480.19083
  0
VERTEX
  5
152b
  8
Layer_0
  10
488.14801
  20
480.16041
  0
VERTEX
  5
152c
  8
Layer_0
  10
488.14801
  20
480.12999
  0
VERTEX
  5
152d
  8
Layer_0
  10
488.14801
  20
480.09956
  0
VERTEX
  5
152e
  8
Layer_0
  10
488.14801
  20
480.06915
  0
VERTEX
  5
152f
  8
Layer_0
  10
488.14801
  20
480.03873
  0
VERTEX
  5
1530
  8
Layer_0
  10
488.14801
  20
480.0083
  0
VERTEX
  5
1531
  8
Layer_0
  10
488.14801
  20
479.97788
  0
VERTEX
  5
1532
  8
Layer_0
  10
488.14801
  20
479.94746
  0
VERTEX
  5
1533
  8
Layer_0
  10
488.14801
  20
479.91704
  0
VERTEX
  5
1534
  8
Layer_0
  10
486.66498
  20
479.91704
  42
0.15052165
  0
VERTEX
  5
1535
  8
Layer_0
  10
486.66245
  20
479.83972
  0
VERTEX
  5
1536
  8
Layer_0
  10
486.66119
  20
479.80106
  0
VERTEX
  5
1537
  8
Layer_0
  10
486.65991
  20
479.76241
  0
VERTEX
  5
1538
  8
Layer_0
  10
486.65866
  20
479.72374
  42
-0.11788103
  0
VERTEX
  5
1539
  8
Layer_0
  10
486.65613
  20
479.64642
  0
VERTEX
  5
153a
  8
Layer_0
  10
486.65485
  20
479.60776
  0
VERTEX
  5
153b
  8
Layer_0
  10
486.65356
  20
479.56911
  0
VERTEX
  5
153c
  8
Layer_0
  10
486.65231
  20
479.53044
  0
VERTEX
  5
153d
  8
Layer_0
  10
486.65105
  20
479.49177
  0
VERTEX
  5
153e
  8
Layer_0
  10
486.64978
  20
479.45312
  0
VERTEX
  5
153f
  8
Layer_0
  10
488.14801
  20
478.59373
  0
VERTEX
  5
1540
  8
Layer_0
  10
488.14801
  20
478.55888
  0
VERTEX
  5
1541
  8
Layer_0
  10
488.14801
  20
478.52402
  0
VERTEX
  5
1542
  8
Layer_0
  10
488.14799
  20
478.48914
  0
VERTEX
  5
1543
  8
Layer_0
  10
488.14801
  20
478.4543
  0
VERTEX
  5
1544
  8
Layer_0
  10
488.14801
  20
478.41944
  0
VERTEX
  5
1545
  8
Layer_0
  10
488.14801
  20
478.38459
  0
VERTEX
  5
1546
  8
Layer_0
  10
488.14799
  20
478.34969
  0
VERTEX
  5
1547
  8
Layer_0
  10
488.14801
  20
478.31487
  0
VERTEX
  5
1548
  8
Layer_0
  10
488.14801
  20
478.28001
  0
VERTEX
  5
1549
  8
Layer_0
  10
488.14799
  20
478.24519
  0
VERTEX
  5
154a
  8
Layer_0
  10
488.14801
  20
478.2103
  0
VERTEX
  5
154b
  8
Layer_0
  10
488.14801
  20
478.17545
  0
SEQEND
  0
POLYLINE
  5
154d
  8
Layer_0
  62
7
  70
1
  66
1
  10
0
  20
0
  30
0
  0
VERTEX
  5
154d
  8
Layer_0
  10
486.59656
  20
477.36168
  0
VERTEX
  5
154e
  8
Layer_0
  10
486.59656
  20
477.25838
  0
VERTEX
  5
154f
  8
Layer_0
  10
486.59656
  20
477.15508
  0
VERTEX
  5
1550
  8
Layer_0
  10
486.59656
  20
477.05177
  0
VERTEX
  5
1551
  8
Layer_0
  10
486.59656
  20
476.94846
  0
VERTEX
  5
1552
  8
Layer_0
  10
486.59656
  20
476.84516
  0
VERTEX
  5
1553
  8
Layer_0
  10
486.59656
  20
476.74186
  0
VERTEX
  5
1554
  8
Layer_0
  10
486.59656
  20
476.63855
  0
VERTEX
  5
1555
  8
Layer_0
  10
486.59656
  20
476.53525
  0
VERTEX
  5
1556
  8
Layer_0
  10
486.59656
  20
476.43195
  0
VERTEX
  5
1557
  8
Layer_0
  10
486.59656
  20
476.32864
  0
VERTEX
  5
1558
  8
Layer_0
  10
486.59656
  20
476.22533
  0
VERTEX
  5
1559
  8
Layer_0
  10
486.59653
  20
476.12203
  0
VERTEX
  5
155a
  8
Layer_0
  10
486.56927
  20
476.12203
  0
VERTEX
  5
155b
  8
Layer_0
  10
486.54205
  20
476.12203
  0
VERTEX
  5
155c
  8
Layer_0
  10
486.51477
  20
476.12202
  0
VERTEX
  5
155d
  8
Layer_0
  10
486.48755
  20
476.12203
  0
VERTEX
  5
155e
  8
Layer_0
  10
486.46027
  20
476.12202
  0
VERTEX
  5
155f
  8
Layer_0
  10
486.43304
  20
476.12203
  0
VERTEX
  5
1560
  8
Layer_0
  10
486.40576
  20
476.12202
  0
VERTEX
  5
1561
  8
Layer_0
  10
486.37854
  20
476.12203
  42
0.0533013
  0
VERTEX
  5
1562
  8
Layer_0
  10
486.32404
  20
476.12202
  42
-0.010316204
  0
VERTEX
  5
1563
  8
Layer_0
  10
486.26953
  20
476.12202
  0
VERTEX
  5
1564
  8
Layer_0
  10
486.26953
  20
476.22533
  0
VERTEX
  5
1565
  8
Layer_0
  10
486.26953
  20
476.32864
  0
VERTEX
  5
1566
  8
Layer_0
  10
486.26953
  20
476.43195
  0
VERTEX
  5
1567
  8
Layer_0
  10
486.26953
  20
476.53525
  0
VERTEX
  5
1568
  8
Layer_0
  10
486.26953
  20
476.63855
  42
0.047352742
  0
VERTEX
  5
1569
  8
Layer_0
  10
486.26953
  20
476.84515
  0
VERTEX
  5
156a
  8
Layer_0
  10
486.26953
  20
476.94846
  0
VERTEX
  5
156b
  8
Layer_0
  10
486.26953
  20
477.05177
  0
VERTEX
  5
156c
  8
Layer_0
  10
486.26953
  20
477.15508
  0
VERTEX
  5
156d
  8
Layer_0
  10
486.26953
  20
477.25838
  0
VERTEX
  5
156e
  8
Layer_0
  10
486.26953
  20
477.36168
  0
VERTEX
  5
156f
  8
Layer_0
  10
486.1737
  20
477.36196
  0
VERTEX
  5
1570
  8
Layer_0
  10
486.07685
  20
477.36168
  0
VERTEX
  5
1571
  8
Layer_0
  10
485.98053
  20
477.36168
  0
VERTEX
  5
1572
  8
Layer_0
  10
485.88355
  20
477.36183
  0
VERTEX
  5
1573
  8
Layer_0
  10
485.78785
  20
477.36168
  0
VERTEX
  5
1574
  8
Layer_0
  10
485.69153
  20
477.36168
  0
VERTEX
  5
1575
  8
Layer_0
  10
485.59481
  20
477.36157
  0
VERTEX
  5
1576
  8
Layer_0
  10
485.49885
  20
477.36168
  42
-0.00014073426
  0
VERTEX
  5
1577
  8
Layer_0
  10
485.30618
  20
477.36168
  0
VERTEX
  5
1578
  8
Layer_0
  10
485.20984
  20
477.36168
  0
VERTEX
  5
1579
  8
Layer_0
  10
485.11353
  20
477.36168
  0
VERTEX
  5
157a
  8
Layer_0
  10
485.11353
  20
475.84824
  0
VERTEX
  5
157b
  8
Layer_0
  10
485.08563
  20
475.84824
  0
VERTEX
  5
157c
  8
Layer_0
  10
485.05774
  20
475.84824
  0
VERTEX
  5
157d
  8
Layer_0
  10
485.02988
  20
475.84824
  0
VERTEX
  5
157e
  8
Layer_0
  10
485.00198
  20
475.84824
  0
VERTEX
  5
157f
  8
Layer_0
  10
484.97409
  20
475.84824
  0
VERTEX
  5
1580
  8
Layer_0
  10
484.9462
  20
475.84824
  0
VERTEX
  5
1581
  8
Layer_0
  10
484.91833
  20
475.84824
  0
VERTEX
  5
1582
  8
Layer_0
  10
484.89044
  20
475.84824
  0
VERTEX
  5
1583
  8
Layer_0
  10
484.86255
  20
475.84824
  0
VERTEX
  5
1584
  8
Layer_0
  10
484.83466
  20
475.84824
  0
VERTEX
  5
1585
  8
Layer_0
  10
484.80676
  20
475.84824
  0
VERTEX
  5
1586
  8
Layer_0
  10
484.7789
  20
475.84824
  0
VERTEX
  5
1587
  8
Layer_0
  10
484.7789
  20
477.72673
  0
VERTEX
  5
1588
  8
Layer_0
  10
488.14801
  20
477.72674
  0
VERTEX
  5
1589
  8
Layer_0
  10
488.14801
  20
475.84824
  0
VERTEX
  5
158a
  8
Layer_0
  10
488.12012
  20
475.84824
  0
VERTEX
  5
158b
  8
Layer_0
  10
488.09225
  20
475.84824
  0
VERTEX
  5
158c
  8
Layer_0
  10
488.06436
  20
475.84824
  0
VERTEX
  5
158d
  8
Layer_0
  10
488.03647
  20
475.84824
  0
VERTEX
  5
158e
  8
Layer_0
  10
488.00858
  20
475.84824
  0
VERTEX
  5
158f
  8
Layer_0
  10
487.98071
  20
475.84824
  0
VERTEX
  5
1590
  8
Layer_0
  10
487.95282
  20
475.84824
  0
VERTEX
  5
1591
  8
Layer_0
  10
487.92493
  20
475.84824
  0
VERTEX
  5
1592
  8
Layer_0
  10
487.89703
  20
475.84824
  0
VERTEX
  5
1593
  8
Layer_0
  10
487.86914
  20
475.84824
  0
VERTEX
  5
1594
  8
Layer_0
  10
487.84128
  20
475.84824
  0
VERTEX
  5
1595
  8
Layer_0
  10
487.81339
  20
475.84824
  0
VERTEX
  5
1596
  8
Layer_0
  10
487.81339
  20
477.36168
  0
VERTEX
  5
1597
  8
Layer_0
  10
487.71198
  20
477.36168
  0
VERTEX
  5
1598
  8
Layer_0
  10
487.61057
  20
477.36169
  0
VERTEX
  5
1599
  8
Layer_0
  10
487.50916
  20
477.36168
  0
VERTEX
  5
159a
  8
Layer_0
  10
487.40778
  20
477.36168
  0
VERTEX
  5
159b
  8
Layer_0
  10
487.30637
  20
477.36168
  0
VERTEX
  5
159c
  8
Layer_0
  10
487.20496
  20
477.36168
  0
VERTEX
  5
159d
  8
Layer_0
  10
487.10355
  20
477.36168
  0
VERTEX
  5
159e
  8
Layer_0
  10
487.00217
  20
477.36168
  0
VERTEX
  5
159f
  8
Layer_0
  10
486.90076
  20
477.36168
  0
VERTEX
  5
15a0
  8
Layer_0
  10
486.79935
  20
477.36168
  0
VERTEX
  5
15a1
  8
Layer_0
  10
486.69794
  20
477.36168
  0
SEQEND
  0
POLYLINE
  5
15a3
  8
Layer_0
  62
7
  70
1
  66
1
  10
0
  20
0
  30
0
  0
VERTEX
  5
15a3
  8
Layer_0
  10
485.06789
  20
470.66147
  0
VERTEX
  5
15a4
  8
Layer_0
  10
485.07554
  20
470.81906
  0
VERTEX
  5
15a5
  8
Layer_0
  10
485.09915
  20
470.95534
  0
VERTEX
  5
15a6
  8
Layer_0
  10
485.13968
  20
471.07041
  0
VERTEX
  5
15a7
  8
Layer_0
  10
485.19813
  20
471.16437
  0
VERTEX
  5
15a8
  8
Layer_0
  10
485.27548
  20
471.23728
  0
VERTEX
  5
15a9
  8
Layer_0
  10
485.3727
  20
471.28926
  0
VERTEX
  5
15aa
  8
Layer_0
  10
485.49077
  20
471.32038
  0
VERTEX
  5
15ab
  8
Layer_0
  10
485.63068
  20
471.33073
  0
VERTEX
  5
15ac
  8
Layer_0
  10
485.76757
  20
471.32026
  0
VERTEX
  5
15ad
  8
Layer_0
  10
485.8788
  20
471.28831
  0
VERTEX
  5
15ae
  8
Layer_0
  10
485.96864
  20
471.23407
  0
VERTEX
  5
15af
  8
Layer_0
  10
486.04136
  20
471.15676
  0
VERTEX
  5
15b0
  8
Layer_0
  10
486.10125
  20
471.05556
  0
VERTEX
  5
15b1
  8
Layer_0
  10
486.15259
  20
470.92967
  0
VERTEX
  5
15b2
  8
Layer_0
  10
486.19965
  20
470.7783
  0
VERTEX
  5
15b3
  8
Layer_0
  10
486.2467
  20
470.60063
  0
VERTEX
  5
15b4
  8
Layer_0
  10
486.30527
  20
470.38924
  0
VERTEX
  5
15b5
  8
Layer_0
  10
486.37017
  20
470.20575
  0
VERTEX
  5
15b6
  8
Layer_0
  10
486.4463
  20
470.05024
  0
VERTEX
  5
15b7
  8
Layer_0
  10
486.53855
  20
469.92281
  0
VERTEX
  5
15b8
  8
Layer_0
  10
486.65184
  20
469.82354
  0
VERTEX
  5
15b9
  8
Layer_0
  10
486.79107
  20
469.75253
  0
VERTEX
  5
15ba
  8
Layer_0
  10
486.96113
  20
469.70985
  0
VERTEX
  5
15bb
  8
Layer_0
  10
487.16694
  20
469.69561
  0
VERTEX
  5
15bc
  8
Layer_0
  10
487.40571
  20
469.71068
  0
VERTEX
  5
15bd
  8
Layer_0
  10
487.6141
  20
469.75633
  0
VERTEX
  5
15be
  8
Layer_0
  10
487.79165
  20
469.83317
  0
VERTEX
  5
15bf
  8
Layer_0
  10
487.93792
  20
469.94182
  0
VERTEX
  5
15c0
  8
Layer_0
  10
488.05246
  20
470.08292
  0
VERTEX
  5
15c1
  8
Layer_0
  10
488.13482
  20
470.25709
  0
VERTEX
  5
15c2
  8
Layer_0
  10
488.18457
  20
470.46494
  0
VERTEX
  5
15c3
  8
Layer_0
  10
488.20125
  20
470.7071
  0
VERTEX
  5
15c4
  8
Layer_0
  10
488.18699
  20
471.01844
  0
VERTEX
  5
15c5
  8
Layer_0
  10
488.15562
  20
471.33263
  0
VERTEX
  5
15c6
  8
Layer_0
  10
488.13886
  20
471.46763
  0
VERTEX
  5
15c7
  8
Layer_0
  10
488.12425
  20
471.57552
  0
VERTEX
  5
15c8
  8
Layer_0
  10
488.11391
  20
471.64706
  0
VERTEX
  5
15c9
  8
Layer_0
  10
488.10999
  20
471.67297
  0
VERTEX
  5
15ca
  8
Layer_0
  10
488.08463
  20
471.67107
  0
VERTEX
  5
15cb
  8
Layer_0
  10
488.0593
  20
471.66916
  0
VERTEX
  5
15cc
  8
Layer_0
  10
488.03394
  20
471.66727
  0
VERTEX
  5
15cd
  8
Layer_0
  10
488.00858
  20
471.66536
  0
VERTEX
  5
15ce
  8
Layer_0
  10
487.98325
  20
471.66345
  0
VERTEX
  5
15cf
  8
Layer_0
  10
487.95789
  20
471.66156
  0
VERTEX
  5
15d0
  8
Layer_0
  10
487.93253
  20
471.65965
  0
VERTEX
  5
15d1
  8
Layer_0
  10
487.90717
  20
471.65776
  0
VERTEX
  5
15d2
  8
Layer_0
  10
487.88184
  20
471.65585
  0
VERTEX
  5
15d3
  8
Layer_0
  10
487.85648
  20
471.65396
  0
VERTEX
  5
15d4
  8
Layer_0
  10
487.83112
  20
471.65205
  0
VERTEX
  5
15d5
  8
Layer_0
  10
487.80579
  20
471.65015
  0
VERTEX
  5
15d6
  8
Layer_0
  10
487.80872
  20
471.62273
  0
VERTEX
  5
15d7
  8
Layer_0
  10
487.81647
  20
471.54772
  0
VERTEX
  5
15d8
  8
Layer_0
  10
487.82743
  20
471.43599
  0
VERTEX
  5
15d9
  8
Layer_0
  10
487.84
  20
471.29841
  0
VERTEX
  5
15da
  8
Layer_0
  10
487.86353
  20
470.98921
  0
VERTEX
  5
15db
  8
Layer_0
  10
487.87422
  20
470.7071
  0
VERTEX
  5
15dc
  8
Layer_0
  10
487.86356
  20
470.55552
  0
VERTEX
  5
15dd
  8
Layer_0
  10
487.83168
  20
470.42559
  0
VERTEX
  5
15de
  8
Layer_0
  10
487.77877
  20
470.31687
  0
VERTEX
  5
15df
  8
Layer_0
  10
487.70501
  20
470.22892
  0
VERTEX
  5
15e0
  8
Layer_0
  10
487.61057
  20
470.16129
  0
VERTEX
  5
15e1
  8
Layer_0
  10
487.49563
  20
470.11354
  0
VERTEX
  5
15e2
  8
Layer_0
  10
487.36037
  20
470.08521
  0
VERTEX
  5
15e3
  8
Layer_0
  10
487.20496
  20
470.07587
  0
VERTEX
  5
15e4
  8
Layer_0
  10
487.06431
  20
470.08656
  0
VERTEX
  5
15e5
  8
Layer_0
  10
486.94817
  20
470.11865
  0
VERTEX
  5
15e6
  8
Layer_0
  10
486.85323
  20
470.17212
  0
VERTEX
  5
15e7
  8
Layer_0
  10
486.77622
  20
470.24699
  0
VERTEX
  5
15e8
  8
Layer_0
  10
486.66273
  20
470.46088
  0
VERTEX
  5
15e9
  8
Layer_0
  10
486.58133
  20
470.76034
  0
VERTEX
  5
15ea
  8
Layer_0
  10
486.52184
  20
470.98056
  0
VERTEX
  5
15eb
  8
Layer_0
  10
486.45478
  20
471.17316
  0
VERTEX
  5
15ec
  8
Layer_0
  10
486.37613
  20
471.33759
  0
VERTEX
  5
15ed
  8
Layer_0
  10
486.28188
  20
471.47333
  0
VERTEX
  5
15ee
  8
Layer_0
  10
486.16802
  20
471.57983
  0
VERTEX
  5
15ef
  8
Layer_0
  10
486.03055
  20
471.65657
  0
VERTEX
  5
15f0
  8
Layer_0
  10
485.86545
  20
471.703
  0
VERTEX
  5
15f1
  8
Layer_0
  10
485.66871
  20
471.7186
  0
VERTEX
  5
15f2
  8
Layer_0
  10
485.44291
  20
471.7016
  0
VERTEX
  5
15f3
  8
Layer_0
  10
485.24982
  20
471.6511
  0
VERTEX
  5
15f4
  8
Layer_0
  10
485.08864
  20
471.5678
  0
VERTEX
  5
15f5
  8
Layer_0
  10
484.95856
  20
471.45241
  0
VERTEX
  5
15f6
  8
Layer_0
  10
484.85879
  20
471.30566
  0
VERTEX
  5
15f7
  8
Layer_0
  10
484.78852
  20
471.12824
  0
VERTEX
  5
15f8
  8
Layer_0
  10
484.74694
  20
470.92088
  0
VERTEX
  5
15f9
  8
Layer_0
  10
484.73326
  20
470.68429
  0
VERTEX
  5
15fa
  8
Layer_0
  10
484.74871
  20
470.38364
  0
VERTEX
  5
15fb
  8
Layer_0
  10
484.7827
  20
470.09298
  0
VERTEX
  5
15fc
  8
Layer_0
  10
484.80085
  20
469.97055
  0
VERTEX
  5
15fd
  8
Layer_0
  10
484.81668
  20
469.87361
  0
VERTEX
  5
15fe
  8
Layer_0
  10
484.82788
  20
469.80983
  0
VERTEX
  5
15ff
  8
Layer_0
  10
484.83213
  20
469.78687
  0
VERTEX
  5
1600
  8
Layer_0
  10
484.85748
  20
469.78813
  0
VERTEX
  5
1601
  8
Layer_0
  10
484.88284
  20
469.7894
  0
VERTEX
  5
1602
  8
Layer_0
  10
484.90817
  20
469.79068
  0
VERTEX
  5
1603
  8
Layer_0
  10
484.93353
  20
469.79193
  0
VERTEX
  5
1604
  8
Layer_0
  10
484.95889
  20
469.79321
  0
VERTEX
  5
1605
  8
Layer_0
  10
484.98425
  20
469.79448
  0
VERTEX
  5
1606
  8
Layer_0
  10
485.00958
  20
469.79575
  0
VERTEX
  5
1607
  8
Layer_0
  10
485.03494
  20
469.79701
  0
VERTEX
  5
1608
  8
Layer_0
  10
485.06027
  20
469.79828
  0
VERTEX
  5
1609
  8
Layer_0
  10
485.08563
  20
469.79955
  0
VERTEX
  5
160a
  8
Layer_0
  10
485.11099
  20
469.80081
  0
VERTEX
  5
160b
  8
Layer_0
  10
485.13635
  20
469.80208
  0
VERTEX
  5
160c
  8
Layer_0
  10
485.1334
  20
469.82559
  0
VERTEX
  5
160d
  8
Layer_0
  10
485.12565
  20
469.89037
  0
VERTEX
  5
160e
  8
Layer_0
  10
485.11468
  20
469.98777
  0
VERTEX
  5
160f
  8
Layer_0
  10
485.10212
  20
470.10914
  0
VERTEX
  5
1610
  8
Layer_0
  10
485.07859
  20
470.38923
  0
SEQEND
  0
POLYLINE
  5
1612
  8
Layer_0
  62
7
  70
1
  66
1
  10
0
  20
0
  30
0
  0
VERTEX
  5
1612
  8
Layer_0
  10
486.78667
  20
473.70356
  0
VERTEX
  5
1613
  8
Layer_0
  10
486.67188
  20
473.48087
  0
VERTEX
  5
1614
  8
Layer_0
  10
486.48437
  20
473.30239
  0
VERTEX
  5
1615
  8
Layer_0
  10
486.35665
  20
473.23462
  0
VERTEX
  5
1616
  8
Layer_0
  10
486.20274
  20
473.18379
  0
VERTEX
  5
1617
  8
Layer_0
  10
486.01994
  20
473.15186
  0
VERTEX
  5
1618
  8
Layer_0
  10
485.8056
  20
473.14078
  0
VERTEX
  5
1619
  8
Layer_0
  10
485.55874
  20
473.1571
  0
VERTEX
  5
161a
  8
Layer_0
  10
485.34798
  20
473.20578
  0
VERTEX
  5
161b
  8
Layer_0
  10
485.17233
  20
473.28636
  0
VERTEX
  5
161c
  8
Layer_0
  10
485.03082
  20
473.3984
  0
VERTEX
  5
161d
  8
Layer_0
  10
484.92246
  20
473.54146
  0
VERTEX
  5
161e
  8
Layer_0
  10
484.84627
  20
473.71509
  0
VERTEX
  5
161f
  8
Layer_0
  10
484.80128
  20
473.91884
  0
VERTEX
  5
1620
  8
Layer_0
  10
484.7865
  20
474.15227
  0
VERTEX
  5
1621
  8
Layer_0
  10
484.78644
  20
474.24532
  0
VERTEX
  5
1622
  8
Layer_0
  10
484.7865
  20
474.33733
  0
VERTEX
  5
1623
  8
Layer_0
  10
484.7865
  20
474.42986
  0
VERTEX
  5
1624
  8
Layer_0
  10
484.7865
  20
474.5224
  0
VERTEX
  5
1625
  8
Layer_0
  10
484.7865
  20
474.61493
  42
-0.18719738
  0
VERTEX
  5
1626
  8
Layer_0
  10
484.7865
  20
474.79999
  0
VERTEX
  5
1627
  8
Layer_0
  10
484.7865
  20
474.89252
  0
VERTEX
  5
1628
  8
Layer_0
  10
484.7865
  20
474.98505
  0
VERTEX
  5
1629
  8
Layer_0
  10
484.78631
  20
475.07771
  0
VERTEX
  5
162a
  8
Layer_0
  10
484.7865
  20
475.1701
  0
VERTEX
  5
162b
  8
Layer_0
  10
484.7865
  20
475.26263
  0
VERTEX
  5
162c
  8
Layer_0
  10
488.15561
  20
475.26263
  0
VERTEX
  5
162d
  8
Layer_0
  10
488.15561
  20
475.23158
  42
0.048409257
  0
VERTEX
  5
162e
  8
Layer_0
  10
488.15561
  20
475.16947
  0
VERTEX
  5
162f
  8
Layer_0
  10
488.1556
  20
475.1384
  0
VERTEX
  5
1630
  8
Layer_0
  10
488.15562
  20
475.10736
  0
VERTEX
  5
1631
  8
Layer_0
  10
488.15561
  20
475.07631
  42
0.023538977
  0
VERTEX
  5
1632
  8
Layer_0
  10
488.15561
  20
475.0142
  42
-0.30391754
  0
VERTEX
  5
1633
  8
Layer_0
  10
488.15561
  20
474.95209
  42
0.13031664
  0
VERTEX
  5
1634
  8
Layer_0
  10
488.15561
  20
474.88998
  0
VERTEX
  5
1635
  8
Layer_0
  10
488.04788
  20
474.88998
  0
VERTEX
  5
1636
  8
Layer_0
  10
487.94012
  20
474.88998
  0
VERTEX
  5
1637
  8
Layer_0
  10
487.8324
  20
474.88998
  0
VERTEX
  5
1638
  8
Layer_0
  10
487.72467
  20
474.88998
  0
VERTEX
  5
1639
  8
Layer_0
  10
487.61691
  20
474.88998
  0
VERTEX
  5
163a
  8
Layer_0
  10
487.50919
  20
474.88998
  0
VERTEX
  5
163b
  8
Layer_0
  10
487.40143
  20
474.88998
  0
VERTEX
  5
163c
  8
Layer_0
  10
487.2937
  20
474.88998
  0
VERTEX
  5
163d
  8
Layer_0
  10
487.18594
  20
474.88998
  0
VERTEX
  5
163e
  8
Layer_0
  10
487.07822
  20
474.88998
  0
VERTEX
  5
163f
  8
Layer_0
  10
486.97046
  20
474.88998
  0
VERTEX
  5
1640
  8
Layer_0
  10
486.86273
  20
474.88998
  0
VERTEX
  5
1641
  8
Layer_0
  10
486.86273
  20
474.8209
  0
VERTEX
  5
1642
  8
Layer_0
  10
486.86273
  20
474.75182
  0
VERTEX
  5
1643
  8
Layer_0
  10
486.86273
  20
474.68274
  0
VERTEX
  5
1644
  8
Layer_0
  10
486.86273
  20
474.61366
  0
VERTEX
  5
1645
  8
Layer_0
  10
486.86273
  20
474.54458
  0
VERTEX
  5
1646
  8
Layer_0
  10
486.86273
  20
474.47549
  0
VERTEX
  5
1647
  8
Layer_0
  10
486.86273
  20
474.40642
  0
VERTEX
  5
1648
  8
Layer_0
  10
486.86263
  20
474.33727
  0
VERTEX
  5
1649
  8
Layer_0
  10
486.86273
  20
474.26825
  0
VERTEX
  5
164a
  8
Layer_0
  10
486.86273
  20
474.19917
  0
VERTEX
  5
164b
  8
Layer_0
  10
486.86273
  20
474.13009
  0
VERTEX
  5
164c
  8
Layer_0
  10
486.86273
  20
474.061
  0
VERTEX
  5
164d
  8
Layer_0
  10
488.14801
  20
473.4602
  0
VERTEX
  5
164e
  8
Layer_0
  10
488.14801
  20
473.42661
  0
VERTEX
  5
164f
  8
Layer_0
  10
488.14801
  20
473.39302
  42
-0.015120382
  0
VERTEX
  5
1650
  8
Layer_0
  10
488.14801
  20
473.32584
  0
VERTEX
  5
1651
  8
Layer_0
  10
488.14801
  20
473.29225
  0
VERTEX
  5
1652
  8
Layer_0
  10
488.14799
  20
473.25861
  0
VERTEX
  5
1653
  8
Layer_0
  10
488.14801
  20
473.22507
  0
VERTEX
  5
1654
  8
Layer_0
  10
488.14801
  20
473.19147
  42
0.074300255
  0
VERTEX
  5
1655
  8
Layer_0
  10
488.14801
  20
473.1243
  0
VERTEX
  5
1656
  8
Layer_0
  10
488.14801
  20
473.09071
  0
VERTEX
  5
1657
  8
Layer_0
  10
488.14801
  20
473.05712
  0
VERTEX
  5
1658
  8
Layer_0
  10
486.78668
  20
473.70357
  0
SEQEND
  0
POLYLINE
  5
165a
  8
Layer_0
  62
7
  70
1
  66
1
  10
0
  20
0
  30
0
  0
VERTEX
  5
165a
  8
Layer_0
  10
484.7713
  20
472.23576
  0
VERTEX
  5
165b
  8
Layer_0
  10
484.86383
  20
472.23639
  0
VERTEX
  5
165c
  8
Layer_0
  10
484.95636
  20
472.23702
  0
VERTEX
  5
165d
  8
Layer_0
  10
485.04889
  20
472.23766
  0
VERTEX
  5
165e
  8
Layer_0
  10
485.14142
  20
472.2383
  0
VERTEX
  5
165f
  8
Layer_0
  10
485.23395
  20
472.23892
  0
VERTEX
  5
1660
  8
Layer_0
  10
485.32648
  20
472.23956
  0
VERTEX
  5
1661
  8
Layer_0
  10
485.41901
  20
472.24019
  0
VERTEX
  5
1662
  8
Layer_0
  10
485.51154
  20
472.24082
  0
VERTEX
  5
1663
  8
Layer_0
  10
485.60406
  20
472.24146
  0
VERTEX
  5
1664
  8
Layer_0
  10
485.69659
  20
472.2421
  0
VERTEX
  5
1665
  8
Layer_0
  10
485.78912
  20
472.24272
  0
VERTEX
  5
1666
  8
Layer_0
  10
485.88165
  20
472.24336
  0
VERTEX
  5
1667
  8
Layer_0
  10
485.88165
  20
472.26997
  0
VERTEX
  5
1668
  8
Layer_0
  10
485.88165
  20
472.2966
  0
VERTEX
  5
1669
  8
Layer_0
  10
485.88165
  20
472.32321
  0
VERTEX
  5
166a
  8
Layer_0
  10
485.88165
  20
472.34984
  0
VERTEX
  5
166b
  8
Layer_0
  10
485.88165
  20
472.37645
  0
VERTEX
  5
166c
  8
Layer_0
  10
485.88165
  20
472.40307
  0
VERTEX
  5
166d
  8
Layer_0
  10
485.88165
  20
472.42969
  0
VERTEX
  5
166e
  8
Layer_0
  10
485.88165
  20
472.45631
  0
VERTEX
  5
166f
  8
Layer_0
  10
485.88165
  20
472.48293
  0
VERTEX
  5
1670
  8
Layer_0
  10
485.88165
  20
472.50954
  42
0.027585293
  0
VERTEX
  5
1671
  8
Layer_0
  10
485.88165
  20
472.56277
  0
VERTEX
  5
1672
  8
Layer_0
  10
485.78912
  20
472.56404
  0
VERTEX
  5
1673
  8
Layer_0
  10
485.69659
  20
472.56532
  0
VERTEX
  5
1674
  8
Layer_0
  10
485.60406
  20
472.56658
  0
VERTEX
  5
1675
  8
Layer_0
  10
485.51154
  20
472.56785
  0
VERTEX
  5
1676
  8
Layer_0
  10
485.41901
  20
472.56911
  0
VERTEX
  5
1677
  8
Layer_0
  10
485.32648
  20
472.57039
  0
VERTEX
  5
1678
  8
Layer_0
  10
485.23395
  20
472.57166
  0
VERTEX
  5
1679
  8
Layer_0
  10
485.14142
  20
472.57292
  0
VERTEX
  5
167a
  8
Layer_0
  10
485.04889
  20
472.57419
  0
VERTEX
  5
167b
  8
Layer_0
  10
484.95636
  20
472.57545
  0
VERTEX
  5
167c
  8
Layer_0
  10
484.86383
  20
472.57672
  0
VERTEX
  5
167d
  8
Layer_0
  10
484.7713
  20
472.57799
  0
VERTEX
  5
167e
  8
Layer_0
  10
484.7713
  20
472.54947
  0
VERTEX
  5
167f
  8
Layer_0
  10
484.7713
  20
472.52095
  0
VERTEX
  5
1680
  8
Layer_0
  10
484.7713
  20
472.49243
  0
VERTEX
  5
1681
  8
Layer_0
  10
484.7713
  20
472.46391
  0
VERTEX
  5
1682
  8
Layer_0
  10
484.77127
  20
472.43537
  0
VERTEX
  5
1683
  8
Layer_0
  10
484.77129
  20
472.40687
  42
-0.115254
  0
VERTEX
  5
1684
  8
Layer_0
  10
484.7713
  20
472.34983
  42
0.049608705
  0
VERTEX
  5
1685
  8
Layer_0
  10
484.7713
  20
472.29279
  42
0.24036042
  0
SEQEND
  0
POLYLINE
  5
1687
  8
Layer_0
  62
7
  70
1
  66
1
  10
0
  20
0
  30
0
  0
VERTEX
  5
1687
  8
Layer_0
  10
488.14801
  20
481.14148
  0
VERTEX
  5
1688
  8
Layer_0
  10
488.07639
  20
481.16113
  0
VERTEX
  5
1689
  8
Layer_0
  10
488.00479
  20
481.18077
  0
VERTEX
  5
168a
  8
Layer_0
  10
487.93317
  20
481.20042
  0
VERTEX
  5
168b
  8
Layer_0
  10
487.86154
  20
481.22008
  0
VERTEX
  5
168c
  8
Layer_0
  10
487.78992
  20
481.23972
  0
VERTEX
  5
168d
  8
Layer_0
  10
487.71832
  20
481.25936
  0
VERTEX
  5
168e
  8
Layer_0
  10
487.6467
  20
481.27901
  0
VERTEX
  5
168f
  8
Layer_0
  10
487.57507
  20
481.29866
  0
VERTEX
  5
1690
  8
Layer_0
  10
487.50348
  20
481.3183
  0
VERTEX
  5
1691
  8
Layer_0
  10
487.43185
  20
481.33795
  0
VERTEX
  5
1692
  8
Layer_0
  10
487.36023
  20
481.3576
  0
VERTEX
  5
1693
  8
Layer_0
  10
487.2886
  20
481.37724
  42
0.00024481295
  0
VERTEX
  5
1694
  8
Layer_0
  10
487.2886
  20
481.69286
  0
VERTEX
  5
1695
  8
Layer_0
  10
487.28832
  20
481.79895
  0
VERTEX
  5
1696
  8
Layer_0
  10
487.28862
  20
481.90327
  0
VERTEX
  5
1697
  8
Layer_0
  10
487.2886
  20
482.00848
  42
-0.011814161
  0
VERTEX
  5
1698
  8
Layer_0
  10
487.28864
  20
482.21889
  0
VERTEX
  5
1699
  8
Layer_0
  10
487.28864
  20
482.3241
  0
VERTEX
  5
169a
  8
Layer_0
  10
487.28871
  20
482.42973
  0
VERTEX
  5
169b
  8
Layer_0
  10
487.28862
  20
482.53451
  0
VERTEX
  5
169c
  8
Layer_0
  10
487.2886
  20
482.63971
  0
VERTEX
  5
169d
  8
Layer_0
  10
487.36023
  20
482.65936
  0
VERTEX
  5
169e
  8
Layer_0
  10
487.43185
  20
482.67901
  0
VERTEX
  5
169f
  8
Layer_0
  10
487.50348
  20
482.69865
  0
VERTEX
  5
16a0
  8
Layer_0
  10
487.57507
  20
482.7183
  0
VERTEX
  5
16a1
  8
Layer_0
  10
487.6467
  20
482.73795
  0
VERTEX
  5
16a2
  8
Layer_0
  10
487.71832
  20
482.7576
  0
VERTEX
  5
16a3
  8
Layer_0
  10
487.78992
  20
482.77724
  0
VERTEX
  5
16a4
  8
Layer_0
  10
487.86154
  20
482.79689
  0
VERTEX
  5
16a5
  8
Layer_0
  10
487.93317
  20
482.81654
  0
VERTEX
  5
16a6
  8
Layer_0
  10
488.00479
  20
482.83618
  0
VERTEX
  5
16a7
  8
Layer_0
  10
488.07639
  20
482.85583
  0
VERTEX
  5
16a8
  8
Layer_0
  10
488.14801
  20
482.87547
  0
VERTEX
  5
16a9
  8
Layer_0
  10
488.14801
  20
482.90652
  0
VERTEX
  5
16aa
  8
Layer_0
  10
488.14801
  20
482.93758
  0
VERTEX
  5
16ab
  8
Layer_0
  10
488.14801
  20
482.96864
  0
VERTEX
  5
16ac
  8
Layer_0
  10
488.14801
  20
482.99969
  0
VERTEX
  5
16ad
  8
Layer_0
  10
488.14801
  20
483.03075
  0
VERTEX
  5
16ae
  8
Layer_0
  10
488.14801
  20
483.0618
  42
0.4334345
  0
VERTEX
  5
16af
  8
Layer_0
  10
488.14801
  20
483.12392
  42
0.0041663053
  0
VERTEX
  5
16b0
  8
Layer_0
  10
488.14801
  20
483.18602
  42
0.49532545
  0
VERTEX
  5
16b1
  8
Layer_0
  10
488.14801
  20
483.24813
  0
VERTEX
  5
16b2
  8
Layer_0
  10
484.7789
  20
482.37353
  0
VERTEX
  5
16b3
  8
Layer_0
  10
484.7789
  20
482.31206
  0
VERTEX
  5
16b4
  8
Layer_0
  10
484.7789
  20
482.25058
  0
VERTEX
  5
16b5
  8
Layer_0
  10
484.7789
  20
482.1891
  42
0.045219048
  0
VERTEX
  5
16b6
  8
Layer_0
  10
484.7789
  20
482.06615
  42
0.057333265
  0
VERTEX
  5
16b7
  8
Layer_0
  10
484.7789
  20
481.94321
  0
VERTEX
  5
16b8
  8
Layer_0
  10
484.7789
  20
481.88172
  0
VERTEX
  5
16b9
  8
Layer_0
  10
484.7789
  20
481.82025
  0
VERTEX
  5
16ba
  8
Layer_0
  10
484.7789
  20
481.75877
  0
VERTEX
  5
16bb
  8
Layer_0
  10
484.7789
  20
481.6973
  0
VERTEX
  5
16bc
  8
Layer_0
  10
484.7789
  20
481.63583
  0
VERTEX
  5
16bd
  8
Layer_0
  10
488.14801
  20
480.76883
  0
VERTEX
  5
16be
  8
Layer_0
  10
488.14801
  20
480.79989
  0
VERTEX
  5
16bf
  8
Layer_0
  10
488.14801
  20
480.83094
  0
VERTEX
  5
16c0
  8
Layer_0
  10
488.14803
  20
480.86204
  0
VERTEX
  5
16c1
  8
Layer_0
  10
488.14801
  20
480.89305
  0
VERTEX
  5
16c2
  8
Layer_0
  10
488.14801
  20
480.9241
  0
VERTEX
  5
16c3
  8
Layer_0
  10
488.14799
  20
480.95517
  0
VERTEX
  5
16c4
  8
Layer_0
  10
488.14801
  20
480.98621
  0
VERTEX
  5
16c5
  8
Layer_0
  10
488.14799
  20
481.01723
  0
VERTEX
  5
16c6
  8
Layer_0
  10
488.14801
  20
481.04832
  0
VERTEX
  5
16c7
  8
Layer_0
  10
488.14801
  20
481.07937
  0
VERTEX
  5
16c8
  8
Layer_0
  10
488.14801
  20
481.11043
  0
SEQEND
  0
POLYLINE
  5
16ca
  8
Layer_0
  62
7
  70
1
  66
1
  10
0
  20
0
  30
0
  0
VERTEX
  5
16ca
  8
Layer_0
  10
483.68375
  20
468.97311
  0
VERTEX
  5
16cb
  8
Layer_0
  10
483.69513
  20
468.97311
  42
0.15445387
  0
VERTEX
  5
16cc
  8
Layer_0
  10
483.71796
  20
468.97311
  0
VERTEX
  5
16cd
  8
Layer_0
  10
483.72937
  20
468.97311
  42
-0.076690212
  0
VERTEX
  5
16ce
  8
Layer_0
  10
483.7522
  20
468.97311
  42
-0.27287086
  0
VERTEX
  5
16cf
  8
Layer_0
  10
483.77499
  20
468.97311
  0
VERTEX
  5
16d0
  8
Layer_0
  10
483.78641
  20
468.97311
  42
-0.10054531
  0
VERTEX
  5
16d1
  8
Layer_0
  10
483.80923
  20
468.97311
  0
VERTEX
  5
16d2
  8
Layer_0
  10
483.82062
  20
468.97311
  0
VERTEX
  5
16d3
  8
Layer_0
  10
483.82064
  20
468.98832
  0
VERTEX
  5
16d4
  8
Layer_0
  10
483.82063
  20
469.00353
  42
0.13701239
  0
VERTEX
  5
16d5
  8
Layer_0
  10
483.82065
  20
469.03395
  42
-0.054514407
  0
VERTEX
  5
16d6
  8
Layer_0
  10
483.82062
  20
469.06436
  42
0.090863972
  0
VERTEX
  5
16d7
  8
Layer_0
  10
483.82062
  20
469.09479
  42
-0.058769887
  0
VERTEX
  5
16d8
  8
Layer_0
  10
483.82065
  20
469.12521
  42
-0.25729484
  0
VERTEX
  5
16d9
  8
Layer_0
  10
483.82062
  20
469.15564
  42
0.017247911
  0
VERTEX
  5
16da
  8
Layer_0
  10
483.93344
  20
469.15564
  42
0.0083614664
  0
VERTEX
  5
16db
  8
Layer_0
  10
484.04626
  20
469.15564
  0
VERTEX
  5
16dc
  8
Layer_0
  10
484.10266
  20
469.15564
  0
VERTEX
  5
16dd
  8
Layer_0
  10
484.15906
  20
469.15564
  0
VERTEX
  5
16de
  8
Layer_0
  10
484.21548
  20
469.15564
  0
VERTEX
  5
16df
  8
Layer_0
  10
484.27188
  20
469.15564
  0
VERTEX
  5
16e0
  8
Layer_0
  10
484.32828
  20
469.15564
  0
VERTEX
  5
16e1
  8
Layer_0
  10
484.3847
  20
469.15564
  0
VERTEX
  5
16e2
  8
Layer_0
  10
484.4411
  20
469.15564
  0
VERTEX
  5
16e3
  8
Layer_0
  10
484.4975
  20
469.15564
  0
VERTEX
  5
16e4
  8
Layer_0
  10
484.4975
  20
469.1683
  0
VERTEX
  5
16e5
  8
Layer_0
  10
484.4975
  20
469.18098
  0
VERTEX
  5
16e6
  8
Layer_0
  10
484.4975
  20
469.19366
  0
VERTEX
  5
16e7
  8
Layer_0
  10
484.4975
  20
469.20633
  0
VERTEX
  5
16e8
  8
Layer_0
  10
484.4975
  20
469.21901
  0
VERTEX
  5
16e9
  8
Layer_0
  10
484.4975
  20
469.23169
  0
VERTEX
  5
16ea
  8
Layer_0
  10
484.4975
  20
469.24435
  0
VERTEX
  5
16eb
  8
Layer_0
  10
484.4975
  20
469.25703
  0
VERTEX
  5
16ec
  8
Layer_0
  10
484.4975
  20
469.26971
  0
VERTEX
  5
16ed
  8
Layer_0
  10
484.4975
  20
469.28238
  0
VERTEX
  5
16ee
  8
Layer_0
  10
484.4975
  20
469.29506
  0
VERTEX
  5
16ef
  8
Layer_0
  10
484.4975
  20
469.30774
  0
VERTEX
  5
16f0
  8
Layer_0
  10
484.4411
  20
469.30774
  0
VERTEX
  5
16f1
  8
Layer_0
  10
484.38467
  20
469.30774
  0
VERTEX
  5
16f2
  8
Layer_0
  10
484.32828
  20
469.30774
  0
VERTEX
  5
16f3
  8
Layer_0
  10
484.27188
  20
469.30774
  0
VERTEX
  5
16f4
  8
Layer_0
  10
484.21548
  20
469.30774
  0
VERTEX
  5
16f5
  8
Layer_0
  10
484.15906
  20
469.30774
  0
VERTEX
  5
16f6
  8
Layer_0
  10
484.10266
  20
469.30774
  0
VERTEX
  5
16f7
  8
Layer_0
  10
484.04626
  20
469.30774
  0
VERTEX
  5
16f8
  8
Layer_0
  10
483.98984
  20
469.30774
  0
VERTEX
  5
16f9
  8
Layer_0
  10
483.93344
  20
469.30774
  0
VERTEX
  5
16fa
  8
Layer_0
  10
483.87704
  20
469.30774
  0
VERTEX
  5
16fb
  8
Layer_0
  10
483.82062
  20
469.30774
  0
VERTEX
  5
16fc
  8
Layer_0
  10
483.82065
  20
469.32549
  42
0.13543475
  0
VERTEX
  5
16fd
  8
Layer_0
  10
483.82062
  20
469.36098
  0
VERTEX
  5
16fe
  8
Layer_0
  10
483.82062
  20
469.37872
  0
VERTEX
  5
16ff
  8
Layer_0
  10
483.82062
  20
469.39646
  0
VERTEX
  5
1700
  8
Layer_0
  10
483.82063
  20
469.41421
  0
VERTEX
  5
1701
  8
Layer_0
  10
483.82062
  20
469.43195
  0
VERTEX
  5
1702
  8
Layer_0
  10
483.82062
  20
469.44971
  0
VERTEX
  5
1703
  8
Layer_0
  10
483.82062
  20
469.46744
  0
VERTEX
  5
1704
  8
Layer_0
  10
483.82062
  20
469.4852
  0
VERTEX
  5
1705
  8
Layer_0
  10
483.82062
  20
469.50293
  0
VERTEX
  5
1706
  8
Layer_0
  10
483.82062
  20
469.52069
  0
VERTEX
  5
1707
  8
Layer_0
  10
483.80923
  20
469.52069
  0
VERTEX
  5
1708
  8
Layer_0
  10
483.79782
  20
469.52069
  0
VERTEX
  5
1709
  8
Layer_0
  10
483.78641
  20
469.52069
  0
VERTEX
  5
170a
  8
Layer_0
  10
483.77499
  20
469.52069
  0
VERTEX
  5
170b
  8
Layer_0
  10
483.76361
  20
469.52069
  0
VERTEX
  5
170c
  8
Layer_0
  10
483.7522
  20
469.52069
  0
VERTEX
  5
170d
  8
Layer_0
  10
483.74078
  20
469.52069
  0
VERTEX
  5
170e
  8
Layer_0
  10
483.72937
  20
469.52069
  0
VERTEX
  5
170f
  8
Layer_0
  10
483.71796
  20
469.52069
  0
VERTEX
  5
1710
  8
Layer_0
  10
483.70654
  20
469.52069
  0
VERTEX
  5
1711
  8
Layer_0
  10
483.69513
  20
469.52069
  0
VERTEX
  5
1712
  8
Layer_0
  10
483.68375
  20
469.52069
  0
VERTEX
  5
1713
  8
Layer_0
  10
483.68375
  20
469.47505
  0
VERTEX
  5
1714
  8
Layer_0
  10
483.68375
  20
469.42941
  0
VERTEX
  5
1715
  8
Layer_0
  10
483.68375
  20
469.38379
  0
VERTEX
  5
1716
  8
Layer_0
  10
483.68375
  20
469.33817
  0
VERTEX
  5
1717
  8
Layer_0
  10
483.68375
  20
469.29253
  0
VERTEX
  5
1718
  8
Layer_0
  10
483.68375
  20
469.24689
  0
VERTEX
  5
1719
  8
Layer_0
  10
483.68375
  20
469.20126
  0
VERTEX
  5
171a
  8
Layer_0
  10
483.68375
  20
469.15564
  0
VERTEX
  5
171b
  8
Layer_0
  10
483.68375
  20
469.11
  0
VERTEX
  5
171c
  8
Layer_0
  10
483.68375
  20
469.06438
  0
VERTEX
  5
171d
  8
Layer_0
  10
483.68375
  20
469.01874
  0
SEQEND
  0
POLYLINE
  5
171f
  8
Layer_0
  62
7
  70
1
  66
1
  10
0
  20
0
  30
0
  0
VERTEX
  5
171f
  8
Layer_0
  10
484.45947
  20
468.56242
  0
VERTEX
  5
1720
  8
Layer_0
  10
484.45947
  20
468.55292
  0
VERTEX
  5
1721
  8
Layer_0
  10
484.45947
  20
468.54341
  42
2.6741045e-05
  0
VERTEX
  5
1722
  8
Layer_0
  10
484.45947
  20
468.5244
  0
VERTEX
  5
1723
  8
Layer_0
  10
484.45947
  20
468.51489
  0
VERTEX
  5
1724
  8
Layer_0
  10
484.45947
  20
468.50539
  0
VERTEX
  5
1725
  8
Layer_0
  10
484.45947
  20
468.49588
  0
VERTEX
  5
1726
  8
Layer_0
  10
484.45947
  20
468.48637
  42
2.6727312e-05
  0
VERTEX
  5
1727
  8
Layer_0
  10
484.45947
  20
468.46736
  0
VERTEX
  5
1728
  8
Layer_0
  10
484.45947
  20
468.45786
  0
VERTEX
  5
1729
  8
Layer_0
  10
484.45947
  20
468.44835
  0
VERTEX
  5
172a
  8
Layer_0
  10
484.41193
  20
468.43314
  0
VERTEX
  5
172b
  8
Layer_0
  10
484.36441
  20
468.41792
  0
VERTEX
  5
172c
  8
Layer_0
  10
484.31686
  20
468.40271
  0
VERTEX
  5
172d
  8
Layer_0
  10
484.26935
  20
468.38751
  0
VERTEX
  5
172e
  8
Layer_0
  10
484.2218
  20
468.3723
  0
VERTEX
  5
172f
  8
Layer_0
  10
484.17429
  20
468.35709
  0
VERTEX
  5
1730
  8
Layer_0
  10
484.12674
  20
468.34187
  0
VERTEX
  5
1731
  8
Layer_0
  10
484.07922
  20
468.32666
  0
VERTEX
  5
1732
  8
Layer_0
  10
484.03168
  20
468.31145
  0
VERTEX
  5
1733
  8
Layer_0
  10
483.98413
  20
468.29623
  0
VERTEX
  5
1734
  8
Layer_0
  10
483.93661
  20
468.28104
  0
VERTEX
  5
1735
  8
Layer_0
  10
483.88907
  20
468.26582
  42
0.0017265773
  0
VERTEX
  5
1736
  8
Layer_0
  10
483.99176
  20
468.26582
  0
VERTEX
  5
1737
  8
Layer_0
  10
484.04309
  20
468.26582
  0
VERTEX
  5
1738
  8
Layer_0
  10
484.09442
  20
468.26581
  0
VERTEX
  5
1739
  8
Layer_0
  10
484.14575
  20
468.26582
  0
VERTEX
  5
173a
  8
Layer_0
  10
484.19708
  20
468.26582
  0
VERTEX
  5
173b
  8
Layer_0
  10
484.24841
  20
468.26582
  0
VERTEX
  5
173c
  8
Layer_0
  10
484.29977
  20
468.26582
  0
VERTEX
  5
173d
  8
Layer_0
  10
484.3511
  20
468.26582
  0
VERTEX
  5
173e
  8
Layer_0
  10
484.40244
  20
468.26582
  0
VERTEX
  5
173f
  8
Layer_0
  10
484.45377
  20
468.26582
  0
VERTEX
  5
1740
  8
Layer_0
  10
484.5051
  20
468.26582
  0
VERTEX
  5
1741
  8
Layer_0
  10
484.5051
  20
468.25378
  0
VERTEX
  5
1742
  8
Layer_0
  10
484.5051
  20
468.24173
  42
-0.19891239
  0
VERTEX
  5
1743
  8
Layer_0
  10
484.5051
  20
468.21765
  0
VERTEX
  5
1744
  8
Layer_0
  10
484.5051
  20
468.20561
  0
VERTEX
  5
1745
  8
Layer_0
  10
484.5051
  20
468.19357
  0
VERTEX
  5
1746
  8
Layer_0
  10
484.5051
  20
468.18152
  0
VERTEX
  5
1747
  8
Layer_0
  10
484.5051
  20
468.16949
  0
VERTEX
  5
1748
  8
Layer_0
  10
484.5051
  20
468.15744
  0
VERTEX
  5
1749
  8
Layer_0
  10
484.5051
  20
468.1454
  0
VERTEX
  5
174a
  8
Layer_0
  10
484.5051
  20
468.13336
  0
VERTEX
  5
174b
  8
Layer_0
  10
484.5051
  20
468.12132
  0
VERTEX
  5
174c
  8
Layer_0
  10
484.43665
  20
468.12132
  0
VERTEX
  5
174d
  8
Layer_0
  10
484.36823
  20
468.12132
  0
VERTEX
  5
174e
  8
Layer_0
  10
484.29957
  20
468.12126
  0
VERTEX
  5
174f
  8
Layer_0
  10
484.23132
  20
468.12132
  0
VERTEX
  5
1750
  8
Layer_0
  10
484.16287
  20
468.12132
  42
-0.013799266
  0
VERTEX
  5
1751
  8
Layer_0
  10
484.02597
  20
468.12132
  0
VERTEX
  5
1752
  8
Layer_0
  10
483.95752
  20
468.12132
  42
-0.00050399215
  0
VERTEX
  5
1753
  8
Layer_0
  10
483.82062
  20
468.12132
  0
VERTEX
  5
1754
  8
Layer_0
  10
483.7522
  20
468.12132
  0
VERTEX
  5
1755
  8
Layer_0
  10
483.68375
  20
468.12132
  0
VERTEX
  5
1756
  8
Layer_0
  10
483.68375
  20
468.1378
  0
VERTEX
  5
1757
  8
Layer_0
  10
483.68375
  20
468.15427
  0
VERTEX
  5
1758
  8
Layer_0
  10
483.68375
  20
468.17076
  0
VERTEX
  5
1759
  8
Layer_0
  10
483.68375
  20
468.18723
  0
VERTEX
  5
175a
  8
Layer_0
  10
483.68375
  20
468.2037
  0
VERTEX
  5
175b
  8
Layer_0
  10
483.68375
  20
468.22018
  0
VERTEX
  5
175c
  8
Layer_0
  10
483.68375
  20
468.23666
  0
VERTEX
  5
175d
  8
Layer_0
  10
483.68375
  20
468.25314
  0
VERTEX
  5
175e
  8
Layer_0
  10
483.68375
  20
468.26962
  0
VERTEX
  5
175f
  8
Layer_0
  10
483.68375
  20
468.2861
  0
VERTEX
  5
1760
  8
Layer_0
  10
483.68375
  20
468.30258
  0
VERTEX
  5
1761
  8
Layer_0
  10
483.68375
  20
468.31906
  0
VERTEX
  5
1762
  8
Layer_0
  10
483.73126
  20
468.3349
  0
VERTEX
  5
1763
  8
Layer_0
  10
483.77881
  20
468.35074
  0
VERTEX
  5
1764
  8
Layer_0
  10
483.82632
  20
468.36659
  0
VERTEX
  5
1765
  8
Layer_0
  10
483.87387
  20
468.38243
  0
VERTEX
  5
1766
  8
Layer_0
  10
483.92139
  20
468.39828
  0
VERTEX
  5
1767
  8
Layer_0
  10
483.96893
  20
468.41412
  0
VERTEX
  5
1768
  8
Layer_0
  10
484.01648
  20
468.42996
  0
VERTEX
  5
1769
  8
Layer_0
  10
484.064
  20
468.44582
  0
VERTEX
  5
176a
  8
Layer_0
  10
484.11154
  20
468.46165
  0
VERTEX
  5
176b
  8
Layer_0
  10
484.15906
  20
468.47751
  0
VERTEX
  5
176c
  8
Layer_0
  10
484.2066
  20
468.49335
  0
VERTEX
  5
176d
  8
Layer_0
  10
484.25412
  20
468.50919
  0
VERTEX
  5
176e
  8
Layer_0
  10
484.2066
  20
468.5244
  0
VERTEX
  5
176f
  8
Layer_0
  10
484.15906
  20
468.53961
  0
VERTEX
  5
1770
  8
Layer_0
  10
484.11154
  20
468.55482
  0
VERTEX
  5
1771
  8
Layer_0
  10
484.064
  20
468.57004
  0
VERTEX
  5
1772
  8
Layer_0
  10
484.01648
  20
468.58524
  0
VERTEX
  5
1773
  8
Layer_0
  10
483.96893
  20
468.60045
  0
VERTEX
  5
1774
  8
Layer_0
  10
483.92139
  20
468.61566
  0
VERTEX
  5
1775
  8
Layer_0
  10
483.87387
  20
468.63087
  0
VERTEX
  5
1776
  8
Layer_0
  10
483.82632
  20
468.64609
  0
VERTEX
  5
1777
  8
Layer_0
  10
483.77881
  20
468.66129
  0
VERTEX
  5
1778
  8
Layer_0
  10
483.73126
  20
468.6765
  0
VERTEX
  5
1779
  8
Layer_0
  10
483.68375
  20
468.69171
  0
VERTEX
  5
177a
  8
Layer_0
  10
483.68375
  20
468.70819
  0
VERTEX
  5
177b
  8
Layer_0
  10
483.68375
  20
468.72467
  0
VERTEX
  5
177c
  8
Layer_0
  10
483.68375
  20
468.74115
  0
VERTEX
  5
177d
  8
Layer_0
  10
483.68375
  20
468.75763
  0
VERTEX
  5
177e
  8
Layer_0
  10
483.68375
  20
468.77411
  0
VERTEX
  5
177f
  8
Layer_0
  10
483.68375
  20
468.79059
  0
VERTEX
  5
1780
  8
Layer_0
  10
483.68375
  20
468.80707
  0
VERTEX
  5
1781
  8
Layer_0
  10
483.68375
  20
468.82353
  0
VERTEX
  5
1782
  8
Layer_0
  10
483.68375
  20
468.84001
  0
VERTEX
  5
1783
  8
Layer_0
  10
483.68375
  20
468.85649
  0
VERTEX
  5
1784
  8
Layer_0
  10
483.68375
  20
468.87297
  0
VERTEX
  5
1785
  8
Layer_0
  10
483.68375
  20
468.88945
  0
VERTEX
  5
1786
  8
Layer_0
  10
483.7522
  20
468.88882
  42
0.019172926
  0
VERTEX
  5
1787
  8
Layer_0
  10
483.88907
  20
468.88754
  0
VERTEX
  5
1788
  8
Layer_0
  10
483.95752
  20
468.88692
  0
VERTEX
  5
1789
  8
Layer_0
  10
484.02597
  20
468.88628
  0
VERTEX
  5
178a
  8
Layer_0
  10
484.09442
  20
468.88565
  0
VERTEX
  5
178b
  8
Layer_0
  10
484.16287
  20
468.88501
  0
VERTEX
  5
178c
  8
Layer_0
  10
484.23132
  20
468.88438
  0
VERTEX
  5
178d
  8
Layer_0
  10
484.29977
  20
468.88374
  42
-0.033710575
  0
VERTEX
  5
178e
  8
Layer_0
  10
484.43665
  20
468.88248
  0
VERTEX
  5
178f
  8
Layer_0
  10
484.5051
  20
468.88184
  0
VERTEX
  5
1790
  8
Layer_0
  10
484.5051
  20
468.86981
  0
VERTEX
  5
1791
  8
Layer_0
  10
484.5051
  20
468.85776
  0
VERTEX
  5
1792
  8
Layer_0
  10
484.5051
  20
468.84572
  0
VERTEX
  5
1793
  8
Layer_0
  10
484.5051
  20
468.83368
  0
VERTEX
  5
1794
  8
Layer_0
  10
484.5051
  20
468.82164
  0
VERTEX
  5
1795
  8
Layer_0
  10
484.5051
  20
468.8096
  0
VERTEX
  5
1796
  8
Layer_0
  10
484.5051
  20
468.79755
  0
VERTEX
  5
1797
  8
Layer_0
  10
484.5051
  20
468.78551
  0
VERTEX
  5
1798
  8
Layer_0
  10
484.5051
  20
468.77347
  42
0.12623418
  0
VERTEX
  5
1799
  8
Layer_0
  10
484.5051
  20
468.74939
  0
VERTEX
  5
179a
  8
Layer_0
  10
484.5051
  20
468.73734
  0
VERTEX
  5
179b
  8
Layer_0
  10
484.45377
  20
468.73735
  42
-0.053945032
  0
VERTEX
  5
179c
  8
Layer_0
  10
484.3511
  20
468.73734
  0
VERTEX
  5
179d
  8
Layer_0
  10
484.29977
  20
468.73735
  0
VERTEX
  5
179e
  8
Layer_0
  10
484.24841
  20
468.73735
  42
-0.047422952
  0
VERTEX
  5
179f
  8
Layer_0
  10
484.14575
  20
468.73735
  0
VERTEX
  5
17a0
  8
Layer_0
  10
484.09442
  20
468.73734
  0
VERTEX
  5
17a1
  8
Layer_0
  10
484.043
  20
468.73729
  0
VERTEX
  5
17a2
  8
Layer_0
  10
483.99175
  20
468.73734
  0
VERTEX
  5
17a3
  8
Layer_0
  10
483.94043
  20
468.73734
  0
VERTEX
  5
17a4
  8
Layer_0
  10
483.8891
  20
468.73735
  0
VERTEX
  5
17a5
  8
Layer_0
  10
483.93661
  20
468.72276
  0
VERTEX
  5
17a6
  8
Layer_0
  10
483.98413
  20
468.70819
  0
VERTEX
  5
17a7
  8
Layer_0
  10
484.03168
  20
468.6936
  0
VERTEX
  5
17a8
  8
Layer_0
  10
484.07922
  20
468.67905
  0
VERTEX
  5
17a9
  8
Layer_0
  10
484.12674
  20
468.66446
  0
VERTEX
  5
17aa
  8
Layer_0
  10
484.17429
  20
468.64989
  0
VERTEX
  5
17ab
  8
Layer_0
  10
484.2218
  20
468.63531
  0
VERTEX
  5
17ac
  8
Layer_0
  10
484.26935
  20
468.62073
  0
VERTEX
  5
17ad
  8
Layer_0
  10
484.31686
  20
468.60616
  0
VERTEX
  5
17ae
  8
Layer_0
  10
484.36441
  20
468.59158
  0
VERTEX
  5
17af
  8
Layer_0
  10
484.41193
  20
468.577
  0
SEQEND
  0
POLYLINE
  5
17b1
  8
Layer_0
  62
7
  70
1
  66
1
  10
0
  20
0
  30
0
  0
VERTEX
  5
17b1
  8
Layer_0
  10
495.47946
  20
507.00688
  0
VERTEX
  5
17b2
  8
Layer_0
  10
483.00687
  20
499.01379
  0
VERTEX
  5
17b3
  8
Layer_0
  10
482.8247
  20
498.86994
  0
VERTEX
  5
17b4
  8
Layer_0
  10
482.69458
  20
498.71005
  0
VERTEX
  5
17b5
  8
Layer_0
  10
482.61651
  20
498.53947
  0
VERTEX
  5
17b6
  8
Layer_0
  10
482.59048
  20
498.36354
  0
VERTEX
  5
17b7
  8
Layer_0
  10
482.61651
  20
498.18761
  0
VERTEX
  5
17b8
  8
Layer_0
  10
482.69458
  20
498.01702
  0
VERTEX
  5
17b9
  8
Layer_0
  10
482.8247
  20
497.85714
  0
VERTEX
  5
17ba
  8
Layer_0
  10
483.00687
  20
497.71329
  0
VERTEX
  5
17bb
  8
Layer_0
  10
495.47186
  20
489.70499
  0
VERTEX
  5
17bc
  8
Layer_0
  10
495.67722
  20
489.59907
  0
VERTEX
  5
17bd
  8
Layer_0
  10
495.86851
  20
489.54788
  0
VERTEX
  5
17be
  8
Layer_0
  10
496.04162
  20
489.5491
  0
VERTEX
  5
17bf
  8
Layer_0
  10
496.19245
  20
489.60041
  0
VERTEX
  5
17c0
  8
Layer_0
  10
496.31689
  20
489.69948
  0
VERTEX
  5
17c1
  8
Layer_0
  10
496.41086
  20
489.84401
  0
VERTEX
  5
17c2
  8
Layer_0
  10
496.47024
  20
490.03168
  0
VERTEX
  5
17c3
  8
Layer_0
  10
496.49095
  20
490.26016
  0
VERTEX
  5
17c4
  8
Layer_0
  10
496.49097
  20
506.45171
  0
VERTEX
  5
17c5
  8
Layer_0
  10
496.47026
  20
506.68019
  0
VERTEX
  5
17c6
  8
Layer_0
  10
496.41098
  20
506.86786
  0
VERTEX
  5
17c7
  8
Layer_0
  10
496.31729
  20
507.01239
  0
VERTEX
  5
17c8
  8
Layer_0
  10
496.1934
  20
507.11146
  0
VERTEX
  5
17c9
  8
Layer_0
  10
496.04347
  20
507.16277
  0
VERTEX
  5
17ca
  8
Layer_0
  10
495.87172
  20
507.16398
  0
VERTEX
  5
17cb
  8
Layer_0
  10
495.68232
  20
507.1128
  0
VERTEX
  5
17cc
  8
Layer_0
  10
495.47945
  20
507.00689
  0
SEQEND
  0
POLYLINE
  5
17ce
  8
Layer_0
  62
7
  70
1
  66
1
  10
0
  20
0
  30
0
  0
VERTEX
  5
17ce
  8
Layer_0
  10
491.98865
  20
485.15704
  0
VERTEX
  5
17cf
  8
Layer_0
  10
490.14059
  20
485.63618
  0
VERTEX
  5
17d0
  8
Layer_0
  10
490.14059
  20
485.64822
  0
VERTEX
  5
17d1
  8
Layer_0
  10
490.14059
  20
485.66026
  0
VERTEX
  5
17d2
  8
Layer_0
  10
490.14059
  20
485.6723
  42
0.010198709
  0
VERTEX
  5
17d3
  8
Layer_0
  10
490.14059
  20
485.69638
  0
VERTEX
  5
17d4
  8
Layer_0
  10
490.14059
  20
485.70843
  0
VERTEX
  5
17d5
  8
Layer_0
  10
490.14059
  20
485.72047
  0
VERTEX
  5
17d6
  8
Layer_0
  10
490.14059
  20
485.73251
  0
VERTEX
  5
17d7
  8
Layer_0
  10
490.14059
  20
485.74455
  0
VERTEX
  5
17d8
  8
Layer_0
  10
490.14059
  20
485.75659
  0
VERTEX
  5
17d9
  8
Layer_0
  10
490.14059
  20
485.76863
  0
VERTEX
  5
17da
  8
Layer_0
  10
490.14059
  20
485.78068
  0
VERTEX
  5
17db
  8
Layer_0
  10
491.98865
  20
486.26741
  0
VERTEX
  5
17dc
  8
Layer_0
  10
491.98865
  20
486.17488
  0
VERTEX
  5
17dd
  8
Layer_0
  10
491.98865
  20
486.08235
  0
VERTEX
  5
17de
  8
Layer_0
  10
491.98865
  20
485.98982
  0
VERTEX
  5
17df
  8
Layer_0
  10
491.98865
  20
485.89729
  0
VERTEX
  5
17e0
  8
Layer_0
  10
491.98881
  20
485.80432
  0
VERTEX
  5
17e1
  8
Layer_0
  10
491.98866
  20
485.71223
  0
VERTEX
  5
17e2
  8
Layer_0
  10
491.98865
  20
485.6197
  0
VERTEX
  5
17e3
  8
Layer_0
  10
491.98865
  20
485.52717
  0
VERTEX
  5
17e4
  8
Layer_0
  10
491.98865
  20
485.43464
  0
VERTEX
  5
17e5
  8
Layer_0
  10
491.98865
  20
485.34211
  0
VERTEX
  5
17e6
  8
Layer_0
  10
491.98865
  20
485.24958
  0
SEQEND
  0
POLYLINE
  5
17e8
  8
Layer_0
  62
7
  70
1
  66
1
  10
0
  20
0
  30
0
  0
VERTEX
  5
17e8
  8
Layer_0
  10
485.10592
  20
474.88998
  0
VERTEX
  5
17e9
  8
Layer_0
  10
485.10599
  20
474.82858
  0
VERTEX
  5
17ea
  8
Layer_0
  10
485.10592
  20
474.76703
  0
VERTEX
  5
17eb
  8
Layer_0
  10
485.10593
  20
474.70555
  42
-0.0074577602
  0
VERTEX
  5
17ec
  8
Layer_0
  10
485.10593
  20
474.5826
  0
VERTEX
  5
17ed
  8
Layer_0
  10
485.10593
  20
474.52113
  0
VERTEX
  5
17ee
  8
Layer_0
  10
485.10589
  20
474.45978
  0
VERTEX
  5
17ef
  8
Layer_0
  10
485.10592
  20
474.39817
  0
VERTEX
  5
17f0
  8
Layer_0
  10
485.10593
  20
474.3367
  42
-0.029349353
  0
VERTEX
  5
17f1
  8
Layer_0
  10
485.10593
  20
474.21375
  0
VERTEX
  5
17f2
  8
Layer_0
  10
485.10593
  20
474.15227
  0
VERTEX
  5
17f3
  8
Layer_0
  10
485.11664
  20
474.00069
  0
VERTEX
  5
17f4
  8
Layer_0
  10
485.14893
  20
473.87076
  0
VERTEX
  5
17f5
  8
Layer_0
  10
485.20297
  20
473.76204
  0
VERTEX
  5
17f6
  8
Layer_0
  10
485.27894
  20
473.67409
  0
VERTEX
  5
17f7
  8
Layer_0
  10
485.377
  20
473.60646
  0
VERTEX
  5
17f8
  8
Layer_0
  10
485.49735
  20
473.55871
  0
VERTEX
  5
17f9
  8
Layer_0
  10
485.64016
  20
473.53038
  0
VERTEX
  5
17fa
  8
Layer_0
  10
485.8056
  20
473.52104
  0
VERTEX
  5
17fb
  8
Layer_0
  10
485.9789
  20
473.53038
  0
VERTEX
  5
17fc
  8
Layer_0
  10
486.12823
  20
473.55871
  0
VERTEX
  5
17fd
  8
Layer_0
  10
486.25385
  20
473.60646
  0
VERTEX
  5
17fe
  8
Layer_0
  10
486.35603
  20
473.67409
  0
VERTEX
  5
17ff
  8
Layer_0
  10
486.43504
  20
473.76204
  0
VERTEX
  5
1800
  8
Layer_0
  10
486.49114
  20
473.87076
  0
VERTEX
  5
1801
  8
Layer_0
  10
486.52461
  20
474.00069
  0
VERTEX
  5
1802
  8
Layer_0
  10
486.5357
  20
474.15227
  0
VERTEX
  5
1803
  8
Layer_0
  10
486.53571
  20
474.21375
  0
VERTEX
  5
1804
  8
Layer_0
  10
486.53571
  20
474.27522
  0
VERTEX
  5
1805
  8
Layer_0
  10
486.53571
  20
474.3367
  0
VERTEX
  5
1806
  8
Layer_0
  10
486.53571
  20
474.39818
  0
VERTEX
  5
1807
  8
Layer_0
  10
486.53571
  20
474.45966
  0
VERTEX
  5
1808
  8
Layer_0
  10
486.53571
  20
474.52113
  0
VERTEX
  5
1809
  8
Layer_0
  10
486.53571
  20
474.5826
  0
VERTEX
  5
180a
  8
Layer_0
  10
486.53571
  20
474.64407
  0
VERTEX
  5
180b
  8
Layer_0
  10
486.53571
  20
474.70555
  0
VERTEX
  5
180c
  8
Layer_0
  10
486.53571
  20
474.76703
  0
VERTEX
  5
180d
  8
Layer_0
  10
486.53571
  20
474.82851
  0
VERTEX
  5
180e
  8
Layer_0
  10
486.53571
  20
474.88998
  0
VERTEX
  5
180f
  8
Layer_0
  10
485.10593
  20
474.88998
  0
SEQEND
  0
POLYLINE
  5
1811
  8
Layer_0
  62
7
  70
1
  66
1
  10
0
  20
0
  30
0
  0
VERTEX
  5
1811
  8
Layer_0
  10
486.96161
  20
481.45329
  0
VERTEX
  5
1812
  8
Layer_0
  10
485.11353
  20
481.93243
  42
0.080610421
  0
VERTEX
  5
1813
  8
Layer_0
  10
485.11353
  20
481.95651
  0
VERTEX
  5
1814
  8
Layer_0
  10
485.11353
  20
481.96855
  0
VERTEX
  5
1815
  8
Layer_0
  10
485.11353
  20
481.98059
  0
VERTEX
  5
1816
  8
Layer_0
  10
485.11353
  20
481.99263
  0
VERTEX
  5
1817
  8
Layer_0
  10
485.11353
  20
482.00468
  0
VERTEX
  5
1818
  8
Layer_0
  10
485.11353
  20
482.01672
  0
VERTEX
  5
1819
  8
Layer_0
  10
485.11353
  20
482.02876
  0
VERTEX
  5
181a
  8
Layer_0
  10
485.11353
  20
482.0408
  0
VERTEX
  5
181b
  8
Layer_0
  10
485.11353
  20
482.05284
  0
VERTEX
  5
181c
  8
Layer_0
  10
485.11353
  20
482.06488
  0
VERTEX
  5
181d
  8
Layer_0
  10
485.11353
  20
482.07693
  0
VERTEX
  5
181e
  8
Layer_0
  10
486.96161
  20
482.56366
  0
VERTEX
  5
181f
  8
Layer_0
  10
486.96161
  20
482.47113
  0
VERTEX
  5
1820
  8
Layer_0
  10
486.96161
  20
482.3786
  0
VERTEX
  5
1821
  8
Layer_0
  10
486.96161
  20
482.28607
  0
VERTEX
  5
1822
  8
Layer_0
  10
486.96173
  20
482.19315
  0
VERTEX
  5
1823
  8
Layer_0
  10
486.96159
  20
482.10101
  0
VERTEX
  5
1824
  8
Layer_0
  10
486.96161
  20
482.00848
  0
VERTEX
  5
1825
  8
Layer_0
  10
486.96161
  20
481.91595
  42
0.00089452355
  0
VERTEX
  5
1826
  8
Layer_0
  10
486.96161
  20
481.73089
  0
VERTEX
  5
1827
  8
Layer_0
  10
486.96161
  20
481.63836
  0
VERTEX
  5
1828
  8
Layer_0
  10
486.96161
  20
481.54583
  0
SEQEND
  0
POLYLINE
  5
182a
  8
Layer_0
  62
7
  70
1
  66
1
  10
0
  20
0
  30
0
  0
VERTEX
  5
182a
  8
Layer_0
  10
490.66534
  20
500.18499
  0
VERTEX
  5
182b
  8
Layer_0
  10
491.2273
  20
499.54164
  0
VERTEX
  5
182c
  8
Layer_0
  10
491.76145
  20
498.93393
  0
VERTEX
  5
182d
  8
Layer_0
  10
491.98623
  20
498.68043
  0
VERTEX
  5
182e
  8
Layer_0
  10
492.16583
  20
498.48023
  0
VERTEX
  5
182f
  8
Layer_0
  10
492.2347
  20
498.40474
  0
VERTEX
  5
1830
  8
Layer_0
  10
492.2875
  20
498.34812
  0
VERTEX
  5
1831
  8
Layer_0
  10
492.32263
  20
498.31222
  0
VERTEX
  5
1832
  8
Layer_0
  10
492.33849
  20
498.29889
  0
VERTEX
  5
1833
  8
Layer_0
  10
492.4155
  20
498.28986
  0
VERTEX
  5
1834
  8
Layer_0
  10
492.54384
  20
498.26657
  0
VERTEX
  5
1835
  8
Layer_0
  10
492.68929
  20
498.21761
  0
VERTEX
  5
1836
  8
Layer_0
  10
492.81762
  20
498.13158
  42
-0.19890776
  0
VERTEX
  5
1837
  8
Layer_0
  10
492.95453
  20
497.85018
  42
-0.060614793
  0
VERTEX
  5
1838
  8
Layer_0
  10
492.9393
  20
497.75893
  0
VERTEX
  5
1839
  8
Layer_0
  10
492.91364
  20
497.64865
  0
VERTEX
  5
183a
  8
Layer_0
  10
492.89367
  20
497.60682
  0
VERTEX
  5
183b
  8
Layer_0
  10
492.87338
  20
497.62773
  0
VERTEX
  5
183c
  8
Layer_0
  10
492.85312
  20
497.64865
  0
VERTEX
  5
183d
  8
Layer_0
  10
492.83282
  20
497.66956
  0
VERTEX
  5
183e
  8
Layer_0
  10
492.81256
  20
497.69048
  0
VERTEX
  5
183f
  8
Layer_0
  10
492.79227
  20
497.71139
  0
VERTEX
  5
1840
  8
Layer_0
  10
492.772
  20
497.73231
  0
VERTEX
  5
1841
  8
Layer_0
  10
492.75171
  20
497.75322
  0
VERTEX
  5
1842
  8
Layer_0
  10
492.73145
  20
497.77413
  0
VERTEX
  5
1843
  8
Layer_0
  10
492.71115
  20
497.79504
  42
-0.022529936
  0
VERTEX
  5
1844
  8
Layer_0
  10
492.6503
  20
497.85779
  42
0.31963824
  0
VERTEX
  5
1845
  8
Layer_0
  10
492.3461
  20
497.65245
  0
VERTEX
  5
1846
  8
Layer_0
  10
492.36575
  20
497.6309
  0
VERTEX
  5
1847
  8
Layer_0
  10
492.38538
  20
497.60936
  0
VERTEX
  5
1848
  8
Layer_0
  10
492.40503
  20
497.58781
  0
VERTEX
  5
1849
  8
Layer_0
  10
492.42468
  20
497.56626
  0
VERTEX
  5
184a
  8
Layer_0
  10
492.44434
  20
497.54471
  0
VERTEX
  5
184b
  8
Layer_0
  10
492.46399
  20
497.52316
  0
VERTEX
  5
184c
  8
Layer_0
  10
492.48361
  20
497.50161
  0
VERTEX
  5
184d
  8
Layer_0
  10
492.50327
  20
497.48006
  0
VERTEX
  5
184e
  8
Layer_0
  10
492.52292
  20
497.45851
  0
VERTEX
  5
184f
  8
Layer_0
  10
492.54257
  20
497.43697
  0
VERTEX
  5
1850
  8
Layer_0
  10
492.56223
  20
497.41542
  0
VERTEX
  5
1851
  8
Layer_0
  10
492.58185
  20
497.39387
  0
VERTEX
  5
1852
  8
Layer_0
  10
492.58122
  20
497.38626
  0
VERTEX
  5
1853
  8
Layer_0
  10
492.58059
  20
497.37866
  42
0.109943
  0
VERTEX
  5
1854
  8
Layer_0
  10
492.57932
  20
497.36345
  0
VERTEX
  5
1855
  8
Layer_0
  10
492.5787
  20
497.35585
  0
VERTEX
  5
1856
  8
Layer_0
  10
492.57806
  20
497.34824
  0
VERTEX
  5
1857
  8
Layer_0
  10
492.57742
  20
497.34064
  42
-0.0022830403
  0
VERTEX
  5
1858
  8
Layer_0
  10
492.57489
  20
497.31021
  0
VERTEX
  5
1859
  8
Layer_0
  10
492.57425
  20
497.30261
  0
VERTEX
  5
185a
  8
Layer_0
  10
492.53492
  20
497.29988
  0
VERTEX
  5
185b
  8
Layer_0
  10
492.425
  20
497.30356
  0
VERTEX
  5
185c
  8
Layer_0
  10
492.27373
  20
497.3486
  0
VERTEX
  5
185d
  8
Layer_0
  10
492.11034
  20
497.46992
  0
VERTEX
  5
185e
  8
Layer_0
  10
492.01824
  20
497.60884
  0
VERTEX
  5
185f
  8
Layer_0
  10
491.9782
  20
497.73706
  0
VERTEX
  5
1860
  8
Layer_0
  10
491.96809
  20
497.84959
  0
VERTEX
  5
1861
  8
Layer_0
  10
491.96584
  20
497.94145
  0
VERTEX
  5
1862
  8
Layer_0
  10
491.94231
  20
497.98812
  0
VERTEX
  5
1863
  8
Layer_0
  10
491.89598
  20
498.05813
  0
VERTEX
  5
1864
  8
Layer_0
  10
491.82899
  20
498.14915
  0
VERTEX
  5
1865
  8
Layer_0
  10
491.7435
  20
498.25885
  0
VERTEX
  5
1866
  8
Layer_0
  10
491.52561
  20
498.52499
  0
VERTEX
  5
1867
  8
Layer_0
  10
491.2595
  20
498.83792
  0
VERTEX
  5
1868
  8
Layer_0
  10
490.65144
  20
499.52964
  0
VERTEX
  5
1869
  8
Layer_0
  10
490.05692
  20
500.18499
  0
VERTEX
  5
186a
  8
Layer_0
  10
490.10769
  20
500.18501
  0
VERTEX
  5
186b
  8
Layer_0
  10
490.15833
  20
500.18499
  0
VERTEX
  5
186c
  8
Layer_0
  10
490.20901
  20
500.18499
  0
VERTEX
  5
186d
  8
Layer_0
  10
490.25974
  20
500.18499
  0
VERTEX
  5
186e
  8
Layer_0
  10
490.31042
  20
500.18499
  0
VERTEX
  5
186f
  8
Layer_0
  10
490.36115
  20
500.185
  0
VERTEX
  5
1870
  8
Layer_0
  10
490.41183
  20
500.18499
  0
VERTEX
  5
1871
  8
Layer_0
  10
490.46252
  20
500.185
  0
VERTEX
  5
1872
  8
Layer_0
  10
490.5132
  20
500.18498
  0
VERTEX
  5
1873
  8
Layer_0
  10
490.56394
  20
500.18499
  0
VERTEX
  5
1874
  8
Layer_0
  10
490.61465
  20
500.18499
  0
VERTEX
  5
1875
  8
Layer_0
  10
490.66534
  20
500.18499
  0
SEQEND
  0
POLYLINE
  5
1877
  8
Layer_0
  62
7
  70
1
  66
1
  10
0
  20
0
  30
0
  0
VERTEX
  5
1877
  8
Layer_0
  10
488.59671
  20
500.49681
  42
-0.00010516252
  0
VERTEX
  5
1878
  8
Layer_0
  10
488.65756
  20
500.50568
  0
VERTEX
  5
1879
  8
Layer_0
  10
488.68799
  20
500.51012
  42
-8.0191745e-05
  0
VERTEX
  5
187a
  8
Layer_0
  10
488.74881
  20
500.51898
  42
0.010498416
  0
VERTEX
  5
187b
  8
Layer_0
  10
488.87051
  20
500.53673
  0
VERTEX
  5
187c
  8
Layer_0
  10
488.90094
  20
500.54117
  42
-0.00010343547
  0
VERTEX
  5
187d
  8
Layer_0
  10
488.96176
  20
500.55004
  0
VERTEX
  5
187e
  8
Layer_0
  10
489.06824
  20
500.4892
  0
VERTEX
  5
187f
  8
Layer_0
  10
492.6351
  20
500.4892
  42
7.3892361e-06
  0
VERTEX
  5
1880
  8
Layer_0
  10
492.6351
  20
500.51202
  0
VERTEX
  5
1881
  8
Layer_0
  10
492.65696
  20
500.64986
  0
VERTEX
  5
1882
  8
Layer_0
  10
492.69594
  20
500.70215
  0
VERTEX
  5
1883
  8
Layer_0
  10
492.69656
  20
500.70215
  42
-0.035088042
  0
VERTEX
  5
1884
  8
Layer_0
  10
492.69785
  20
500.70215
  0
VERTEX
  5
1885
  8
Layer_0
  10
492.69849
  20
500.70215
  0
VERTEX
  5
1886
  8
Layer_0
  10
492.6991
  20
500.70215
  0
VERTEX
  5
1887
  8
Layer_0
  10
492.69974
  20
500.70215
  42
-0.16225108
  0
VERTEX
  5
1888
  8
Layer_0
  10
492.70163
  20
500.70215
  0
VERTEX
  5
1889
  8
Layer_0
  10
492.70227
  20
500.70215
  42
0.00085608597
  0
VERTEX
  5
188a
  8
Layer_0
  10
492.70355
  20
500.70215
  42
-0.29253558
  0
VERTEX
  5
188b
  8
Layer_0
  10
492.74158
  20
500.67173
  42
0.17030918
  0
VERTEX
  5
188c
  8
Layer_0
  10
492.90887
  20
500.60328
  42
-0.066664231
  0
VERTEX
  5
188d
  8
Layer_0
  10
493.02295
  20
500.6413
  0
VERTEX
  5
188e
  8
Layer_0
  10
493.99548
  20
500.70215
  0
VERTEX
  5
188f
  8
Layer_0
  10
494.9623
  20
500.76299
  0
VERTEX
  5
1890
  8
Layer_0
  10
495.07602
  20
500.75693
  0
VERTEX
  5
1891
  8
Layer_0
  10
495.21042
  20
500.71451
  0
VERTEX
  5
1892
  8
Layer_0
  10
495.32913
  20
500.63358
  0
VERTEX
  5
1893
  8
Layer_0
  10
495.3958
  20
500.51202
  42
-0.062209935
  0
VERTEX
  5
1894
  8
Layer_0
  10
495.40341
  20
500.41315
  42
-0.082559262
  0
VERTEX
  5
1895
  8
Layer_0
  10
495.39578
  20
500.3371
  0
VERTEX
  5
1896
  8
Layer_0
  10
495.33139
  20
500.21423
  0
VERTEX
  5
1897
  8
Layer_0
  10
495.21707
  20
500.12985
  0
VERTEX
  5
1898
  8
Layer_0
  10
495.08565
  20
500.08256
  0
VERTEX
  5
1899
  8
Layer_0
  10
494.9699
  20
500.07091
  0
VERTEX
  5
189a
  8
Layer_0
  10
493.99643
  20
500.10514
  0
VERTEX
  5
189b
  8
Layer_0
  10
493.02296
  20
500.13936
  42
-0.11645629
  0
VERTEX
  5
189c
  8
Layer_0
  10
492.90887
  20
500.16978
  42
0.198897
  0
VERTEX
  5
189d
  8
Layer_0
  10
492.74918
  20
500.09373
  42
-0.43876042
  0
VERTEX
  5
189e
  8
Layer_0
  10
492.72635
  20
500.06331
  0
VERTEX
  5
189f
  8
Layer_0
  10
492.67978
  20
500.1156
  0
VERTEX
  5
18a0
  8
Layer_0
  10
492.65031
  20
500.25344
  42
8.1295133e-05
  0
VERTEX
  5
18a1
  8
Layer_0
  10
492.6427
  20
500.35231
  0
VERTEX
  5
18a2
  8
Layer_0
  10
489.07584
  20
500.35231
  0
VERTEX
  5
18a3
  8
Layer_0
  10
488.96176
  20
500.30667
  0
VERTEX
  5
18a4
  8
Layer_0
  10
488.93134
  20
500.31111
  0
VERTEX
  5
18a5
  8
Layer_0
  10
488.90092
  20
500.31554
  0
VERTEX
  5
18a6
  8
Layer_0
  10
488.87051
  20
500.31998
  0
VERTEX
  5
18a7
  8
Layer_0
  10
488.84009
  20
500.32442
  0
VERTEX
  5
18a8
  8
Layer_0
  10
488.80964
  20
500.32887
  0
VERTEX
  5
18a9
  8
Layer_0
  10
488.77924
  20
500.33329
  0
VERTEX
  5
18aa
  8
Layer_0
  10
488.74881
  20
500.33773
  42
-1.4028214e-05
  0
VERTEX
  5
18ab
  8
Layer_0
  10
488.68799
  20
500.3466
  0
VERTEX
  5
18ac
  8
Layer_0
  10
488.65756
  20
500.35104
  42
-0.21023054
  0
VERTEX
  5
18ad
  8
Layer_0
  10
488.59671
  20
500.35991
  0
VERTEX
  5
18ae
  8
Layer_0
  10
488.59671
  20
500.37132
  0
VERTEX
  5
18af
  8
Layer_0
  10
488.59671
  20
500.38273
  42
-0.00041317245
  0
VERTEX
  5
18b0
  8
Layer_0
  10
488.59671
  20
500.40555
  0
VERTEX
  5
18b1
  8
Layer_0
  10
488.59672
  20
500.42265
  0
VERTEX
  5
18b2
  8
Layer_0
  10
488.59672
  20
500.43977
  42
-0.00071250399
  0
VERTEX
  5
18b3
  8
Layer_0
  10
488.59671
  20
500.46259
  0
VERTEX
  5
18b4
  8
Layer_0
  10
488.59671
  20
500.47399
  0
VERTEX
  5
18b5
  8
Layer_0
  10
488.59671
  20
500.4854
  0
SEQEND
  0
POLYLINE
  5
18b7
  8
Layer_0
  62
7
  70
1
  66
1
  10
0
  20
0
  30
0
  0
VERTEX
  5
18b7
  8
Layer_0
  10
489.82877
  20
501.18888
  0
VERTEX
  5
18b8
  8
Layer_0
  10
489.82876
  20
501.18983
  0
VERTEX
  5
18b9
  8
Layer_0
  10
489.82877
  20
501.19078
  0
VERTEX
  5
18ba
  8
Layer_0
  10
489.82877
  20
501.19142
  0
VERTEX
  5
18bb
  8
Layer_0
  10
489.82877
  20
501.19205
  0
VERTEX
  5
18bc
  8
Layer_0
  10
489.82877
  20
501.19269
  0
VERTEX
  5
18bd
  8
Layer_0
  10
489.82877
  20
501.19332
  0
VERTEX
  5
18be
  8
Layer_0
  10
489.82877
  20
501.19395
  0
VERTEX
  5
18bf
  8
Layer_0
  10
489.82877
  20
501.1949
  0
VERTEX
  5
18c0
  8
Layer_0
  10
489.82877
  20
501.19585
  0
VERTEX
  5
18c1
  8
Layer_0
  10
489.82877
  20
501.19649
  42
-3.0226221e-05
  0
VERTEX
  5
18c2
  8
Layer_0
  10
489.84396
  20
501.37901
  42
0.1754437
  0
VERTEX
  5
18c3
  8
Layer_0
  10
489.75272
  20
501.6528
  0
VERTEX
  5
18c4
  8
Layer_0
  10
489.59158
  20
501.78399
  0
VERTEX
  5
18c5
  8
Layer_0
  10
489.4447
  20
501.83533
  0
VERTEX
  5
18c6
  8
Layer_0
  10
489.33775
  20
501.84103
  0
VERTEX
  5
18c7
  8
Layer_0
  10
489.2964
  20
501.83533
  42
-0.10022764
  0
VERTEX
  5
18c8
  8
Layer_0
  10
489.29449
  20
501.8049
  42
0.00050680529
  0
VERTEX
  5
18c9
  8
Layer_0
  10
489.29324
  20
501.78462
  0
VERTEX
  5
18ca
  8
Layer_0
  10
489.2926
  20
501.77449
  0
VERTEX
  5
18cb
  8
Layer_0
  10
489.29196
  20
501.76434
  42
3.7129128e-05
  0
VERTEX
  5
18cc
  8
Layer_0
  10
489.29068
  20
501.74406
  0
VERTEX
  5
18cd
  8
Layer_0
  10
489.29007
  20
501.73392
  0
VERTEX
  5
18ce
  8
Layer_0
  10
489.28943
  20
501.72379
  0
VERTEX
  5
18cf
  8
Layer_0
  10
489.28879
  20
501.71365
  0
VERTEX
  5
18d0
  8
Layer_0
  10
489.30716
  20
501.69273
  0
VERTEX
  5
18d1
  8
Layer_0
  10
489.32556
  20
501.67181
  0
VERTEX
  5
18d2
  8
Layer_0
  10
489.34393
  20
501.6509
  0
VERTEX
  5
18d3
  8
Layer_0
  10
489.3623
  20
501.62999
  0
VERTEX
  5
18d4
  8
Layer_0
  10
489.38068
  20
501.60908
  0
VERTEX
  5
18d5
  8
Layer_0
  10
489.39908
  20
501.58816
  0
VERTEX
  5
18d6
  8
Layer_0
  10
489.41745
  20
501.56725
  0
VERTEX
  5
18d7
  8
Layer_0
  10
489.43582
  20
501.54633
  0
VERTEX
  5
18d8
  8
Layer_0
  10
489.45422
  20
501.52541
  0
VERTEX
  5
18d9
  8
Layer_0
  10
489.4726
  20
501.5045
  0
VERTEX
  5
18da
  8
Layer_0
  10
489.49097
  20
501.48359
  0
VERTEX
  5
18db
  8
Layer_0
  10
489.50934
  20
501.46268
  42
-3.2419118e-05
  0
VERTEX
  5
18dc
  8
Layer_0
  10
489.50363
  20
501.44936
  42
-0.17031055
  0
VERTEX
  5
18dd
  8
Layer_0
  10
489.49985
  20
501.44049
  0
VERTEX
  5
18de
  8
Layer_0
  10
489.49699
  20
501.43383
  0
VERTEX
  5
18df
  8
Layer_0
  10
489.49414
  20
501.42718
  0
VERTEX
  5
18e0
  8
Layer_0
  10
489.49225
  20
501.42274
  0
VERTEX
  5
18e1
  8
Layer_0
  10
489.49033
  20
501.4183
  0
VERTEX
  5
18e2
  8
Layer_0
  10
489.48843
  20
501.41387
  0
VERTEX
  5
18e3
  8
Layer_0
  10
489.48653
  20
501.40943
  42
0.00024499145
  0
VERTEX
  5
18e4
  8
Layer_0
  10
489.47513
  20
501.39423
  0
VERTEX
  5
18e5
  8
Layer_0
  10
489.47131
  20
501.38915
  0
VERTEX
  5
18e6
  8
Layer_0
  10
489.46753
  20
501.38409
  0
VERTEX
  5
18e7
  8
Layer_0
  10
489.46371
  20
501.37901
  0
VERTEX
  5
18e8
  8
Layer_0
  10
489.4599
  20
501.37395
  42
3.6689138e-05
  0
VERTEX
  5
18e9
  8
Layer_0
  10
489.44849
  20
501.35873
  0
VERTEX
  5
18ea
  8
Layer_0
  10
489.4447
  20
501.35367
  0
VERTEX
  5
18eb
  8
Layer_0
  10
489.44089
  20
501.34859
  42
-0.099036732
  0
VERTEX
  5
18ec
  8
Layer_0
  10
489.36484
  20
501.29536
  42
-0.1426976
  0
VERTEX
  5
18ed
  8
Layer_0
  10
489.19754
  20
501.28775
  0
VERTEX
  5
18ee
  8
Layer_0
  10
489.17725
  20
501.30994
  0
VERTEX
  5
18ef
  8
Layer_0
  10
489.15698
  20
501.33212
  42
-0.053145333
  0
VERTEX
  5
18f0
  8
Layer_0
  10
489.11639
  20
501.37648
  42
-0.03689871
  0
VERTEX
  5
18f1
  8
Layer_0
  10
489.07584
  20
501.42085
  42
-0.03553357
  0
VERTEX
  5
18f2
  8
Layer_0
  10
489.03528
  20
501.46521
  0
VERTEX
  5
18f3
  8
Layer_0
  10
489.01489
  20
501.48744
  0
VERTEX
  5
18f4
  8
Layer_0
  10
488.99472
  20
501.50957
  42
0.023119547
  0
VERTEX
  5
18f5
  8
Layer_0
  10
488.95416
  20
501.55394
  42
0.26613066
  0
VERTEX
  5
18f6
  8
Layer_0
  10
488.93896
  20
501.53112
  0
VERTEX
  5
18f7
  8
Layer_0
  10
488.93704
  20
501.52541
  42
0.00057828294
  0
VERTEX
  5
18f8
  8
Layer_0
  10
488.93326
  20
501.51401
  0
VERTEX
  5
18f9
  8
Layer_0
  10
488.93134
  20
501.5083
  42
-5.2898718e-05
  0
VERTEX
  5
18fa
  8
Layer_0
  10
488.92755
  20
501.49689
  0
VERTEX
  5
18fb
  8
Layer_0
  10
488.92563
  20
501.4912
  0
VERTEX
  5
18fc
  8
Layer_0
  10
488.92374
  20
501.48549
  0
VERTEX
  5
18fd
  8
Layer_0
  10
488.92184
  20
501.47978
  0
VERTEX
  5
18fe
  8
Layer_0
  10
488.91995
  20
501.47408
  0
VERTEX
  5
18ff
  8
Layer_0
  10
488.91803
  20
501.46838
  0
VERTEX
  5
1900
  8
Layer_0
  10
488.91614
  20
501.46268
  42
0.065775235
  0
VERTEX
  5
1901
  8
Layer_0
  10
488.90094
  20
501.32578
  0
VERTEX
  5
1902
  8
Layer_0
  10
488.90094
  20
501.32324
  0
VERTEX
  5
1903
  8
Layer_0
  10
488.90094
  20
501.32071
  0
VERTEX
  5
1904
  8
Layer_0
  10
488.90094
  20
501.31818
  0
VERTEX
  5
1905
  8
Layer_0
  10
488.90094
  20
501.31564
  0
VERTEX
  5
1906
  8
Layer_0
  10
488.90094
  20
501.3131
  0
VERTEX
  5
1907
  8
Layer_0
  10
488.90094
  20
501.31056
  0
VERTEX
  5
1908
  8
Layer_0
  10
488.90094
  20
501.30803
  0
VERTEX
  5
1909
  8
Layer_0
  10
488.90094
  20
501.3055
  0
VERTEX
  5
190a
  8
Layer_0
  10
488.90094
  20
501.30296
  0
VERTEX
  5
190b
  8
Layer_0
  10
488.90094
  20
501.30043
  0
VERTEX
  5
190c
  8
Layer_0
  10
488.90094
  20
501.29789
  0
VERTEX
  5
190d
  8
Layer_0
  10
488.90094
  20
501.29536
  42
0.1836989
  0
VERTEX
  5
190e
  8
Layer_0
  10
489.05304
  20
500.96072
  0
VERTEX
  5
190f
  8
Layer_0
  10
489.16437
  20
500.87481
  0
VERTEX
  5
1910
  8
Layer_0
  10
489.28214
  20
500.83239
  0
VERTEX
  5
1911
  8
Layer_0
  10
489.38992
  20
500.81421
  0
VERTEX
  5
1912
  8
Layer_0
  10
489.47132
  20
500.80102
  0
VERTEX
  5
1913
  8
Layer_0
  10
489.52646
  20
500.75824
  0
VERTEX
  5
1914
  8
Layer_0
  10
489.63864
  20
500.6413
  42
0.88076884
  0
VERTEX
  5
1915
  8
Layer_0
  10
489.63864
  20
500.64005
  0
VERTEX
  5
1916
  8
Layer_0
  10
489.63864
  20
500.6394
  0
VERTEX
  5
1917
  8
Layer_0
  10
489.63864
  20
500.63877
  0
VERTEX
  5
1918
  8
Layer_0
  10
489.63863
  20
500.63814
  0
VERTEX
  5
1919
  8
Layer_0
  10
489.63864
  20
500.6375
  0
VERTEX
  5
191a
  8
Layer_0
  10
489.63864
  20
500.63687
  42
-0.34403831
  0
VERTEX
  5
191b
  8
Layer_0
  10
489.63864
  20
500.6356
  0
VERTEX
  5
191c
  8
Layer_0
  10
489.63864
  20
500.63496
  42
0.045212303
  0
VERTEX
  5
191d
  8
Layer_0
  10
489.63864
  20
500.63371
  0
VERTEX
  5
191e
  8
Layer_0
  10
489.6925
  20
500.6337
  0
VERTEX
  5
191f
  8
Layer_0
  10
489.74637
  20
500.6337
  0
VERTEX
  5
1920
  8
Layer_0
  10
489.80023
  20
500.6337
  0
VERTEX
  5
1921
  8
Layer_0
  10
489.85413
  20
500.6337
  0
VERTEX
  5
1922
  8
Layer_0
  10
489.90799
  20
500.6337
  42
0.001995172
  0
VERTEX
  5
1923
  8
Layer_0
  10
490.01572
  20
500.63371
  0
VERTEX
  5
1924
  8
Layer_0
  10
490.06961
  20
500.6337
  0
VERTEX
  5
1925
  8
Layer_0
  10
490.12347
  20
500.6337
  0
VERTEX
  5
1926
  8
Layer_0
  10
490.17734
  20
500.6337
  0
VERTEX
  5
1927
  8
Layer_0
  10
490.23105
  20
500.63374
  0
VERTEX
  5
1928
  8
Layer_0
  10
490.28508
  20
500.6337
  0
VERTEX
  5
1929
  8
Layer_0
  10
490.10148
  20
500.85307
  0
VERTEX
  5
192a
  8
Layer_0
  10
489.9571
  20
501.02537
  0
VERTEX
  5
192b
  8
Layer_0
  10
489.86263
  20
501.14064
  0
SEQEND
  0
POLYLINE
  5
192d
  8
Layer_0
  62
7
  70
1
  66
1
  10
0
  20
0
  30
0
  0
VERTEX
  5
192d
  8
Layer_0
  10
493.95081
  20
496.19985
  42
0.24627507
  0
VERTEX
  5
192e
  8
Layer_0
  10
493.91278
  20
496.2683
  42
0.17603241
  0
VERTEX
  5
192f
  8
Layer_0
  10
493.87476
  20
496.2759
  0
VERTEX
  5
1930
  8
Layer_0
  10
491.04559
  20
496.2759
  42
0.41418413
  0
VERTEX
  5
1931
  8
Layer_0
  10
490.96954
  20
496.19984
  42
0.41419452
  0
VERTEX
  5
1932
  8
Layer_0
  10
491.04559
  20
496.12379
  0
VERTEX
  5
1933
  8
Layer_0
  10
493.87476
  20
496.12379
  42
4.4334102e-05
  0
VERTEX
  5
1934
  8
Layer_0
  10
493.91278
  20
496.13141
  42
0.2462738
  0
SEQEND
  0
POLYLINE
  5
1936
  8
Layer_0
  62
7
  70
1
  66
1
  10
0
  20
0
  30
0
  0
VERTEX
  5
1936
  8
Layer_0
  10
540.25
  20
512.03831
  42
0.22409679
  0
VERTEX
  5
1937
  8
Layer_0
  10
540.29193
  20
511.87283
  42
0.2240905
  0
VERTEX
  5
1938
  8
Layer_0
  10
540.44629
  20
511.79999
  0
VERTEX
  5
1939
  8
Layer_0
  10
540.75
  20
511.79999
  0
VERTEX
  5
193a
  8
Layer_0
  10
540.75
  20
508.99999
  0
VERTEX
  5
193b
  8
Layer_0
  10
537.95001
  20
508.99999
  0
VERTEX
  5
193c
  8
Layer_0
  10
537.95001
  20
504.59999
  0
VERTEX
  5
193d
  8
Layer_0
  10
540.75
  20
504.59999
  0
VERTEX
  5
193e
  8
Layer_0
  10
540.75
  20
501.79999
  0
VERTEX
  5
193f
  8
Layer_0
  10
539.25
  20
501.79999
  0
VERTEX
  5
1940
  8
Layer_0
  10
539.25
  20
485.79999
  0
VERTEX
  5
1941
  8
Layer_0
  10
536.45001
  20
485.79999
  0
VERTEX
  5
1942
  8
Layer_0
  10
536.45001
  20
482.99999
  0
VERTEX
  5
1943
  8
Layer_0
  10
539.25
  20
482.99999
  0
VERTEX
  5
1944
  8
Layer_0
  10
539.25
  20
480.19999
  0
VERTEX
  5
1945
  8
Layer_0
  10
538.94629
  20
480.19999
  42
0.22409412
  0
VERTEX
  5
1946
  8
Layer_0
  10
538.79193
  20
480.12714
  42
0.22409913
  0
VERTEX
  5
1947
  8
Layer_0
  10
538.75
  20
479.96168
  0
VERTEX
  5
1948
  8
Layer_0
  10
539.25
  20
477.39999
  0
VERTEX
  5
1949
  8
Layer_0
  10
542.04999
  20
477.39999
  0
VERTEX
  5
194a
  8
Layer_0
  10
542.04999
  20
491.39999
  42
-0.41421356
  0
VERTEX
  5
194b
  8
Layer_0
  10
542.5
  20
491.84999
  42
-0.41421356
  0
VERTEX
  5
194c
  8
Layer_0
  10
542.95001
  20
491.39999
  0
VERTEX
  5
194d
  8
Layer_0
  10
542.95001
  20
477.39999
  0
VERTEX
  5
194e
  8
Layer_0
  10
551.04999
  20
477.39999
  0
VERTEX
  5
194f
  8
Layer_0
  10
551.04999
  20
491.39999
  42
-0.41421356
  0
VERTEX
  5
1950
  8
Layer_0
  10
551.5
  20
491.84999
  42
-0.41421356
  0
VERTEX
  5
1951
  8
Layer_0
  10
551.95001
  20
491.39999
  0
VERTEX
  5
1952
  8
Layer_0
  10
551.95001
  20
477.39999
  0
VERTEX
  5
1953
  8
Layer_0
  10
554.75
  20
477.39999
  0
VERTEX
  5
1954
  8
Layer_0
  10
555.25
  20
479.96168
  42
0.22409913
  0
VERTEX
  5
1955
  8
Layer_0
  10
555.20807
  20
480.12714
  42
0.22409412
  0
VERTEX
  5
1956
  8
Layer_0
  10
555.05371
  20
480.19999
  0
VERTEX
  5
1957
  8
Layer_0
  10
554.75
  20
480.19999
  0
VERTEX
  5
1958
  8
Layer_0
  10
554.75
  20
482.99999
  0
VERTEX
  5
1959
  8
Layer_0
  10
557.54999
  20
482.99999
  0
VERTEX
  5
195a
  8
Layer_0
  10
557.54999
  20
485.79999
  0
VERTEX
  5
195b
  8
Layer_0
  10
554.75
  20
485.79999
  0
VERTEX
  5
195c
  8
Layer_0
  10
554.75
  20
501.79999
  0
VERTEX
  5
195d
  8
Layer_0
  10
553.25
  20
501.79999
  0
VERTEX
  5
195e
  8
Layer_0
  10
553.25
  20
504.59999
  0
VERTEX
  5
195f
  8
Layer_0
  10
556.04999
  20
504.59999
  0
VERTEX
  5
1960
  8
Layer_0
  10
556.04999
  20
508.99999
  0
VERTEX
  5
1961
  8
Layer_0
  10
553.25
  20
508.99999
  0
VERTEX
  5
1962
  8
Layer_0
  10
553.25
  20
511.79999
  0
VERTEX
  5
1963
  8
Layer_0
  10
553.55371
  20
511.79999
  42
0.22409088
  0
VERTEX
  5
1964
  8
Layer_0
  10
553.70807
  20
511.87283
  42
0.22409684
  0
VERTEX
  5
1965
  8
Layer_0
  10
553.75
  20
512.03831
  0
VERTEX
  5
1966
  8
Layer_0
  10
553.25
  20
514.59999
  0
VERTEX
  5
1967
  8
Layer_0
  10
550.45001
  20
514.59999
  0
VERTEX
  5
1968
  8
Layer_0
  10
550.45001
  20
496.40001
  42
-0.41421356
  0
VERTEX
  5
1969
  8
Layer_0
  10
550
  20
495.95001
  42
-0.41421356
  0
VERTEX
  5
196a
  8
Layer_0
  10
549.54999
  20
496.40001
  0
VERTEX
  5
196b
  8
Layer_0
  10
549.54999
  20
514.60001
  0
VERTEX
  5
196c
  8
Layer_0
  10
544.45001
  20
514.60001
  0
VERTEX
  5
196d
  8
Layer_0
  10
544.45001
  20
496.40001
  42
-0.41421356
  0
VERTEX
  5
196e
  8
Layer_0
  10
544
  20
495.95001
  42
-0.41421356
  0
VERTEX
  5
196f
  8
Layer_0
  10
543.54999
  20
496.40001
  0
VERTEX
  5
1970
  8
Layer_0
  10
543.54999
  20
514.59999
  0
VERTEX
  5
1971
  8
Layer_0
  10
540.75
  20
514.59999
  0
SEQEND
  0
POLYLINE
  5
1973
  8
Layer_0
  62
7
  70
1
  66
1
  10
0
  20
0
  30
0
  0
VERTEX
  5
1973
  8
Layer_0
  10
540.25
  20
474.03831
  42
0.22409679
  0
VERTEX
  5
1974
  8
Layer_0
  10
540.29193
  20
473.87283
  42
0.2240905
  0
VERTEX
  5
1975
  8
Layer_0
  10
540.44629
  20
473.79999
  0
VERTEX
  5
1976
  8
Layer_0
  10
540.75
  20
473.79999
  0
VERTEX
  5
1977
  8
Layer_0
  10
540.75
  20
470.99998
  0
VERTEX
  5
1978
  8
Layer_0
  10
537.95001
  20
470.99998
  0
VERTEX
  5
1979
  8
Layer_0
  10
537.95001
  20
466.59999
  0
VERTEX
  5
197a
  8
Layer_0
  10
540.75
  20
466.59999
  0
VERTEX
  5
197b
  8
Layer_0
  10
540.75
  20
463.79999
  0
VERTEX
  5
197c
  8
Layer_0
  10
539.25
  20
463.79999
  0
VERTEX
  5
197d
  8
Layer_0
  10
539.25
  20
447.79999
  0
VERTEX
  5
197e
  8
Layer_0
  10
536.45001
  20
447.79999
  0
VERTEX
  5
197f
  8
Layer_0
  10
536.45001
  20
444.99998
  0
VERTEX
  5
1980
  8
Layer_0
  10
539.25
  20
444.99998
  0
VERTEX
  5
1981
  8
Layer_0
  10
539.25
  20
442.2
  0
VERTEX
  5
1982
  8
Layer_0
  10
538.94629
  20
442.2
  42
0.22409412
  0
VERTEX
  5
1983
  8
Layer_0
  10
538.79193
  20
442.12715
  42
0.22409913
  0
VERTEX
  5
1984
  8
Layer_0
  10
538.75
  20
441.96167
  0
VERTEX
  5
1985
  8
Layer_0
  10
539.25
  20
439.39999
  0
VERTEX
  5
1986
  8
Layer_0
  10
542.04999
  20
439.39999
  0
VERTEX
  5
1987
  8
Layer_0
  10
542.04999
  20
453.39999
  42
-0.41421356
  0
VERTEX
  5
1988
  8
Layer_0
  10
542.5
  20
453.84999
  42
-0.41421356
  0
VERTEX
  5
1989
  8
Layer_0
  10
542.95001
  20
453.39999
  0
VERTEX
  5
198a
  8
Layer_0
  10
542.95001
  20
439.39999
  0
VERTEX
  5
198b
  8
Layer_0
  10
551.04999
  20
439.39999
  0
VERTEX
  5
198c
  8
Layer_0
  10
551.04999
  20
453.39999
  42
-0.41421356
  0
VERTEX
  5
198d
  8
Layer_0
  10
551.5
  20
453.84999
  42
-0.41421356
  0
VERTEX
  5
198e
  8
Layer_0
  10
551.95001
  20
453.39999
  0
VERTEX
  5
198f
  8
Layer_0
  10
551.95001
  20
439.39999
  0
VERTEX
  5
1990
  8
Layer_0
  10
554.75
  20
439.39999
  0
VERTEX
  5
1991
  8
Layer_0
  10
555.25
  20
441.96167
  42
0.22409913
  0
VERTEX
  5
1992
  8
Layer_0
  10
555.20807
  20
442.12715
  42
0.22409412
  0
VERTEX
  5
1993
  8
Layer_0
  10
555.05371
  20
442.2
  0
VERTEX
  5
1994
  8
Layer_0
  10
554.75
  20
442.2
  0
VERTEX
  5
1995
  8
Layer_0
  10
554.75
  20
444.99998
  0
VERTEX
  5
1996
  8
Layer_0
  10
557.54999
  20
444.99998
  0
VERTEX
  5
1997
  8
Layer_0
  10
557.54999
  20
447.79999
  0
VERTEX
  5
1998
  8
Layer_0
  10
554.75
  20
447.79999
  0
VERTEX
  5
1999
  8
Layer_0
  10
554.75
  20
463.79999
  0
VERTEX
  5
199a
  8
Layer_0
  10
553.25
  20
463.79999
  0
VERTEX
  5
199b
  8
Layer_0
  10
553.25
  20
466.59999
  0
VERTEX
  5
199c
  8
Layer_0
  10
556.04999
  20
466.59999
  0
VERTEX
  5
199d
  8
Layer_0
  10
556.04999
  20
470.99998
  0
VERTEX
  5
199e
  8
Layer_0
  10
553.25
  20
470.99998
  0
VERTEX
  5
199f
  8
Layer_0
  10
553.25
  20
473.79999
  0
VERTEX
  5
19a0
  8
Layer_0
  10
553.55371
  20
473.79999
  42
0.22409088
  0
VERTEX
  5
19a1
  8
Layer_0
  10
553.70807
  20
473.87283
  42
0.22409684
  0
VERTEX
  5
19a2
  8
Layer_0
  10
553.75
  20
474.03831
  0
VERTEX
  5
19a3
  8
Layer_0
  10
553.25
  20
476.59999
  0
VERTEX
  5
19a4
  8
Layer_0
  10
550.45001
  20
476.59999
  0
VERTEX
  5
19a5
  8
Layer_0
  10
550.45001
  20
458.40001
  42
-0.41421356
  0
VERTEX
  5
19a6
  8
Layer_0
  10
550
  20
457.95001
  42
-0.41421356
  0
VERTEX
  5
19a7
  8
Layer_0
  10
549.54999
  20
458.40001
  0
VERTEX
  5
19a8
  8
Layer_0
  10
549.54999
  20
476.60001
  0
VERTEX
  5
19a9
  8
Layer_0
  10
544.45001
  20
476.60001
  0
VERTEX
  5
19aa
  8
Layer_0
  10
544.45001
  20
458.40001
  42
-0.41421356
  0
VERTEX
  5
19ab
  8
Layer_0
  10
544
  20
457.95001
  42
-0.41421356
  0
VERTEX
  5
19ac
  8
Layer_0
  10
543.54999
  20
458.40001
  0
VERTEX
  5
19ad
  8
Layer_0
  10
543.54999
  20
476.59999
  0
VERTEX
  5
19ae
  8
Layer_0
  10
540.75
  20
476.59999
  0
SEQEND
  0
POLYLINE
  5
19b0
  8
Layer_0
  62
7
  70
1
  66
1
  10
0
  20
0
  30
0
  0
VERTEX
  5
19b0
  8
Layer_0
  10
562.25
  20
474.03831
  42
0.22409679
  0
VERTEX
  5
19b1
  8
Layer_0
  10
562.29193
  20
473.87283
  42
0.2240905
  0
VERTEX
  5
19b2
  8
Layer_0
  10
562.44629
  20
473.79999
  0
VERTEX
  5
19b3
  8
Layer_0
  10
562.75
  20
473.79999
  0
VERTEX
  5
19b4
  8
Layer_0
  10
562.75
  20
470.99998
  0
VERTEX
  5
19b5
  8
Layer_0
  10
559.95001
  20
470.99998
  0
VERTEX
  5
19b6
  8
Layer_0
  10
559.95001
  20
466.59999
  0
VERTEX
  5
19b7
  8
Layer_0
  10
562.75
  20
466.59999
  0
VERTEX
  5
19b8
  8
Layer_0
  10
562.75
  20
463.79999
  0
VERTEX
  5
19b9
  8
Layer_0
  10
561.25
  20
463.79999
  0
VERTEX
  5
19ba
  8
Layer_0
  10
561.25
  20
447.79999
  0
VERTEX
  5
19bb
  8
Layer_0
  10
558.45001
  20
447.79999
  0
VERTEX
  5
19bc
  8
Layer_0
  10
558.45001
  20
444.99998
  0
VERTEX
  5
19bd
  8
Layer_0
  10
561.25
  20
444.99998
  0
VERTEX
  5
19be
  8
Layer_0
  10
561.25
  20
442.2
  0
VERTEX
  5
19bf
  8
Layer_0
  10
560.94629
  20
442.2
  42
0.22409412
  0
VERTEX
  5
19c0
  8
Layer_0
  10
560.79193
  20
442.12715
  42
0.22409913
  0
VERTEX
  5
19c1
  8
Layer_0
  10
560.75
  20
441.96167
  0
VERTEX
  5
19c2
  8
Layer_0
  10
561.25
  20
439.39999
  0
VERTEX
  5
19c3
  8
Layer_0
  10
564.04999
  20
439.39999
  0
VERTEX
  5
19c4
  8
Layer_0
  10
564.04999
  20
453.39999
  42
-0.41421356
  0
VERTEX
  5
19c5
  8
Layer_0
  10
564.5
  20
453.84999
  42
-0.41421356
  0
VERTEX
  5
19c6
  8
Layer_0
  10
564.95001
  20
453.39999
  0
VERTEX
  5
19c7
  8
Layer_0
  10
564.95001
  20
439.39999
  0
VERTEX
  5
19c8
  8
Layer_0
  10
573.04999
  20
439.39999
  0
VERTEX
  5
19c9
  8
Layer_0
  10
573.04999
  20
453.39999
  42
-0.41421356
  0
VERTEX
  5
19ca
  8
Layer_0
  10
573.5
  20
453.84999
  42
-0.41421356
  0
VERTEX
  5
19cb
  8
Layer_0
  10
573.95001
  20
453.39999
  0
VERTEX
  5
19cc
  8
Layer_0
  10
573.95001
  20
439.39999
  0
VERTEX
  5
19cd
  8
Layer_0
  10
576.75
  20
439.39999
  0
VERTEX
  5
19ce
  8
Layer_0
  10
577.25
  20
441.96167
  42
0.22409913
  0
VERTEX
  5
19cf
  8
Layer_0
  10
577.20807
  20
442.12715
  42
0.22409412
  0
VERTEX
  5
19d0
  8
Layer_0
  10
577.05371
  20
442.2
  0
VERTEX
  5
19d1
  8
Layer_0
  10
576.75
  20
442.2
  0
VERTEX
  5
19d2
  8
Layer_0
  10
576.75
  20
444.99998
  0
VERTEX
  5
19d3
  8
Layer_0
  10
579.54999
  20
444.99998
  0
VERTEX
  5
19d4
  8
Layer_0
  10
579.54999
  20
447.79999
  0
VERTEX
  5
19d5
  8
Layer_0
  10
576.75
  20
447.79999
  0
VERTEX
  5
19d6
  8
Layer_0
  10
576.75
  20
463.79999
  0
VERTEX
  5
19d7
  8
Layer_0
  10
575.25
  20
463.79999
  0
VERTEX
  5
19d8
  8
Layer_0
  10
575.25
  20
466.59999
  0
VERTEX
  5
19d9
  8
Layer_0
  10
578.04999
  20
466.59999
  0
VERTEX
  5
19da
  8
Layer_0
  10
578.04999
  20
470.99998
  0
VERTEX
  5
19db
  8
Layer_0
  10
575.25
  20
470.99998
  0
VERTEX
  5
19dc
  8
Layer_0
  10
575.25
  20
473.79999
  0
VERTEX
  5
19dd
  8
Layer_0
  10
575.55371
  20
473.79999
  42
0.22409088
  0
VERTEX
  5
19de
  8
Layer_0
  10
575.70807
  20
473.87283
  42
0.22409684
  0
VERTEX
  5
19df
  8
Layer_0
  10
575.75
  20
474.03831
  0
VERTEX
  5
19e0
  8
Layer_0
  10
575.25
  20
476.59999
  0
VERTEX
  5
19e1
  8
Layer_0
  10
572.45001
  20
476.59999
  0
VERTEX
  5
19e2
  8
Layer_0
  10
572.45001
  20
458.40001
  42
-0.41421356
  0
VERTEX
  5
19e3
  8
Layer_0
  10
572
  20
457.95001
  42
-0.41421356
  0
VERTEX
  5
19e4
  8
Layer_0
  10
571.54999
  20
458.40001
  0
VERTEX
  5
19e5
  8
Layer_0
  10
571.54999
  20
476.60001
  0
VERTEX
  5
19e6
  8
Layer_0
  10
566.45001
  20
476.60001
  0
VERTEX
  5
19e7
  8
Layer_0
  10
566.45001
  20
458.40001
  42
-0.41421356
  0
VERTEX
  5
19e8
  8
Layer_0
  10
566
  20
457.95001
  42
-0.41421356
  0
VERTEX
  5
19e9
  8
Layer_0
  10
565.54999
  20
458.40001
  0
VERTEX
  5
19ea
  8
Layer_0
  10
565.54999
  20
476.59999
  0
VERTEX
  5
19eb
  8
Layer_0
  10
562.75
  20
476.59999
  0
SEQEND
  0
POLYLINE
  5
19ed
  8
Layer_0
  62
7
  70
1
  66
1
  10
0
  20
0
  30
0
  0
VERTEX
  5
19ed
  8
Layer_0
  10
573.0383
  20
434.75
  42
0.22409679
  0
VERTEX
  5
19ee
  8
Layer_0
  10
572.87283
  20
434.70807
  42
0.2240905
  0
VERTEX
  5
19ef
  8
Layer_0
  10
572.79999
  20
434.5537
  0
VERTEX
  5
19f0
  8
Layer_0
  10
572.79999
  20
434.25
  0
VERTEX
  5
19f1
  8
Layer_0
  10
570
  20
434.25
  0
VERTEX
  5
19f2
  8
Layer_0
  10
570
  20
437.04999
  0
VERTEX
  5
19f3
  8
Layer_0
  10
565.59998
  20
437.04999
  0
VERTEX
  5
19f4
  8
Layer_0
  10
565.59998
  20
434.25
  0
VERTEX
  5
19f5
  8
Layer_0
  10
562.79999
  20
434.25
  0
VERTEX
  5
19f6
  8
Layer_0
  10
562.79999
  20
435.75
  0
VERTEX
  5
19f7
  8
Layer_0
  10
546.79999
  20
435.75
  0
VERTEX
  5
19f8
  8
Layer_0
  10
546.79999
  20
438.54999
  0
VERTEX
  5
19f9
  8
Layer_0
  10
544
  20
438.54999
  0
VERTEX
  5
19fa
  8
Layer_0
  10
544
  20
435.75
  0
VERTEX
  5
19fb
  8
Layer_0
  10
541.19998
  20
435.75
  0
VERTEX
  5
19fc
  8
Layer_0
  10
541.19998
  20
436.0537
  42
0.22409412
  0
VERTEX
  5
19fd
  8
Layer_0
  10
541.12714
  20
436.20807
  42
0.22409913
  0
VERTEX
  5
19fe
  8
Layer_0
  10
540.96167
  20
436.25
  0
VERTEX
  5
19ff
  8
Layer_0
  10
538.39999
  20
435.75
  0
VERTEX
  5
1a00
  8
Layer_0
  10
538.39999
  20
432.95
  0
VERTEX
  5
1a01
  8
Layer_0
  10
552.39999
  20
432.95
  42
-0.41421356
  0
VERTEX
  5
1a02
  8
Layer_0
  10
552.84998
  20
432.5
  42
-0.41421356
  0
VERTEX
  5
1a03
  8
Layer_0
  10
552.39999
  20
432.04999
  0
VERTEX
  5
1a04
  8
Layer_0
  10
538.39999
  20
432.04999
  0
VERTEX
  5
1a05
  8
Layer_0
  10
538.39999
  20
423.95
  0
VERTEX
  5
1a06
  8
Layer_0
  10
552.39999
  20
423.95
  42
-0.41421356
  0
VERTEX
  5
1a07
  8
Layer_0
  10
552.84998
  20
423.5
  42
-0.41421356
  0
VERTEX
  5
1a08
  8
Layer_0
  10
552.39999
  20
423.04999
  0
VERTEX
  5
1a09
  8
Layer_0
  10
538.39999
  20
423.04999
  0
VERTEX
  5
1a0a
  8
Layer_0
  10
538.39999
  20
420.25
  0
VERTEX
  5
1a0b
  8
Layer_0
  10
540.96167
  20
419.75
  42
0.22409913
  0
VERTEX
  5
1a0c
  8
Layer_0
  10
541.12714
  20
419.79192
  42
0.22409412
  0
VERTEX
  5
1a0d
  8
Layer_0
  10
541.19998
  20
419.94629
  0
VERTEX
  5
1a0e
  8
Layer_0
  10
541.19998
  20
420.25
  0
VERTEX
  5
1a0f
  8
Layer_0
  10
544
  20
420.25
  0
VERTEX
  5
1a10
  8
Layer_0
  10
544
  20
417.45
  0
VERTEX
  5
1a11
  8
Layer_0
  10
546.79999
  20
417.45
  0
VERTEX
  5
1a12
  8
Layer_0
  10
546.79999
  20
420.25
  0
VERTEX
  5
1a13
  8
Layer_0
  10
562.79999
  20
420.25
  0
VERTEX
  5
1a14
  8
Layer_0
  10
562.79999
  20
421.75
  0
VERTEX
  5
1a15
  8
Layer_0
  10
565.59998
  20
421.75
  0
VERTEX
  5
1a16
  8
Layer_0
  10
565.59998
  20
418.95
  0
VERTEX
  5
1a17
  8
Layer_0
  10
570
  20
418.95
  0
VERTEX
  5
1a18
  8
Layer_0
  10
570
  20
421.75
  0
VERTEX
  5
1a19
  8
Layer_0
  10
572.79999
  20
421.75
  0
VERTEX
  5
1a1a
  8
Layer_0
  10
572.79999
  20
421.44629
  42
0.22409088
  0
VERTEX
  5
1a1b
  8
Layer_0
  10
572.87283
  20
421.29192
  42
0.22409684
  0
VERTEX
  5
1a1c
  8
Layer_0
  10
573.0383
  20
421.25
  0
VERTEX
  5
1a1d
  8
Layer_0
  10
575.59998
  20
421.75
  0
VERTEX
  5
1a1e
  8
Layer_0
  10
575.59998
  20
424.54999
  0
VERTEX
  5
1a1f
  8
Layer_0
  10
557.39999
  20
424.54999
  42
-0.41421356
  0
VERTEX
  5
1a20
  8
Layer_0
  10
556.95001
  20
425
  42
-0.41421356
  0
VERTEX
  5
1a21
  8
Layer_0
  10
557.39999
  20
425.45
  0
VERTEX
  5
1a22
  8
Layer_0
  10
575.60001
  20
425.45
  0
VERTEX
  5
1a23
  8
Layer_0
  10
575.60001
  20
430.54999
  0
VERTEX
  5
1a24
  8
Layer_0
  10
557.39999
  20
430.54999
  42
-0.41421356
  0
VERTEX
  5
1a25
  8
Layer_0
  10
556.95001
  20
431
  42
-0.41421356
  0
VERTEX
  5
1a26
  8
Layer_0
  10
557.39999
  20
431.45
  0
VERTEX
  5
1a27
  8
Layer_0
  10
575.59998
  20
431.45
  0
VERTEX
  5
1a28
  8
Layer_0
  10
575.59998
  20
434.25
  0
SEQEND
  0
POLYLINE
  5
1a2a
  8
Layer_0
  62
7
  66
1
  10
0
  20
0
  30
0
  0
VERTEX
  5
1a2a
  8
Layer_0
  10
578.04999
  20
507
  0
VERTEX
  5
1a2b
  8
Layer_0
  10
578.04999
  20
504.59999
  0
VERTEX
  5
1a2c
  8
Layer_0
  10
575.25
  20
504.59999
  0
VERTEX
  5
1a2d
  8
Layer_0
  10
575.25
  20
501.79999
  0
VERTEX
  5
1a2e
  8
Layer_0
  10
576.75
  20
501.79999
  0
VERTEX
  5
1a2f
  8
Layer_0
  10
576.75
  20
485.79999
  0
VERTEX
  5
1a30
  8
Layer_0
  10
579.54999
  20
485.79999
  0
VERTEX
  5
1a31
  8
Layer_0
  10
579.54999
  20
482.99999
  0
VERTEX
  5
1a32
  8
Layer_0
  10
576.75
  20
482.99999
  0
VERTEX
  5
1a33
  8
Layer_0
  10
576.75
  20
480.19999
  0
VERTEX
  5
1a34
  8
Layer_0
  10
577.05371
  20
480.19999
  42
-0.22419003
  0
VERTEX
  5
1a35
  8
Layer_0
  10
577.20807
  20
480.12714
  42
-0.22409494
  0
VERTEX
  5
1a36
  8
Layer_0
  10
577.25
  20
479.96168
  0
VERTEX
  5
1a37
  8
Layer_0
  10
576.75
  20
477.39999
  0
VERTEX
  5
1a38
  8
Layer_0
  10
573.95001
  20
477.39999
  0
VERTEX
  5
1a39
  8
Layer_0
  10
573.95001
  20
491.39999
  42
0.41421356
  0
VERTEX
  5
1a3a
  8
Layer_0
  10
573.5
  20
491.84999
  42
0.41421356
  0
VERTEX
  5
1a3b
  8
Layer_0
  10
573.04999
  20
491.39999
  0
VERTEX
  5
1a3c
  8
Layer_0
  10
573.04999
  20
477.39999
  0
VERTEX
  5
1a3d
  8
Layer_0
  10
564.95001
  20
477.39999
  0
VERTEX
  5
1a3e
  8
Layer_0
  10
564.95001
  20
491.39999
  42
0.41421356
  0
VERTEX
  5
1a3f
  8
Layer_0
  10
564.5
  20
491.84999
  42
0.41421356
  0
VERTEX
  5
1a40
  8
Layer_0
  10
564.04999
  20
491.39999
  0
VERTEX
  5
1a41
  8
Layer_0
  10
564.04999
  20
477.39999
  0
VERTEX
  5
1a42
  8
Layer_0
  10
561.25
  20
477.39999
  0
VERTEX
  5
1a43
  8
Layer_0
  10
560.75
  20
479.96168
  42
-0.22409494
  0
VERTEX
  5
1a44
  8
Layer_0
  10
560.79193
  20
480.12714
  42
-0.22408651
  0
VERTEX
  5
1a45
  8
Layer_0
  10
560.94629
  20
480.19999
  0
VERTEX
  5
1a46
  8
Layer_0
  10
561.25
  20
480.19999
  0
VERTEX
  5
1a47
  8
Layer_0
  10
561.25
  20
482.99999
  0
VERTEX
  5
1a48
  8
Layer_0
  10
558.45001
  20
482.99999
  0
VERTEX
  5
1a49
  8
Layer_0
  10
558.45001
  20
485.79999
  0
VERTEX
  5
1a4a
  8
Layer_0
  10
561.25
  20
485.79999
  0
VERTEX
  5
1a4b
  8
Layer_0
  10
561.25
  20
501.79999
  0
VERTEX
  5
1a4c
  8
Layer_0
  10
562.75
  20
501.79999
  0
VERTEX
  5
1a4d
  8
Layer_0
  10
562.75
  20
504.59999
  0
VERTEX
  5
1a4e
  8
Layer_0
  10
559.95001
  20
504.59999
  0
VERTEX
  5
1a4f
  8
Layer_0
  10
559.95001
  20
508.99999
  0
VERTEX
  5
1a50
  8
Layer_0
  10
562.75
  20
508.99999
  0
VERTEX
  5
1a51
  8
Layer_0
  10
562.75
  20
511.79999
  0
VERTEX
  5
1a52
  8
Layer_0
  10
562.44629
  20
511.79999
  42
-0.22406519
  0
VERTEX
  5
1a53
  8
Layer_0
  10
562.29193
  20
511.87283
  42
-0.22406721
  0
VERTEX
  5
1a54
  8
Layer_0
  10
562.25
  20
512.03831
  0
VERTEX
  5
1a55
  8
Layer_0
  10
562.75
  20
514.59999
  0
VERTEX
  5
1a56
  8
Layer_0
  10
565.54999
  20
514.59999
  0
VERTEX
  5
1a57
  8
Layer_0
  10
565.54999
  20
496.40001
  42
0.41421356
  0
VERTEX
  5
1a58
  8
Layer_0
  10
566
  20
495.95001
  42
0.41421356
  0
VERTEX
  5
1a59
  8
Layer_0
  10
566.45001
  20
496.40001
  0
VERTEX
  5
1a5a
  8
Layer_0
  10
566.45001
  20
514.60001
  0
VERTEX
  5
1a5b
  8
Layer_0
  10
571.54999
  20
514.60001
  0
VERTEX
  5
1a5c
  8
Layer_0
  10
571.54999
  20
496.40001
  42
0.41421356
  0
VERTEX
  5
1a5d
  8
Layer_0
  10
572
  20
495.95001
  42
0.41421356
  0
VERTEX
  5
1a5e
  8
Layer_0
  10
572.45001
  20
496.40001
  0
VERTEX
  5
1a5f
  8
Layer_0
  10
572.45001
  20
514.59999
  0
VERTEX
  5
1a60
  8
Layer_0
  10
575.25
  20
514.59999
  0
VERTEX
  5
1a61
  8
Layer_0
  10
575.75
  20
512.03831
  42
-0.22406721
  0
VERTEX
  5
1a62
  8
Layer_0
  10
575.70807
  20
511.87283
  42
-0.22416872
  0
VERTEX
  5
1a63
  8
Layer_0
  10
575.55371
  20
511.79999
  0
VERTEX
  5
1a64
  8
Layer_0
  10
575.25
  20
511.79999
  0
VERTEX
  5
1a65
  8
Layer_0
  10
575.25
  20
508.99999
  0
VERTEX
  5
1a66
  8
Layer_0
  10
578.04999
  20
508.99999
  0
VERTEX
  5
1a67
  8
Layer_0
  10
578.04999
  20
507.16614
  0
SEQEND
  0
POLYLINE
  5
1a69
  8
Layer_0
  62
7
  66
1
  10
0
  20
0
  30
0
  0
VERTEX
  5
1a69
  8
Layer_0
  10
578.04999
  20
507
  0
VERTEX
  5
1a6a
  8
Layer_0
  10
578.04999
  20
507.16614
  0
SEQEND
  0
ENDSEC
  0
EOF
