  0
SECTION
  2
HEADER
  9
$ACADVER
  1
AC1009
  0
ENDSEC
  0
SECTION
  2
TABLES
  0
TABLE
  2
LAYER
  70
2
  0
LAYER
  2
Layer_18
  70
0
  62
13
  6
CONTINUOUS
  0
LAYER
  2
Layer_27
  70
0
  62
138
  6
CONTINUOUS
  0
ENDTAB
  0
ENDSEC
  0
SECTION
  2
ENTITIES
  0
POLYLINE
  5
90
  8
Layer_27
  62
138
  70
1
  66
1
  10
0
  20
0
  30
0
  0
VERTEX
  5
90
  8
Layer_27
  10
636.95139
  20
342.1125
  0
VERTEX
  5
91
  8
Layer_27
  10
636.65253
  20
342.09221
  0
VERTEX
  5
92
  8
Layer_27
  10
636.36005
  20
342.04618
  0
VERTEX
  5
93
  8
Layer_27
  10
636.07556
  20
341.97449
  0
VERTEX
  5
94
  8
Layer_27
  10
635.8007
  20
341.87722
  0
VERTEX
  5
95
  8
Layer_27
  10
635.5371
  20
341.75443
  0
VERTEX
  5
96
  8
Layer_27
  10
635.28638
  20
341.60621
  0
VERTEX
  5
97
  8
Layer_27
  10
635.05016
  20
341.43264
  0
VERTEX
  5
98
  8
Layer_27
  10
634.83009
  20
341.2338
  0
VERTEX
  5
99
  8
Layer_27
  10
634.63124
  20
341.01372
  0
VERTEX
  5
9a
  8
Layer_27
  10
634.45768
  20
340.77751
  0
VERTEX
  5
9b
  8
Layer_27
  10
634.30948
  20
340.52678
  0
VERTEX
  5
9c
  8
Layer_27
  10
634.1867
  20
340.26318
  0
VERTEX
  5
9d
  8
Layer_27
  10
634.08943
  20
339.98832
  0
VERTEX
  5
9e
  8
Layer_27
  10
634.01774
  20
339.70383
  0
VERTEX
  5
9f
  8
Layer_27
  10
633.9717
  20
339.41135
  0
VERTEX
  5
a0
  8
Layer_27
  10
633.95139
  20
339.1125
  0
VERTEX
  5
a1
  8
Layer_27
  10
633.95139
  20
246.11249
  0
VERTEX
  5
a2
  8
Layer_27
  10
633.9717
  20
245.81364
  0
VERTEX
  5
a3
  8
Layer_27
  10
634.01774
  20
245.52115
  0
VERTEX
  5
a4
  8
Layer_27
  10
634.08943
  20
245.23666
  0
VERTEX
  5
a5
  8
Layer_27
  10
634.1867
  20
244.9618
  0
VERTEX
  5
a6
  8
Layer_27
  10
634.30948
  20
244.6982
  0
VERTEX
  5
a7
  8
Layer_27
  10
634.45768
  20
244.44748
  0
VERTEX
  5
a8
  8
Layer_27
  10
634.63124
  20
244.21127
  0
VERTEX
  5
a9
  8
Layer_27
  10
634.83009
  20
243.99119
  0
VERTEX
  5
aa
  8
Layer_27
  10
635.05016
  20
243.79234
  0
VERTEX
  5
ab
  8
Layer_27
  10
635.28638
  20
243.61877
  0
VERTEX
  5
ac
  8
Layer_27
  10
635.5371
  20
243.47055
  0
VERTEX
  5
ad
  8
Layer_27
  10
635.8007
  20
243.34777
  0
VERTEX
  5
ae
  8
Layer_27
  10
636.07556
  20
243.25049
  0
VERTEX
  5
af
  8
Layer_27
  10
636.36005
  20
243.1788
  0
VERTEX
  5
b0
  8
Layer_27
  10
636.65253
  20
243.13278
  0
VERTEX
  5
b1
  8
Layer_27
  10
636.95139
  20
243.11249
  0
VERTEX
  5
b2
  8
Layer_27
  10
804.95139
  20
243.11249
  0
VERTEX
  5
b3
  8
Layer_27
  10
805.25027
  20
243.13278
  0
VERTEX
  5
b4
  8
Layer_27
  10
805.54278
  20
243.1788
  0
VERTEX
  5
b5
  8
Layer_27
  10
805.82727
  20
243.25049
  0
VERTEX
  5
b6
  8
Layer_27
  10
806.10213
  20
243.34777
  0
VERTEX
  5
b7
  8
Layer_27
  10
806.36573
  20
243.47055
  0
VERTEX
  5
b8
  8
Layer_27
  10
806.61646
  20
243.61877
  0
VERTEX
  5
b9
  8
Layer_27
  10
806.85268
  20
243.79234
  0
VERTEX
  5
ba
  8
Layer_27
  10
807.07278
  20
243.99119
  0
VERTEX
  5
bb
  8
Layer_27
  10
807.2716
  20
244.21127
  0
VERTEX
  5
bc
  8
Layer_27
  10
807.44515
  20
244.44748
  0
VERTEX
  5
bd
  8
Layer_27
  10
807.59335
  20
244.6982
  0
VERTEX
  5
be
  8
Layer_27
  10
807.71613
  20
244.9618
  0
VERTEX
  5
bf
  8
Layer_27
  10
807.8134
  20
245.23666
  0
VERTEX
  5
c0
  8
Layer_27
  10
807.88508
  20
245.52115
  0
VERTEX
  5
c1
  8
Layer_27
  10
807.9311
  20
245.81364
  0
VERTEX
  5
c2
  8
Layer_27
  10
807.95139
  20
246.11249
  0
VERTEX
  5
c3
  8
Layer_27
  10
807.95139
  20
339.11249
  0
VERTEX
  5
c4
  8
Layer_27
  10
807.97167
  20
339.41135
  0
VERTEX
  5
c5
  8
Layer_27
  10
808.0177
  20
339.70383
  0
VERTEX
  5
c6
  8
Layer_27
  10
808.08939
  20
339.98832
  0
VERTEX
  5
c7
  8
Layer_27
  10
808.18666
  20
340.26318
  0
VERTEX
  5
c8
  8
Layer_27
  10
808.30945
  20
340.52678
  0
VERTEX
  5
c9
  8
Layer_27
  10
808.45767
  20
340.77751
  0
VERTEX
  5
ca
  8
Layer_27
  10
808.63124
  20
341.01372
  0
VERTEX
  5
cb
  8
Layer_27
  10
808.83009
  20
341.2338
  0
VERTEX
  5
cc
  8
Layer_27
  10
809.05017
  20
341.43264
  0
VERTEX
  5
cd
  8
Layer_27
  10
809.28638
  20
341.60621
  0
VERTEX
  5
ce
  8
Layer_27
  10
809.5371
  20
341.75443
  0
VERTEX
  5
cf
  8
Layer_27
  10
809.8007
  20
341.87722
  0
VERTEX
  5
d0
  8
Layer_27
  10
810.07556
  20
341.97449
  0
VERTEX
  5
d1
  8
Layer_27
  10
810.36004
  20
342.04618
  0
VERTEX
  5
d2
  8
Layer_27
  10
810.65253
  20
342.09221
  0
VERTEX
  5
d3
  8
Layer_27
  10
810.95139
  20
342.1125
  0
VERTEX
  5
d4
  8
Layer_27
  10
853.02489
  20
342.11249
  0
VERTEX
  5
d5
  8
Layer_27
  10
853.32374
  20
342.09221
  0
VERTEX
  5
d6
  8
Layer_27
  10
853.61623
  20
342.04618
  0
VERTEX
  5
d7
  8
Layer_27
  10
853.90072
  20
341.97449
  0
VERTEX
  5
d8
  8
Layer_27
  10
854.17558
  20
341.87722
  0
VERTEX
  5
d9
  8
Layer_27
  10
854.43918
  20
341.75443
  0
VERTEX
  5
da
  8
Layer_27
  10
854.68991
  20
341.60621
  0
VERTEX
  5
db
  8
Layer_27
  10
854.92612
  20
341.43264
  0
VERTEX
  5
dc
  8
Layer_27
  10
855.14619
  20
341.2338
  0
VERTEX
  5
dd
  8
Layer_27
  10
855.34504
  20
341.01372
  0
VERTEX
  5
de
  8
Layer_27
  10
855.51861
  20
340.77751
  0
VERTEX
  5
df
  8
Layer_27
  10
855.66683
  20
340.52678
  0
VERTEX
  5
e0
  8
Layer_27
  10
855.78961
  20
340.26318
  0
VERTEX
  5
e1
  8
Layer_27
  10
855.88689
  20
339.98832
  0
VERTEX
  5
e2
  8
Layer_27
  10
855.95858
  20
339.70383
  0
VERTEX
  5
e3
  8
Layer_27
  10
856.0046
  20
339.41135
  0
VERTEX
  5
e4
  8
Layer_27
  10
856.02489
  20
339.1125
  0
VERTEX
  5
e5
  8
Layer_27
  10
856.02489
  20
246.11249
  0
VERTEX
  5
e6
  8
Layer_27
  10
856.0046
  20
245.81364
  0
VERTEX
  5
e7
  8
Layer_27
  10
855.95858
  20
245.52115
  0
VERTEX
  5
e8
  8
Layer_27
  10
855.88689
  20
245.23666
  0
VERTEX
  5
e9
  8
Layer_27
  10
855.78961
  20
244.9618
  0
VERTEX
  5
ea
  8
Layer_27
  10
855.66683
  20
244.6982
  0
VERTEX
  5
eb
  8
Layer_27
  10
855.51861
  20
244.44748
  0
VERTEX
  5
ec
  8
Layer_27
  10
855.34504
  20
244.21127
  0
VERTEX
  5
ed
  8
Layer_27
  10
855.14619
  20
243.99119
  0
VERTEX
  5
ee
  8
Layer_27
  10
854.92612
  20
243.79234
  0
VERTEX
  5
ef
  8
Layer_27
  10
854.68991
  20
243.61877
  0
VERTEX
  5
f0
  8
Layer_27
  10
854.43918
  20
243.47055
  0
VERTEX
  5
f1
  8
Layer_27
  10
854.17558
  20
243.34777
  0
VERTEX
  5
f2
  8
Layer_27
  10
853.90072
  20
243.25049
  0
VERTEX
  5
f3
  8
Layer_27
  10
853.61623
  20
243.1788
  0
VERTEX
  5
f4
  8
Layer_27
  10
853.32374
  20
243.13278
  0
VERTEX
  5
f5
  8
Layer_27
  10
853.02489
  20
243.11249
  0
VERTEX
  5
f6
  8
Layer_27
  10
810.95139
  20
243.11249
  0
VERTEX
  5
f7
  8
Layer_27
  10
810.65253
  20
243.13278
  0
VERTEX
  5
f8
  8
Layer_27
  10
810.36004
  20
243.1788
  0
VERTEX
  5
f9
  8
Layer_27
  10
810.07556
  20
243.25049
  0
VERTEX
  5
fa
  8
Layer_27
  10
809.8007
  20
243.34777
  0
VERTEX
  5
fb
  8
Layer_27
  10
809.5371
  20
243.47055
  0
VERTEX
  5
fc
  8
Layer_27
  10
809.28638
  20
243.61877
  0
VERTEX
  5
fd
  8
Layer_27
  10
809.05017
  20
243.79234
  0
VERTEX
  5
fe
  8
Layer_27
  10
808.83009
  20
243.99119
  0
VERTEX
  5
ff
  8
Layer_27
  10
808.63124
  20
244.21127
  0
VERTEX
  5
100
  8
Layer_27
  10
808.45767
  20
244.44748
  0
VERTEX
  5
101
  8
Layer_27
  10
808.30945
  20
244.6982
  0
VERTEX
  5
102
  8
Layer_27
  10
808.18666
  20
244.9618
  0
VERTEX
  5
103
  8
Layer_27
  10
808.08939
  20
245.23666
  0
VERTEX
  5
104
  8
Layer_27
  10
808.0177
  20
245.52115
  0
VERTEX
  5
105
  8
Layer_27
  10
807.97167
  20
245.81364
  0
VERTEX
  5
106
  8
Layer_27
  10
807.95139
  20
246.11249
  0
VERTEX
  5
107
  8
Layer_27
  10
807.95139
  20
339.11249
  0
VERTEX
  5
108
  8
Layer_27
  10
807.9311
  20
339.41135
  0
VERTEX
  5
109
  8
Layer_27
  10
807.88508
  20
339.70383
  0
VERTEX
  5
10a
  8
Layer_27
  10
807.8134
  20
339.98832
  0
VERTEX
  5
10b
  8
Layer_27
  10
807.71613
  20
340.26318
  0
VERTEX
  5
10c
  8
Layer_27
  10
807.59335
  20
340.52678
  0
VERTEX
  5
10d
  8
Layer_27
  10
807.44515
  20
340.77751
  0
VERTEX
  5
10e
  8
Layer_27
  10
807.2716
  20
341.01372
  0
VERTEX
  5
10f
  8
Layer_27
  10
807.07278
  20
341.2338
  0
VERTEX
  5
110
  8
Layer_27
  10
806.85268
  20
341.43264
  0
VERTEX
  5
111
  8
Layer_27
  10
806.61646
  20
341.60621
  0
VERTEX
  5
112
  8
Layer_27
  10
806.36573
  20
341.75443
  0
VERTEX
  5
113
  8
Layer_27
  10
806.10213
  20
341.87722
  0
VERTEX
  5
114
  8
Layer_27
  10
805.82727
  20
341.97449
  0
VERTEX
  5
115
  8
Layer_27
  10
805.54278
  20
342.04618
  0
VERTEX
  5
116
  8
Layer_27
  10
805.25027
  20
342.09221
  0
VERTEX
  5
117
  8
Layer_27
  10
804.95139
  20
342.1125
  0
VERTEX
  5
118
  8
Layer_27
  10
636.95139
  20
342.11249
  0
SEQEND
  0
POLYLINE
  5
11a
  8
Layer_27
  62
138
  66
1
  10
0
  20
0
  30
0
  0
VERTEX
  5
11a
  8
Layer_27
  10
833.3884
  20
264.1579
  0
VERTEX
  5
11b
  8
Layer_27
  10
825.98839
  20
264.1579
  0
VERTEX
  5
11c
  8
Layer_27
  10
825.98839
  20
262.6579
  0
VERTEX
  5
11d
  8
Layer_27
  10
821.18839
  20
262.6579
  0
VERTEX
  5
11e
  8
Layer_27
  10
821.18839
  20
265.2579
  0
VERTEX
  5
11f
  8
Layer_27
  10
818.58839
  20
265.2579
  0
VERTEX
  5
120
  8
Layer_27
  10
818.58839
  20
262.6579
  0
VERTEX
  5
121
  8
Layer_27
  10
815.98839
  20
262.6579
  0
VERTEX
  5
122
  8
Layer_27
  10
815.98839
  20
262.96219
  42
0.078721063
  0
VERTEX
  5
123
  8
Layer_27
  10
815.97859
  20
263.02399
  42
0.079050371
  0
VERTEX
  5
124
  8
Layer_27
  10
815.9502
  20
263.0798
  42
0.077698695
  0
VERTEX
  5
125
  8
Layer_27
  10
815.90588
  20
263.12408
  42
0.07821646
  0
VERTEX
  5
126
  8
Layer_27
  10
815.85019
  20
263.1525
  42
0.07755559
  0
VERTEX
  5
127
  8
Layer_27
  10
815.78839
  20
263.16229
  42
0.052173817
  0
VERTEX
  5
128
  8
Layer_27
  10
815.74689
  20
263.1579
  0
VERTEX
  5
129
  8
Layer_27
  10
813.3884
  20
262.6579
  0
VERTEX
  5
12a
  8
Layer_27
  10
813.3884
  20
260.05789
  0
VERTEX
  5
12b
  8
Layer_27
  10
823.78839
  20
260.05789
  42
-0.078766376
  0
VERTEX
  5
12c
  8
Layer_27
  10
823.92738
  20
260.03589
  42
-0.078713457
  0
VERTEX
  5
12d
  8
Layer_27
  10
824.05289
  20
259.97198
  42
-0.078922734
  0
VERTEX
  5
12e
  8
Layer_27
  10
824.15239
  20
259.87241
  42
-0.07907752
  0
VERTEX
  5
12f
  8
Layer_27
  10
824.21638
  20
259.74698
  42
-0.078606893
  0
VERTEX
  5
130
  8
Layer_27
  10
824.23839
  20
259.60788
  42
-0.07876999
  0
VERTEX
  5
131
  8
Layer_27
  10
824.21638
  20
259.4689
  42
-0.079239979
  0
VERTEX
  5
132
  8
Layer_27
  10
824.15239
  20
259.34338
  42
-0.078922734
  0
VERTEX
  5
133
  8
Layer_27
  10
824.05289
  20
259.2439
  42
-0.079147775
  0
VERTEX
  5
134
  8
Layer_27
  10
823.92738
  20
259.1799
  42
-0.078766376
  0
VERTEX
  5
135
  8
Layer_27
  10
823.78839
  20
259.1579
  0
VERTEX
  5
136
  8
Layer_27
  10
813.3884
  20
259.1579
  0
VERTEX
  5
137
  8
Layer_27
  10
813.3884
  20
253.6579
  0
VERTEX
  5
138
  8
Layer_27
  10
823.78839
  20
253.6579
  42
-0.078771209
  0
VERTEX
  5
139
  8
Layer_27
  10
823.92738
  20
253.63589
  42
-0.078212305
  0
VERTEX
  5
13a
  8
Layer_27
  10
824.05289
  20
253.57199
  42
-0.078922734
  0
VERTEX
  5
13b
  8
Layer_27
  10
824.15239
  20
253.47238
  42
-0.079080501
  0
VERTEX
  5
13c
  8
Layer_27
  10
824.21638
  20
253.34698
  42
-0.078444449
  0
VERTEX
  5
13d
  8
Layer_27
  10
824.23839
  20
253.20789
  42
-0.078606893
  0
VERTEX
  5
13e
  8
Layer_27
  10
824.21638
  20
253.06879
  42
-0.078915824
  0
VERTEX
  5
13f
  8
Layer_27
  10
824.15239
  20
252.94339
  42
-0.078492524
  0
VERTEX
  5
140
  8
Layer_27
  10
824.05289
  20
252.84378
  42
-0.07871828
  0
VERTEX
  5
141
  8
Layer_27
  10
823.92738
  20
252.77991
  42
-0.078771209
  0
VERTEX
  5
142
  8
Layer_27
  10
823.78839
  20
252.7579
  0
VERTEX
  5
143
  8
Layer_27
  10
813.3884
  20
252.7579
  0
VERTEX
  5
144
  8
Layer_27
  10
813.3884
  20
250.1579
  0
VERTEX
  5
145
  8
Layer_27
  10
815.74689
  20
249.6579
  42
0.077820276
  0
VERTEX
  5
146
  8
Layer_27
  10
815.80939
  20
249.65469
  42
0.079180299
  0
VERTEX
  5
147
  8
Layer_27
  10
815.8698
  20
249.6709
  42
0.07863175
  0
VERTEX
  5
148
  8
Layer_27
  10
815.92229
  20
249.70499
  42
0.078998744
  0
VERTEX
  5
149
  8
Layer_27
  10
815.96159
  20
249.75369
  42
0.080433501
  0
VERTEX
  5
14a
  8
Layer_27
  10
815.98399
  20
249.8121
  42
0.052554603
  0
VERTEX
  5
14b
  8
Layer_27
  10
815.98839
  20
249.85358
  0
VERTEX
  5
14c
  8
Layer_27
  10
815.98839
  20
250.1579
  0
VERTEX
  5
14d
  8
Layer_27
  10
818.58839
  20
250.1579
  0
VERTEX
  5
14e
  8
Layer_27
  10
818.58839
  20
247.55789
  0
VERTEX
  5
14f
  8
Layer_27
  10
821.18839
  20
247.55789
  0
VERTEX
  5
150
  8
Layer_27
  10
821.18839
  20
250.1579
  0
VERTEX
  5
151
  8
Layer_27
  10
825.98839
  20
250.1579
  0
VERTEX
  5
152
  8
Layer_27
  10
825.98839
  20
248.6579
  0
VERTEX
  5
153
  8
Layer_27
  10
841.98839
  20
248.6579
  0
VERTEX
  5
154
  8
Layer_27
  10
841.98839
  20
246.05789
  0
VERTEX
  5
155
  8
Layer_27
  10
844.58839
  20
246.05789
  0
VERTEX
  5
156
  8
Layer_27
  10
844.58839
  20
248.6579
  0
VERTEX
  5
157
  8
Layer_27
  10
847.18839
  20
248.6579
  0
VERTEX
  5
158
  8
Layer_27
  10
847.18839
  20
248.35358
  42
0.078722826
  0
VERTEX
  5
159
  8
Layer_27
  10
847.1982
  20
248.29178
  42
0.079203063
  0
VERTEX
  5
15a
  8
Layer_27
  10
847.22659
  20
248.23599
  42
0.078811287
  0
VERTEX
  5
15b
  8
Layer_27
  10
847.27078
  20
248.1918
  42
0.080159281
  0
VERTEX
  5
15c
  8
Layer_27
  10
847.32658
  20
248.16339
  42
0.078706962
  0
VERTEX
  5
15d
  8
Layer_27
  10
847.3884
  20
248.15359
  42
0.052190517
  0
VERTEX
  5
15e
  8
Layer_27
  10
847.42989
  20
248.1579
  0
VERTEX
  5
15f
  8
Layer_27
  10
849.78839
  20
248.6579
  0
VERTEX
  5
160
  8
Layer_27
  10
849.78839
  20
251.2579
  0
VERTEX
  5
161
  8
Layer_27
  10
839.3884
  20
251.2579
  42
-0.078570522
  0
VERTEX
  5
162
  8
Layer_27
  10
839.24928
  20
251.27991
  42
-0.079123471
  0
VERTEX
  5
163
  8
Layer_27
  10
839.12389
  20
251.3439
  42
-0.078922734
  0
VERTEX
  5
164
  8
Layer_27
  10
839.02429
  20
251.44339
  42
-0.078849584
  0
VERTEX
  5
165
  8
Layer_27
  10
838.96039
  20
251.56888
  42
-0.07876999
  0
VERTEX
  5
166
  8
Layer_27
  10
838.93839
  20
251.70789
  42
-0.078608458
  0
VERTEX
  5
167
  8
Layer_27
  10
838.96039
  20
251.84698
  42
-0.078687135
  0
VERTEX
  5
168
  8
Layer_27
  10
839.02429
  20
251.97238
  42
-0.078922734
  0
VERTEX
  5
169
  8
Layer_27
  10
839.12389
  20
252.07199
  42
-0.078693248
  0
VERTEX
  5
16a
  8
Layer_27
  10
839.24928
  20
252.13589
  42
-0.078570522
  0
VERTEX
  5
16b
  8
Layer_27
  10
839.3884
  20
252.1579
  0
VERTEX
  5
16c
  8
Layer_27
  10
849.78839
  20
252.1579
  0
VERTEX
  5
16d
  8
Layer_27
  10
849.78839
  20
260.6579
  0
VERTEX
  5
16e
  8
Layer_27
  10
839.3884
  20
260.6579
  42
-0.0785657
  0
VERTEX
  5
16f
  8
Layer_27
  10
839.24928
  20
260.6799
  42
-0.078688424
  0
VERTEX
  5
170
  8
Layer_27
  10
839.12389
  20
260.7438
  42
-0.078488432
  0
VERTEX
  5
171
  8
Layer_27
  10
839.02429
  20
260.84338
  42
-0.078521062
  0
VERTEX
  5
172
  8
Layer_27
  10
838.96039
  20
260.96878
  42
-0.078606893
  0
VERTEX
  5
173
  8
Layer_27
  10
838.93839
  20
261.10788
  42
-0.078444449
  0
VERTEX
  5
174
  8
Layer_27
  10
838.96039
  20
261.24698
  42
-0.078684157
  0
VERTEX
  5
175
  8
Layer_27
  10
839.02429
  20
261.37241
  42
-0.078922734
  0
VERTEX
  5
176
  8
Layer_27
  10
839.12389
  20
261.47198
  42
-0.078187136
  0
VERTEX
  5
177
  8
Layer_27
  10
839.24928
  20
261.53589
  42
-0.0785657
  0
VERTEX
  5
178
  8
Layer_27
  10
839.3884
  20
261.55789
  0
VERTEX
  5
179
  8
Layer_27
  10
849.78839
  20
261.55789
  0
VERTEX
  5
17a
  8
Layer_27
  10
849.78839
  20
264.1579
  0
VERTEX
  5
17b
  8
Layer_27
  10
847.42989
  20
264.6579
  42
0.080159454
  0
VERTEX
  5
17c
  8
Layer_27
  10
847.36739
  20
264.6611
  42
0.078837383
  0
VERTEX
  5
17d
  8
Layer_27
  10
847.30688
  20
264.6449
  42
0.078505142
  0
VERTEX
  5
17e
  8
Layer_27
  10
847.25449
  20
264.61078
  42
0.079125251
  0
VERTEX
  5
17f
  8
Layer_27
  10
847.21509
  20
264.56219
  42
0.078402996
  0
VERTEX
  5
180
  8
Layer_27
  10
847.19269
  20
264.50369
  42
0.052551019
  0
VERTEX
  5
181
  8
Layer_27
  10
847.18839
  20
264.46228
  0
VERTEX
  5
182
  8
Layer_27
  10
847.18839
  20
264.1579
  0
VERTEX
  5
183
  8
Layer_27
  10
844.58839
  20
264.1579
  0
VERTEX
  5
184
  8
Layer_27
  10
844.58839
  20
266.7579
  0
VERTEX
  5
185
  8
Layer_27
  10
841.98839
  20
266.7579
  0
VERTEX
  5
186
  8
Layer_27
  10
841.98839
  20
264.1579
  0
VERTEX
  5
187
  8
Layer_27
  10
833.98839
  20
264.1579
  0
SEQEND
  0
POLYLINE
  5
189
  8
Layer_27
  62
138
  66
1
  10
0
  20
0
  30
0
  0
VERTEX
  5
189
  8
Layer_27
  10
828.98839
  20
320.80899
  0
VERTEX
  5
18a
  8
Layer_27
  10
828.98839
  20
328.20898
  0
VERTEX
  5
18b
  8
Layer_27
  10
827.48839
  20
328.20898
  0
VERTEX
  5
18c
  8
Layer_27
  10
827.48839
  20
333.009
  0
VERTEX
  5
18d
  8
Layer_27
  10
830.08839
  20
333.009
  0
VERTEX
  5
18e
  8
Layer_27
  10
830.08839
  20
335.60901
  0
VERTEX
  5
18f
  8
Layer_27
  10
827.48839
  20
335.60901
  0
VERTEX
  5
190
  8
Layer_27
  10
827.48839
  20
338.20898
  0
VERTEX
  5
191
  8
Layer_27
  10
827.79269
  20
338.20898
  42
0.078763395
  0
VERTEX
  5
192
  8
Layer_27
  10
827.85458
  20
338.21881
  42
0.077945298
  0
VERTEX
  5
193
  8
Layer_27
  10
827.91029
  20
338.24719
  42
0.078738032
  0
VERTEX
  5
194
  8
Layer_27
  10
827.95448
  20
338.29138
  42
0.078454545
  0
VERTEX
  5
195
  8
Layer_27
  10
827.98289
  20
338.3472
  42
0.079746946
  0
VERTEX
  5
196
  8
Layer_27
  10
827.99269
  20
338.409
  42
0.052173817
  0
VERTEX
  5
197
  8
Layer_27
  10
827.98839
  20
338.4505
  0
VERTEX
  5
198
  8
Layer_27
  10
827.48839
  20
340.80899
  0
VERTEX
  5
199
  8
Layer_27
  10
824.8884
  20
340.80899
  0
VERTEX
  5
19a
  8
Layer_27
  10
824.8884
  20
330.409
  42
-0.078973894
  0
VERTEX
  5
19b
  8
Layer_27
  10
824.86629
  20
330.2699
  42
-0.079145828
  0
VERTEX
  5
19c
  8
Layer_27
  10
824.80238
  20
330.1445
  42
-0.078554076
  0
VERTEX
  5
19d
  8
Layer_27
  10
824.7029
  20
330.04489
  42
-0.078224242
  0
VERTEX
  5
19e
  8
Layer_27
  10
824.57739
  20
329.98099
  42
-0.078610023
  0
VERTEX
  5
19f
  8
Layer_27
  10
824.43839
  20
329.95898
  42
-0.078610023
  0
VERTEX
  5
1a0
  8
Layer_27
  10
824.29929
  20
329.98099
  42
-0.078224242
  0
VERTEX
  5
1a1
  8
Layer_27
  10
824.17389
  20
330.04489
  42
-0.078488432
  0
VERTEX
  5
1a2
  8
Layer_27
  10
824.0743
  20
330.1445
  42
-0.078686982
  0
VERTEX
  5
1a3
  8
Layer_27
  10
824.01039
  20
330.2699
  42
-0.078435097
  0
VERTEX
  5
1a4
  8
Layer_27
  10
823.98839
  20
330.409
  0
VERTEX
  5
1a5
  8
Layer_27
  10
823.98839
  20
340.80899
  0
VERTEX
  5
1a6
  8
Layer_27
  10
818.48839
  20
340.80899
  0
VERTEX
  5
1a7
  8
Layer_27
  10
818.48839
  20
330.409
  42
-0.078435097
  0
VERTEX
  5
1a8
  8
Layer_27
  10
818.46638
  20
330.2699
  42
-0.078617582
  0
VERTEX
  5
1a9
  8
Layer_27
  10
818.40239
  20
330.1445
  42
-0.078488432
  0
VERTEX
  5
1aa
  8
Layer_27
  10
818.30289
  20
330.04489
  42
-0.078249403
  0
VERTEX
  5
1ab
  8
Layer_27
  10
818.17738
  20
329.98099
  42
-0.078785707
  0
VERTEX
  5
1ac
  8
Layer_27
  10
818.03839
  20
329.95898
  42
-0.078610023
  0
VERTEX
  5
1ad
  8
Layer_27
  10
817.89929
  20
329.98099
  42
-0.078224242
  0
VERTEX
  5
1ae
  8
Layer_27
  10
817.7739
  20
330.04489
  42
-0.078488432
  0
VERTEX
  5
1af
  8
Layer_27
  10
817.67429
  20
330.1445
  42
-0.078686982
  0
VERTEX
  5
1b0
  8
Layer_27
  10
817.61038
  20
330.2699
  42
-0.078358069
  0
VERTEX
  5
1b1
  8
Layer_27
  10
817.58839
  20
330.409
  0
VERTEX
  5
1b2
  8
Layer_27
  10
817.58839
  20
340.80899
  0
VERTEX
  5
1b3
  8
Layer_27
  10
814.98839
  20
340.80899
  0
VERTEX
  5
1b4
  8
Layer_27
  10
814.48839
  20
338.4505
  42
0.079989132
  0
VERTEX
  5
1b5
  8
Layer_27
  10
814.48518
  20
338.388
  42
0.080403904
  0
VERTEX
  5
1b6
  8
Layer_27
  10
814.50139
  20
338.32758
  42
0.079023977
  0
VERTEX
  5
1b7
  8
Layer_27
  10
814.53549
  20
338.27509
  42
0.077346362
  0
VERTEX
  5
1b8
  8
Layer_27
  10
814.58409
  20
338.23569
  42
0.078056705
  0
VERTEX
  5
1b9
  8
Layer_27
  10
814.64259
  20
338.21338
  42
0.052572531
  0
VERTEX
  5
1ba
  8
Layer_27
  10
814.6841
  20
338.20898
  0
VERTEX
  5
1bb
  8
Layer_27
  10
814.98839
  20
338.20898
  0
VERTEX
  5
1bc
  8
Layer_27
  10
814.98839
  20
335.60901
  0
VERTEX
  5
1bd
  8
Layer_27
  10
812.3884
  20
335.60901
  0
VERTEX
  5
1be
  8
Layer_27
  10
812.3884
  20
333.009
  0
VERTEX
  5
1bf
  8
Layer_27
  10
814.98839
  20
333.009
  0
VERTEX
  5
1c0
  8
Layer_27
  10
814.98839
  20
328.20898
  0
VERTEX
  5
1c1
  8
Layer_27
  10
813.48839
  20
328.20898
  0
VERTEX
  5
1c2
  8
Layer_27
  10
813.48839
  20
312.20898
  0
VERTEX
  5
1c3
  8
Layer_27
  10
810.8884
  20
312.20898
  0
VERTEX
  5
1c4
  8
Layer_27
  10
810.8884
  20
309.60901
  0
VERTEX
  5
1c5
  8
Layer_27
  10
813.48839
  20
309.60901
  0
VERTEX
  5
1c6
  8
Layer_27
  10
813.48839
  20
307.009
  0
VERTEX
  5
1c7
  8
Layer_27
  10
813.18399
  20
307.009
  42
0.078706962
  0
VERTEX
  5
1c8
  8
Layer_27
  10
813.12219
  20
306.99921
  42
0.079088069
  0
VERTEX
  5
1c9
  8
Layer_27
  10
813.06648
  20
306.97079
  42
0.078664349
  0
VERTEX
  5
1ca
  8
Layer_27
  10
813.02219
  20
306.92661
  42
0.077462946
  0
VERTEX
  5
1cb
  8
Layer_27
  10
812.99379
  20
306.87079
  42
0.078721063
  0
VERTEX
  5
1cc
  8
Layer_27
  10
812.98409
  20
306.80899
  42
0.052173817
  0
VERTEX
  5
1cd
  8
Layer_27
  10
812.98839
  20
306.76749
  0
VERTEX
  5
1ce
  8
Layer_27
  10
813.48839
  20
304.409
  0
VERTEX
  5
1cf
  8
Layer_27
  10
816.08839
  20
304.409
  0
VERTEX
  5
1d0
  8
Layer_27
  10
816.08839
  20
314.80899
  42
-0.078532845
  0
VERTEX
  5
1d1
  8
Layer_27
  10
816.11038
  20
314.94809
  42
-0.078699502
  0
VERTEX
  5
1d2
  8
Layer_27
  10
816.17429
  20
315.07349
  42
-0.078488432
  0
VERTEX
  5
1d3
  8
Layer_27
  10
816.2739
  20
315.1731
  42
-0.078654162
  0
VERTEX
  5
1d4
  8
Layer_27
  10
816.39929
  20
315.237
  42
-0.078610023
  0
VERTEX
  5
1d5
  8
Layer_27
  10
816.53839
  20
315.259
  42
-0.078610023
  0
VERTEX
  5
1d6
  8
Layer_27
  10
816.67738
  20
315.237
  42
-0.078679198
  0
VERTEX
  5
1d7
  8
Layer_27
  10
816.80289
  20
315.1731
  42
-0.078488432
  0
VERTEX
  5
1d8
  8
Layer_27
  10
816.90239
  20
315.07349
  42
-0.079092872
  0
VERTEX
  5
1d9
  8
Layer_27
  10
816.96629
  20
314.94809
  42
-0.079072791
  0
VERTEX
  5
1da
  8
Layer_27
  10
816.98839
  20
314.80899
  0
VERTEX
  5
1db
  8
Layer_27
  10
816.98839
  20
304.409
  0
VERTEX
  5
1dc
  8
Layer_27
  10
825.48839
  20
304.409
  0
VERTEX
  5
1dd
  8
Layer_27
  10
825.48839
  20
314.80899
  42
-0.078610023
  0
VERTEX
  5
1de
  8
Layer_27
  10
825.51039
  20
314.94809
  42
-0.078699502
  0
VERTEX
  5
1df
  8
Layer_27
  10
825.5743
  20
315.07349
  42
-0.078488432
  0
VERTEX
  5
1e0
  8
Layer_27
  10
825.67389
  20
315.1731
  42
-0.078654162
  0
VERTEX
  5
1e1
  8
Layer_27
  10
825.79929
  20
315.237
  42
-0.078610023
  0
VERTEX
  5
1e2
  8
Layer_27
  10
825.93839
  20
315.259
  42
-0.078610023
  0
VERTEX
  5
1e3
  8
Layer_27
  10
826.07739
  20
315.237
  42
-0.078654162
  0
VERTEX
  5
1e4
  8
Layer_27
  10
826.2029
  20
315.1731
  42
-0.078554076
  0
VERTEX
  5
1e5
  8
Layer_27
  10
826.30238
  20
315.07349
  42
-0.078618577
  0
VERTEX
  5
1e6
  8
Layer_27
  10
826.36639
  20
314.94809
  42
-0.078610023
  0
VERTEX
  5
1e7
  8
Layer_27
  10
826.3884
  20
314.80899
  0
VERTEX
  5
1e8
  8
Layer_27
  10
826.3884
  20
304.409
  0
VERTEX
  5
1e9
  8
Layer_27
  10
828.98839
  20
304.409
  0
VERTEX
  5
1ea
  8
Layer_27
  10
829.48839
  20
306.76749
  42
0.077819929
  0
VERTEX
  5
1eb
  8
Layer_27
  10
829.49159
  20
306.82999
  42
0.079814651
  0
VERTEX
  5
1ec
  8
Layer_27
  10
829.47539
  20
306.89038
  42
0.079202045
  0
VERTEX
  5
1ed
  8
Layer_27
  10
829.44128
  20
306.9429
  42
0.07887828
  0
VERTEX
  5
1ee
  8
Layer_27
  10
829.39259
  20
306.9823
  42
0.078347038
  0
VERTEX
  5
1ef
  8
Layer_27
  10
829.33418
  20
307.0047
  42
0.052572531
  0
VERTEX
  5
1f0
  8
Layer_27
  10
829.29269
  20
307.009
  0
VERTEX
  5
1f1
  8
Layer_27
  10
828.98839
  20
307.009
  0
VERTEX
  5
1f2
  8
Layer_27
  10
828.98839
  20
309.60901
  0
VERTEX
  5
1f3
  8
Layer_27
  10
831.58839
  20
309.60901
  0
VERTEX
  5
1f4
  8
Layer_27
  10
831.58839
  20
312.20898
  0
VERTEX
  5
1f5
  8
Layer_27
  10
828.98839
  20
312.20898
  0
VERTEX
  5
1f6
  8
Layer_27
  10
828.98839
  20
320.20898
  0
SEQEND
  0
POLYLINE
  5
1f8
  8
Layer_27
  62
138
  66
1
  10
0
  20
0
  30
0
  0
VERTEX
  5
1f8
  8
Layer_27
  10
834.18839
  20
320.20898
  0
VERTEX
  5
1f9
  8
Layer_27
  10
834.18839
  20
312.20898
  0
VERTEX
  5
1fa
  8
Layer_27
  10
831.58839
  20
312.20898
  0
VERTEX
  5
1fb
  8
Layer_27
  10
831.58839
  20
309.60901
  0
VERTEX
  5
1fc
  8
Layer_27
  10
834.18839
  20
309.60901
  0
VERTEX
  5
1fd
  8
Layer_27
  10
834.18839
  20
307.009
  0
VERTEX
  5
1fe
  8
Layer_27
  10
833.88409
  20
307.009
  42
0.078370002
  0
VERTEX
  5
1ff
  8
Layer_27
  10
833.82219
  20
306.99921
  42
0.079195528
  0
VERTEX
  5
200
  8
Layer_27
  10
833.76649
  20
306.97079
  42
0.078664349
  0
VERTEX
  5
201
  8
Layer_27
  10
833.72218
  20
306.92661
  42
0.077462946
  0
VERTEX
  5
202
  8
Layer_27
  10
833.69379
  20
306.87079
  42
0.078721063
  0
VERTEX
  5
203
  8
Layer_27
  10
833.68399
  20
306.80899
  42
0.052173817
  0
VERTEX
  5
204
  8
Layer_27
  10
833.68839
  20
306.76749
  0
VERTEX
  5
205
  8
Layer_27
  10
834.18839
  20
304.409
  0
VERTEX
  5
206
  8
Layer_27
  10
836.78839
  20
304.409
  0
VERTEX
  5
207
  8
Layer_27
  10
836.78839
  20
314.80899
  42
-0.078610023
  0
VERTEX
  5
208
  8
Layer_27
  10
836.81039
  20
314.94809
  42
-0.078633856
  0
VERTEX
  5
209
  8
Layer_27
  10
836.87428
  20
315.07349
  42
-0.078488432
  0
VERTEX
  5
20a
  8
Layer_27
  10
836.97389
  20
315.1731
  42
-0.078654162
  0
VERTEX
  5
20b
  8
Layer_27
  10
837.09929
  20
315.237
  42
-0.078610023
  0
VERTEX
  5
20c
  8
Layer_27
  10
837.23839
  20
315.259
  42
-0.078584988
  0
VERTEX
  5
20d
  8
Layer_27
  10
837.3774
  20
315.237
  42
-0.078804149
  0
VERTEX
  5
20e
  8
Layer_27
  10
837.50288
  20
315.1731
  42
-0.078488432
  0
VERTEX
  5
20f
  8
Layer_27
  10
837.60239
  20
315.07349
  42
-0.078159768
  0
VERTEX
  5
210
  8
Layer_27
  10
837.6664
  20
314.94809
  42
-0.078532845
  0
VERTEX
  5
211
  8
Layer_27
  10
837.68839
  20
314.80899
  0
VERTEX
  5
212
  8
Layer_27
  10
837.68839
  20
304.409
  0
VERTEX
  5
213
  8
Layer_27
  10
846.18839
  20
304.409
  0
VERTEX
  5
214
  8
Layer_27
  10
846.18839
  20
314.80899
  42
-0.078610023
  0
VERTEX
  5
215
  8
Layer_27
  10
846.21039
  20
314.94809
  42
-0.078699502
  0
VERTEX
  5
216
  8
Layer_27
  10
846.27429
  20
315.07349
  42
-0.078488432
  0
VERTEX
  5
217
  8
Layer_27
  10
846.37389
  20
315.1731
  42
-0.078940452
  0
VERTEX
  5
218
  8
Layer_27
  10
846.49928
  20
315.237
  42
-0.078584988
  0
VERTEX
  5
219
  8
Layer_27
  10
846.6384
  20
315.259
  42
-0.078610023
  0
VERTEX
  5
21a
  8
Layer_27
  10
846.77739
  20
315.237
  42
-0.078654162
  0
VERTEX
  5
21b
  8
Layer_27
  10
846.90289
  20
315.1731
  42
-0.078488432
  0
VERTEX
  5
21c
  8
Layer_27
  10
847.0024
  20
315.07349
  42
-0.078236824
  0
VERTEX
  5
21d
  8
Layer_27
  10
847.06639
  20
314.94809
  42
-0.078610023
  0
VERTEX
  5
21e
  8
Layer_27
  10
847.08839
  20
314.80899
  0
VERTEX
  5
21f
  8
Layer_27
  10
847.08839
  20
304.409
  0
VERTEX
  5
220
  8
Layer_27
  10
849.68839
  20
304.409
  0
VERTEX
  5
221
  8
Layer_27
  10
850.18839
  20
306.76749
  42
0.079068153
  0
VERTEX
  5
222
  8
Layer_27
  10
850.19159
  20
306.82999
  42
0.079814651
  0
VERTEX
  5
223
  8
Layer_27
  10
850.17538
  20
306.89038
  42
0.079202045
  0
VERTEX
  5
224
  8
Layer_27
  10
850.1413
  20
306.9429
  42
0.078332744
  0
VERTEX
  5
225
  8
Layer_27
  10
850.09259
  20
306.9823
  42
0.078347038
  0
VERTEX
  5
226
  8
Layer_27
  10
850.03419
  20
307.0047
  42
0.052515204
  0
VERTEX
  5
227
  8
Layer_27
  10
849.99269
  20
307.009
  0
VERTEX
  5
228
  8
Layer_27
  10
849.68839
  20
307.009
  0
VERTEX
  5
229
  8
Layer_27
  10
849.68839
  20
309.60901
  0
VERTEX
  5
22a
  8
Layer_27
  10
852.28839
  20
309.60901
  0
VERTEX
  5
22b
  8
Layer_27
  10
852.28839
  20
312.20898
  0
VERTEX
  5
22c
  8
Layer_27
  10
849.68839
  20
312.20898
  0
VERTEX
  5
22d
  8
Layer_27
  10
849.68839
  20
328.20898
  0
VERTEX
  5
22e
  8
Layer_27
  10
848.18839
  20
328.20898
  0
VERTEX
  5
22f
  8
Layer_27
  10
848.18839
  20
333.009
  0
VERTEX
  5
230
  8
Layer_27
  10
850.78839
  20
333.009
  0
VERTEX
  5
231
  8
Layer_27
  10
850.78839
  20
335.60901
  0
VERTEX
  5
232
  8
Layer_27
  10
848.18839
  20
335.60901
  0
VERTEX
  5
233
  8
Layer_27
  10
848.18839
  20
338.20898
  0
VERTEX
  5
234
  8
Layer_27
  10
848.49269
  20
338.20898
  42
0.078706962
  0
VERTEX
  5
235
  8
Layer_27
  10
848.55449
  20
338.21881
  42
0.078284714
  0
VERTEX
  5
236
  8
Layer_27
  10
848.61029
  20
338.24719
  42
0.078738032
  0
VERTEX
  5
237
  8
Layer_27
  10
848.6545
  20
338.29138
  42
0.079350482
  0
VERTEX
  5
238
  8
Layer_27
  10
848.68289
  20
338.3472
  42
0.078706962
  0
VERTEX
  5
239
  8
Layer_27
  10
848.69269
  20
338.409
  42
0.052173817
  0
VERTEX
  5
23a
  8
Layer_27
  10
848.68839
  20
338.4505
  0
VERTEX
  5
23b
  8
Layer_27
  10
848.18839
  20
340.80899
  0
VERTEX
  5
23c
  8
Layer_27
  10
845.58839
  20
340.80899
  0
VERTEX
  5
23d
  8
Layer_27
  10
845.58839
  20
330.409
  42
-0.078435097
  0
VERTEX
  5
23e
  8
Layer_27
  10
845.56639
  20
330.2699
  42
-0.078224242
  0
VERTEX
  5
23f
  8
Layer_27
  10
845.5024
  20
330.1445
  42
-0.078488432
  0
VERTEX
  5
240
  8
Layer_27
  10
845.40289
  20
330.04489
  42
-0.078400048
  0
VERTEX
  5
241
  8
Layer_27
  10
845.27739
  20
329.98099
  42
-0.078610023
  0
VERTEX
  5
242
  8
Layer_27
  10
845.1384
  20
329.95898
  42
-0.078584988
  0
VERTEX
  5
243
  8
Layer_27
  10
844.99928
  20
329.98099
  42
-0.078224242
  0
VERTEX
  5
244
  8
Layer_27
  10
844.87389
  20
330.04489
  42
-0.078488432
  0
VERTEX
  5
245
  8
Layer_27
  10
844.77429
  20
330.1445
  42
-0.078686982
  0
VERTEX
  5
246
  8
Layer_27
  10
844.71039
  20
330.2699
  42
-0.078435097
  0
VERTEX
  5
247
  8
Layer_27
  10
844.68839
  20
330.409
  0
VERTEX
  5
248
  8
Layer_27
  10
844.68839
  20
340.80899
  0
VERTEX
  5
249
  8
Layer_27
  10
839.18839
  20
340.80899
  0
VERTEX
  5
24a
  8
Layer_27
  10
839.18839
  20
330.409
  42
-0.078358069
  0
VERTEX
  5
24b
  8
Layer_27
  10
839.1664
  20
330.2699
  42
-0.078147176
  0
VERTEX
  5
24c
  8
Layer_27
  10
839.10239
  20
330.1445
  42
-0.078488432
  0
VERTEX
  5
24d
  8
Layer_27
  10
839.00288
  20
330.04489
  42
-0.078224242
  0
VERTEX
  5
24e
  8
Layer_27
  10
838.8774
  20
329.98099
  42
-0.078584988
  0
VERTEX
  5
24f
  8
Layer_27
  10
838.73839
  20
329.95898
  42
-0.078610023
  0
VERTEX
  5
250
  8
Layer_27
  10
838.59929
  20
329.98099
  42
-0.078558341
  0
VERTEX
  5
251
  8
Layer_27
  10
838.47389
  20
330.04489
  42
-0.078029633
  0
VERTEX
  5
252
  8
Layer_27
  10
838.37428
  20
330.1445
  42
-0.078621336
  0
VERTEX
  5
253
  8
Layer_27
  10
838.31039
  20
330.2699
  42
-0.078435097
  0
VERTEX
  5
254
  8
Layer_27
  10
838.28839
  20
330.409
  0
VERTEX
  5
255
  8
Layer_27
  10
838.28839
  20
340.80899
  0
VERTEX
  5
256
  8
Layer_27
  10
835.68839
  20
340.80899
  0
VERTEX
  5
257
  8
Layer_27
  10
835.18839
  20
338.4505
  42
0.078899484
  0
VERTEX
  5
258
  8
Layer_27
  10
835.18509
  20
338.388
  42
0.077876553
  0
VERTEX
  5
259
  8
Layer_27
  10
835.20139
  20
338.32758
  42
0.080187681
  0
VERTEX
  5
25a
  8
Layer_27
  10
835.23549
  20
338.27509
  42
0.077346362
  0
VERTEX
  5
25b
  8
Layer_27
  10
835.28409
  20
338.23569
  42
0.078056705
  0
VERTEX
  5
25c
  8
Layer_27
  10
835.34259
  20
338.21338
  42
0.052572531
  0
VERTEX
  5
25d
  8
Layer_27
  10
835.38399
  20
338.20898
  0
VERTEX
  5
25e
  8
Layer_27
  10
835.68839
  20
338.20898
  0
VERTEX
  5
25f
  8
Layer_27
  10
835.68839
  20
335.60901
  0
VERTEX
  5
260
  8
Layer_27
  10
833.08839
  20
335.60901
  0
VERTEX
  5
261
  8
Layer_27
  10
833.08839
  20
333.009
  0
VERTEX
  5
262
  8
Layer_27
  10
835.68839
  20
333.009
  0
VERTEX
  5
263
  8
Layer_27
  10
835.68839
  20
328.20898
  0
VERTEX
  5
264
  8
Layer_27
  10
834.18839
  20
328.20898
  0
VERTEX
  5
265
  8
Layer_27
  10
834.18839
  20
320.80899
  0
SEQEND
  0
POLYLINE
  5
267
  8
Layer_27
  62
138
  66
1
  10
0
  20
0
  30
0
  0
VERTEX
  5
267
  8
Layer_27
  10
834.18839
  20
283.80899
  0
VERTEX
  5
268
  8
Layer_27
  10
834.18839
  20
275.80899
  0
VERTEX
  5
269
  8
Layer_27
  10
831.58839
  20
275.80899
  0
VERTEX
  5
26a
  8
Layer_27
  10
831.58839
  20
273.20898
  0
VERTEX
  5
26b
  8
Layer_27
  10
834.18839
  20
273.20898
  0
VERTEX
  5
26c
  8
Layer_27
  10
834.18839
  20
270.60898
  0
VERTEX
  5
26d
  8
Layer_27
  10
833.88409
  20
270.60898
  42
0.078370002
  0
VERTEX
  5
26e
  8
Layer_27
  10
833.82219
  20
270.59918
  42
0.079195528
  0
VERTEX
  5
26f
  8
Layer_27
  10
833.76649
  20
270.5708
  42
0.078677788
  0
VERTEX
  5
270
  8
Layer_27
  10
833.72218
  20
270.52658
  42
0.077469192
  0
VERTEX
  5
271
  8
Layer_27
  10
833.69379
  20
270.47079
  42
0.078721063
  0
VERTEX
  5
272
  8
Layer_27
  10
833.68399
  20
270.409
  42
0.052187954
  0
VERTEX
  5
273
  8
Layer_27
  10
833.68839
  20
270.36749
  0
VERTEX
  5
274
  8
Layer_27
  10
834.18839
  20
268.009
  0
VERTEX
  5
275
  8
Layer_27
  10
836.78839
  20
268.009
  0
VERTEX
  5
276
  8
Layer_27
  10
836.78839
  20
278.409
  42
-0.078610023
  0
VERTEX
  5
277
  8
Layer_27
  10
836.81039
  20
278.5481
  42
-0.078627596
  0
VERTEX
  5
278
  8
Layer_27
  10
836.87428
  20
278.67349
  42
-0.0785048
  0
VERTEX
  5
279
  8
Layer_27
  10
836.97389
  20
278.7731
  42
-0.078706275
  0
VERTEX
  5
27a
  8
Layer_27
  10
837.09929
  20
278.83698
  42
-0.078610023
  0
VERTEX
  5
27b
  8
Layer_27
  10
837.23839
  20
278.85901
  42
-0.078584988
  0
VERTEX
  5
27c
  8
Layer_27
  10
837.3774
  20
278.83698
  42
-0.078856232
  0
VERTEX
  5
27d
  8
Layer_27
  10
837.50288
  20
278.7731
  42
-0.0785048
  0
VERTEX
  5
27e
  8
Layer_27
  10
837.60239
  20
278.67349
  42
-0.078153472
  0
VERTEX
  5
27f
  8
Layer_27
  10
837.6664
  20
278.5481
  42
-0.078532845
  0
VERTEX
  5
280
  8
Layer_27
  10
837.68839
  20
278.409
  0
VERTEX
  5
281
  8
Layer_27
  10
837.68839
  20
268.009
  0
VERTEX
  5
282
  8
Layer_27
  10
846.18839
  20
268.009
  0
VERTEX
  5
283
  8
Layer_27
  10
846.18839
  20
278.409
  42
-0.078610023
  0
VERTEX
  5
284
  8
Layer_27
  10
846.21039
  20
278.5481
  42
-0.078693242
  0
VERTEX
  5
285
  8
Layer_27
  10
846.27429
  20
278.67349
  42
-0.0785048
  0
VERTEX
  5
286
  8
Layer_27
  10
846.37389
  20
278.7731
  42
-0.078992592
  0
VERTEX
  5
287
  8
Layer_27
  10
846.49928
  20
278.83698
  42
-0.078584988
  0
VERTEX
  5
288
  8
Layer_27
  10
846.6384
  20
278.85901
  42
-0.078610023
  0
VERTEX
  5
289
  8
Layer_27
  10
846.77739
  20
278.83698
  42
-0.078706275
  0
VERTEX
  5
28a
  8
Layer_27
  10
846.90289
  20
278.7731
  42
-0.0785048
  0
VERTEX
  5
28b
  8
Layer_27
  10
847.0024
  20
278.67349
  42
-0.078230533
  0
VERTEX
  5
28c
  8
Layer_27
  10
847.06639
  20
278.5481
  42
-0.078610023
  0
VERTEX
  5
28d
  8
Layer_27
  10
847.08839
  20
278.409
  0
VERTEX
  5
28e
  8
Layer_27
  10
847.08839
  20
268.009
  0
VERTEX
  5
28f
  8
Layer_27
  10
849.68839
  20
268.009
  0
VERTEX
  5
290
  8
Layer_27
  10
850.18839
  20
270.36749
  42
0.079072912
  0
VERTEX
  5
291
  8
Layer_27
  10
850.19159
  20
270.42999
  42
0.079812263
  0
VERTEX
  5
292
  8
Layer_27
  10
850.17538
  20
270.49039
  42
0.079186743
  0
VERTEX
  5
293
  8
Layer_27
  10
850.1413
  20
270.54291
  42
0.078337221
  0
VERTEX
  5
294
  8
Layer_27
  10
850.09259
  20
270.58231
  42
0.079526341
  0
VERTEX
  5
295
  8
Layer_27
  10
850.03419
  20
270.60458
  42
0.052548809
  0
VERTEX
  5
296
  8
Layer_27
  10
849.99269
  20
270.60898
  0
VERTEX
  5
297
  8
Layer_27
  10
849.68839
  20
270.60898
  0
VERTEX
  5
298
  8
Layer_27
  10
849.68839
  20
273.20898
  0
VERTEX
  5
299
  8
Layer_27
  10
852.28839
  20
273.20898
  0
VERTEX
  5
29a
  8
Layer_27
  10
852.28839
  20
275.80899
  0
VERTEX
  5
29b
  8
Layer_27
  10
849.68839
  20
275.80899
  0
VERTEX
  5
29c
  8
Layer_27
  10
849.68839
  20
291.80899
  0
VERTEX
  5
29d
  8
Layer_27
  10
848.18839
  20
291.80899
  0
VERTEX
  5
29e
  8
Layer_27
  10
848.18839
  20
296.60901
  0
VERTEX
  5
29f
  8
Layer_27
  10
850.78839
  20
296.60901
  0
VERTEX
  5
2a0
  8
Layer_27
  10
850.78839
  20
299.20898
  0
VERTEX
  5
2a1
  8
Layer_27
  10
848.18839
  20
299.20898
  0
VERTEX
  5
2a2
  8
Layer_27
  10
848.18839
  20
301.80899
  0
VERTEX
  5
2a3
  8
Layer_27
  10
848.49269
  20
301.80899
  42
0.078706962
  0
VERTEX
  5
2a4
  8
Layer_27
  10
848.55449
  20
301.81879
  42
0.078197936
  0
VERTEX
  5
2a5
  8
Layer_27
  10
848.61029
  20
301.8472
  42
0.078701186
  0
VERTEX
  5
2a6
  8
Layer_27
  10
848.6545
  20
301.89139
  42
0.079391086
  0
VERTEX
  5
2a7
  8
Layer_27
  10
848.68289
  20
301.9472
  42
0.078721063
  0
VERTEX
  5
2a8
  8
Layer_27
  10
848.69269
  20
302.009
  42
0.052187954
  0
VERTEX
  5
2a9
  8
Layer_27
  10
848.68839
  20
302.05048
  0
VERTEX
  5
2aa
  8
Layer_27
  10
848.18839
  20
304.409
  0
VERTEX
  5
2ab
  8
Layer_27
  10
845.58839
  20
304.409
  0
VERTEX
  5
2ac
  8
Layer_27
  10
845.58839
  20
294.009
  42
-0.078441332
  0
VERTEX
  5
2ad
  8
Layer_27
  10
845.56639
  20
293.8699
  42
-0.078230533
  0
VERTEX
  5
2ae
  8
Layer_27
  10
845.5024
  20
293.74451
  42
-0.0785048
  0
VERTEX
  5
2af
  8
Layer_27
  10
845.40289
  20
293.6449
  42
-0.078380816
  0
VERTEX
  5
2b0
  8
Layer_27
  10
845.27739
  20
293.58099
  42
-0.078610023
  0
VERTEX
  5
2b1
  8
Layer_27
  10
845.1384
  20
293.55899
  42
-0.078584988
  0
VERTEX
  5
2b2
  8
Layer_27
  10
844.99928
  20
293.58099
  42
-0.078204974
  0
VERTEX
  5
2b3
  8
Layer_27
  10
844.87389
  20
293.6449
  42
-0.078930939
  0
VERTEX
  5
2b4
  8
Layer_27
  10
844.77429
  20
293.74451
  42
-0.078693242
  0
VERTEX
  5
2b5
  8
Layer_27
  10
844.71039
  20
293.8699
  42
-0.078441332
  0
VERTEX
  5
2b6
  8
Layer_27
  10
844.68839
  20
294.009
  0
VERTEX
  5
2b7
  8
Layer_27
  10
844.68839
  20
304.409
  0
VERTEX
  5
2b8
  8
Layer_27
  10
839.18839
  20
304.409
  0
VERTEX
  5
2b9
  8
Layer_27
  10
839.18839
  20
294.009
  42
-0.078364298
  0
VERTEX
  5
2ba
  8
Layer_27
  10
839.1664
  20
293.8699
  42
-0.078153472
  0
VERTEX
  5
2bb
  8
Layer_27
  10
839.10239
  20
293.74451
  42
-0.0785048
  0
VERTEX
  5
2bc
  8
Layer_27
  10
839.00288
  20
293.6449
  42
-0.078204974
  0
VERTEX
  5
2bd
  8
Layer_27
  10
838.8774
  20
293.58099
  42
-0.078584988
  0
VERTEX
  5
2be
  8
Layer_27
  10
838.73839
  20
293.55899
  42
-0.078610023
  0
VERTEX
  5
2bf
  8
Layer_27
  10
838.59929
  20
293.58099
  42
-0.078539072
  0
VERTEX
  5
2c0
  8
Layer_27
  10
838.47389
  20
293.6449
  42
-0.078472108
  0
VERTEX
  5
2c1
  8
Layer_27
  10
838.37428
  20
293.74451
  42
-0.078627596
  0
VERTEX
  5
2c2
  8
Layer_27
  10
838.31039
  20
293.8699
  42
-0.078441332
  0
VERTEX
  5
2c3
  8
Layer_27
  10
838.28839
  20
294.009
  0
VERTEX
  5
2c4
  8
Layer_27
  10
838.28839
  20
304.409
  0
VERTEX
  5
2c5
  8
Layer_27
  10
835.68839
  20
304.409
  0
VERTEX
  5
2c6
  8
Layer_27
  10
835.18839
  20
302.05048
  42
0.07889471
  0
VERTEX
  5
2c7
  8
Layer_27
  10
835.18509
  20
301.98798
  42
0.077890181
  0
VERTEX
  5
2c8
  8
Layer_27
  10
835.20139
  20
301.92758
  42
0.080187681
  0
VERTEX
  5
2c9
  8
Layer_27
  10
835.23549
  20
301.87509
  42
0.07731577
  0
VERTEX
  5
2ca
  8
Layer_27
  10
835.28409
  20
301.83569
  42
0.077972442
  0
VERTEX
  5
2cb
  8
Layer_27
  10
835.34259
  20
301.81339
  42
0.052572531
  0
VERTEX
  5
2cc
  8
Layer_27
  10
835.38399
  20
301.80899
  0
VERTEX
  5
2cd
  8
Layer_27
  10
835.68839
  20
301.80899
  0
VERTEX
  5
2ce
  8
Layer_27
  10
835.68839
  20
299.20898
  0
VERTEX
  5
2cf
  8
Layer_27
  10
833.08839
  20
299.20898
  0
VERTEX
  5
2d0
  8
Layer_27
  10
833.08839
  20
296.60901
  0
VERTEX
  5
2d1
  8
Layer_27
  10
835.68839
  20
296.60901
  0
VERTEX
  5
2d2
  8
Layer_27
  10
835.68839
  20
291.80899
  0
VERTEX
  5
2d3
  8
Layer_27
  10
834.18839
  20
291.80899
  0
VERTEX
  5
2d4
  8
Layer_27
  10
834.18839
  20
284.409
  0
SEQEND
  0
POLYLINE
  5
2d6
  8
Layer_27
  62
138
  66
1
  10
0
  20
0
  30
0
  0
VERTEX
  5
2d6
  8
Layer_27
  10
828.98839
  20
284.409
  0
VERTEX
  5
2d7
  8
Layer_27
  10
828.98839
  20
291.80899
  0
VERTEX
  5
2d8
  8
Layer_27
  10
827.48839
  20
291.80899
  0
VERTEX
  5
2d9
  8
Layer_27
  10
827.48839
  20
296.60901
  0
VERTEX
  5
2da
  8
Layer_27
  10
830.08839
  20
296.60901
  0
VERTEX
  5
2db
  8
Layer_27
  10
830.08839
  20
299.20898
  0
VERTEX
  5
2dc
  8
Layer_27
  10
827.48839
  20
299.20898
  0
VERTEX
  5
2dd
  8
Layer_27
  10
827.48839
  20
301.80899
  0
VERTEX
  5
2de
  8
Layer_27
  10
827.79269
  20
301.80899
  42
0.078763395
  0
VERTEX
  5
2df
  8
Layer_27
  10
827.85458
  20
301.81879
  42
0.077858201
  0
VERTEX
  5
2e0
  8
Layer_27
  10
827.91029
  20
301.8472
  42
0.078701186
  0
VERTEX
  5
2e1
  8
Layer_27
  10
827.95448
  20
301.89139
  42
0.078495315
  0
VERTEX
  5
2e2
  8
Layer_27
  10
827.98289
  20
301.9472
  42
0.079761209
  0
VERTEX
  5
2e3
  8
Layer_27
  10
827.99269
  20
302.009
  42
0.052187954
  0
VERTEX
  5
2e4
  8
Layer_27
  10
827.98839
  20
302.05048
  0
VERTEX
  5
2e5
  8
Layer_27
  10
827.48839
  20
304.409
  0
VERTEX
  5
2e6
  8
Layer_27
  10
824.8884
  20
304.409
  0
VERTEX
  5
2e7
  8
Layer_27
  10
824.8884
  20
294.009
  42
-0.078980166
  0
VERTEX
  5
2e8
  8
Layer_27
  10
824.86629
  20
293.8699
  42
-0.079152089
  0
VERTEX
  5
2e9
  8
Layer_27
  10
824.80238
  20
293.74451
  42
-0.078570445
  0
VERTEX
  5
2ea
  8
Layer_27
  10
824.7029
  20
293.6449
  42
-0.078204974
  0
VERTEX
  5
2eb
  8
Layer_27
  10
824.57739
  20
293.58099
  42
-0.078610023
  0
VERTEX
  5
2ec
  8
Layer_27
  10
824.43839
  20
293.55899
  42
-0.078610023
  0
VERTEX
  5
2ed
  8
Layer_27
  10
824.29929
  20
293.58099
  42
-0.078204974
  0
VERTEX
  5
2ee
  8
Layer_27
  10
824.17389
  20
293.6449
  42
-0.078930939
  0
VERTEX
  5
2ef
  8
Layer_27
  10
824.0743
  20
293.74451
  42
-0.078693242
  0
VERTEX
  5
2f0
  8
Layer_27
  10
824.01039
  20
293.8699
  42
-0.078441332
  0
VERTEX
  5
2f1
  8
Layer_27
  10
823.98839
  20
294.009
  0
VERTEX
  5
2f2
  8
Layer_27
  10
823.98839
  20
304.409
  0
VERTEX
  5
2f3
  8
Layer_27
  10
818.48839
  20
304.409
  0
VERTEX
  5
2f4
  8
Layer_27
  10
818.48839
  20
294.009
  42
-0.078441332
  0
VERTEX
  5
2f5
  8
Layer_27
  10
818.46638
  20
293.8699
  42
-0.078623874
  0
VERTEX
  5
2f6
  8
Layer_27
  10
818.40239
  20
293.74451
  42
-0.0785048
  0
VERTEX
  5
2f7
  8
Layer_27
  10
818.30289
  20
293.6449
  42
-0.07823014
  0
VERTEX
  5
2f8
  8
Layer_27
  10
818.17738
  20
293.58099
  42
-0.078785707
  0
VERTEX
  5
2f9
  8
Layer_27
  10
818.03839
  20
293.55899
  42
-0.078610023
  0
VERTEX
  5
2fa
  8
Layer_27
  10
817.89929
  20
293.58099
  42
-0.078204974
  0
VERTEX
  5
2fb
  8
Layer_27
  10
817.7739
  20
293.6449
  42
-0.078930939
  0
VERTEX
  5
2fc
  8
Layer_27
  10
817.67429
  20
293.74451
  42
-0.078693242
  0
VERTEX
  5
2fd
  8
Layer_27
  10
817.61038
  20
293.8699
  42
-0.078364298
  0
VERTEX
  5
2fe
  8
Layer_27
  10
817.58839
  20
294.009
  0
VERTEX
  5
2ff
  8
Layer_27
  10
817.58839
  20
304.409
  0
VERTEX
  5
300
  8
Layer_27
  10
814.98839
  20
304.409
  0
VERTEX
  5
301
  8
Layer_27
  10
814.48839
  20
302.05048
  42
0.079984162
  0
VERTEX
  5
302
  8
Layer_27
  10
814.48518
  20
301.98798
  42
0.080417982
  0
VERTEX
  5
303
  8
Layer_27
  10
814.50139
  20
301.92758
  42
0.079023977
  0
VERTEX
  5
304
  8
Layer_27
  10
814.53549
  20
301.87509
  42
0.07731577
  0
VERTEX
  5
305
  8
Layer_27
  10
814.58409
  20
301.83569
  42
0.077972442
  0
VERTEX
  5
306
  8
Layer_27
  10
814.64259
  20
301.81339
  42
0.052572531
  0
VERTEX
  5
307
  8
Layer_27
  10
814.6841
  20
301.80899
  0
VERTEX
  5
308
  8
Layer_27
  10
814.98839
  20
301.80899
  0
VERTEX
  5
309
  8
Layer_27
  10
814.98839
  20
299.20898
  0
VERTEX
  5
30a
  8
Layer_27
  10
812.3884
  20
299.20898
  0
VERTEX
  5
30b
  8
Layer_27
  10
812.3884
  20
296.60901
  0
VERTEX
  5
30c
  8
Layer_27
  10
814.98839
  20
296.60901
  0
VERTEX
  5
30d
  8
Layer_27
  10
814.98839
  20
291.80899
  0
VERTEX
  5
30e
  8
Layer_27
  10
813.48839
  20
291.80899
  0
VERTEX
  5
30f
  8
Layer_27
  10
813.48839
  20
275.80899
  0
VERTEX
  5
310
  8
Layer_27
  10
810.8884
  20
275.80899
  0
VERTEX
  5
311
  8
Layer_27
  10
810.8884
  20
273.20898
  0
VERTEX
  5
312
  8
Layer_27
  10
813.48839
  20
273.20898
  0
VERTEX
  5
313
  8
Layer_27
  10
813.48839
  20
270.60898
  0
VERTEX
  5
314
  8
Layer_27
  10
813.18399
  20
270.60898
  42
0.078706962
  0
VERTEX
  5
315
  8
Layer_27
  10
813.12219
  20
270.59918
  42
0.079088069
  0
VERTEX
  5
316
  8
Layer_27
  10
813.06648
  20
270.5708
  42
0.078677788
  0
VERTEX
  5
317
  8
Layer_27
  10
813.02219
  20
270.52658
  42
0.077469192
  0
VERTEX
  5
318
  8
Layer_27
  10
812.99379
  20
270.47079
  42
0.078721063
  0
VERTEX
  5
319
  8
Layer_27
  10
812.98409
  20
270.409
  42
0.052187954
  0
VERTEX
  5
31a
  8
Layer_27
  10
812.98839
  20
270.36749
  0
VERTEX
  5
31b
  8
Layer_27
  10
813.48839
  20
268.009
  0
VERTEX
  5
31c
  8
Layer_27
  10
816.08839
  20
268.009
  0
VERTEX
  5
31d
  8
Layer_27
  10
816.08839
  20
278.409
  42
-0.078532845
  0
VERTEX
  5
31e
  8
Layer_27
  10
816.11038
  20
278.5481
  42
-0.078693242
  0
VERTEX
  5
31f
  8
Layer_27
  10
816.17429
  20
278.67349
  42
-0.0785048
  0
VERTEX
  5
320
  8
Layer_27
  10
816.2739
  20
278.7731
  42
-0.078706275
  0
VERTEX
  5
321
  8
Layer_27
  10
816.39929
  20
278.83698
  42
-0.078610023
  0
VERTEX
  5
322
  8
Layer_27
  10
816.53839
  20
278.85901
  42
-0.078610023
  0
VERTEX
  5
323
  8
Layer_27
  10
816.67738
  20
278.83698
  42
-0.078731306
  0
VERTEX
  5
324
  8
Layer_27
  10
816.80289
  20
278.7731
  42
-0.0785048
  0
VERTEX
  5
325
  8
Layer_27
  10
816.90239
  20
278.67349
  42
-0.079086612
  0
VERTEX
  5
326
  8
Layer_27
  10
816.96629
  20
278.5481
  42
-0.079072791
  0
VERTEX
  5
327
  8
Layer_27
  10
816.98839
  20
278.409
  0
VERTEX
  5
328
  8
Layer_27
  10
816.98839
  20
268.009
  0
VERTEX
  5
329
  8
Layer_27
  10
825.48839
  20
268.009
  0
VERTEX
  5
32a
  8
Layer_27
  10
825.48839
  20
278.409
  42
-0.078610023
  0
VERTEX
  5
32b
  8
Layer_27
  10
825.51039
  20
278.5481
  42
-0.078693242
  0
VERTEX
  5
32c
  8
Layer_27
  10
825.5743
  20
278.67349
  42
-0.0785048
  0
VERTEX
  5
32d
  8
Layer_27
  10
825.67389
  20
278.7731
  42
-0.078706275
  0
VERTEX
  5
32e
  8
Layer_27
  10
825.79929
  20
278.83698
  42
-0.078610023
  0
VERTEX
  5
32f
  8
Layer_27
  10
825.93839
  20
278.85901
  42
-0.078610023
  0
VERTEX
  5
330
  8
Layer_27
  10
826.07739
  20
278.83698
  42
-0.078706275
  0
VERTEX
  5
331
  8
Layer_27
  10
826.2029
  20
278.7731
  42
-0.078570445
  0
VERTEX
  5
332
  8
Layer_27
  10
826.30238
  20
278.67349
  42
-0.07861228
  0
VERTEX
  5
333
  8
Layer_27
  10
826.36639
  20
278.5481
  42
-0.078610023
  0
VERTEX
  5
334
  8
Layer_27
  10
826.3884
  20
278.409
  0
VERTEX
  5
335
  8
Layer_27
  10
826.3884
  20
268.009
  0
VERTEX
  5
336
  8
Layer_27
  10
828.98839
  20
268.009
  0
VERTEX
  5
337
  8
Layer_27
  10
829.48839
  20
270.36749
  42
0.077824475
  0
VERTEX
  5
338
  8
Layer_27
  10
829.49159
  20
270.42999
  42
0.079812263
  0
VERTEX
  5
339
  8
Layer_27
  10
829.47539
  20
270.49039
  42
0.079186743
  0
VERTEX
  5
33a
  8
Layer_27
  10
829.44128
  20
270.54291
  42
0.078882708
  0
VERTEX
  5
33b
  8
Layer_27
  10
829.39259
  20
270.58231
  42
0.079526341
  0
VERTEX
  5
33c
  8
Layer_27
  10
829.33418
  20
270.60458
  42
0.05260617
  0
VERTEX
  5
33d
  8
Layer_27
  10
829.29269
  20
270.60898
  0
VERTEX
  5
33e
  8
Layer_27
  10
828.98839
  20
270.60898
  0
VERTEX
  5
33f
  8
Layer_27
  10
828.98839
  20
273.20898
  0
VERTEX
  5
340
  8
Layer_27
  10
831.58839
  20
273.20898
  0
VERTEX
  5
341
  8
Layer_27
  10
831.58839
  20
275.80899
  0
VERTEX
  5
342
  8
Layer_27
  10
828.98839
  20
275.80899
  0
VERTEX
  5
343
  8
Layer_27
  10
828.98839
  20
283.80899
  0
SEQEND
  0
POLYLINE
  5
345
  8
Layer_27
  62
138
  66
1
  10
0
  20
0
  30
0
  0
VERTEX
  5
345
  8
Layer_27
  10
699.09599
  20
252.66089
  0
VERTEX
  5
346
  8
Layer_27
  10
695.896
  20
252.66089
  42
-0.07871835
  0
VERTEX
  5
347
  8
Layer_27
  10
695.64879
  20
252.7001
  42
-0.079196299
  0
VERTEX
  5
348
  8
Layer_27
  10
695.42578
  20
252.81369
  42
-0.079075196
  0
VERTEX
  5
349
  8
Layer_27
  10
695.24879
  20
252.99069
  42
-0.078909814
  0
VERTEX
  5
34a
  8
Layer_27
  10
695.13509
  20
253.21368
  42
-0.078722826
  0
VERTEX
  5
34b
  8
Layer_27
  10
695.09599
  20
253.46088
  42
-0.078722826
  0
VERTEX
  5
34c
  8
Layer_27
  10
695.13509
  20
253.7081
  42
-0.078909814
  0
VERTEX
  5
34d
  8
Layer_27
  10
695.24879
  20
253.93109
  42
-0.079075196
  0
VERTEX
  5
34e
  8
Layer_27
  10
695.42578
  20
254.10809
  42
-0.078909085
  0
VERTEX
  5
34f
  8
Layer_27
  10
695.64879
  20
254.22168
  42
-0.07871835
  0
VERTEX
  5
350
  8
Layer_27
  10
695.896
  20
254.26089
  42
0.07872269
  0
VERTEX
  5
351
  8
Layer_27
  10
696.01959
  20
254.28049
  42
0.078669909
  0
VERTEX
  5
352
  8
Layer_27
  10
696.13109
  20
254.33728
  42
0.079074863
  0
VERTEX
  5
353
  8
Layer_27
  10
696.21959
  20
254.42578
  42
0.078668146
  0
VERTEX
  5
354
  8
Layer_27
  10
696.2764
  20
254.53729
  42
0.078721063
  0
VERTEX
  5
355
  8
Layer_27
  10
696.29599
  20
254.66089
  0
VERTEX
  5
356
  8
Layer_27
  10
696.29599
  20
255.26089
  42
0.078722826
  0
VERTEX
  5
357
  8
Layer_27
  10
696.2764
  20
255.38449
  42
0.078671501
  0
VERTEX
  5
358
  8
Layer_27
  10
696.21959
  20
255.496
  42
0.078598991
  0
VERTEX
  5
359
  8
Layer_27
  10
696.13109
  20
255.5845
  42
0.078675333
  0
VERTEX
  5
35a
  8
Layer_27
  10
696.01959
  20
255.6413
  42
0.078728115
  0
VERTEX
  5
35b
  8
Layer_27
  10
695.896
  20
255.66089
  42
0.078800328
  0
VERTEX
  5
35c
  8
Layer_27
  10
695.03079
  20
255.5238
  42
0.078748615
  0
VERTEX
  5
35d
  8
Layer_27
  10
694.25018
  20
255.12619
  42
0.078719007
  0
VERTEX
  5
35e
  8
Layer_27
  10
693.6308
  20
254.50668
  42
0.078709478
  0
VERTEX
  5
35f
  8
Layer_27
  10
693.23299
  20
253.7262
  42
0.078612714
  0
VERTEX
  5
360
  8
Layer_27
  10
693.09599
  20
252.8609
  42
0.078612714
  0
VERTEX
  5
361
  8
Layer_27
  10
693.23299
  20
251.99561
  42
0.07864067
  0
VERTEX
  5
362
  8
Layer_27
  10
693.63069
  20
251.21509
  42
0.07865054
  0
VERTEX
  5
363
  8
Layer_27
  10
694.25018
  20
250.59558
  42
0.078722512
  0
VERTEX
  5
364
  8
Layer_27
  10
695.03069
  20
250.198
  42
0.078693174
  0
VERTEX
  5
365
  8
Layer_27
  10
695.896
  20
250.06088
  0
VERTEX
  5
366
  8
Layer_27
  10
695.896
  20
247.46091
  0
VERTEX
  5
367
  8
Layer_27
  10
695.646
  20
247.46091
  42
0.077555588
  0
VERTEX
  5
368
  8
Layer_27
  10
695.61508
  20
247.45599
  42
0.080290027
  0
VERTEX
  5
369
  8
Layer_27
  10
695.58719
  20
247.4418
  42
0.077772366
  0
VERTEX
  5
36a
  8
Layer_27
  10
695.56509
  20
247.41968
  42
0.080261207
  0
VERTEX
  5
36b
  8
Layer_27
  10
695.55089
  20
247.39178
  42
0.079851339
  0
VERTEX
  5
36c
  8
Layer_27
  10
695.54599
  20
247.3609
  42
0.04342442
  0
VERTEX
  5
36d
  8
Layer_27
  10
695.54749
  20
247.3436
  0
VERTEX
  5
36e
  8
Layer_27
  10
695.896
  20
245.35718
  42
0.078824868
  0
VERTEX
  5
36f
  8
Layer_27
  10
695.95699
  20
245.17969
  42
0.078957125
  0
VERTEX
  5
370
  8
Layer_27
  10
696.06979
  20
245.02969
  42
0.079062048
  0
VERTEX
  5
371
  8
Layer_27
  10
696.22348
  20
244.92191
  42
0.078798236
  0
VERTEX
  5
372
  8
Layer_27
  10
696.40298
  20
244.86679
  42
0.034856175
  0
VERTEX
  5
373
  8
Layer_27
  10
696.48698
  20
244.8609
  0
VERTEX
  5
374
  8
Layer_27
  10
698.34599
  20
244.8609
  0
VERTEX
  5
375
  8
Layer_27
  10
698.34599
  20
250.06088
  42
-0.079069252
  0
VERTEX
  5
376
  8
Layer_27
  10
698.36069
  20
250.15359
  42
-0.078860867
  0
VERTEX
  5
377
  8
Layer_27
  10
698.40329
  20
250.23718
  42
-0.079493504
  0
VERTEX
  5
378
  8
Layer_27
  10
698.46959
  20
250.30359
  42
-0.078399386
  0
VERTEX
  5
379
  8
Layer_27
  10
698.55328
  20
250.34619
  42
-0.079101697
  0
VERTEX
  5
37a
  8
Layer_27
  10
698.646
  20
250.3609
  0
VERTEX
  5
37b
  8
Layer_27
  10
700.146
  20
250.3609
  42
-0.079082817
  0
VERTEX
  5
37c
  8
Layer_27
  10
700.23869
  20
250.34619
  42
-0.078898894
  0
VERTEX
  5
37d
  8
Layer_27
  10
700.3223
  20
250.30359
  42
-0.080042366
  0
VERTEX
  5
37e
  8
Layer_27
  10
700.38869
  20
250.23718
  42
-0.078918785
  0
VERTEX
  5
37f
  8
Layer_27
  10
700.43129
  20
250.15359
  42
-0.079127059
  0
VERTEX
  5
380
  8
Layer_27
  10
700.44598
  20
250.06088
  0
VERTEX
  5
381
  8
Layer_27
  10
700.44598
  20
244.8609
  0
VERTEX
  5
382
  8
Layer_27
  10
702.30499
  20
244.8609
  42
0.078723052
  0
VERTEX
  5
383
  8
Layer_27
  10
702.49039
  20
244.89029
  42
0.078601305
  0
VERTEX
  5
384
  8
Layer_27
  10
702.65768
  20
244.97549
  42
0.078384902
  0
VERTEX
  5
385
  8
Layer_27
  10
702.79039
  20
245.10818
  42
0.078601347
  0
VERTEX
  5
386
  8
Layer_27
  10
702.87558
  20
245.27548
  42
0.034776326
  0
VERTEX
  5
387
  8
Layer_27
  10
702.896
  20
245.35718
  0
VERTEX
  5
388
  8
Layer_27
  10
703.24449
  20
247.3436
  42
0.078902964
  0
VERTEX
  5
389
  8
Layer_27
  10
703.245
  20
247.37488
  42
0.080378768
  0
VERTEX
  5
38a
  8
Layer_27
  10
703.23578
  20
247.40479
  42
0.082124319
  0
VERTEX
  5
38b
  8
Layer_27
  10
703.21779
  20
247.43039
  42
0.079193689
  0
VERTEX
  5
38c
  8
Layer_27
  10
703.19289
  20
247.44919
  42
0.080241057
  0
VERTEX
  5
38d
  8
Layer_27
  10
703.1633
  20
247.45938
  42
0.043448315
  0
VERTEX
  5
38e
  8
Layer_27
  10
703.146
  20
247.46091
  0
VERTEX
  5
38f
  8
Layer_27
  10
702.896
  20
247.46091
  0
VERTEX
  5
390
  8
Layer_27
  10
702.896
  20
250.06088
  42
0.07871835
  0
VERTEX
  5
391
  8
Layer_27
  10
703.7612
  20
250.198
  42
0.078748673
  0
VERTEX
  5
392
  8
Layer_27
  10
704.54178
  20
250.59558
  42
0.07872365
  0
VERTEX
  5
393
  8
Layer_27
  10
705.16119
  20
251.21509
  42
0.078789363
  0
VERTEX
  5
394
  8
Layer_27
  10
705.5589
  20
251.99561
  42
0.078690192
  0
VERTEX
  5
395
  8
Layer_27
  10
705.69598
  20
252.8609
  42
0.078690192
  0
VERTEX
  5
396
  8
Layer_27
  10
705.5589
  20
253.7262
  42
0.078789614
  0
VERTEX
  5
397
  8
Layer_27
  10
705.16119
  20
254.50668
  42
0.07872356
  0
VERTEX
  5
398
  8
Layer_27
  10
704.54178
  20
255.12619
  42
0.078748615
  0
VERTEX
  5
399
  8
Layer_27
  10
703.7612
  20
255.5238
  42
0.078717963
  0
VERTEX
  5
39a
  8
Layer_27
  10
702.896
  20
255.66089
  42
0.078721063
  0
VERTEX
  5
39b
  8
Layer_27
  10
702.7724
  20
255.6413
  42
0.078661914
  0
VERTEX
  5
39c
  8
Layer_27
  10
702.66089
  20
255.5845
  42
0.079394668
  0
VERTEX
  5
39d
  8
Layer_27
  10
702.57239
  20
255.496
  42
0.078653027
  0
VERTEX
  5
39e
  8
Layer_27
  10
702.51559
  20
255.38449
  42
0.078722825
  0
VERTEX
  5
39f
  8
Layer_27
  10
702.49599
  20
255.26089
  0
VERTEX
  5
3a0
  8
Layer_27
  10
702.49599
  20
254.66089
  42
0.078721063
  0
VERTEX
  5
3a1
  8
Layer_27
  10
702.51559
  20
254.53729
  42
0.079129377
  0
VERTEX
  5
3a2
  8
Layer_27
  10
702.57239
  20
254.42578
  42
0.079391325
  0
VERTEX
  5
3a3
  8
Layer_27
  10
702.66089
  20
254.33728
  42
0.07865649
  0
VERTEX
  5
3a4
  8
Layer_27
  10
702.7724
  20
254.28049
  42
0.078715638
  0
VERTEX
  5
3a5
  8
Layer_27
  10
702.896
  20
254.26089
  42
-0.07871835
  0
VERTEX
  5
3a6
  8
Layer_27
  10
703.14319
  20
254.22168
  42
-0.078912611
  0
VERTEX
  5
3a7
  8
Layer_27
  10
703.36618
  20
254.10809
  42
-0.079075196
  0
VERTEX
  5
3a8
  8
Layer_27
  10
703.54318
  20
253.93109
  42
-0.078669823
  0
VERTEX
  5
3a9
  8
Layer_27
  10
703.6568
  20
253.7081
  42
-0.078722826
  0
VERTEX
  5
3aa
  8
Layer_27
  10
703.69598
  20
253.46088
  42
-0.078722826
  0
VERTEX
  5
3ab
  8
Layer_27
  10
703.6568
  20
253.21368
  42
-0.078669823
  0
VERTEX
  5
3ac
  8
Layer_27
  10
703.54318
  20
252.99069
  42
-0.079075196
  0
VERTEX
  5
3ad
  8
Layer_27
  10
703.36618
  20
252.81369
  42
-0.079199814
  0
VERTEX
  5
3ae
  8
Layer_27
  10
703.14319
  20
252.7001
  42
-0.07871835
  0
VERTEX
  5
3af
  8
Layer_27
  10
702.896
  20
252.66089
  0
VERTEX
  5
3b0
  8
Layer_27
  10
699.69598
  20
252.66089
  0
SEQEND
  0
POLYLINE
  5
3b2
  8
Layer_27
  62
138
  66
1
  10
0
  20
0
  30
0
  0
VERTEX
  5
3b2
  8
Layer_27
  10
697.04839
  20
291.23538
  42
0.069345745
  0
VERTEX
  5
3b3
  8
Layer_27
  10
697.4343
  20
289.0632
  42
0.07868637
  0
VERTEX
  5
3b4
  8
Layer_27
  10
698.57068
  20
286.8331
  42
0.078718223
  0
VERTEX
  5
3b5
  8
Layer_27
  10
700.34048
  20
285.0632
  42
0.078671861
  0
VERTEX
  5
3b6
  8
Layer_27
  10
702.57068
  20
283.92688
  42
0.07869101
  0
VERTEX
  5
3b7
  8
Layer_27
  10
705.04279
  20
283.5354
  0
VERTEX
  5
3b8
  8
Layer_27
  10
707.38858
  20
283.5354
  42
-0.089041192
  0
VERTEX
  5
3b9
  8
Layer_27
  10
708.77979
  20
283.28558
  42
-0.078724568
  0
VERTEX
  5
3ba
  8
Layer_27
  10
709.87059
  20
282.67209
  42
-0.078678694
  0
VERTEX
  5
3bb
  8
Layer_27
  10
710.71849
  20
281.75159
  42
-0.078626512
  0
VERTEX
  5
3bc
  8
Layer_27
  10
711.24039
  20
280.61411
  42
-0.078697528
  0
VERTEX
  5
3bd
  8
Layer_27
  10
711.38519
  20
279.371
  42
-0.078696906
  0
VERTEX
  5
3be
  8
Layer_27
  10
711.13879
  20
278.1441
  42
-0.068523222
  0
VERTEX
  5
3bf
  8
Layer_27
  10
706.17639
  20
268.88699
  0
VERTEX
  5
3c0
  8
Layer_27
  10
704.14899
  20
270.9144
  0
VERTEX
  5
3c1
  8
Layer_27
  10
695.6637
  20
262.4292
  0
VERTEX
  5
3c2
  8
Layer_27
  10
697.69119
  20
260.4017
  42
-0.078996082
  0
VERTEX
  5
3c3
  8
Layer_27
  10
686.91809
  20
254.9126
  42
-0.078699151
  0
VERTEX
  5
3c4
  8
Layer_27
  10
675.01979
  20
253.0354
  42
-0.078701538
  0
VERTEX
  5
3c5
  8
Layer_27
  10
663.12379
  20
254.92679
  42
-0.078700699
  0
VERTEX
  5
3c6
  8
Layer_27
  10
652.39449
  20
260.4017
  0
VERTEX
  5
3c7
  8
Layer_27
  10
654.42189
  20
262.4292
  0
VERTEX
  5
3c8
  8
Layer_27
  10
645.93658
  20
270.9144
  0
VERTEX
  5
3c9
  8
Layer_27
  10
643.90919
  20
268.88708
  42
-0.079004776
  0
VERTEX
  5
3ca
  8
Layer_27
  10
638.4201
  20
279.66
  42
-0.078701158
  0
VERTEX
  5
3cb
  8
Layer_27
  10
636.54279
  20
291.5582
  42
-0.078703544
  0
VERTEX
  5
3cc
  8
Layer_27
  10
638.4342
  20
303.45419
  42
-0.078703947
  0
VERTEX
  5
3cd
  8
Layer_27
  10
643.90919
  20
314.18369
  0
VERTEX
  5
3ce
  8
Layer_27
  10
645.93658
  20
312.15631
  0
VERTEX
  5
3cf
  8
Layer_27
  10
654.42189
  20
320.6416
  0
VERTEX
  5
3d0
  8
Layer_27
  10
652.39459
  20
322.6691
  42
-0.079006083
  0
VERTEX
  5
3d1
  8
Layer_27
  10
663.1675
  20
328.15808
  42
-0.078704982
  0
VERTEX
  5
3d2
  8
Layer_27
  10
675.0658
  20
330.0354
  42
-0.078695464
  0
VERTEX
  5
3d3
  8
Layer_27
  10
686.96179
  20
328.14398
  42
-0.078702404
  0
VERTEX
  5
3d4
  8
Layer_27
  10
697.69119
  20
322.66901
  0
VERTEX
  5
3d5
  8
Layer_27
  10
695.6637
  20
320.6416
  0
VERTEX
  5
3d6
  8
Layer_27
  10
704.14899
  20
312.15631
  0
VERTEX
  5
3d7
  8
Layer_27
  10
706.17639
  20
314.18369
  42
-0.068520748
  0
VERTEX
  5
3d8
  8
Layer_27
  10
711.13879
  20
304.9267
  42
-0.089043787
  0
VERTEX
  5
3d9
  8
Layer_27
  10
711.38858
  20
303.5354
  42
-0.078723178
  0
VERTEX
  5
3da
  8
Layer_27
  10
711.19278
  20
302.29938
  42
-0.078730543
  0
VERTEX
  5
3db
  8
Layer_27
  10
710.62459
  20
301.1843
  42
-0.078741129
  0
VERTEX
  5
3dc
  8
Layer_27
  10
709.73969
  20
300.29938
  42
-0.078712213
  0
VERTEX
  5
3dd
  8
Layer_27
  10
708.62459
  20
299.7312
  42
-0.078720303
  0
VERTEX
  5
3de
  8
Layer_27
  10
707.38858
  20
299.5354
  0
VERTEX
  5
3df
  8
Layer_27
  10
705.04279
  20
299.53549
  42
0.078690644
  0
VERTEX
  5
3e0
  8
Layer_27
  10
702.57068
  20
299.1438
  42
0.078725145
  0
VERTEX
  5
3e1
  8
Layer_27
  10
700.34048
  20
298.00751
  42
0.078719816
  0
VERTEX
  5
3e2
  8
Layer_27
  10
698.57068
  20
296.23758
  42
0.07871297
  0
VERTEX
  5
3e3
  8
Layer_27
  10
697.4343
  20
294.00751
  42
0.069356135
  0
VERTEX
  5
3e4
  8
Layer_27
  10
697.04839
  20
291.83539
  0
SEQEND
  0
POLYLINE
  5
3e6
  8
Layer_27
  62
138
  70
1
  66
1
  10
0
  20
0
  30
0
  0
VERTEX
  5
3e6
  8
Layer_27
  10
684.03
  20
266.11459
  0
VERTEX
  5
3e7
  8
Layer_27
  10
686.65941
  20
267.20367
  0
VERTEX
  5
3e8
  8
Layer_27
  10
686.66333
  20
267.20462
  0
VERTEX
  5
3e9
  8
Layer_27
  10
689.38422
  20
260.63586
  0
VERTEX
  5
3ea
  8
Layer_27
  10
689.39836
  20
260.59912
  0
VERTEX
  5
3eb
  8
Layer_27
  10
686.76712
  20
259.50919
  0
VERTEX
  5
3ec
  8
Layer_27
  10
686.76566
  20
259.5101
  0
VERTEX
  5
3ed
  8
Layer_27
  10
684.05336
  20
266.05817
  0
SEQEND
  0
POLYLINE
  5
3ef
  8
Layer_27
  62
138
  70
1
  66
1
  10
0
  20
0
  30
0
  0
VERTEX
  5
3ef
  8
Layer_27
  10
654.13278
  20
280.16541
  0
VERTEX
  5
3f0
  8
Layer_27
  10
692.33932
  20
280.16541
  0
VERTEX
  5
3f1
  8
Layer_27
  10
692.39279
  20
280.16516
  0
VERTEX
  5
3f2
  8
Layer_27
  10
692.39279
  20
277.50751
  0
VERTEX
  5
3f3
  8
Layer_27
  10
692.37933
  20
277.5054
  0
VERTEX
  5
3f4
  8
Layer_27
  10
654.14626
  20
277.5054
  0
VERTEX
  5
3f5
  8
Layer_27
  10
654.13278
  20
277.50592
  0
VERTEX
  5
3f6
  8
Layer_27
  10
654.13278
  20
280.15961
  0
SEQEND
  0
POLYLINE
  5
3f8
  8
Layer_27
  62
138
  70
1
  66
1
  10
0
  20
0
  30
0
  0
VERTEX
  5
3f8
  8
Layer_27
  10
648.11778
  20
292.96039
  0
VERTEX
  5
3f9
  8
Layer_27
  10
648.11778
  20
290.11438
  0
VERTEX
  5
3fa
  8
Layer_27
  10
648.11716
  20
290.11038
  0
VERTEX
  5
3fb
  8
Layer_27
  10
641.00716
  20
290.11038
  0
VERTEX
  5
3fc
  8
Layer_27
  10
640.96779
  20
290.11139
  0
VERTEX
  5
3fd
  8
Layer_27
  10
640.96779
  20
292.95938
  0
VERTEX
  5
3fe
  8
Layer_27
  10
640.96921
  20
292.96039
  0
VERTEX
  5
3ff
  8
Layer_27
  10
648.05673
  20
292.96039
  0
SEQEND
  0
POLYLINE
  5
401
  8
Layer_27
  62
138
  70
1
  66
1
  10
0
  20
0
  30
0
  0
VERTEX
  5
401
  8
Layer_27
  10
654.13278
  20
305.5654
  0
VERTEX
  5
402
  8
Layer_27
  10
692.33932
  20
305.5654
  0
VERTEX
  5
403
  8
Layer_27
  10
692.39279
  20
305.56516
  0
VERTEX
  5
404
  8
Layer_27
  10
692.39279
  20
302.9075
  0
VERTEX
  5
405
  8
Layer_27
  10
692.37933
  20
302.9054
  0
VERTEX
  5
406
  8
Layer_27
  10
654.14626
  20
302.9054
  0
VERTEX
  5
407
  8
Layer_27
  10
654.13278
  20
302.90591
  0
VERTEX
  5
408
  8
Layer_27
  10
654.13278
  20
305.5596
  0
SEQEND
  0
POLYLINE
  5
40a
  8
Layer_27
  62
138
  70
1
  66
1
  10
0
  20
0
  30
0
  0
VERTEX
  5
40a
  8
Layer_27
  10
686.66309
  20
315.86548
  0
VERTEX
  5
40b
  8
Layer_27
  10
684.03366
  20
316.95456
  0
VERTEX
  5
40c
  8
Layer_27
  10
684.03023
  20
316.95667
  0
VERTEX
  5
40d
  8
Layer_27
  10
686.75113
  20
323.52551
  0
VERTEX
  5
40e
  8
Layer_27
  10
686.76712
  20
323.56152
  0
VERTEX
  5
40f
  8
Layer_27
  10
689.39836
  20
322.47156
  0
VERTEX
  5
410
  8
Layer_27
  10
689.39874
  20
322.46988
  0
VERTEX
  5
411
  8
Layer_27
  10
686.68646
  20
315.92191
  0
SEQEND
  0
POLYLINE
  5
413
  8
Layer_27
  62
138
  70
1
  66
1
  10
0
  20
0
  30
0
  0
VERTEX
  5
413
  8
Layer_27
  10
673.96449
  20
260.6138
  0
VERTEX
  5
414
  8
Layer_27
  10
674.01384
  20
260.66101
  42
-0.40387603
  0
VERTEX
  5
415
  8
Layer_27
  10
676.13075
  20
260.60403
  42
-0.40390314
  0
VERTEX
  5
416
  8
Layer_27
  10
676.14975
  20
258.48651
  42
-0.40397397
  0
VERTEX
  5
417
  8
Layer_27
  10
674.03403
  20
258.39169
  42
-0.40654492
  0
VERTEX
  5
418
  8
Layer_27
  10
673.87265
  20
260.51352
  42
-0.022094469
  0
SEQEND
  0
POLYLINE
  5
41a
  8
Layer_27
  62
138
  70
1
  66
1
  10
0
  20
0
  30
0
  0
VERTEX
  5
41a
  8
Layer_27
  10
697.21439
  20
280.83868
  0
VERTEX
  5
41b
  8
Layer_27
  10
697.26375
  20
280.88593
  42
-0.40390921
  0
VERTEX
  5
41c
  8
Layer_27
  10
699.38074
  20
280.82895
  42
-0.40387969
  0
VERTEX
  5
41d
  8
Layer_27
  10
699.39975
  20
278.71152
  42
-0.40395541
  0
VERTEX
  5
41e
  8
Layer_27
  10
697.28394
  20
278.6167
  42
-0.40655457
  0
VERTEX
  5
41f
  8
Layer_27
  10
697.12257
  20
280.73843
  42
-0.021390258
  0
SEQEND
  0
POLYLINE
  5
421
  8
Layer_27
  62
138
  70
1
  66
1
  10
0
  20
0
  30
0
  0
VERTEX
  5
421
  8
Layer_27
  10
703.52859
  20
280.36789
  0
VERTEX
  5
422
  8
Layer_27
  10
703.57794
  20
280.41513
  42
-0.40393132
  0
VERTEX
  5
423
  8
Layer_27
  10
705.69495
  20
280.35815
  42
-0.40384537
  0
VERTEX
  5
424
  8
Layer_27
  10
705.71394
  20
278.2406
  42
-0.40388707
  0
VERTEX
  5
425
  8
Layer_27
  10
703.59813
  20
278.14581
  42
-0.40659136
  0
VERTEX
  5
426
  8
Layer_27
  10
703.43677
  20
280.26764
  42
-0.02213189
  0
SEQEND
  0
POLYLINE
  5
428
  8
Layer_27
  62
138
  70
1
  66
1
  10
0
  20
0
  30
0
  0
VERTEX
  5
428
  8
Layer_27
  10
697.21439
  20
304.3887
  0
VERTEX
  5
429
  8
Layer_27
  10
697.26375
  20
304.43591
  42
-0.40389277
  0
VERTEX
  5
42a
  8
Layer_27
  10
699.38074
  20
304.37894
  42
-0.40387051
  0
VERTEX
  5
42b
  8
Layer_27
  10
699.39975
  20
302.26141
  42
-0.40393311
  0
VERTEX
  5
42c
  8
Layer_27
  10
697.28394
  20
302.16663
  42
-0.40647451
  0
VERTEX
  5
42d
  8
Layer_27
  10
697.12257
  20
304.28845
  42
-0.022403065
  0
SEQEND
  0
POLYLINE
  5
42f
  8
Layer_27
  62
138
  70
1
  66
1
  10
0
  20
0
  30
0
  0
VERTEX
  5
42f
  8
Layer_27
  10
650.71449
  20
280.83868
  0
VERTEX
  5
430
  8
Layer_27
  10
650.76384
  20
280.88593
  42
-0.40393085
  0
VERTEX
  5
431
  8
Layer_27
  10
652.88084
  20
280.82895
  42
-0.40385262
  0
VERTEX
  5
432
  8
Layer_27
  10
652.89984
  20
278.71152
  42
-0.40395303
  0
VERTEX
  5
433
  8
Layer_27
  10
650.78403
  20
278.6167
  42
-0.40655804
  0
VERTEX
  5
434
  8
Layer_27
  10
650.62265
  20
280.73843
  42
-0.022193699
  0
SEQEND
  0
POLYLINE
  5
436
  8
Layer_27
  62
138
  70
1
  66
1
  10
0
  20
0
  30
0
  0
VERTEX
  5
436
  8
Layer_27
  10
644.40028
  20
304.8595
  0
VERTEX
  5
437
  8
Layer_27
  10
644.44965
  20
304.90674
  42
-0.40392647
  0
VERTEX
  5
438
  8
Layer_27
  10
646.56665
  20
304.84976
  42
-0.40391784
  0
VERTEX
  5
439
  8
Layer_27
  10
646.58565
  20
302.7323
  42
-0.40395443
  0
VERTEX
  5
43a
  8
Layer_27
  10
644.46983
  20
302.63751
  42
-0.40651339
  0
VERTEX
  5
43b
  8
Layer_27
  10
644.30847
  20
304.75925
  42
-0.021971378
  0
SEQEND
  0
POLYLINE
  5
43d
  8
Layer_27
  62
138
  70
1
  66
1
  10
0
  20
0
  30
0
  0
VERTEX
  5
43d
  8
Layer_27
  10
650.71449
  20
304.3887
  0
VERTEX
  5
43e
  8
Layer_27
  10
650.76384
  20
304.43591
  42
-0.40387884
  0
VERTEX
  5
43f
  8
Layer_27
  10
652.88084
  20
304.37894
  42
-0.40383528
  0
VERTEX
  5
440
  8
Layer_27
  10
652.89984
  20
302.26141
  42
-0.40388463
  0
VERTEX
  5
441
  8
Layer_27
  10
650.78403
  20
302.16663
  42
-0.40654823
  0
VERTEX
  5
442
  8
Layer_27
  10
650.62265
  20
304.28845
  42
-0.021917229
  0
SEQEND
  0
POLYLINE
  5
444
  8
Layer_27
  62
138
  70
1
  66
1
  10
0
  20
0
  30
0
  0
VERTEX
  5
444
  8
Layer_27
  10
673.96449
  20
324.61371
  0
VERTEX
  5
445
  8
Layer_27
  10
674.01384
  20
324.66092
  42
-0.40385584
  0
VERTEX
  5
446
  8
Layer_27
  10
676.13075
  20
324.60394
  42
-0.40386858
  0
VERTEX
  5
447
  8
Layer_27
  10
676.14975
  20
322.48642
  42
-0.40388759
  0
VERTEX
  5
448
  8
Layer_27
  10
674.03403
  20
322.3916
  42
-0.40655115
  0
VERTEX
  5
449
  8
Layer_27
  10
673.87265
  20
324.51343
  42
-0.021789227
  0
SEQEND
  0
POLYLINE
  5
44b
  8
Layer_27
  62
138
  66
1
  10
0
  20
0
  30
0
  0
VERTEX
  5
44b
  8
Layer_27
  10
742.7099
  20
292.3125
  0
VERTEX
  5
44c
  8
Layer_27
  10
742.7099
  20
284.5376
  42
-0.030525648
  0
VERTEX
  5
44d
  8
Layer_27
  10
742.67999
  20
284.04889
  42
-0.078724905
  0
VERTEX
  5
44e
  8
Layer_27
  10
742.33459
  20
282.84601
  42
-0.078666387
  0
VERTEX
  5
44f
  8
Layer_27
  10
741.63449
  20
281.80869
  42
-0.078661066
  0
VERTEX
  5
450
  8
Layer_27
  10
740.64809
  20
281.03848
  42
-0.078698345
  0
VERTEX
  5
451
  8
Layer_27
  10
739.47198
  20
280.61078
  42
-0.078678429
  0
VERTEX
  5
452
  8
Layer_27
  10
738.22119
  20
280.5675
  42
-0.078636067
  0
VERTEX
  5
453
  8
Layer_27
  10
737.01828
  20
280.91278
  42
-0.078666372
  0
VERTEX
  5
454
  8
Layer_27
  10
735.98099
  20
281.61298
  42
-0.078675129
  0
VERTEX
  5
455
  8
Layer_27
  10
735.21078
  20
282.5993
  42
0.078731742
  0
VERTEX
  5
456
  8
Layer_27
  10
734.44058
  20
283.58569
  42
0.078731785
  0
VERTEX
  5
457
  8
Layer_27
  10
733.40329
  20
284.28589
  42
0.078636067
  0
VERTEX
  5
458
  8
Layer_27
  10
732.20038
  20
284.6312
  42
0.069723416
  0
VERTEX
  5
459
  8
Layer_27
  10
731.08989
  20
284.61249
  0
VERTEX
  5
45a
  8
Layer_27
  10
720.58989
  20
284.61249
  42
0.078720303
  0
VERTEX
  5
45b
  8
Layer_27
  10
719.35388
  20
284.41669
  42
0.07868524
  0
VERTEX
  5
45c
  8
Layer_27
  10
718.2388
  20
283.8486
  42
0.078694485
  0
VERTEX
  5
45d
  8
Layer_27
  10
717.35388
  20
282.96359
  42
0.078765415
  0
VERTEX
  5
45e
  8
Layer_27
  10
716.78569
  20
281.84848
  42
0.078658802
  0
VERTEX
  5
45f
  8
Layer_27
  10
716.58989
  20
280.61258
  0
VERTEX
  5
460
  8
Layer_27
  10
716.58989
  20
278.11249
  42
0.078699883
  0
VERTEX
  5
461
  8
Layer_27
  10
718.0582
  20
268.84198
  42
0.078698383
  0
VERTEX
  5
462
  8
Layer_27
  10
722.3194
  20
260.47888
  42
0.078702801
  0
VERTEX
  5
463
  8
Layer_27
  10
728.9563
  20
253.84198
  42
0.078698213
  0
VERTEX
  5
464
  8
Layer_27
  10
737.3194
  20
249.58078
  42
0.07869993
  0
VERTEX
  5
465
  8
Layer_27
  10
746.58989
  20
248.11249
  0
VERTEX
  5
466
  8
Layer_27
  10
775.58989
  20
248.11249
  42
0.07869993
  0
VERTEX
  5
467
  8
Layer_27
  10
784.86038
  20
249.58078
  42
0.078698589
  0
VERTEX
  5
468
  8
Layer_27
  10
793.2235
  20
253.84198
  42
0.078703427
  0
VERTEX
  5
469
  8
Layer_27
  10
799.86038
  20
260.47888
  42
0.078697804
  0
VERTEX
  5
46a
  8
Layer_27
  10
804.1216
  20
268.84198
  42
0.078699304
  0
VERTEX
  5
46b
  8
Layer_27
  10
805.58989
  20
278.11249
  0
VERTEX
  5
46c
  8
Layer_27
  10
805.58989
  20
307.11249
  42
0.078699163
  0
VERTEX
  5
46d
  8
Layer_27
  10
804.1216
  20
316.383
  42
0.078697757
  0
VERTEX
  5
46e
  8
Layer_27
  10
799.86038
  20
324.74609
  42
0.078703332
  0
VERTEX
  5
46f
  8
Layer_27
  10
793.2235
  20
331.383
  42
0.07869822
  0
VERTEX
  5
470
  8
Layer_27
  10
784.86038
  20
335.6442
  42
0.07869993
  0
VERTEX
  5
471
  8
Layer_27
  10
775.58989
  20
337.11249
  0
VERTEX
  5
472
  8
Layer_27
  10
746.58989
  20
337.11249
  42
0.07869993
  0
VERTEX
  5
473
  8
Layer_27
  10
737.3194
  20
335.6442
  42
0.078697844
  0
VERTEX
  5
474
  8
Layer_27
  10
728.9563
  20
331.383
  42
0.078702705
  0
VERTEX
  5
475
  8
Layer_27
  10
722.3194
  20
324.74609
  42
0.078698336
  0
VERTEX
  5
476
  8
Layer_27
  10
718.0582
  20
316.383
  42
0.078699742
  0
VERTEX
  5
477
  8
Layer_27
  10
716.58989
  20
307.11249
  0
VERTEX
  5
478
  8
Layer_27
  10
716.58989
  20
304.61249
  42
0.078658816
  0
VERTEX
  5
479
  8
Layer_27
  10
716.78569
  20
303.3765
  42
0.078730543
  0
VERTEX
  5
47a
  8
Layer_27
  10
717.35388
  20
302.26138
  42
0.078742469
  0
VERTEX
  5
47b
  8
Layer_27
  10
718.2388
  20
301.3765
  42
0.078731056
  0
VERTEX
  5
47c
  8
Layer_27
  10
719.35388
  20
300.80829
  42
0.078720303
  0
VERTEX
  5
47d
  8
Layer_27
  10
720.58989
  20
300.61249
  0
VERTEX
  5
47e
  8
Layer_27
  10
731.08989
  20
300.61249
  42
0.078768108
  0
VERTEX
  5
47f
  8
Layer_27
  10
732.34129
  20
300.6138
  42
0.078750412
  0
VERTEX
  5
480
  8
Layer_27
  10
733.53119
  20
301.00159
  42
0.078726107
  0
VERTEX
  5
481
  8
Layer_27
  10
734.54289
  20
301.73819
  42
0.069774772
  0
VERTEX
  5
482
  8
Layer_27
  10
735.21078
  20
302.62558
  42
-0.030579824
  0
VERTEX
  5
483
  8
Layer_27
  10
735.47379
  20
303.0386
  42
-0.078694485
  0
VERTEX
  5
484
  8
Layer_27
  10
736.3588
  20
303.92349
  42
-0.078662059
  0
VERTEX
  5
485
  8
Layer_27
  10
737.47379
  20
304.4917
  42
-0.078703382
  0
VERTEX
  5
486
  8
Layer_27
  10
738.7099
  20
304.6875
  42
-0.078701973
  0
VERTEX
  5
487
  8
Layer_27
  10
739.94598
  20
304.4917
  42
-0.078662059
  0
VERTEX
  5
488
  8
Layer_27
  10
741.0611
  20
303.92349
  42
-0.078659617
  0
VERTEX
  5
489
  8
Layer_27
  10
741.94598
  20
303.0386
  42
-0.07867822
  0
VERTEX
  5
48a
  8
Layer_27
  10
742.5141
  20
301.92349
  42
-0.078718133
  0
VERTEX
  5
48b
  8
Layer_27
  10
742.7099
  20
300.6875
  0
VERTEX
  5
48c
  8
Layer_27
  10
742.7099
  20
292.91248
  0
SEQEND
  0
POLYLINE
  5
48e
  8
Layer_27
  62
138
  70
1
  66
1
  10
0
  20
0
  30
0
  0
VERTEX
  5
48e
  8
Layer_27
  10
796.67828
  20
316.3215
  0
VERTEX
  5
48f
  8
Layer_27
  10
788.21619
  20
307.85938
  42
0.078570232
  0
VERTEX
  5
490
  8
Layer_27
  10
788.17938
  20
307.80878
  42
0.078284525
  0
VERTEX
  5
491
  8
Layer_27
  10
788.1601
  20
307.7493
  42
0.079105678
  0
VERTEX
  5
492
  8
Layer_27
  10
788.1601
  20
307.68671
  42
0.077562098
  0
VERTEX
  5
493
  8
Layer_27
  10
788.17938
  20
307.6272
  42
0.078570232
  0
VERTEX
  5
494
  8
Layer_27
  10
788.21619
  20
307.5766
  42
0.078432419
  0
VERTEX
  5
495
  8
Layer_27
  10
788.26689
  20
307.53979
  42
0.079547392
  0
VERTEX
  5
496
  8
Layer_27
  10
788.32639
  20
307.52051
  42
0.079299152
  0
VERTEX
  5
497
  8
Layer_27
  10
788.38889
  20
307.52051
  42
0.079463957
  0
VERTEX
  5
498
  8
Layer_27
  10
788.44839
  20
307.53979
  42
0.079336829
  0
VERTEX
  5
499
  8
Layer_27
  10
788.49899
  20
307.5766
  0
VERTEX
  5
49a
  8
Layer_27
  10
796.9612
  20
316.0387
  42
0.078804043
  0
VERTEX
  5
49b
  8
Layer_27
  10
796.99789
  20
316.08929
  42
0.079424433
  0
VERTEX
  5
49c
  8
Layer_27
  10
797.01729
  20
316.1488
  42
0.078717118
  0
VERTEX
  5
49d
  8
Layer_27
  10
797.01729
  20
316.2114
  42
0.078698334
  0
VERTEX
  5
49e
  8
Layer_27
  10
796.99789
  20
316.27087
  42
0.077964089
  0
VERTEX
  5
49f
  8
Layer_27
  10
796.9612
  20
316.3215
  42
0.078432419
  0
VERTEX
  5
4a0
  8
Layer_27
  10
796.91049
  20
316.35828
  42
0.079321304
  0
VERTEX
  5
4a1
  8
Layer_27
  10
796.85098
  20
316.37759
  42
0.078745639
  0
VERTEX
  5
4a2
  8
Layer_27
  10
796.78839
  20
316.37759
  42
0.078622339
  0
VERTEX
  5
4a3
  8
Layer_27
  10
796.7289
  20
316.35828
  42
0.077934397
  0
SEQEND
  0
POLYLINE
  5
4a5
  8
Layer_27
  62
138
  70
1
  66
1
  10
0
  20
0
  30
0
  0
VERTEX
  5
4a5
  8
Layer_27
  10
795.1227
  20
317.87708
  0
VERTEX
  5
4a6
  8
Layer_27
  10
786.66058
  20
309.4151
  42
-0.079039645
  0
VERTEX
  5
4a7
  8
Layer_27
  10
786.60999
  20
309.3783
  42
-0.078884653
  0
VERTEX
  5
4a8
  8
Layer_27
  10
786.55038
  20
309.35889
  42
-0.076946796
  0
VERTEX
  5
4a9
  8
Layer_27
  10
786.48788
  20
309.35889
  42
-0.079466144
  0
VERTEX
  5
4aa
  8
Layer_27
  10
786.42839
  20
309.3783
  42
-0.080310686
  0
VERTEX
  5
4ab
  8
Layer_27
  10
786.37779
  20
309.4151
  42
-0.079838257
  0
VERTEX
  5
4ac
  8
Layer_27
  10
786.34099
  20
309.4657
  42
-0.079424433
  0
VERTEX
  5
4ad
  8
Layer_27
  10
786.32159
  20
309.52521
  42
-0.076584124
  0
VERTEX
  5
4ae
  8
Layer_27
  10
786.32159
  20
309.5878
  42
-0.078698334
  0
VERTEX
  5
4af
  8
Layer_27
  10
786.34099
  20
309.64728
  42
-0.078998164
  0
VERTEX
  5
4b0
  8
Layer_27
  10
786.37779
  20
309.69788
  0
VERTEX
  5
4b1
  8
Layer_27
  10
790.05469
  20
313.37488
  0
VERTEX
  5
4b2
  8
Layer_27
  10
781.85229
  20
321.5773
  0
VERTEX
  5
4b3
  8
Layer_27
  10
778.17529
  20
317.90039
  42
-0.078909508
  0
VERTEX
  5
4b4
  8
Layer_27
  10
778.12469
  20
317.86359
  42
-0.078793696
  0
VERTEX
  5
4b5
  8
Layer_27
  10
778.06519
  20
317.84418
  42
-0.078925666
  0
VERTEX
  5
4b6
  8
Layer_27
  10
778.00259
  20
317.84418
  42
-0.079463957
  0
VERTEX
  5
4b7
  8
Layer_27
  10
777.94308
  20
317.86359
  42
-0.079813985
  0
VERTEX
  5
4b8
  8
Layer_27
  10
777.89249
  20
317.90039
  42
-0.080246254
  0
VERTEX
  5
4b9
  8
Layer_27
  10
777.85568
  20
317.95099
  42
-0.079424433
  0
VERTEX
  5
4ba
  8
Layer_27
  10
777.83629
  20
318.0105
  42
-0.076946786
  0
VERTEX
  5
4bb
  8
Layer_27
  10
777.83629
  20
318.073
  42
-0.078898913
  0
VERTEX
  5
4bc
  8
Layer_27
  10
777.85568
  20
318.1326
  42
-0.078869359
  0
VERTEX
  5
4bd
  8
Layer_27
  10
777.89249
  20
318.1832
  0
VERTEX
  5
4be
  8
Layer_27
  10
786.35449
  20
326.64529
  42
-0.077803913
  0
VERTEX
  5
4bf
  8
Layer_27
  10
786.4052
  20
326.6821
  42
-0.078317559
  0
VERTEX
  5
4c0
  8
Layer_27
  10
786.46469
  20
326.70139
  42
-0.078745639
  0
VERTEX
  5
4c1
  8
Layer_27
  10
786.52728
  20
326.70139
  42
-0.07756744
  0
VERTEX
  5
4c2
  8
Layer_27
  10
786.58679
  20
326.6821
  42
-0.07701119
  0
VERTEX
  5
4c3
  8
Layer_27
  10
786.63739
  20
326.64529
  42
-0.078473716
  0
VERTEX
  5
4c4
  8
Layer_27
  10
786.67419
  20
326.5946
  42
-0.078104526
  0
VERTEX
  5
4c5
  8
Layer_27
  10
786.6935
  20
326.5351
  42
-0.079103889
  0
VERTEX
  5
4c6
  8
Layer_27
  10
786.6935
  20
326.4726
  42
-0.078118848
  0
VERTEX
  5
4c7
  8
Layer_27
  10
786.67419
  20
326.41309
  42
-0.078432386
  0
VERTEX
  5
4c8
  8
Layer_27
  10
786.63739
  20
326.3624
  0
VERTEX
  5
4c9
  8
Layer_27
  10
783.87968
  20
323.60468
  0
VERTEX
  5
4ca
  8
Layer_27
  10
792.08209
  20
315.40228
  0
VERTEX
  5
4cb
  8
Layer_27
  10
794.83978
  20
318.15997
  42
-0.078432419
  0
VERTEX
  5
4cc
  8
Layer_27
  10
794.89049
  20
318.19678
  42
-0.078263256
  0
VERTEX
  5
4cd
  8
Layer_27
  10
794.95
  20
318.21609
  42
-0.079118294
  0
VERTEX
  5
4ce
  8
Layer_27
  10
795.0125
  20
318.21609
  42
-0.078234685
  0
VERTEX
  5
4cf
  8
Layer_27
  10
795.07199
  20
318.19678
  42
-0.078432419
  0
VERTEX
  5
4d0
  8
Layer_27
  10
795.1227
  20
318.15997
  42
-0.07789269
  0
VERTEX
  5
4d1
  8
Layer_27
  10
795.15948
  20
318.10938
  42
-0.077739115
  0
VERTEX
  5
4d2
  8
Layer_27
  10
795.17879
  20
318.0499
  42
-0.078731378
  0
VERTEX
  5
4d3
  8
Layer_27
  10
795.17879
  20
317.9873
  42
-0.078447679
  0
VERTEX
  5
4d4
  8
Layer_27
  10
795.15948
  20
317.9278
  42
-0.078473716
  0
SEQEND
  0
POLYLINE
  5
4d6
  8
Layer_27
  62
138
  70
1
  66
1
  10
0
  20
0
  30
0
  0
VERTEX
  5
4d6
  8
Layer_27
  10
796.9612
  20
269.18628
  0
VERTEX
  5
4d7
  8
Layer_27
  10
788.49899
  20
277.64838
  42
0.079296338
  0
VERTEX
  5
4d8
  8
Layer_27
  10
788.44839
  20
277.68518
  42
0.080549585
  0
VERTEX
  5
4d9
  8
Layer_27
  10
788.38889
  20
277.7045
  42
0.079208725
  0
VERTEX
  5
4da
  8
Layer_27
  10
788.32639
  20
277.7045
  42
0.080633015
  0
VERTEX
  5
4db
  8
Layer_27
  10
788.26689
  20
277.68518
  42
0.078391934
  0
VERTEX
  5
4dc
  8
Layer_27
  10
788.21619
  20
277.64838
  42
0.079110486
  0
VERTEX
  5
4dd
  8
Layer_27
  10
788.17938
  20
277.59778
  42
0.078270951
  0
VERTEX
  5
4de
  8
Layer_27
  10
788.1601
  20
277.5383
  42
0.079098514
  0
VERTEX
  5
4df
  8
Layer_27
  10
788.1601
  20
277.47571
  42
0.078291656
  0
VERTEX
  5
4e0
  8
Layer_27
  10
788.17938
  20
277.4162
  42
0.078602651
  0
VERTEX
  5
4e1
  8
Layer_27
  10
788.21619
  20
277.3656
  0
VERTEX
  5
4e2
  8
Layer_27
  10
796.67828
  20
268.9035
  42
0.077914098
  0
VERTEX
  5
4e3
  8
Layer_27
  10
796.7289
  20
268.8667
  42
0.07761036
  0
VERTEX
  5
4e4
  8
Layer_27
  10
796.78839
  20
268.84738
  42
0.078835654
  0
VERTEX
  5
4e5
  8
Layer_27
  10
796.85098
  20
268.84738
  42
0.078306129
  0
VERTEX
  5
4e6
  8
Layer_27
  10
796.91049
  20
268.8667
  42
0.078412176
  0
VERTEX
  5
4e7
  8
Layer_27
  10
796.9612
  20
268.9035
  42
0.077964089
  0
VERTEX
  5
4e8
  8
Layer_27
  10
796.99789
  20
268.9541
  42
0.078691598
  0
VERTEX
  5
4e9
  8
Layer_27
  10
797.01729
  20
269.01358
  42
0.078924793
  0
VERTEX
  5
4ea
  8
Layer_27
  10
797.01729
  20
269.0762
  42
0.079417576
  0
VERTEX
  5
4eb
  8
Layer_27
  10
796.99789
  20
269.13568
  42
0.078804043
  0
SEQEND
  0
POLYLINE
  5
4ed
  8
Layer_27
  62
138
  66
1
  10
0
  20
0
  30
0
  0
VERTEX
  5
4ed
  8
Layer_27
  10
776.33679
  20
319.7388
  0
VERTEX
  5
4ee
  8
Layer_27
  10
784.79889
  20
328.2009
  42
0.078021476
  0
VERTEX
  5
4ef
  8
Layer_27
  10
784.83569
  20
328.2515
  42
0.079784288
  0
VERTEX
  5
4f0
  8
Layer_27
  10
784.855
  20
328.31097
  42
0.078731378
  0
VERTEX
  5
4f1
  8
Layer_27
  10
784.855
  20
328.3736
  42
0.080519466
  0
VERTEX
  5
4f2
  8
Layer_27
  10
784.83569
  20
328.43311
  42
0.078561183
  0
VERTEX
  5
4f3
  8
Layer_27
  10
784.79889
  20
328.4838
  42
0.078909043
  0
VERTEX
  5
4f4
  8
Layer_27
  10
784.74829
  20
328.52051
  42
0.078593478
  0
VERTEX
  5
4f5
  8
Layer_27
  10
784.6888
  20
328.53989
  42
0.078717128
  0
VERTEX
  5
4f6
  8
Layer_27
  10
784.62619
  20
328.53989
  42
0.079376122
  0
VERTEX
  5
4f7
  8
Layer_27
  10
784.5667
  20
328.52051
  42
0.078991926
  0
VERTEX
  5
4f8
  8
Layer_27
  10
784.51608
  20
328.4838
  0
VERTEX
  5
4f9
  8
Layer_27
  10
776.05399
  20
320.02161
  0
SEQEND
  0
POLYLINE
  5
4fb
  8
Layer_27
  62
138
  66
1
  10
0
  20
0
  30
0
  0
VERTEX
  5
4fb
  8
Layer_27
  10
746.12579
  20
320.02161
  0
VERTEX
  5
4fc
  8
Layer_27
  10
737.6637
  20
328.4838
  42
0.078950498
  0
VERTEX
  5
4fd
  8
Layer_27
  10
737.6131
  20
328.52051
  42
0.079334411
  0
VERTEX
  5
4fe
  8
Layer_27
  10
737.55359
  20
328.53989
  42
0.078931959
  0
VERTEX
  5
4ff
  8
Layer_27
  10
737.49109
  20
328.53989
  42
0.078794639
  0
VERTEX
  5
500
  8
Layer_27
  10
737.43149
  20
328.52051
  42
0.078110522
  0
VERTEX
  5
501
  8
Layer_27
  10
737.38089
  20
328.4838
  42
0.078496801
  0
VERTEX
  5
502
  8
Layer_27
  10
737.34409
  20
328.43311
  42
0.078461939
  0
VERTEX
  5
503
  8
Layer_27
  10
737.3248
  20
328.3736
  42
0.078911374
  0
VERTEX
  5
504
  8
Layer_27
  10
737.3248
  20
328.31097
  42
0.077724724
  0
VERTEX
  5
505
  8
Layer_27
  10
737.34409
  20
328.2515
  42
0.077957099
  0
VERTEX
  5
506
  8
Layer_27
  10
737.38089
  20
328.2009
  0
VERTEX
  5
507
  8
Layer_27
  10
745.84299
  20
319.7388
  0
SEQEND
  0
POLYLINE
  5
509
  8
Layer_27
  62
138
  66
1
  10
0
  20
0
  30
0
  0
VERTEX
  5
509
  8
Layer_27
  10
744.00449
  20
317.90039
  0
VERTEX
  5
50a
  8
Layer_27
  10
740.32759
  20
321.5773
  0
VERTEX
  5
50b
  8
Layer_27
  10
732.12509
  20
313.37488
  0
VERTEX
  5
50c
  8
Layer_27
  10
735.80209
  20
309.69788
  42
-0.077052421
  0
VERTEX
  5
50d
  8
Layer_27
  10
735.8389
  20
309.64728
  42
-0.077553017
  0
VERTEX
  5
50e
  8
Layer_27
  10
735.85818
  20
309.5878
  42
-0.078745639
  0
VERTEX
  5
50f
  8
Layer_27
  10
735.85818
  20
309.52521
  42
-0.078276109
  0
VERTEX
  5
510
  8
Layer_27
  10
735.8389
  20
309.4657
  42
-0.077892258
  0
VERTEX
  5
511
  8
Layer_27
  10
735.80209
  20
309.4151
  42
-0.079470529
  0
VERTEX
  5
512
  8
Layer_27
  10
735.75139
  20
309.3783
  42
-0.079252493
  0
VERTEX
  5
513
  8
Layer_27
  10
735.69199
  20
309.35889
  42
-0.076570246
  0
VERTEX
  5
514
  8
Layer_27
  10
735.62939
  20
309.35889
  42
-0.079424433
  0
VERTEX
  5
515
  8
Layer_27
  10
735.56989
  20
309.3783
  42
-0.079511633
  0
VERTEX
  5
516
  8
Layer_27
  10
735.5192
  20
309.4151
  0
VERTEX
  5
517
  8
Layer_27
  10
727.05719
  20
317.87708
  42
-0.079592937
  0
VERTEX
  5
518
  8
Layer_27
  10
727.02039
  20
317.9278
  42
-0.079505661
  0
VERTEX
  5
519
  8
Layer_27
  10
727.00099
  20
317.9873
  42
-0.078911374
  0
VERTEX
  5
51a
  8
Layer_27
  10
727.00099
  20
318.0499
  42
-0.078793696
  0
VERTEX
  5
51b
  8
Layer_27
  10
727.02039
  20
318.10938
  42
-0.079015349
  0
VERTEX
  5
51c
  8
Layer_27
  10
727.05719
  20
318.15997
  42
-0.079336829
  0
VERTEX
  5
51d
  8
Layer_27
  10
727.10779
  20
318.19678
  42
-0.078276109
  0
VERTEX
  5
51e
  8
Layer_27
  10
727.1673
  20
318.21609
  42
-0.079118284
  0
VERTEX
  5
51f
  8
Layer_27
  10
727.2298
  20
318.21609
  42
-0.077739713
  0
VERTEX
  5
520
  8
Layer_27
  10
727.2894
  20
318.19678
  42
-0.077957099
  0
VERTEX
  5
521
  8
Layer_27
  10
727.34
  20
318.15997
  0
VERTEX
  5
522
  8
Layer_27
  10
730.09769
  20
315.40228
  0
VERTEX
  5
523
  8
Layer_27
  10
738.30008
  20
323.60468
  0
VERTEX
  5
524
  8
Layer_27
  10
735.54239
  20
326.3624
  42
-0.078711796
  0
VERTEX
  5
525
  8
Layer_27
  10
735.50569
  20
326.41309
  42
-0.079429931
  0
VERTEX
  5
526
  8
Layer_27
  10
735.4863
  20
326.4726
  42
-0.079284715
  0
VERTEX
  5
527
  8
Layer_27
  10
735.4863
  20
326.5351
  42
-0.079415638
  0
VERTEX
  5
528
  8
Layer_27
  10
735.50569
  20
326.5946
  42
-0.078752875
  0
VERTEX
  5
529
  8
Layer_27
  10
735.54239
  20
326.64529
  42
-0.077117252
  0
VERTEX
  5
52a
  8
Layer_27
  10
735.59299
  20
326.6821
  42
-0.077553017
  0
VERTEX
  5
52b
  8
Layer_27
  10
735.6525
  20
326.70139
  42
-0.078931959
  0
VERTEX
  5
52c
  8
Layer_27
  10
735.71509
  20
326.70139
  42
-0.078290399
  0
VERTEX
  5
52d
  8
Layer_27
  10
735.7746
  20
326.6821
  42
-0.077656883
  0
VERTEX
  5
52e
  8
Layer_27
  10
735.82529
  20
326.64529
  0
VERTEX
  5
52f
  8
Layer_27
  10
744.28738
  20
318.1832
  0
SEQEND
  0
POLYLINE
  5
531
  8
Layer_27
  62
138
  70
1
  66
1
  10
0
  20
0
  30
0
  0
VERTEX
  5
531
  8
Layer_27
  10
786.35449
  20
258.5798
  0
VERTEX
  5
532
  8
Layer_27
  10
777.89249
  20
267.04178
  42
-0.079406104
  0
VERTEX
  5
533
  8
Layer_27
  10
777.85568
  20
267.0925
  42
-0.079421141
  0
VERTEX
  5
534
  8
Layer_27
  10
777.83629
  20
267.15198
  42
-0.076761982
  0
VERTEX
  5
535
  8
Layer_27
  10
777.83629
  20
267.2146
  42
-0.079241698
  0
VERTEX
  5
536
  8
Layer_27
  10
777.85568
  20
267.27399
  42
-0.079406104
  0
VERTEX
  5
537
  8
Layer_27
  10
777.89249
  20
267.32471
  42
-0.078973894
  0
VERTEX
  5
538
  8
Layer_27
  10
777.94308
  20
267.36139
  42
-0.079378344
  0
VERTEX
  5
539
  8
Layer_27
  10
778.00259
  20
267.3808
  42
-0.078835654
  0
VERTEX
  5
53a
  8
Layer_27
  10
778.06519
  20
267.3808
  42
-0.078708019
  0
VERTEX
  5
53b
  8
Layer_27
  10
778.12469
  20
267.36139
  42
-0.078069537
  0
VERTEX
  5
53c
  8
Layer_27
  10
778.17529
  20
267.32471
  0
VERTEX
  5
53d
  8
Layer_27
  10
781.85229
  20
263.64771
  0
VERTEX
  5
53e
  8
Layer_27
  10
790.05469
  20
271.85019
  0
VERTEX
  5
53f
  8
Layer_27
  10
786.37779
  20
275.5271
  42
-0.078998164
  0
VERTEX
  5
540
  8
Layer_27
  10
786.34099
  20
275.5777
  42
-0.078677665
  0
VERTEX
  5
541
  8
Layer_27
  10
786.32159
  20
275.63721
  42
-0.076577184
  0
VERTEX
  5
542
  8
Layer_27
  10
786.32159
  20
275.6998
  42
-0.079431565
  0
VERTEX
  5
543
  8
Layer_27
  10
786.34099
  20
275.75928
  42
-0.080407513
  0
VERTEX
  5
544
  8
Layer_27
  10
786.37779
  20
275.80988
  42
-0.08039202
  0
VERTEX
  5
545
  8
Layer_27
  10
786.42839
  20
275.84668
  42
-0.079461759
  0
VERTEX
  5
546
  8
Layer_27
  10
786.48788
  20
275.86609
  42
-0.079208725
  0
VERTEX
  5
547
  8
Layer_27
  10
786.55038
  20
275.86609
  42
-0.078880133
  0
VERTEX
  5
548
  8
Layer_27
  10
786.60999
  20
275.84668
  42
-0.079121199
  0
VERTEX
  5
549
  8
Layer_27
  10
786.66058
  20
275.80988
  0
VERTEX
  5
54a
  8
Layer_27
  10
795.1227
  20
267.3479
  42
-0.078442721
  0
VERTEX
  5
54b
  8
Layer_27
  10
795.15948
  20
267.29718
  42
-0.078451245
  0
VERTEX
  5
54c
  8
Layer_27
  10
795.17879
  20
267.2377
  42
-0.078924793
  0
VERTEX
  5
54d
  8
Layer_27
  10
795.17879
  20
267.17508
  42
-0.077718047
  0
VERTEX
  5
54e
  8
Layer_27
  10
795.15948
  20
267.1156
  42
-0.077908789
  0
VERTEX
  5
54f
  8
Layer_27
  10
795.1227
  20
267.065
  42
-0.07757227
  0
VERTEX
  5
550
  8
Layer_27
  10
795.07199
  20
267.0282
  42
-0.078300075
  0
VERTEX
  5
551
  8
Layer_27
  10
795.0125
  20
267.00888
  42
-0.079208725
  0
VERTEX
  5
552
  8
Layer_27
  10
794.95
  20
267.00888
  42
-0.078328615
  0
VERTEX
  5
553
  8
Layer_27
  10
794.89049
  20
267.0282
  42
-0.07757227
  0
VERTEX
  5
554
  8
Layer_27
  10
794.83978
  20
267.065
  0
VERTEX
  5
555
  8
Layer_27
  10
792.08209
  20
269.82269
  0
VERTEX
  5
556
  8
Layer_27
  10
783.87968
  20
261.6203
  0
VERTEX
  5
557
  8
Layer_27
  10
786.63739
  20
258.86258
  42
-0.078442721
  0
VERTEX
  5
558
  8
Layer_27
  10
786.67419
  20
258.81189
  42
-0.078109898
  0
VERTEX
  5
559
  8
Layer_27
  10
786.6935
  20
258.75238
  42
-0.079112884
  0
VERTEX
  5
55a
  8
Layer_27
  10
786.6935
  20
258.68988
  42
-0.078108108
  0
VERTEX
  5
55b
  8
Layer_27
  10
786.67419
  20
258.6304
  42
-0.07928568
  0
VERTEX
  5
55c
  8
Layer_27
  10
786.63739
  20
258.5798
  42
-0.078889108
  0
VERTEX
  5
55d
  8
Layer_27
  10
786.58679
  20
258.543
  42
-0.078687776
  0
VERTEX
  5
55e
  8
Layer_27
  10
786.52728
  20
258.52359
  42
-0.078835654
  0
VERTEX
  5
55f
  8
Layer_27
  10
786.46469
  20
258.52359
  42
-0.079441446
  0
VERTEX
  5
560
  8
Layer_27
  10
786.4052
  20
258.543
  42
-0.079678098
  0
SEQEND
  0
POLYLINE
  5
562
  8
Layer_27
  62
138
  70
1
  66
1
  10
0
  20
0
  30
0
  0
VERTEX
  5
562
  8
Layer_27
  10
784.79889
  20
257.02408
  0
VERTEX
  5
563
  8
Layer_27
  10
776.33679
  20
265.48621
  42
0.078735037
  0
VERTEX
  5
564
  8
Layer_27
  10
776.28619
  20
265.52298
  42
0.078300075
  0
VERTEX
  5
565
  8
Layer_27
  10
776.22668
  20
265.5423
  42
0.078835654
  0
VERTEX
  5
566
  8
Layer_27
  10
776.16409
  20
265.5423
  42
0.077632953
  0
VERTEX
  5
567
  8
Layer_27
  10
776.10458
  20
265.52298
  42
0.077830713
  0
VERTEX
  5
568
  8
Layer_27
  10
776.05399
  20
265.48621
  42
0.07789269
  0
VERTEX
  5
569
  8
Layer_27
  10
776.0172
  20
265.43561
  42
0.078849899
  0
VERTEX
  5
56a
  8
Layer_27
  10
775.99789
  20
265.3761
  42
0.079282049
  0
VERTEX
  5
56b
  8
Layer_27
  10
775.99789
  20
265.31348
  42
0.079590429
  0
VERTEX
  5
56c
  8
Layer_27
  10
776.0172
  20
265.254
  42
0.079298954
  0
VERTEX
  5
56d
  8
Layer_27
  10
776.05399
  20
265.2034
  0
VERTEX
  5
56e
  8
Layer_27
  10
784.51608
  20
256.74118
  42
0.079028282
  0
VERTEX
  5
56f
  8
Layer_27
  10
784.5667
  20
256.7045
  42
0.08062397
  0
VERTEX
  5
570
  8
Layer_27
  10
784.62619
  20
256.68518
  42
0.0811678
  0
VERTEX
  5
571
  8
Layer_27
  10
784.6888
  20
256.68518
  42
0.079847136
  0
VERTEX
  5
572
  8
Layer_27
  10
784.74829
  20
256.7045
  42
0.078945389
  0
VERTEX
  5
573
  8
Layer_27
  10
784.79889
  20
256.74118
  42
0.078566351
  0
VERTEX
  5
574
  8
Layer_27
  10
784.83569
  20
256.7919
  42
0.080509052
  0
VERTEX
  5
575
  8
Layer_27
  10
784.855
  20
256.85138
  42
0.078736724
  0
VERTEX
  5
576
  8
Layer_27
  10
784.855
  20
256.914
  42
0.08032765
  0
VERTEX
  5
577
  8
Layer_27
  10
784.83569
  20
256.97348
  42
0.078034737
  0
SEQEND
  0
POLYLINE
  5
579
  8
Layer_27
  62
138
  70
1
  66
1
  10
0
  20
0
  30
0
  0
VERTEX
  5
579
  8
Layer_27
  10
737.6637
  20
256.74118
  0
VERTEX
  5
57a
  8
Layer_27
  10
746.12579
  20
265.2034
  42
0.080354076
  0
VERTEX
  5
57b
  8
Layer_27
  10
746.1626
  20
265.254
  42
0.080509052
  0
VERTEX
  5
57c
  8
Layer_27
  10
746.18188
  20
265.31348
  42
0.078921227
  0
VERTEX
  5
57d
  8
Layer_27
  10
746.18188
  20
265.3761
  42
0.079773951
  0
VERTEX
  5
57e
  8
Layer_27
  10
746.1626
  20
265.43561
  42
0.078950929
  0
VERTEX
  5
57f
  8
Layer_27
  10
746.12579
  20
265.48621
  42
0.079316582
  0
VERTEX
  5
580
  8
Layer_27
  10
746.0752
  20
265.52298
  42
0.078355779
  0
VERTEX
  5
581
  8
Layer_27
  10
746.01569
  20
265.5423
  42
0.078821378
  0
VERTEX
  5
582
  8
Layer_27
  10
745.95309
  20
265.5423
  42
0.077618546
  0
VERTEX
  5
583
  8
Layer_27
  10
745.89359
  20
265.52298
  42
0.078776749
  0
VERTEX
  5
584
  8
Layer_27
  10
745.84299
  20
265.48621
  0
VERTEX
  5
585
  8
Layer_27
  10
737.38089
  20
257.02408
  42
0.07797036
  0
VERTEX
  5
586
  8
Layer_27
  10
737.34409
  20
256.97348
  42
0.078264973
  0
VERTEX
  5
587
  8
Layer_27
  10
737.3248
  20
256.914
  42
0.078916731
  0
VERTEX
  5
588
  8
Layer_27
  10
737.3248
  20
256.85138
  42
0.078451245
  0
VERTEX
  5
589
  8
Layer_27
  10
737.34409
  20
256.7919
  42
0.078501969
  0
VERTEX
  5
58a
  8
Layer_27
  10
737.38089
  20
256.74118
  42
0.078146867
  0
VERTEX
  5
58b
  8
Layer_27
  10
737.43149
  20
256.7045
  42
0.080042305
  0
VERTEX
  5
58c
  8
Layer_27
  10
737.49109
  20
256.68518
  42
0.081389144
  0
VERTEX
  5
58d
  8
Layer_27
  10
737.55359
  20
256.68518
  42
0.080582246
  0
VERTEX
  5
58e
  8
Layer_27
  10
737.6131
  20
256.7045
  42
0.078986849
  0
SEQEND
  0
POLYLINE
  5
590
  8
Layer_27
  62
138
  70
1
  66
1
  10
0
  20
0
  30
0
  0
VERTEX
  5
590
  8
Layer_27
  10
725.21869
  20
316.0387
  0
VERTEX
  5
591
  8
Layer_27
  10
733.68079
  20
307.5766
  42
0.079336829
  0
VERTEX
  5
592
  8
Layer_27
  10
733.73138
  20
307.53979
  42
0.079505661
  0
VERTEX
  5
593
  8
Layer_27
  10
733.79089
  20
307.52051
  42
0.079083682
  0
VERTEX
  5
594
  8
Layer_27
  10
733.85349
  20
307.52051
  42
0.078779302
  0
VERTEX
  5
595
  8
Layer_27
  10
733.91299
  20
307.53979
  42
0.077957099
  0
VERTEX
  5
596
  8
Layer_27
  10
733.96359
  20
307.5766
  42
0.078797056
  0
VERTEX
  5
597
  8
Layer_27
  10
734.0004
  20
307.6272
  42
0.077553017
  0
VERTEX
  5
598
  8
Layer_27
  10
734.01968
  20
307.68671
  42
0.078745639
  0
VERTEX
  5
599
  8
Layer_27
  10
734.01968
  20
307.7493
  42
0.078276109
  0
VERTEX
  5
59a
  8
Layer_27
  10
734.0004
  20
307.80878
  42
0.078797056
  0
VERTEX
  5
59b
  8
Layer_27
  10
733.96359
  20
307.85938
  0
VERTEX
  5
59c
  8
Layer_27
  10
725.5015
  20
316.3215
  42
0.077957099
  0
VERTEX
  5
59d
  8
Layer_27
  10
725.4509
  20
316.35828
  42
0.079348705
  0
VERTEX
  5
59e
  8
Layer_27
  10
725.39139
  20
316.37759
  42
0.078745639
  0
VERTEX
  5
59f
  8
Layer_27
  10
725.3288
  20
316.37759
  42
0.079334411
  0
VERTEX
  5
5a0
  8
Layer_27
  10
725.26929
  20
316.35828
  42
0.079336829
  0
VERTEX
  5
5a1
  8
Layer_27
  10
725.21869
  20
316.3215
  42
0.079015349
  0
VERTEX
  5
5a2
  8
Layer_27
  10
725.18188
  20
316.27087
  42
0.079955842
  0
VERTEX
  5
5a3
  8
Layer_27
  10
725.1626
  20
316.2114
  42
0.081235199
  0
VERTEX
  5
5a4
  8
Layer_27
  10
725.1626
  20
316.1488
  42
0.080676991
  0
VERTEX
  5
5a5
  8
Layer_27
  10
725.18188
  20
316.08929
  42
0.079855446
  0
SEQEND
  0
POLYLINE
  5
5a7
  8
Layer_27
  62
138
  70
1
  66
1
  10
0
  20
0
  30
0
  0
VERTEX
  5
5a7
  8
Layer_27
  10
727.05719
  20
267.3479
  0
VERTEX
  5
5a8
  8
Layer_27
  10
735.5192
  20
275.80988
  42
-0.079592937
  0
VERTEX
  5
5a9
  8
Layer_27
  10
735.56989
  20
275.84668
  42
-0.079420038
  0
VERTEX
  5
5aa
  8
Layer_27
  10
735.62939
  20
275.86609
  42
-0.078821378
  0
VERTEX
  5
5ab
  8
Layer_27
  10
735.69199
  20
275.86609
  42
-0.079247909
  0
VERTEX
  5
5ac
  8
Layer_27
  10
735.75139
  20
275.84668
  42
-0.079551852
  0
VERTEX
  5
5ad
  8
Layer_27
  10
735.80209
  20
275.80988
  42
-0.078464373
  0
VERTEX
  5
5ae
  8
Layer_27
  10
735.8389
  20
275.75928
  42
-0.078283255
  0
VERTEX
  5
5af
  8
Layer_27
  10
735.85818
  20
275.6998
  42
-0.078738507
  0
VERTEX
  5
5b0
  8
Layer_27
  10
735.85818
  20
275.63721
  42
-0.077532478
  0
VERTEX
  5
5b1
  8
Layer_27
  10
735.8389
  20
275.5777
  42
-0.077052421
  0
VERTEX
  5
5b2
  8
Layer_27
  10
735.80209
  20
275.5271
  0
VERTEX
  5
5b3
  8
Layer_27
  10
732.12509
  20
271.85019
  0
VERTEX
  5
5b4
  8
Layer_27
  10
740.32759
  20
263.64771
  0
VERTEX
  5
5b5
  8
Layer_27
  10
744.00449
  20
267.32471
  42
-0.078711796
  0
VERTEX
  5
5b6
  8
Layer_27
  10
744.05519
  20
267.36139
  42
-0.079247909
  0
VERTEX
  5
5b7
  8
Layer_27
  10
744.11459
  20
267.3808
  42
-0.078821378
  0
VERTEX
  5
5b8
  8
Layer_27
  10
744.17719
  20
267.3808
  42
-0.079420038
  0
VERTEX
  5
5b9
  8
Layer_27
  10
744.23669
  20
267.36139
  42
-0.078752875
  0
VERTEX
  5
5ba
  8
Layer_27
  10
744.28738
  20
267.32471
  42
-0.078711796
  0
VERTEX
  5
5bb
  8
Layer_27
  10
744.3241
  20
267.27399
  42
-0.079151277
  0
VERTEX
  5
5bc
  8
Layer_27
  10
744.34349
  20
267.2146
  42
-0.078928392
  0
VERTEX
  5
5bd
  8
Layer_27
  10
744.34349
  20
267.15198
  42
-0.079331136
  0
VERTEX
  5
5be
  8
Layer_27
  10
744.3241
  20
267.0925
  42
-0.078711796
  0
VERTEX
  5
5bf
  8
Layer_27
  10
744.28738
  20
267.04178
  0
VERTEX
  5
5c0
  8
Layer_27
  10
735.82529
  20
258.5798
  42
-0.079531519
  0
VERTEX
  5
5c1
  8
Layer_27
  10
735.7746
  20
258.543
  42
-0.079414007
  0
VERTEX
  5
5c2
  8
Layer_27
  10
735.71509
  20
258.52359
  42
-0.079022182
  0
VERTEX
  5
5c3
  8
Layer_27
  10
735.6525
  20
258.52359
  42
-0.078673367
  0
VERTEX
  5
5c4
  8
Layer_27
  10
735.59299
  20
258.543
  42
-0.078994954
  0
VERTEX
  5
5c5
  8
Layer_27
  10
735.54239
  20
258.5798
  42
-0.079565095
  0
VERTEX
  5
5c6
  8
Layer_27
  10
735.50569
  20
258.6304
  42
-0.079419213
  0
VERTEX
  5
5c7
  8
Layer_27
  10
735.4863
  20
258.68988
  42
-0.07929373
  0
VERTEX
  5
5c8
  8
Layer_27
  10
735.4863
  20
258.75238
  42
-0.079420999
  0
VERTEX
  5
5c9
  8
Layer_27
  10
735.50569
  20
258.81189
  42
-0.078722068
  0
VERTEX
  5
5ca
  8
Layer_27
  10
735.54239
  20
258.86258
  0
VERTEX
  5
5cb
  8
Layer_27
  10
738.30008
  20
261.6203
  0
VERTEX
  5
5cc
  8
Layer_27
  10
730.09769
  20
269.82269
  0
VERTEX
  5
5cd
  8
Layer_27
  10
727.34
  20
267.065
  42
-0.077096949
  0
VERTEX
  5
5ce
  8
Layer_27
  10
727.2894
  20
267.0282
  42
-0.077805039
  0
VERTEX
  5
5cf
  8
Layer_27
  10
727.2298
  20
267.00888
  42
-0.079208715
  0
VERTEX
  5
5d0
  8
Layer_27
  10
727.1673
  20
267.00888
  42
-0.078341504
  0
VERTEX
  5
5d1
  8
Layer_27
  10
727.10779
  20
267.0282
  42
-0.078476557
  0
VERTEX
  5
5d2
  8
Layer_27
  10
727.05719
  20
267.065
  42
-0.079031451
  0
VERTEX
  5
5d3
  8
Layer_27
  10
727.02039
  20
267.1156
  42
-0.078772561
  0
VERTEX
  5
5d4
  8
Layer_27
  10
727.00099
  20
267.17508
  42
-0.079105219
  0
VERTEX
  5
5d5
  8
Layer_27
  10
727.00099
  20
267.2377
  42
-0.079509227
  0
VERTEX
  5
5d6
  8
Layer_27
  10
727.02039
  20
267.29718
  42
-0.079562126
  0
SEQEND
  0
POLYLINE
  5
5d8
  8
Layer_27
  62
138
  70
1
  66
1
  10
0
  20
0
  30
0
  0
VERTEX
  5
5d8
  8
Layer_27
  10
725.5015
  20
268.9035
  0
VERTEX
  5
5d9
  8
Layer_27
  10
733.96359
  20
277.3656
  42
0.078829476
  0
VERTEX
  5
5da
  8
Layer_27
  10
734.0004
  20
277.4162
  42
0.078283255
  0
VERTEX
  5
5db
  8
Layer_27
  10
734.01968
  20
277.47571
  42
0.078738507
  0
VERTEX
  5
5dc
  8
Layer_27
  10
734.01968
  20
277.5383
  42
0.07826254
  0
VERTEX
  5
5dd
  8
Layer_27
  10
734.0004
  20
277.59778
  42
0.079336829
  0
VERTEX
  5
5de
  8
Layer_27
  10
733.96359
  20
277.64838
  42
0.077916492
  0
VERTEX
  5
5df
  8
Layer_27
  10
733.91299
  20
277.68518
  42
0.079870066
  0
VERTEX
  5
5e0
  8
Layer_27
  10
733.85349
  20
277.7045
  42
0.078993495
  0
VERTEX
  5
5e1
  8
Layer_27
  10
733.79089
  20
277.7045
  42
0.080591287
  0
VERTEX
  5
5e2
  8
Layer_27
  10
733.73138
  20
277.68518
  42
0.079296338
  0
VERTEX
  5
5e3
  8
Layer_27
  10
733.68079
  20
277.64838
  0
VERTEX
  5
5e4
  8
Layer_27
  10
725.21869
  20
269.18628
  42
0.079855446
  0
VERTEX
  5
5e5
  8
Layer_27
  10
725.18188
  20
269.13568
  42
0.080670026
  0
VERTEX
  5
5e6
  8
Layer_27
  10
725.1626
  20
269.0762
  42
0.081449343
  0
VERTEX
  5
5e7
  8
Layer_27
  10
725.1626
  20
269.01358
  42
0.079948997
  0
VERTEX
  5
5e8
  8
Layer_27
  10
725.18188
  20
268.9541
  42
0.079015349
  0
VERTEX
  5
5e9
  8
Layer_27
  10
725.21869
  20
268.9035
  42
0.079316582
  0
VERTEX
  5
5ea
  8
Layer_27
  10
725.26929
  20
268.8667
  42
0.078319003
  0
VERTEX
  5
5eb
  8
Layer_27
  10
725.3288
  20
268.84738
  42
0.078835654
  0
VERTEX
  5
5ec
  8
Layer_27
  10
725.39139
  20
268.84738
  42
0.078333286
  0
VERTEX
  5
5ed
  8
Layer_27
  10
725.4509
  20
268.8667
  42
0.077936795
  0
SEQEND
  0
POLYLINE
  5
5ef
  8
Layer_27
  62
138
  66
1
  10
0
  20
0
  30
0
  0
VERTEX
  5
5ef
  8
Layer_27
  10
710.63669
  20
264.8006
  0
VERTEX
  5
5f0
  8
Layer_27
  10
707.43669
  20
264.8006
  42
-0.078721063
  0
VERTEX
  5
5f1
  8
Layer_27
  10
707.18948
  20
264.83978
  42
-0.078675333
  0
VERTEX
  5
5f2
  8
Layer_27
  10
706.96649
  20
264.9534
  42
-0.079075196
  0
VERTEX
  5
5f3
  8
Layer_27
  10
706.78949
  20
265.1304
  42
-0.078908135
  0
VERTEX
  5
5f4
  8
Layer_27
  10
706.67578
  20
265.35339
  42
-0.078722826
  0
VERTEX
  5
5f5
  8
Layer_27
  10
706.63669
  20
265.60059
  42
-0.078722826
  0
VERTEX
  5
5f6
  8
Layer_27
  10
706.67578
  20
265.84778
  42
-0.078911493
  0
VERTEX
  5
5f7
  8
Layer_27
  10
706.78949
  20
266.0708
  42
-0.079079812
  0
VERTEX
  5
5f8
  8
Layer_27
  10
706.96649
  20
266.2478
  42
-0.07891451
  0
VERTEX
  5
5f9
  8
Layer_27
  10
707.18948
  20
266.36148
  42
-0.078433474
  0
VERTEX
  5
5fa
  8
Layer_27
  10
707.43669
  20
266.4006
  42
0.078721063
  0
VERTEX
  5
5fb
  8
Layer_27
  10
707.56029
  20
266.4202
  42
0.078667338
  0
VERTEX
  5
5fc
  8
Layer_27
  10
707.67178
  20
266.47699
  42
0.078694698
  0
VERTEX
  5
5fd
  8
Layer_27
  10
707.76028
  20
266.56549
  42
0.078658145
  0
VERTEX
  5
5fe
  8
Layer_27
  10
707.81709
  20
266.677
  42
0.078724589
  0
VERTEX
  5
5ff
  8
Layer_27
  10
707.8367
  20
266.8006
  0
VERTEX
  5
600
  8
Layer_27
  10
707.8367
  20
267.4006
  42
0.078721063
  0
VERTEX
  5
601
  8
Layer_27
  10
707.81709
  20
267.5242
  42
0.078647909
  0
VERTEX
  5
602
  8
Layer_27
  10
707.76028
  20
267.63568
  42
0.078687987
  0
VERTEX
  5
603
  8
Layer_27
  10
707.67178
  20
267.72418
  42
0.07865649
  0
VERTEX
  5
604
  8
Layer_27
  10
707.56029
  20
267.78101
  42
0.078710214
  0
VERTEX
  5
605
  8
Layer_27
  10
707.43669
  20
267.8006
  42
0.078639378
  0
VERTEX
  5
606
  8
Layer_27
  10
706.57149
  20
267.6636
  42
0.078732764
  0
VERTEX
  5
607
  8
Layer_27
  10
705.79089
  20
267.26581
  42
0.078783191
  0
VERTEX
  5
608
  8
Layer_27
  10
705.17148
  20
266.64639
  42
0.078729448
  0
VERTEX
  5
609
  8
Layer_27
  10
704.77368
  20
265.86578
  42
0.078636277
  0
VERTEX
  5
60a
  8
Layer_27
  10
704.63669
  20
265.00058
  42
0.078635774
  0
VERTEX
  5
60b
  8
Layer_27
  10
704.77368
  20
264.13538
  42
0.07866089
  0
VERTEX
  5
60c
  8
Layer_27
  10
705.17139
  20
263.3548
  42
0.078714635
  0
VERTEX
  5
60d
  8
Layer_27
  10
705.79089
  20
262.73538
  42
0.07870503
  0
VERTEX
  5
60e
  8
Layer_27
  10
706.57138
  20
262.33759
  42
0.078611668
  0
VERTEX
  5
60f
  8
Layer_27
  10
707.43669
  20
262.20059
  0
VERTEX
  5
610
  8
Layer_27
  10
707.43669
  20
259.60059
  0
VERTEX
  5
611
  8
Layer_27
  10
707.18669
  20
259.60059
  42
0.079890628
  0
VERTEX
  5
612
  8
Layer_27
  10
707.15579
  20
259.5957
  42
0.080325434
  0
VERTEX
  5
613
  8
Layer_27
  10
707.1279
  20
259.58148
  42
0.079629682
  0
VERTEX
  5
614
  8
Layer_27
  10
707.10579
  20
259.55939
  42
0.080408538
  0
VERTEX
  5
615
  8
Layer_27
  10
707.09158
  20
259.53149
  42
0.07993431
  0
VERTEX
  5
616
  8
Layer_27
  10
707.0867
  20
259.50058
  42
0.043413725
  0
VERTEX
  5
617
  8
Layer_27
  10
707.0882
  20
259.48328
  0
VERTEX
  5
618
  8
Layer_27
  10
707.43669
  20
257.49689
  42
0.078869951
  0
VERTEX
  5
619
  8
Layer_27
  10
707.49768
  20
257.3194
  42
0.0788353
  0
VERTEX
  5
61a
  8
Layer_27
  10
707.61049
  20
257.16928
  42
0.078416047
  0
VERTEX
  5
61b
  8
Layer_27
  10
707.76419
  20
257.06158
  42
0.078760927
  0
VERTEX
  5
61c
  8
Layer_27
  10
707.9437
  20
257.0065
  42
0.034853017
  0
VERTEX
  5
61d
  8
Layer_27
  10
708.02768
  20
257.00058
  0
VERTEX
  5
61e
  8
Layer_27
  10
709.88669
  20
257.00058
  0
VERTEX
  5
61f
  8
Layer_27
  10
709.88669
  20
262.20059
  42
-0.079130601
  0
VERTEX
  5
620
  8
Layer_27
  10
709.9014
  20
262.2933
  42
-0.079565452
  0
VERTEX
  5
621
  8
Layer_27
  10
709.944
  20
262.37689
  42
-0.0795746
  0
VERTEX
  5
622
  8
Layer_27
  10
710.01028
  20
262.4433
  42
-0.079078232
  0
VERTEX
  5
623
  8
Layer_27
  10
710.09399
  20
262.4859
  42
-0.079082816
  0
VERTEX
  5
624
  8
Layer_27
  10
710.18669
  20
262.50058
  0
VERTEX
  5
625
  8
Layer_27
  10
711.68669
  20
262.50058
  42
-0.079101697
  0
VERTEX
  5
626
  8
Layer_27
  10
711.77939
  20
262.4859
  42
-0.079507131
  0
VERTEX
  5
627
  8
Layer_27
  10
711.86299
  20
262.4433
  42
-0.079489565
  0
VERTEX
  5
628
  8
Layer_27
  10
711.92938
  20
262.37689
  42
-0.07886768
  0
VERTEX
  5
629
  8
Layer_27
  10
711.97198
  20
262.2933
  42
-0.079072791
  0
VERTEX
  5
62a
  8
Layer_27
  10
711.98669
  20
262.20059
  0
VERTEX
  5
62b
  8
Layer_27
  10
711.98669
  20
257.00058
  0
VERTEX
  5
62c
  8
Layer_27
  10
713.84569
  20
257.00058
  42
0.078722148
  0
VERTEX
  5
62d
  8
Layer_27
  10
714.0311
  20
257.03
  42
0.078612901
  0
VERTEX
  5
62e
  8
Layer_27
  10
714.19839
  20
257.1152
  42
0.078404866
  0
VERTEX
  5
62f
  8
Layer_27
  10
714.33109
  20
257.24789
  42
0.078576723
  0
VERTEX
  5
630
  8
Layer_27
  10
714.41629
  20
257.41519
  42
0.034988128
  0
VERTEX
  5
631
  8
Layer_27
  10
714.43669
  20
257.49689
  0
VERTEX
  5
632
  8
Layer_27
  10
714.78519
  20
259.48328
  42
0.078902352
  0
VERTEX
  5
633
  8
Layer_27
  10
714.78569
  20
259.51459
  42
0.080184267
  0
VERTEX
  5
634
  8
Layer_27
  10
714.77649
  20
259.54449
  42
0.082109452
  0
VERTEX
  5
635
  8
Layer_27
  10
714.75848
  20
259.5701
  42
0.079201571
  0
VERTEX
  5
636
  8
Layer_27
  10
714.73358
  20
259.5889
  42
0.080209737
  0
VERTEX
  5
637
  8
Layer_27
  10
714.70398
  20
259.59909
  42
0.043427982
  0
VERTEX
  5
638
  8
Layer_27
  10
714.68669
  20
259.60059
  0
VERTEX
  5
639
  8
Layer_27
  10
714.43669
  20
259.60059
  0
VERTEX
  5
63a
  8
Layer_27
  10
714.43669
  20
262.20059
  42
0.078637828
  0
VERTEX
  5
63b
  8
Layer_27
  10
715.30188
  20
262.33759
  42
0.078737059
  0
VERTEX
  5
63c
  8
Layer_27
  10
716.08249
  20
262.73538
  42
0.078788466
  0
VERTEX
  5
63d
  8
Layer_27
  10
716.70189
  20
263.3548
  42
0.078821496
  0
VERTEX
  5
63e
  8
Layer_27
  10
717.09958
  20
264.13538
  42
0.078722574
  0
VERTEX
  5
63f
  8
Layer_27
  10
717.23669
  20
265.00058
  42
0.078723077
  0
VERTEX
  5
640
  8
Layer_27
  10
717.09958
  20
265.86578
  42
0.078821496
  0
VERTEX
  5
641
  8
Layer_27
  10
716.70189
  20
266.64639
  42
0.078788466
  0
VERTEX
  5
642
  8
Layer_27
  10
716.08249
  20
267.26581
  42
0.078738609
  0
VERTEX
  5
643
  8
Layer_27
  10
715.30188
  20
267.6636
  42
0.078639378
  0
VERTEX
  5
644
  8
Layer_27
  10
714.43669
  20
267.8006
  42
0.078710214
  0
VERTEX
  5
645
  8
Layer_27
  10
714.31308
  20
267.78101
  42
0.07868333
  0
VERTEX
  5
646
  8
Layer_27
  10
714.2016
  20
267.72418
  42
0.079099997
  0
VERTEX
  5
647
  8
Layer_27
  10
714.1131
  20
267.63568
  42
0.07916446
  0
VERTEX
  5
648
  8
Layer_27
  10
714.05629
  20
267.5242
  42
0.078721063
  0
VERTEX
  5
649
  8
Layer_27
  10
714.03668
  20
267.4006
  0
VERTEX
  5
64a
  8
Layer_27
  10
714.03668
  20
266.8006
  42
0.078724589
  0
VERTEX
  5
64b
  8
Layer_27
  10
714.05629
  20
266.677
  42
0.079174706
  0
VERTEX
  5
64c
  8
Layer_27
  10
714.1131
  20
266.56549
  42
0.079106708
  0
VERTEX
  5
64d
  8
Layer_27
  10
714.2016
  20
266.47699
  42
0.078694179
  0
VERTEX
  5
64e
  8
Layer_27
  10
714.31308
  20
266.4202
  42
0.078721063
  0
VERTEX
  5
64f
  8
Layer_27
  10
714.43669
  20
266.4006
  42
-0.078433474
  0
VERTEX
  5
650
  8
Layer_27
  10
714.6839
  20
266.36148
  42
-0.07891451
  0
VERTEX
  5
651
  8
Layer_27
  10
714.90689
  20
266.2478
  42
-0.079079812
  0
VERTEX
  5
652
  8
Layer_27
  10
715.08389
  20
266.0708
  42
-0.078671501
  0
VERTEX
  5
653
  8
Layer_27
  10
715.19748
  20
265.84778
  42
-0.078722826
  0
VERTEX
  5
654
  8
Layer_27
  10
715.23669
  20
265.60059
  42
-0.078722826
  0
VERTEX
  5
655
  8
Layer_27
  10
715.19748
  20
265.35339
  42
-0.078668146
  0
VERTEX
  5
656
  8
Layer_27
  10
715.08389
  20
265.1304
  42
-0.079075196
  0
VERTEX
  5
657
  8
Layer_27
  10
714.90689
  20
264.9534
  42
-0.078675333
  0
VERTEX
  5
658
  8
Layer_27
  10
714.6839
  20
264.83978
  42
-0.078721063
  0
VERTEX
  5
659
  8
Layer_27
  10
714.43669
  20
264.8006
  0
VERTEX
  5
65a
  8
Layer_27
  10
711.23669
  20
264.8006
  0
SEQEND
  0
POLYLINE
  5
65c
  8
Layer_27
  62
138
  66
1
  10
0
  20
0
  30
0
  0
VERTEX
  5
65c
  8
Layer_27
  10
707.41888
  20
294.38629
  0
VERTEX
  5
65d
  8
Layer_27
  10
704.21889
  20
294.38629
  42
-0.078721063
  0
VERTEX
  5
65e
  8
Layer_27
  10
703.97168
  20
294.42548
  42
-0.079001471
  0
VERTEX
  5
65f
  8
Layer_27
  10
703.74869
  20
294.53909
  42
-0.078853774
  0
VERTEX
  5
660
  8
Layer_27
  10
703.57169
  20
294.71609
  42
-0.078946519
  0
VERTEX
  5
661
  8
Layer_27
  10
703.45799
  20
294.93909
  42
-0.078438902
  0
VERTEX
  5
662
  8
Layer_27
  10
703.41888
  20
295.18628
  42
-0.078442417
  0
VERTEX
  5
663
  8
Layer_27
  10
703.45799
  20
295.4335
  42
-0.078956759
  0
VERTEX
  5
664
  8
Layer_27
  10
703.57169
  20
295.65649
  42
-0.079093663
  0
VERTEX
  5
665
  8
Layer_27
  10
703.74869
  20
295.8335
  42
-0.07929422
  0
VERTEX
  5
666
  8
Layer_27
  10
703.97168
  20
295.94708
  42
-0.078721063
  0
VERTEX
  5
667
  8
Layer_27
  10
704.21889
  20
295.9863
  42
0.078721063
  0
VERTEX
  5
668
  8
Layer_27
  10
704.3425
  20
296.00589
  42
0.078705028
  0
VERTEX
  5
669
  8
Layer_27
  10
704.45398
  20
296.06268
  42
0.078758485
  0
VERTEX
  5
66a
  8
Layer_27
  10
704.54248
  20
296.15118
  42
0.078688381
  0
VERTEX
  5
66b
  8
Layer_27
  10
704.59929
  20
296.2627
  42
0.078721063
  0
VERTEX
  5
66c
  8
Layer_27
  10
704.6189
  20
296.38629
  0
VERTEX
  5
66d
  8
Layer_27
  10
704.6189
  20
296.9863
  42
0.078721063
  0
VERTEX
  5
66e
  8
Layer_27
  10
704.59929
  20
297.10989
  42
0.078681329
  0
VERTEX
  5
66f
  8
Layer_27
  10
704.54248
  20
297.22141
  42
0.078745064
  0
VERTEX
  5
670
  8
Layer_27
  10
704.45398
  20
297.30988
  42
0.07868333
  0
VERTEX
  5
671
  8
Layer_27
  10
704.3425
  20
297.3667
  42
0.078721063
  0
VERTEX
  5
672
  8
Layer_27
  10
704.21889
  20
297.38629
  42
0.078696893
  0
VERTEX
  5
673
  8
Layer_27
  10
703.35359
  20
297.2493
  42
0.078641854
  0
VERTEX
  5
674
  8
Layer_27
  10
702.57309
  20
296.85159
  42
0.078650393
  0
VERTEX
  5
675
  8
Layer_27
  10
701.95358
  20
296.23209
  42
0.078645676
  0
VERTEX
  5
676
  8
Layer_27
  10
701.55589
  20
295.4516
  42
0.078723077
  0
VERTEX
  5
677
  8
Layer_27
  10
701.41888
  20
294.5863
  42
0.078723077
  0
VERTEX
  5
678
  8
Layer_27
  10
701.55589
  20
293.7211
  42
0.078672865
  0
VERTEX
  5
679
  8
Layer_27
  10
701.95358
  20
292.94049
  42
0.07871895
  0
VERTEX
  5
67a
  8
Layer_27
  10
702.57309
  20
292.32111
  42
0.078791012
  0
VERTEX
  5
67b
  8
Layer_27
  10
703.35359
  20
291.9234
  42
0.078693794
  0
VERTEX
  5
67c
  8
Layer_27
  10
704.21889
  20
291.78629
  0
VERTEX
  5
67d
  8
Layer_27
  10
704.21889
  20
289.18628
  0
VERTEX
  5
67e
  8
Layer_27
  10
703.96889
  20
289.18628
  42
0.079833491
  0
VERTEX
  5
67f
  8
Layer_27
  10
703.93799
  20
289.1814
  42
0.08036228
  0
VERTEX
  5
680
  8
Layer_27
  10
703.9101
  20
289.16718
  42
0.077851055
  0
VERTEX
  5
681
  8
Layer_27
  10
703.888
  20
289.14508
  42
0.080275241
  0
VERTEX
  5
682
  8
Layer_27
  10
703.87378
  20
289.11719
  42
0.079775477
  0
VERTEX
  5
683
  8
Layer_27
  10
703.8689
  20
289.0863
  42
0.043427982
  0
VERTEX
  5
684
  8
Layer_27
  10
703.87039
  20
289.069
  0
VERTEX
  5
685
  8
Layer_27
  10
704.21889
  20
287.08258
  42
0.078833957
  0
VERTEX
  5
686
  8
Layer_27
  10
704.27989
  20
286.90509
  42
0.078977364
  0
VERTEX
  5
687
  8
Layer_27
  10
704.3927
  20
286.7551
  42
0.078342886
  0
VERTEX
  5
688
  8
Layer_27
  10
704.54639
  20
286.64719
  42
0.078044015
  0
VERTEX
  5
689
  8
Layer_27
  10
704.72589
  20
286.59219
  42
0.034878278
  0
VERTEX
  5
68a
  8
Layer_27
  10
704.80989
  20
286.5863
  0
VERTEX
  5
68b
  8
Layer_27
  10
706.66888
  20
286.5863
  0
VERTEX
  5
68c
  8
Layer_27
  10
706.66888
  20
291.78629
  42
-0.079072791
  0
VERTEX
  5
68d
  8
Layer_27
  10
706.68359
  20
291.879
  42
-0.079038599
  0
VERTEX
  5
68e
  8
Layer_27
  10
706.7262
  20
291.96271
  42
-0.07902568
  0
VERTEX
  5
68f
  8
Layer_27
  10
706.79248
  20
292.02899
  42
-0.07906933
  0
VERTEX
  5
690
  8
Layer_27
  10
706.87619
  20
292.07159
  42
-0.079101697
  0
VERTEX
  5
691
  8
Layer_27
  10
706.96889
  20
292.0863
  0
VERTEX
  5
692
  8
Layer_27
  10
708.46889
  20
292.0863
  42
-0.079101697
  0
VERTEX
  5
693
  8
Layer_27
  10
708.56158
  20
292.07159
  42
-0.079569731
  0
VERTEX
  5
694
  8
Layer_27
  10
708.64519
  20
292.02899
  42
-0.079110769
  0
VERTEX
  5
695
  8
Layer_27
  10
708.71158
  20
291.96271
  42
-0.07845749
  0
VERTEX
  5
696
  8
Layer_27
  10
708.75418
  20
291.879
  42
-0.078378444
  0
VERTEX
  5
697
  8
Layer_27
  10
708.76889
  20
291.78629
  0
VERTEX
  5
698
  8
Layer_27
  10
708.76889
  20
286.5863
  0
VERTEX
  5
699
  8
Layer_27
  10
710.6279
  20
286.5863
  42
0.078716362
  0
VERTEX
  5
69a
  8
Layer_27
  10
710.81329
  20
286.61569
  42
0.078826913
  0
VERTEX
  5
69b
  8
Layer_27
  10
710.9805
  20
286.7009
  42
0.078638939
  0
VERTEX
  5
69c
  8
Layer_27
  10
711.11328
  20
286.83359
  42
0.078628134
  0
VERTEX
  5
69d
  8
Layer_27
  10
711.19849
  20
287.00089
  42
0.035052465
  0
VERTEX
  5
69e
  8
Layer_27
  10
711.21889
  20
287.08258
  0
VERTEX
  5
69f
  8
Layer_27
  10
711.56738
  20
289.069
  42
0.078910107
  0
VERTEX
  5
6a0
  8
Layer_27
  10
711.56789
  20
289.10028
  42
0.078246381
  0
VERTEX
  5
6a1
  8
Layer_27
  10
711.55869
  20
289.13019
  42
0.080412084
  0
VERTEX
  5
6a2
  8
Layer_27
  10
711.54079
  20
289.15579
  42
0.079560463
  0
VERTEX
  5
6a3
  8
Layer_27
  10
711.51569
  20
289.17468
  42
0.079361903
  0
VERTEX
  5
6a4
  8
Layer_27
  10
711.48619
  20
289.18478
  42
0.043427982
  0
VERTEX
  5
6a5
  8
Layer_27
  10
711.46889
  20
289.18628
  0
VERTEX
  5
6a6
  8
Layer_27
  10
711.21889
  20
289.18628
  0
VERTEX
  5
6a7
  8
Layer_27
  10
711.21889
  20
291.78629
  42
0.078719978
  0
VERTEX
  5
6a8
  8
Layer_27
  10
712.08409
  20
291.9234
  42
0.078718623
  0
VERTEX
  5
6a9
  8
Layer_27
  10
712.86469
  20
292.32098
  42
0.078713676
  0
VERTEX
  5
6aa
  8
Layer_27
  10
713.4841
  20
292.94049
  42
0.078729951
  0
VERTEX
  5
6ab
  8
Layer_27
  10
713.8819
  20
293.7211
  42
0.078636277
  0
VERTEX
  5
6ac
  8
Layer_27
  10
714.01889
  20
294.5863
  42
0.078610118
  0
VERTEX
  5
6ad
  8
Layer_27
  10
713.8819
  20
295.4516
  42
0.078702759
  0
VERTEX
  5
6ae
  8
Layer_27
  10
713.4841
  20
296.23209
  42
0.078713676
  0
VERTEX
  5
6af
  8
Layer_27
  10
712.86469
  20
296.85159
  42
0.078638024
  0
VERTEX
  5
6b0
  8
Layer_27
  10
712.08409
  20
297.2493
  42
0.078723077
  0
VERTEX
  5
6b1
  8
Layer_27
  10
711.21889
  20
297.38629
  42
0.078721063
  0
VERTEX
  5
6b2
  8
Layer_27
  10
711.09529
  20
297.3667
  42
0.07865649
  0
VERTEX
  5
6b3
  8
Layer_27
  10
710.9838
  20
297.30988
  42
0.079029597
  0
VERTEX
  5
6b4
  8
Layer_27
  10
710.89529
  20
297.22141
  42
0.07916749
  0
VERTEX
  5
6b5
  8
Layer_27
  10
710.8385
  20
297.10989
  42
0.078721063
  0
VERTEX
  5
6b6
  8
Layer_27
  10
710.81889
  20
296.9863
  0
VERTEX
  5
6b7
  8
Layer_27
  10
710.81889
  20
296.38629
  42
0.078113093
  0
VERTEX
  5
6b8
  8
Layer_27
  10
710.83838
  20
296.2627
  42
0.078567413
  0
VERTEX
  5
6b9
  8
Layer_27
  10
710.89529
  20
296.15118
  42
0.079043019
  0
VERTEX
  5
6ba
  8
Layer_27
  10
710.9838
  20
296.06268
  42
0.078678187
  0
VERTEX
  5
6bb
  8
Layer_27
  10
711.09529
  20
296.00589
  42
0.078721063
  0
VERTEX
  5
6bc
  8
Layer_27
  10
711.21889
  20
295.9863
  42
-0.078728115
  0
VERTEX
  5
6bd
  8
Layer_27
  10
711.46609
  20
295.94708
  42
-0.079028521
  0
VERTEX
  5
6be
  8
Layer_27
  10
711.68909
  20
295.8335
  42
-0.079075196
  0
VERTEX
  5
6bf
  8
Layer_27
  10
711.86609
  20
295.65649
  42
-0.07895879
  0
VERTEX
  5
6c0
  8
Layer_27
  10
711.97969
  20
295.4335
  42
-0.078724589
  0
VERTEX
  5
6c1
  8
Layer_27
  10
712.01889
  20
295.18628
  42
-0.078721063
  0
VERTEX
  5
6c2
  8
Layer_27
  10
711.97969
  20
294.93909
  42
-0.078948564
  0
VERTEX
  5
6c3
  8
Layer_27
  10
711.86609
  20
294.71609
  42
-0.078835308
  0
VERTEX
  5
6c4
  8
Layer_27
  10
711.68909
  20
294.53909
  42
-0.078735491
  0
VERTEX
  5
6c5
  8
Layer_27
  10
711.46609
  20
294.42548
  42
-0.078728115
  0
VERTEX
  5
6c6
  8
Layer_27
  10
711.21889
  20
294.38629
  0
VERTEX
  5
6c7
  8
Layer_27
  10
708.01889
  20
294.38629
  0
SEQEND
  0
POLYLINE
  5
6c9
  8
Layer_27
  62
138
  66
1
  10
0
  20
0
  30
0
  0
VERTEX
  5
6c9
  8
Layer_27
  10
718.32469
  20
252.66089
  0
VERTEX
  5
6ca
  8
Layer_27
  10
715.12469
  20
252.66089
  42
-0.07871835
  0
VERTEX
  5
6cb
  8
Layer_27
  10
714.87749
  20
252.7001
  42
-0.079018367
  0
VERTEX
  5
6cc
  8
Layer_27
  10
714.65439
  20
252.81369
  42
-0.078919358
  0
VERTEX
  5
6cd
  8
Layer_27
  10
714.47749
  20
252.99069
  42
-0.078928261
  0
VERTEX
  5
6ce
  8
Layer_27
  10
714.3638
  20
253.21368
  42
-0.07844066
  0
VERTEX
  5
6cf
  8
Layer_27
  10
714.32469
  20
253.46088
  42
-0.07844066
  0
VERTEX
  5
6d0
  8
Layer_27
  10
714.3638
  20
253.7081
  42
-0.078928261
  0
VERTEX
  5
6d1
  8
Layer_27
  10
714.47749
  20
253.93109
  42
-0.078919358
  0
VERTEX
  5
6d2
  8
Layer_27
  10
714.65439
  20
254.10809
  42
-0.078731151
  0
VERTEX
  5
6d3
  8
Layer_27
  10
714.87749
  20
254.22168
  42
-0.07871835
  0
VERTEX
  5
6d4
  8
Layer_27
  10
715.12469
  20
254.26089
  42
0.078715638
  0
VERTEX
  5
6d5
  8
Layer_27
  10
715.24829
  20
254.28049
  42
0.07868333
  0
VERTEX
  5
6d6
  8
Layer_27
  10
715.35979
  20
254.33728
  42
0.079106742
  0
VERTEX
  5
6d7
  8
Layer_27
  10
715.44829
  20
254.42578
  42
0.078686618
  0
VERTEX
  5
6d8
  8
Layer_27
  10
715.5051
  20
254.53729
  42
0.078721063
  0
VERTEX
  5
6d9
  8
Layer_27
  10
715.52469
  20
254.66089
  0
VERTEX
  5
6da
  8
Layer_27
  10
715.52469
  20
255.26089
  42
0.078722826
  0
VERTEX
  5
6db
  8
Layer_27
  10
715.5051
  20
255.38449
  42
0.078689973
  0
VERTEX
  5
6dc
  8
Layer_27
  10
715.44829
  20
255.496
  42
0.079110084
  0
VERTEX
  5
6dd
  8
Layer_27
  10
715.35979
  20
255.5845
  42
0.078688754
  0
VERTEX
  5
6de
  8
Layer_27
  10
715.24829
  20
255.6413
  42
0.078721063
  0
VERTEX
  5
6df
  8
Layer_27
  10
715.12469
  20
255.66089
  42
0.078775129
  0
VERTEX
  5
6e0
  8
Layer_27
  10
714.2594
  20
255.5238
  42
0.078722454
  0
VERTEX
  5
6e1
  8
Layer_27
  10
713.47888
  20
255.12619
  42
0.078651171
  0
VERTEX
  5
6e2
  8
Layer_27
  10
712.85939
  20
254.50668
  42
0.078646658
  0
VERTEX
  5
6e3
  8
Layer_27
  10
712.4617
  20
253.7262
  42
0.078696389
  0
VERTEX
  5
6e4
  8
Layer_27
  10
712.32469
  20
252.8609
  42
0.078696389
  0
VERTEX
  5
6e5
  8
Layer_27
  10
712.4617
  20
251.99561
  42
0.078646407
  0
VERTEX
  5
6e6
  8
Layer_27
  10
712.85939
  20
251.21509
  42
0.078651261
  0
VERTEX
  5
6e7
  8
Layer_27
  10
713.47888
  20
250.59558
  42
0.078722512
  0
VERTEX
  5
6e8
  8
Layer_27
  10
714.2594
  20
250.198
  42
0.078720365
  0
VERTEX
  5
6e9
  8
Layer_27
  10
715.12469
  20
250.06088
  0
VERTEX
  5
6ea
  8
Layer_27
  10
715.12469
  20
247.46091
  0
VERTEX
  5
6eb
  8
Layer_27
  10
714.87469
  20
247.46091
  42
0.077555588
  0
VERTEX
  5
6ec
  8
Layer_27
  10
714.84378
  20
247.45599
  42
0.08031789
  0
VERTEX
  5
6ed
  8
Layer_27
  10
714.81589
  20
247.4418
  42
0.077846066
  0
VERTEX
  5
6ee
  8
Layer_27
  10
714.79379
  20
247.41968
  42
0.080247855
  0
VERTEX
  5
6ef
  8
Layer_27
  10
714.77959
  20
247.39178
  42
0.079764776
  0
VERTEX
  5
6f0
  8
Layer_27
  10
714.77469
  20
247.3609
  42
0.043424417
  0
VERTEX
  5
6f1
  8
Layer_27
  10
714.77618
  20
247.3436
  0
VERTEX
  5
6f2
  8
Layer_27
  10
715.12469
  20
245.35718
  42
0.078838302
  0
VERTEX
  5
6f3
  8
Layer_27
  10
715.1857
  20
245.17969
  42
0.078631593
  0
VERTEX
  5
6f4
  8
Layer_27
  10
715.29849
  20
245.02969
  42
0.07906595
  0
VERTEX
  5
6f5
  8
Layer_27
  10
715.45218
  20
244.92191
  42
0.078798236
  0
VERTEX
  5
6f6
  8
Layer_27
  10
715.63168
  20
244.86679
  42
0.034856175
  0
VERTEX
  5
6f7
  8
Layer_27
  10
715.7157
  20
244.8609
  0
VERTEX
  5
6f8
  8
Layer_27
  10
717.57469
  20
244.8609
  0
VERTEX
  5
6f9
  8
Layer_27
  10
717.57469
  20
250.06088
  42
-0.079069252
  0
VERTEX
  5
6fa
  8
Layer_27
  10
717.58939
  20
250.15359
  42
-0.079500708
  0
VERTEX
  5
6fb
  8
Layer_27
  10
717.63199
  20
250.23718
  42
-0.079493505
  0
VERTEX
  5
6fc
  8
Layer_27
  10
717.69829
  20
250.30359
  42
-0.078399386
  0
VERTEX
  5
6fd
  8
Layer_27
  10
717.78198
  20
250.34619
  42
-0.079101697
  0
VERTEX
  5
6fe
  8
Layer_27
  10
717.87469
  20
250.3609
  0
VERTEX
  5
6ff
  8
Layer_27
  10
719.37469
  20
250.3609
  42
-0.079101697
  0
VERTEX
  5
700
  8
Layer_27
  10
719.46739
  20
250.34619
  42
-0.078898894
  0
VERTEX
  5
701
  8
Layer_27
  10
719.55099
  20
250.30359
  42
-0.078890208
  0
VERTEX
  5
702
  8
Layer_27
  10
719.6174
  20
250.23718
  42
-0.078869471
  0
VERTEX
  5
703
  8
Layer_27
  10
719.65999
  20
250.15359
  42
-0.078374932
  0
VERTEX
  5
704
  8
Layer_27
  10
719.67468
  20
250.06088
  0
VERTEX
  5
705
  8
Layer_27
  10
719.67468
  20
244.8609
  0
VERTEX
  5
706
  8
Layer_27
  10
721.53369
  20
244.8609
  42
0.07871365
  0
VERTEX
  5
707
  8
Layer_27
  10
721.71909
  20
244.89029
  42
0.07882431
  0
VERTEX
  5
708
  8
Layer_27
  10
721.88629
  20
244.97549
  42
0.078635203
  0
VERTEX
  5
709
  8
Layer_27
  10
722.01909
  20
245.10818
  42
0.078630278
  0
VERTEX
  5
70a
  8
Layer_27
  10
722.10428
  20
245.27548
  42
0.034776326
  0
VERTEX
  5
70b
  8
Layer_27
  10
722.12469
  20
245.35718
  0
VERTEX
  5
70c
  8
Layer_27
  10
722.47319
  20
247.3436
  42
0.078902964
  0
VERTEX
  5
70d
  8
Layer_27
  10
722.47369
  20
247.37488
  42
0.078246217
  0
VERTEX
  5
70e
  8
Layer_27
  10
722.46449
  20
247.40479
  42
0.080426949
  0
VERTEX
  5
70f
  8
Layer_27
  10
722.44659
  20
247.43039
  42
0.080440889
  0
VERTEX
  5
710
  8
Layer_27
  10
722.42148
  20
247.44919
  42
0.081457226
  0
VERTEX
  5
711
  8
Layer_27
  10
722.392
  20
247.45938
  42
0.043448315
  0
VERTEX
  5
712
  8
Layer_27
  10
722.37469
  20
247.46091
  0
VERTEX
  5
713
  8
Layer_27
  10
722.12469
  20
247.46091
  0
VERTEX
  5
714
  8
Layer_27
  10
722.12469
  20
250.06088
  42
0.078720365
  0
VERTEX
  5
715
  8
Layer_27
  10
722.9899
  20
250.198
  42
0.078718681
  0
VERTEX
  5
716
  8
Layer_27
  10
723.77049
  20
250.59558
  42
0.078714544
  0
VERTEX
  5
717
  8
Layer_27
  10
724.38989
  20
251.21509
  42
0.07870349
  0
VERTEX
  5
718
  8
Layer_27
  10
724.7876
  20
251.99561
  42
0.078696389
  0
VERTEX
  5
719
  8
Layer_27
  10
724.92468
  20
252.8609
  42
0.078696389
  0
VERTEX
  5
71a
  8
Layer_27
  10
724.7876
  20
253.7262
  42
0.078703742
  0
VERTEX
  5
71b
  8
Layer_27
  10
724.38989
  20
254.50668
  42
0.078714454
  0
VERTEX
  5
71c
  8
Layer_27
  10
723.77049
  20
255.12619
  42
0.078718623
  0
VERTEX
  5
71d
  8
Layer_27
  10
722.9899
  20
255.5238
  42
0.078719978
  0
VERTEX
  5
71e
  8
Layer_27
  10
722.12469
  20
255.66089
  42
0.078721063
  0
VERTEX
  5
71f
  8
Layer_27
  10
722.0011
  20
255.6413
  42
0.078661914
  0
VERTEX
  5
720
  8
Layer_27
  10
721.88959
  20
255.5845
  42
0.079046327
  0
VERTEX
  5
721
  8
Layer_27
  10
721.80109
  20
255.496
  42
0.078696424
  0
VERTEX
  5
722
  8
Layer_27
  10
721.74429
  20
255.38449
  42
0.078722826
  0
VERTEX
  5
723
  8
Layer_27
  10
721.7247
  20
255.26089
  0
VERTEX
  5
724
  8
Layer_27
  10
721.7247
  20
254.66089
  42
0.078721063
  0
VERTEX
  5
725
  8
Layer_27
  10
721.74429
  20
254.53729
  42
0.078693069
  0
VERTEX
  5
726
  8
Layer_27
  10
721.80109
  20
254.42578
  42
0.079042985
  0
VERTEX
  5
727
  8
Layer_27
  10
721.88959
  20
254.33728
  42
0.07865649
  0
VERTEX
  5
728
  8
Layer_27
  10
722.0011
  20
254.28049
  42
0.078715638
  0
VERTEX
  5
729
  8
Layer_27
  10
722.12469
  20
254.26089
  42
-0.078725403
  0
VERTEX
  5
72a
  8
Layer_27
  10
722.37189
  20
254.22168
  42
-0.078912611
  0
VERTEX
  5
72b
  8
Layer_27
  10
722.59488
  20
254.10809
  42
-0.079075196
  0
VERTEX
  5
72c
  8
Layer_27
  10
722.77188
  20
253.93109
  42
-0.078909814
  0
VERTEX
  5
72d
  8
Layer_27
  10
722.8855
  20
253.7081
  42
-0.078722826
  0
VERTEX
  5
72e
  8
Layer_27
  10
722.92468
  20
253.46088
  42
-0.078722826
  0
VERTEX
  5
72f
  8
Layer_27
  10
722.8855
  20
253.21368
  42
-0.078909814
  0
VERTEX
  5
730
  8
Layer_27
  10
722.77188
  20
252.99069
  42
-0.079075196
  0
VERTEX
  5
731
  8
Layer_27
  10
722.59488
  20
252.81369
  42
-0.079199814
  0
VERTEX
  5
732
  8
Layer_27
  10
722.37189
  20
252.7001
  42
-0.078725403
  0
VERTEX
  5
733
  8
Layer_27
  10
722.12469
  20
252.66089
  0
VERTEX
  5
734
  8
Layer_27
  10
718.92468
  20
252.66089
  0
SEQEND
  0
POLYLINE
  5
736
  8
Layer_27
  62
138
  66
1
  10
0
  20
0
  30
0
  0
VERTEX
  5
736
  8
Layer_27
  10
720.01889
  20
294.38629
  0
VERTEX
  5
737
  8
Layer_27
  10
716.81889
  20
294.38629
  42
-0.078728115
  0
VERTEX
  5
738
  8
Layer_27
  10
716.57169
  20
294.42548
  42
-0.078909898
  0
VERTEX
  5
739
  8
Layer_27
  10
716.34869
  20
294.53909
  42
-0.078835308
  0
VERTEX
  5
73a
  8
Layer_27
  10
716.17169
  20
294.71609
  42
-0.078906372
  0
VERTEX
  5
73b
  8
Layer_27
  10
716.05798
  20
294.93909
  42
-0.078721063
  0
VERTEX
  5
73c
  8
Layer_27
  10
716.01889
  20
295.18628
  42
-0.078724589
  0
VERTEX
  5
73d
  8
Layer_27
  10
716.05798
  20
295.4335
  42
-0.078916613
  0
VERTEX
  5
73e
  8
Layer_27
  10
716.17169
  20
295.65649
  42
-0.079075196
  0
VERTEX
  5
73f
  8
Layer_27
  10
716.34869
  20
295.8335
  42
-0.079202937
  0
VERTEX
  5
740
  8
Layer_27
  10
716.57169
  20
295.94708
  42
-0.078728115
  0
VERTEX
  5
741
  8
Layer_27
  10
716.81889
  20
295.9863
  42
0.078721063
  0
VERTEX
  5
742
  8
Layer_27
  10
716.94249
  20
296.00589
  42
0.078678187
  0
VERTEX
  5
743
  8
Layer_27
  10
717.05399
  20
296.06268
  42
0.078731645
  0
VERTEX
  5
744
  8
Layer_27
  10
717.14249
  20
296.15118
  42
0.078688381
  0
VERTEX
  5
745
  8
Layer_27
  10
717.19928
  20
296.2627
  42
0.078721063
  0
VERTEX
  5
746
  8
Layer_27
  10
717.21889
  20
296.38629
  0
VERTEX
  5
747
  8
Layer_27
  10
717.21889
  20
296.9863
  42
0.078721063
  0
VERTEX
  5
748
  8
Layer_27
  10
717.19928
  20
297.10989
  42
0.078681329
  0
VERTEX
  5
749
  8
Layer_27
  10
717.14249
  20
297.22141
  42
0.078718224
  0
VERTEX
  5
74a
  8
Layer_27
  10
717.05399
  20
297.30988
  42
0.07865649
  0
VERTEX
  5
74b
  8
Layer_27
  10
716.94249
  20
297.3667
  42
0.078721063
  0
VERTEX
  5
74c
  8
Layer_27
  10
716.81889
  20
297.38629
  42
0.078723077
  0
VERTEX
  5
74d
  8
Layer_27
  10
715.95369
  20
297.2493
  42
0.078664207
  0
VERTEX
  5
74e
  8
Layer_27
  10
715.1731
  20
296.85159
  42
0.078713676
  0
VERTEX
  5
74f
  8
Layer_27
  10
714.55368
  20
296.23209
  42
0.078708959
  0
VERTEX
  5
750
  8
Layer_27
  10
714.15588
  20
295.4516
  42
0.078723077
  0
VERTEX
  5
751
  8
Layer_27
  10
714.01889
  20
294.5863
  42
0.078723077
  0
VERTEX
  5
752
  8
Layer_27
  10
714.15588
  20
293.7211
  42
0.078667591
  0
VERTEX
  5
753
  8
Layer_27
  10
714.55359
  20
292.94049
  42
0.078713677
  0
VERTEX
  5
754
  8
Layer_27
  10
715.1731
  20
292.32111
  42
0.07878718
  0
VERTEX
  5
755
  8
Layer_27
  10
715.95358
  20
291.9234
  42
0.078693794
  0
VERTEX
  5
756
  8
Layer_27
  10
716.81889
  20
291.78629
  0
VERTEX
  5
757
  8
Layer_27
  10
716.81889
  20
289.18628
  0
VERTEX
  5
758
  8
Layer_27
  10
716.56889
  20
289.18628
  42
0.079833491
  0
VERTEX
  5
759
  8
Layer_27
  10
716.53799
  20
289.1814
  42
0.080199044
  0
VERTEX
  5
75a
  8
Layer_27
  10
716.51009
  20
289.16718
  42
0.077851055
  0
VERTEX
  5
75b
  8
Layer_27
  10
716.48799
  20
289.14508
  42
0.08044934
  0
VERTEX
  5
75c
  8
Layer_27
  10
716.47379
  20
289.11719
  42
0.079948604
  0
VERTEX
  5
75d
  8
Layer_27
  10
716.46889
  20
289.0863
  42
0.043427982
  0
VERTEX
  5
75e
  8
Layer_27
  10
716.4704
  20
289.069
  0
VERTEX
  5
75f
  8
Layer_27
  10
716.81889
  20
287.08258
  42
0.078863939
  0
VERTEX
  5
760
  8
Layer_27
  10
716.87988
  20
286.90509
  42
0.078950455
  0
VERTEX
  5
761
  8
Layer_27
  10
716.99269
  20
286.7551
  42
0.078356266
  0
VERTEX
  5
762
  8
Layer_27
  10
717.14639
  20
286.64719
  42
0.078057335
  0
VERTEX
  5
763
  8
Layer_27
  10
717.3259
  20
286.59219
  42
0.034878278
  0
VERTEX
  5
764
  8
Layer_27
  10
717.40988
  20
286.5863
  0
VERTEX
  5
765
  8
Layer_27
  10
719.26889
  20
286.5863
  0
VERTEX
  5
766
  8
Layer_27
  10
719.26889
  20
291.78629
  42
-0.079130601
  0
VERTEX
  5
767
  8
Layer_27
  10
719.2836
  20
291.879
  42
-0.07840824
  0
VERTEX
  5
768
  8
Layer_27
  10
719.32619
  20
291.96271
  42
-0.07952525
  0
VERTEX
  5
769
  8
Layer_27
  10
719.39259
  20
292.02899
  42
-0.079569731
  0
VERTEX
  5
76a
  8
Layer_27
  10
719.4762
  20
292.07159
  42
-0.079101697
  0
VERTEX
  5
76b
  8
Layer_27
  10
719.56889
  20
292.0863
  0
VERTEX
  5
76c
  8
Layer_27
  10
721.06889
  20
292.0863
  42
-0.079101697
  0
VERTEX
  5
76d
  8
Layer_27
  10
721.16159
  20
292.07159
  42
-0.079533896
  0
VERTEX
  5
76e
  8
Layer_27
  10
721.24519
  20
292.02899
  42
-0.078849823
  0
VERTEX
  5
76f
  8
Layer_27
  10
721.31158
  20
291.96271
  42
-0.077705378
  0
VERTEX
  5
770
  8
Layer_27
  10
721.35419
  20
291.879
  42
-0.079130601
  0
VERTEX
  5
771
  8
Layer_27
  10
721.3689
  20
291.78629
  0
VERTEX
  5
772
  8
Layer_27
  10
721.3689
  20
286.5863
  0
VERTEX
  5
773
  8
Layer_27
  10
723.22789
  20
286.5863
  42
0.078716362
  0
VERTEX
  5
774
  8
Layer_27
  10
723.4133
  20
286.61569
  42
0.078594503
  0
VERTEX
  5
775
  8
Layer_27
  10
723.5806
  20
286.7009
  42
0.078431151
  0
VERTEX
  5
776
  8
Layer_27
  10
723.71329
  20
286.83359
  42
0.078599204
  0
VERTEX
  5
777
  8
Layer_27
  10
723.79849
  20
287.00089
  42
0.034920954
  0
VERTEX
  5
778
  8
Layer_27
  10
723.81889
  20
287.08258
  0
VERTEX
  5
779
  8
Layer_27
  10
724.16739
  20
289.069
  42
0.078729306
  0
VERTEX
  5
77a
  8
Layer_27
  10
724.16789
  20
289.10028
  42
0.080198155
  0
VERTEX
  5
77b
  8
Layer_27
  10
724.15869
  20
289.13019
  42
0.082109452
  0
VERTEX
  5
77c
  8
Layer_27
  10
724.14069
  20
289.15579
  42
0.077238831
  0
VERTEX
  5
77d
  8
Layer_27
  10
724.11578
  20
289.17468
  42
0.078159437
  0
VERTEX
  5
77e
  8
Layer_27
  10
724.08618
  20
289.18478
  42
0.043427982
  0
VERTEX
  5
77f
  8
Layer_27
  10
724.06889
  20
289.18628
  0
VERTEX
  5
780
  8
Layer_27
  10
723.81889
  20
289.18628
  0
VERTEX
  5
781
  8
Layer_27
  10
723.81889
  20
291.78629
  42
0.078719978
  0
VERTEX
  5
782
  8
Layer_27
  10
724.68408
  20
291.9234
  42
0.078744784
  0
VERTEX
  5
783
  8
Layer_27
  10
725.46469
  20
292.32098
  42
0.078713676
  0
VERTEX
  5
784
  8
Layer_27
  10
726.08409
  20
292.94049
  42
0.078816726
  0
VERTEX
  5
785
  8
Layer_27
  10
726.48178
  20
293.7211
  42
0.078723077
  0
VERTEX
  5
786
  8
Layer_27
  10
726.6189
  20
294.5863
  42
0.078696893
  0
VERTEX
  5
787
  8
Layer_27
  10
726.48178
  20
295.4516
  42
0.07878956
  0
VERTEX
  5
788
  8
Layer_27
  10
726.08409
  20
296.23209
  42
0.078713676
  0
VERTEX
  5
789
  8
Layer_27
  10
725.46469
  20
296.85159
  42
0.078664207
  0
VERTEX
  5
78a
  8
Layer_27
  10
724.68408
  20
297.2493
  42
0.078723077
  0
VERTEX
  5
78b
  8
Layer_27
  10
723.81889
  20
297.38629
  42
0.078721063
  0
VERTEX
  5
78c
  8
Layer_27
  10
723.69528
  20
297.3667
  42
0.07865649
  0
VERTEX
  5
78d
  8
Layer_27
  10
723.58379
  20
297.30988
  42
0.079066546
  0
VERTEX
  5
78e
  8
Layer_27
  10
723.4953
  20
297.22141
  42
0.079245932
  0
VERTEX
  5
78f
  8
Layer_27
  10
723.43849
  20
297.10989
  42
0.079284803
  0
VERTEX
  5
790
  8
Layer_27
  10
723.41888
  20
296.9863
  0
VERTEX
  5
791
  8
Layer_27
  10
723.41888
  20
296.38629
  42
0.079284803
  0
VERTEX
  5
792
  8
Layer_27
  10
723.43849
  20
296.2627
  42
0.079252941
  0
VERTEX
  5
793
  8
Layer_27
  10
723.4953
  20
296.15118
  42
0.079079968
  0
VERTEX
  5
794
  8
Layer_27
  10
723.58379
  20
296.06268
  42
0.078678187
  0
VERTEX
  5
795
  8
Layer_27
  10
723.69528
  20
296.00589
  42
0.078721063
  0
VERTEX
  5
796
  8
Layer_27
  10
723.81889
  20
295.9863
  42
-0.078721063
  0
VERTEX
  5
797
  8
Layer_27
  10
724.0661
  20
295.94708
  42
-0.079195907
  0
VERTEX
  5
798
  8
Layer_27
  10
724.28909
  20
295.8335
  42
-0.078835308
  0
VERTEX
  5
799
  8
Layer_27
  10
724.46609
  20
295.65649
  42
-0.078676619
  0
VERTEX
  5
79a
  8
Layer_27
  10
724.57968
  20
295.4335
  42
-0.078724589
  0
VERTEX
  5
79b
  8
Layer_27
  10
724.6189
  20
295.18628
  42
-0.078721063
  0
VERTEX
  5
79c
  8
Layer_27
  10
724.57968
  20
294.93909
  42
-0.078666383
  0
VERTEX
  5
79d
  8
Layer_27
  10
724.46609
  20
294.71609
  42
-0.078595429
  0
VERTEX
  5
79e
  8
Layer_27
  10
724.28909
  20
294.53909
  42
-0.078902846
  0
VERTEX
  5
79f
  8
Layer_27
  10
724.0661
  20
294.42548
  42
-0.078721063
  0
VERTEX
  5
7a0
  8
Layer_27
  10
723.81889
  20
294.38629
  0
VERTEX
  5
7a1
  8
Layer_27
  10
720.6189
  20
294.38629
  0
SEQEND
  0
POLYLINE
  5
7a3
  8
Layer_27
  62
138
  66
1
  10
0
  20
0
  30
0
  0
VERTEX
  5
7a3
  8
Layer_27
  10
732.6189
  20
294.38629
  0
VERTEX
  5
7a4
  8
Layer_27
  10
729.41888
  20
294.38629
  42
-0.078728115
  0
VERTEX
  5
7a5
  8
Layer_27
  10
729.17169
  20
294.42548
  42
-0.078735491
  0
VERTEX
  5
7a6
  8
Layer_27
  10
728.94859
  20
294.53909
  42
-0.078660902
  0
VERTEX
  5
7a7
  8
Layer_27
  10
728.7717
  20
294.71609
  42
-0.078906372
  0
VERTEX
  5
7a8
  8
Layer_27
  10
728.65799
  20
294.93909
  42
-0.078721063
  0
VERTEX
  5
7a9
  8
Layer_27
  10
728.6189
  20
295.18628
  42
-0.078442417
  0
VERTEX
  5
7aa
  8
Layer_27
  10
728.65799
  20
295.4335
  42
-0.078916613
  0
VERTEX
  5
7ab
  8
Layer_27
  10
728.7717
  20
295.65649
  42
-0.078900891
  0
VERTEX
  5
7ac
  8
Layer_27
  10
728.94859
  20
295.8335
  42
-0.079028521
  0
VERTEX
  5
7ad
  8
Layer_27
  10
729.17169
  20
295.94708
  42
-0.078728115
  0
VERTEX
  5
7ae
  8
Layer_27
  10
729.41888
  20
295.9863
  42
0.078721063
  0
VERTEX
  5
7af
  8
Layer_27
  10
729.54248
  20
296.00589
  42
0.078678187
  0
VERTEX
  5
7b0
  8
Layer_27
  10
729.65399
  20
296.06268
  42
0.078694698
  0
VERTEX
  5
7b1
  8
Layer_27
  10
729.74249
  20
296.15118
  42
0.078694831
  0
VERTEX
  5
7b2
  8
Layer_27
  10
729.79929
  20
296.2627
  42
0.078721063
  0
VERTEX
  5
7b3
  8
Layer_27
  10
729.81889
  20
296.38629
  0
VERTEX
  5
7b4
  8
Layer_27
  10
729.81889
  20
296.9863
  42
0.078721063
  0
VERTEX
  5
7b5
  8
Layer_27
  10
729.79929
  20
297.10989
  42
0.078687782
  0
VERTEX
  5
7b6
  8
Layer_27
  10
729.74249
  20
297.22141
  42
0.078681276
  0
VERTEX
  5
7b7
  8
Layer_27
  10
729.65399
  20
297.30988
  42
0.07865649
  0
VERTEX
  5
7b8
  8
Layer_27
  10
729.54248
  20
297.3667
  42
0.078721063
  0
VERTEX
  5
7b9
  8
Layer_27
  10
729.41888
  20
297.38629
  42
0.078696893
  0
VERTEX
  5
7ba
  8
Layer_27
  10
728.55359
  20
297.2493
  42
0.078638024
  0
VERTEX
  5
7bb
  8
Layer_27
  10
727.77309
  20
296.85159
  42
0.07864512
  0
VERTEX
  5
7bc
  8
Layer_27
  10
727.15359
  20
296.23209
  42
0.078634202
  0
VERTEX
  5
7bd
  8
Layer_27
  10
726.75589
  20
295.4516
  42
0.078723077
  0
VERTEX
  5
7be
  8
Layer_27
  10
726.6189
  20
294.5863
  42
0.078723077
  0
VERTEX
  5
7bf
  8
Layer_27
  10
726.75589
  20
293.7211
  42
0.078661393
  0
VERTEX
  5
7c0
  8
Layer_27
  10
727.15359
  20
292.94049
  42
0.078713677
  0
VERTEX
  5
7c1
  8
Layer_27
  10
727.77309
  20
292.32111
  42
0.07878718
  0
VERTEX
  5
7c2
  8
Layer_27
  10
728.55359
  20
291.9234
  42
0.078719978
  0
VERTEX
  5
7c3
  8
Layer_27
  10
729.41888
  20
291.78629
  0
VERTEX
  5
7c4
  8
Layer_27
  10
729.41888
  20
289.18628
  0
VERTEX
  5
7c5
  8
Layer_27
  10
729.16888
  20
289.18628
  42
0.079890628
  0
VERTEX
  5
7c6
  8
Layer_27
  10
729.138
  20
289.1814
  42
0.08036228
  0
VERTEX
  5
7c7
  8
Layer_27
  10
729.11009
  20
289.16718
  42
0.077703678
  0
VERTEX
  5
7c8
  8
Layer_27
  10
729.08798
  20
289.14508
  42
0.08044934
  0
VERTEX
  5
7c9
  8
Layer_27
  10
729.07379
  20
289.11719
  42
0.079948604
  0
VERTEX
  5
7ca
  8
Layer_27
  10
729.06889
  20
289.0863
  42
0.043427982
  0
VERTEX
  5
7cb
  8
Layer_27
  10
729.07039
  20
289.069
  0
VERTEX
  5
7cc
  8
Layer_27
  10
729.41888
  20
287.08258
  42
0.078863939
  0
VERTEX
  5
7cd
  8
Layer_27
  10
729.47989
  20
286.90509
  42
0.078600917
  0
VERTEX
  5
7ce
  8
Layer_27
  10
729.59268
  20
286.7551
  42
0.078335142
  0
VERTEX
  5
7cf
  8
Layer_27
  10
729.7464
  20
286.64719
  42
0.078044015
  0
VERTEX
  5
7d0
  8
Layer_27
  10
729.92589
  20
286.59219
  42
0.034878278
  0
VERTEX
  5
7d1
  8
Layer_27
  10
730.00989
  20
286.5863
  0
VERTEX
  5
7d2
  8
Layer_27
  10
731.8689
  20
286.5863
  0
VERTEX
  5
7d3
  8
Layer_27
  10
731.8689
  20
291.78629
  42
-0.079130601
  0
VERTEX
  5
7d4
  8
Layer_27
  10
731.88359
  20
291.879
  42
-0.079096515
  0
VERTEX
  5
7d5
  8
Layer_27
  10
731.92619
  20
291.96271
  42
-0.079574569
  0
VERTEX
  5
7d6
  8
Layer_27
  10
731.99258
  20
292.02899
  42
-0.079569731
  0
VERTEX
  5
7d7
  8
Layer_27
  10
732.07619
  20
292.07159
  42
-0.079101697
  0
VERTEX
  5
7d8
  8
Layer_27
  10
732.16888
  20
292.0863
  0
VERTEX
  5
7d9
  8
Layer_27
  10
733.66888
  20
292.0863
  42
-0.079101697
  0
VERTEX
  5
7da
  8
Layer_27
  10
733.7616
  20
292.07159
  42
-0.079533896
  0
VERTEX
  5
7db
  8
Layer_27
  10
733.84518
  20
292.02899
  42
-0.078385894
  0
VERTEX
  5
7dc
  8
Layer_27
  10
733.91159
  20
291.96271
  42
-0.077647587
  0
VERTEX
  5
7dd
  8
Layer_27
  10
733.95419
  20
291.879
  42
-0.078320529
  0
VERTEX
  5
7de
  8
Layer_27
  10
733.96889
  20
291.78629
  0
VERTEX
  5
7df
  8
Layer_27
  10
733.96889
  20
286.5863
  0
VERTEX
  5
7e0
  8
Layer_27
  10
735.82788
  20
286.5863
  42
0.078725764
  0
VERTEX
  5
7e1
  8
Layer_27
  10
736.01329
  20
286.61569
  42
0.078594503
  0
VERTEX
  5
7e2
  8
Layer_27
  10
736.18059
  20
286.7009
  42
0.078406542
  0
VERTEX
  5
7e3
  8
Layer_27
  10
736.31329
  20
286.83359
  42
0.07857461
  0
VERTEX
  5
7e4
  8
Layer_27
  10
736.3985
  20
287.00089
  42
0.034920954
  0
VERTEX
  5
7e5
  8
Layer_27
  10
736.41888
  20
287.08258
  0
VERTEX
  5
7e6
  8
Layer_27
  10
736.7674
  20
289.069
  42
0.078729306
  0
VERTEX
  5
7e7
  8
Layer_27
  10
736.76788
  20
289.10028
  42
0.078065599
  0
VERTEX
  5
7e8
  8
Layer_27
  10
736.7587
  20
289.13019
  42
0.080412084
  0
VERTEX
  5
7e9
  8
Layer_27
  10
736.74078
  20
289.15579
  42
0.077107475
  0
VERTEX
  5
7ea
  8
Layer_27
  10
736.71579
  20
289.17468
  42
0.078159437
  0
VERTEX
  5
7eb
  8
Layer_27
  10
736.68619
  20
289.18478
  42
0.042698708
  0
VERTEX
  5
7ec
  8
Layer_27
  10
736.66888
  20
289.18628
  0
VERTEX
  5
7ed
  8
Layer_27
  10
736.41888
  20
289.18628
  0
VERTEX
  5
7ee
  8
Layer_27
  10
736.41888
  20
291.78629
  42
0.078719978
  0
VERTEX
  5
7ef
  8
Layer_27
  10
737.28409
  20
291.9234
  42
0.078722454
  0
VERTEX
  5
7f0
  8
Layer_27
  10
738.0647
  20
292.32098
  42
0.078718951
  0
VERTEX
  5
7f1
  8
Layer_27
  10
738.68408
  20
292.94049
  42
0.078821999
  0
VERTEX
  5
7f2
  8
Layer_27
  10
739.08179
  20
293.7211
  42
0.078723077
  0
VERTEX
  5
7f3
  8
Layer_27
  10
739.21889
  20
294.5863
  42
0.078696893
  0
VERTEX
  5
7f4
  8
Layer_27
  10
739.08179
  20
295.4516
  42
0.078794833
  0
VERTEX
  5
7f5
  8
Layer_27
  10
738.68408
  20
296.23209
  42
0.078718951
  0
VERTEX
  5
7f6
  8
Layer_27
  10
738.0647
  20
296.85159
  42
0.078641854
  0
VERTEX
  5
7f7
  8
Layer_27
  10
737.28409
  20
297.2493
  42
0.078723077
  0
VERTEX
  5
7f8
  8
Layer_27
  10
736.41888
  20
297.38629
  42
0.078721063
  0
VERTEX
  5
7f9
  8
Layer_27
  10
736.29529
  20
297.3667
  42
0.07868333
  0
VERTEX
  5
7fa
  8
Layer_27
  10
736.18379
  20
297.30988
  42
0.078745064
  0
VERTEX
  5
7fb
  8
Layer_27
  10
736.09529
  20
297.22141
  42
0.078681329
  0
VERTEX
  5
7fc
  8
Layer_27
  10
736.03848
  20
297.10989
  42
0.078721063
  0
VERTEX
  5
7fd
  8
Layer_27
  10
736.01889
  20
296.9863
  0
VERTEX
  5
7fe
  8
Layer_27
  10
736.01889
  20
296.38629
  42
0.078721063
  0
VERTEX
  5
7ff
  8
Layer_27
  10
736.03848
  20
296.2627
  42
0.078688381
  0
VERTEX
  5
800
  8
Layer_27
  10
736.09529
  20
296.15118
  42
0.078758485
  0
VERTEX
  5
801
  8
Layer_27
  10
736.18379
  20
296.06268
  42
0.078705028
  0
VERTEX
  5
802
  8
Layer_27
  10
736.29529
  20
296.00589
  42
0.078721063
  0
VERTEX
  5
803
  8
Layer_27
  10
736.41888
  20
295.9863
  42
-0.078721063
  0
VERTEX
  5
804
  8
Layer_27
  10
736.66609
  20
295.94708
  42
-0.079195907
  0
VERTEX
  5
805
  8
Layer_27
  10
736.8891
  20
295.8335
  42
-0.078816869
  0
VERTEX
  5
806
  8
Layer_27
  10
737.0661
  20
295.65649
  42
-0.078916613
  0
VERTEX
  5
807
  8
Layer_27
  10
737.17969
  20
295.4335
  42
-0.078724589
  0
VERTEX
  5
808
  8
Layer_27
  10
737.21889
  20
295.18628
  42
-0.078721063
  0
VERTEX
  5
809
  8
Layer_27
  10
737.17969
  20
294.93909
  42
-0.078906372
  0
VERTEX
  5
80a
  8
Layer_27
  10
737.0661
  20
294.71609
  42
-0.078576991
  0
VERTEX
  5
80b
  8
Layer_27
  10
736.8891
  20
294.53909
  42
-0.078902846
  0
VERTEX
  5
80c
  8
Layer_27
  10
736.66609
  20
294.42548
  42
-0.078721063
  0
VERTEX
  5
80d
  8
Layer_27
  10
736.41888
  20
294.38629
  0
VERTEX
  5
80e
  8
Layer_27
  10
733.21889
  20
294.38629
  0
SEQEND
  0
POLYLINE
  5
810
  8
Layer_18
  62
13
  70
1
  66
1
  10
0
  20
0
  30
0
  0
VERTEX
  5
810
  8
Layer_18
  10
755.9039
  20
325.97998
  0
VERTEX
  5
811
  8
Layer_18
  10
755.90393
  20
325.97998
  0
VERTEX
  5
812
  8
Layer_18
  10
755.90405
  20
325.97998
  0
VERTEX
  5
813
  8
Layer_18
  10
755.90424
  20
325.97998
  0
VERTEX
  5
814
  8
Layer_18
  10
755.9045
  20
325.97998
  0
VERTEX
  5
815
  8
Layer_18
  10
755.9048
  20
325.97998
  0
VERTEX
  5
816
  8
Layer_18
  10
755.90515
  20
325.97998
  0
VERTEX
  5
817
  8
Layer_18
  10
755.90552
  20
325.97998
  0
VERTEX
  5
818
  8
Layer_18
  10
755.90591
  20
325.97998
  0
VERTEX
  5
819
  8
Layer_18
  10
755.90634
  20
325.97998
  0
VERTEX
  5
81a
  8
Layer_18
  10
755.90674
  20
325.97998
  0
VERTEX
  5
81b
  8
Layer_18
  10
755.90717
  20
325.97998
  0
VERTEX
  5
81c
  8
Layer_18
  10
755.90756
  20
325.97998
  0
VERTEX
  5
81d
  8
Layer_18
  10
755.90793
  20
325.97998
  0
VERTEX
  5
81e
  8
Layer_18
  10
755.90828
  20
325.97998
  0
VERTEX
  5
81f
  8
Layer_18
  10
755.90858
  20
325.97998
  0
VERTEX
  5
820
  8
Layer_18
  10
755.90884
  20
325.97998
  0
VERTEX
  5
821
  8
Layer_18
  10
755.90903
  20
325.97998
  0
VERTEX
  5
822
  8
Layer_18
  10
755.90915
  20
325.97998
  0
VERTEX
  5
823
  8
Layer_18
  10
755.90918
  20
325.97998
  0
VERTEX
  5
824
  8
Layer_18
  10
755.90906
  20
325.97998
  0
VERTEX
  5
825
  8
Layer_18
  10
755.90869
  20
325.97998
  0
VERTEX
  5
826
  8
Layer_18
  10
755.90811
  20
325.97998
  0
VERTEX
  5
827
  8
Layer_18
  10
755.90735
  20
325.97998
  0
VERTEX
  5
828
  8
Layer_18
  10
755.90643
  20
325.97998
  0
VERTEX
  5
829
  8
Layer_18
  10
755.9054
  20
325.97998
  0
VERTEX
  5
82a
  8
Layer_18
  10
755.90424
  20
325.97998
  0
VERTEX
  5
82b
  8
Layer_18
  10
755.90303
  20
325.97998
  0
VERTEX
  5
82c
  8
Layer_18
  10
755.90176
  20
325.97998
  0
VERTEX
  5
82d
  8
Layer_18
  10
755.90051
  20
325.97998
  0
VERTEX
  5
82e
  8
Layer_18
  10
755.89925
  20
325.97998
  0
VERTEX
  5
82f
  8
Layer_18
  10
755.89804
  20
325.97998
  0
VERTEX
  5
830
  8
Layer_18
  10
755.89688
  20
325.97998
  0
VERTEX
  5
831
  8
Layer_18
  10
755.89584
  20
325.97998
  0
VERTEX
  5
832
  8
Layer_18
  10
755.89493
  20
325.97998
  0
VERTEX
  5
833
  8
Layer_18
  10
755.89417
  20
325.97998
  0
VERTEX
  5
834
  8
Layer_18
  10
755.89359
  20
325.97998
  0
VERTEX
  5
835
  8
Layer_18
  10
755.89322
  20
325.97998
  0
VERTEX
  5
836
  8
Layer_18
  10
755.8931
  20
325.97998
  0
VERTEX
  5
837
  8
Layer_18
  10
755.89311
  20
325.97998
  0
VERTEX
  5
838
  8
Layer_18
  10
755.89317
  20
325.97998
  0
VERTEX
  5
839
  8
Layer_18
  10
755.89328
  20
325.97998
  0
VERTEX
  5
83a
  8
Layer_18
  10
755.89343
  20
325.97998
  0
VERTEX
  5
83b
  8
Layer_18
  10
755.8936
  20
325.97998
  0
VERTEX
  5
83c
  8
Layer_18
  10
755.89381
  20
325.97998
  0
VERTEX
  5
83d
  8
Layer_18
  10
755.89404
  20
325.97998
  0
VERTEX
  5
83e
  8
Layer_18
  10
755.89432
  20
325.97998
  0
VERTEX
  5
83f
  8
Layer_18
  10
755.89462
  20
325.97998
  0
VERTEX
  5
840
  8
Layer_18
  10
755.89494
  20
325.97998
  0
VERTEX
  5
841
  8
Layer_18
  10
755.89528
  20
325.97998
  0
VERTEX
  5
842
  8
Layer_18
  10
755.89563
  20
325.97998
  0
VERTEX
  5
843
  8
Layer_18
  10
755.89603
  20
325.97998
  0
VERTEX
  5
844
  8
Layer_18
  10
755.89641
  20
325.97998
  0
VERTEX
  5
845
  8
Layer_18
  10
755.89682
  20
325.97998
  0
VERTEX
  5
846
  8
Layer_18
  10
755.89722
  20
325.97998
  0
VERTEX
  5
847
  8
Layer_18
  10
755.89764
  20
325.97998
  0
VERTEX
  5
848
  8
Layer_18
  10
755.89807
  20
325.97998
  0
VERTEX
  5
849
  8
Layer_18
  10
755.8985
  20
325.97998
  0
VERTEX
  5
84a
  8
Layer_18
  10
755.89893
  20
325.97998
  0
VERTEX
  5
84b
  8
Layer_18
  10
755.89934
  20
325.97998
  0
VERTEX
  5
84c
  8
Layer_18
  10
755.89975
  20
325.97998
  0
VERTEX
  5
84d
  8
Layer_18
  10
755.90018
  20
325.97998
  0
VERTEX
  5
84e
  8
Layer_18
  10
755.90057
  20
325.97998
  0
VERTEX
  5
84f
  8
Layer_18
  10
755.90097
  20
325.97998
  0
VERTEX
  5
850
  8
Layer_18
  10
755.90134
  20
325.97998
  0
VERTEX
  5
851
  8
Layer_18
  10
755.9017
  20
325.97998
  0
VERTEX
  5
852
  8
Layer_18
  10
755.90204
  20
325.97998
  0
VERTEX
  5
853
  8
Layer_18
  10
755.90236
  20
325.97998
  0
VERTEX
  5
854
  8
Layer_18
  10
755.90265
  20
325.97998
  0
VERTEX
  5
855
  8
Layer_18
  10
755.90292
  20
325.97998
  0
VERTEX
  5
856
  8
Layer_18
  10
755.90317
  20
325.97998
  0
VERTEX
  5
857
  8
Layer_18
  10
755.90338
  20
325.97998
  0
VERTEX
  5
858
  8
Layer_18
  10
755.90356
  20
325.97998
  0
VERTEX
  5
859
  8
Layer_18
  10
755.9037
  20
325.97998
  0
VERTEX
  5
85a
  8
Layer_18
  10
755.90381
  20
325.97998
  0
VERTEX
  5
85b
  8
Layer_18
  10
755.90387
  20
325.97998
  0
SEQEND
  0
POLYLINE
  5
85d
  8
Layer_18
  62
13
  70
1
  66
1
  10
0
  20
0
  30
0
  0
VERTEX
  5
85d
  8
Layer_18
  10
755.91449
  20
325.97998
  0
VERTEX
  5
85e
  8
Layer_18
  10
755.91458
  20
325.97998
  0
VERTEX
  5
85f
  8
Layer_18
  10
755.91483
  20
325.97998
  0
VERTEX
  5
860
  8
Layer_18
  10
755.91521
  20
325.97998
  0
VERTEX
  5
861
  8
Layer_18
  10
755.91571
  20
325.97998
  0
VERTEX
  5
862
  8
Layer_18
  10
755.91632
  20
325.97998
  0
VERTEX
  5
863
  8
Layer_18
  10
755.91702
  20
325.97998
  0
VERTEX
  5
864
  8
Layer_18
  10
755.91779
  20
325.97998
  0
VERTEX
  5
865
  8
Layer_18
  10
755.91858
  20
325.97998
  0
VERTEX
  5
866
  8
Layer_18
  10
755.91942
  20
325.97998
  0
VERTEX
  5
867
  8
Layer_18
  10
755.92026
  20
325.97998
  0
VERTEX
  5
868
  8
Layer_18
  10
755.9211
  20
325.97998
  0
VERTEX
  5
869
  8
Layer_18
  10
755.92191
  20
325.97998
  0
VERTEX
  5
86a
  8
Layer_18
  10
755.92267
  20
325.97998
  0
VERTEX
  5
86b
  8
Layer_18
  10
755.92336
  20
325.97998
  0
VERTEX
  5
86c
  8
Layer_18
  10
755.92397
  20
325.97998
  0
VERTEX
  5
86d
  8
Layer_18
  10
755.92447
  20
325.97998
  0
VERTEX
  5
86e
  8
Layer_18
  10
755.92487
  20
325.97998
  0
VERTEX
  5
86f
  8
Layer_18
  10
755.92511
  20
325.97998
  0
VERTEX
  5
870
  8
Layer_18
  10
755.92519
  20
325.97998
  0
VERTEX
  5
871
  8
Layer_18
  10
755.92506
  20
325.97998
  0
VERTEX
  5
872
  8
Layer_18
  10
755.9247
  20
325.97998
  0
VERTEX
  5
873
  8
Layer_18
  10
755.92412
  20
325.97998
  0
VERTEX
  5
874
  8
Layer_18
  10
755.92337
  20
325.97998
  0
VERTEX
  5
875
  8
Layer_18
  10
755.92245
  20
325.97998
  0
VERTEX
  5
876
  8
Layer_18
  10
755.92142
  20
325.97998
  0
VERTEX
  5
877
  8
Layer_18
  10
755.92027
  20
325.97998
  0
VERTEX
  5
878
  8
Layer_18
  10
755.91907
  20
325.97998
  0
VERTEX
  5
879
  8
Layer_18
  10
755.91782
  20
325.97998
  0
VERTEX
  5
87a
  8
Layer_18
  10
755.91656
  20
325.97998
  0
VERTEX
  5
87b
  8
Layer_18
  10
755.91531
  20
325.97998
  0
VERTEX
  5
87c
  8
Layer_18
  10
755.91411
  20
325.97998
  0
VERTEX
  5
87d
  8
Layer_18
  10
755.91296
  20
325.97998
  0
VERTEX
  5
87e
  8
Layer_18
  10
755.91193
  20
325.97998
  0
VERTEX
  5
87f
  8
Layer_18
  10
755.91101
  20
325.97998
  0
VERTEX
  5
880
  8
Layer_18
  10
755.91026
  20
325.97998
  0
VERTEX
  5
881
  8
Layer_18
  10
755.90968
  20
325.97998
  0
VERTEX
  5
882
  8
Layer_18
  10
755.90932
  20
325.97998
  0
VERTEX
  5
883
  8
Layer_18
  10
755.90918
  20
325.97998
  0
VERTEX
  5
884
  8
Layer_18
  10
755.90921
  20
325.97998
  0
VERTEX
  5
885
  8
Layer_18
  10
755.90924
  20
325.97998
  0
VERTEX
  5
886
  8
Layer_18
  10
755.90929
  20
325.97998
  0
VERTEX
  5
887
  8
Layer_18
  10
755.90936
  20
325.97998
  0
VERTEX
  5
888
  8
Layer_18
  10
755.90944
  20
325.97998
  0
VERTEX
  5
889
  8
Layer_18
  10
755.90955
  20
325.97998
  0
VERTEX
  5
88a
  8
Layer_18
  10
755.90967
  20
325.97998
  0
VERTEX
  5
88b
  8
Layer_18
  10
755.90979
  20
325.97998
  0
VERTEX
  5
88c
  8
Layer_18
  10
755.90994
  20
325.97998
  0
VERTEX
  5
88d
  8
Layer_18
  10
755.9101
  20
325.97998
  0
VERTEX
  5
88e
  8
Layer_18
  10
755.91026
  20
325.97998
  0
VERTEX
  5
88f
  8
Layer_18
  10
755.91043
  20
325.97998
  0
VERTEX
  5
890
  8
Layer_18
  10
755.91063
  20
325.97998
  0
VERTEX
  5
891
  8
Layer_18
  10
755.91083
  20
325.97998
  0
VERTEX
  5
892
  8
Layer_18
  10
755.91101
  20
325.97998
  0
VERTEX
  5
893
  8
Layer_18
  10
755.91122
  20
325.97998
  0
VERTEX
  5
894
  8
Layer_18
  10
755.91142
  20
325.97998
  0
VERTEX
  5
895
  8
Layer_18
  10
755.91162
  20
325.97998
  0
VERTEX
  5
896
  8
Layer_18
  10
755.91183
  20
325.97998
  0
VERTEX
  5
897
  8
Layer_18
  10
755.91205
  20
325.97998
  0
VERTEX
  5
898
  8
Layer_18
  10
755.91226
  20
325.97998
  0
VERTEX
  5
899
  8
Layer_18
  10
755.91246
  20
325.97998
  0
VERTEX
  5
89a
  8
Layer_18
  10
755.91266
  20
325.97998
  0
VERTEX
  5
89b
  8
Layer_18
  10
755.91287
  20
325.97998
  0
VERTEX
  5
89c
  8
Layer_18
  10
755.91306
  20
325.97998
  0
VERTEX
  5
89d
  8
Layer_18
  10
755.91324
  20
325.97998
  0
VERTEX
  5
89e
  8
Layer_18
  10
755.91342
  20
325.97998
  0
VERTEX
  5
89f
  8
Layer_18
  10
755.91357
  20
325.97998
  0
VERTEX
  5
8a0
  8
Layer_18
  10
755.91374
  20
325.97998
  0
VERTEX
  5
8a1
  8
Layer_18
  10
755.91388
  20
325.97998
  0
VERTEX
  5
8a2
  8
Layer_18
  10
755.91402
  20
325.97998
  0
VERTEX
  5
8a3
  8
Layer_18
  10
755.91414
  20
325.97998
  0
VERTEX
  5
8a4
  8
Layer_18
  10
755.91425
  20
325.97998
  0
VERTEX
  5
8a5
  8
Layer_18
  10
755.91434
  20
325.97998
  0
VERTEX
  5
8a6
  8
Layer_18
  10
755.9144
  20
325.97998
  0
VERTEX
  5
8a7
  8
Layer_18
  10
755.91444
  20
325.97998
  0
VERTEX
  5
8a8
  8
Layer_18
  10
755.91449
  20
325.97998
  0
SEQEND
  0
POLYLINE
  5
8aa
  8
Layer_18
  62
13
  70
1
  66
1
  10
0
  20
0
  30
0
  0
VERTEX
  5
8aa
  8
Layer_18
  10
690.0069
  20
292.4014
  0
VERTEX
  5
8ab
  8
Layer_18
  10
686.54279
  20
294.4014
  42
0.07886916
  0
VERTEX
  5
8ac
  8
Layer_18
  10
686.25069
  20
294.51349
  42
0.078785244
  0
VERTEX
  5
8ad
  8
Layer_18
  10
685.93829
  20
294.52991
  42
0.078811408
  0
VERTEX
  5
8ae
  8
Layer_18
  10
685.63609
  20
294.44888
  42
0.079037738
  0
VERTEX
  5
8af
  8
Layer_18
  10
685.37369
  20
294.2785
  42
0.078890035
  0
VERTEX
  5
8b0
  8
Layer_18
  10
685.17679
  20
294.0354
  42
0.078632594
  0
VERTEX
  5
8b1
  8
Layer_18
  10
685.06459
  20
293.74329
  42
0.052269297
  0
VERTEX
  5
8b2
  8
Layer_18
  10
685.04279
  20
293.5354
  0
VERTEX
  5
8b3
  8
Layer_18
  10
685.04279
  20
289.5354
  42
0.078721063
  0
VERTEX
  5
8b4
  8
Layer_18
  10
685.09169
  20
289.22638
  42
0.078629996
  0
VERTEX
  5
8b5
  8
Layer_18
  10
685.2338
  20
288.9476
  42
0.078818882
  0
VERTEX
  5
8b6
  8
Layer_18
  10
685.45499
  20
288.72638
  42
0.078634113
  0
VERTEX
  5
8b7
  8
Layer_18
  10
685.7338
  20
288.58429
  42
0.078723883
  0
VERTEX
  5
8b8
  8
Layer_18
  10
686.04279
  20
288.5354
  42
0.078721063
  0
VERTEX
  5
8b9
  8
Layer_18
  10
686.35179
  20
288.58429
  42
0.052581537
  0
VERTEX
  5
8ba
  8
Layer_18
  10
686.54279
  20
288.6694
  0
VERTEX
  5
8bb
  8
Layer_18
  10
690.0069
  20
290.6694
  42
0.07891309
  0
VERTEX
  5
8bc
  8
Layer_18
  10
690.25009
  20
290.8663
  42
0.078799777
  0
VERTEX
  5
8bd
  8
Layer_18
  10
690.42049
  20
291.12869
  42
0.078787528
  0
VERTEX
  5
8be
  8
Layer_18
  10
690.5015
  20
291.43079
  42
0.078776171
  0
VERTEX
  5
8bf
  8
Layer_18
  10
690.48509
  20
291.74329
  42
0.078640493
  0
VERTEX
  5
8c0
  8
Layer_18
  10
690.37299
  20
292.0354
  42
0.078606503
  0
VERTEX
  5
8c1
  8
Layer_18
  10
690.17609
  20
292.2785
  42
0.052293839
  0
SEQEND
  0
POLYLINE
  5
8c3
  8
Layer_18
  62
13
  70
1
  66
1
  10
0
  20
0
  30
0
  0
VERTEX
  5
8c3
  8
Layer_18
  10
755.99859
  20
297.69559
  0
VERTEX
  5
8c4
  8
Layer_18
  10
756.35694
  20
297.67184
  0
VERTEX
  5
8c5
  8
Layer_18
  10
756.66327
  20
297.60057
  0
VERTEX
  5
8c6
  8
Layer_18
  10
756.91757
  20
297.48179
  0
VERTEX
  5
8c7
  8
Layer_18
  10
757.11989
  20
297.31549
  0
VERTEX
  5
8c8
  8
Layer_18
  10
757.27416
  20
297.10187
  0
VERTEX
  5
8c9
  8
Layer_18
  10
757.38435
  20
296.84113
  0
VERTEX
  5
8ca
  8
Layer_18
  10
757.45046
  20
296.53326
  0
VERTEX
  5
8cb
  8
Layer_18
  10
757.47249
  20
296.17829
  0
VERTEX
  5
8cc
  8
Layer_18
  10
757.45046
  20
295.82307
  0
VERTEX
  5
8cd
  8
Layer_18
  10
757.38435
  20
295.51462
  0
VERTEX
  5
8ce
  8
Layer_18
  10
757.27416
  20
295.25292
  0
VERTEX
  5
8cf
  8
Layer_18
  10
757.11989
  20
295.03799
  0
VERTEX
  5
8d0
  8
Layer_18
  10
756.91757
  20
294.87039
  0
VERTEX
  5
8d1
  8
Layer_18
  10
756.66327
  20
294.75067
  0
VERTEX
  5
8d2
  8
Layer_18
  10
756.35694
  20
294.67884
  0
VERTEX
  5
8d3
  8
Layer_18
  10
755.99859
  20
294.65489
  0
VERTEX
  5
8d4
  8
Layer_18
  10
753.0506
  20
294.65491
  0
VERTEX
  5
8d5
  8
Layer_18
  10
753.0506
  20
295.3306
  0
VERTEX
  5
8d6
  8
Layer_18
  10
756.01129
  20
295.3306
  0
VERTEX
  5
8d7
  8
Layer_18
  10
756.20933
  20
295.34379
  0
VERTEX
  5
8d8
  8
Layer_18
  10
756.38097
  20
295.38338
  0
VERTEX
  5
8d9
  8
Layer_18
  10
756.5262
  20
295.44936
  0
VERTEX
  5
8da
  8
Layer_18
  10
756.64503
  20
295.54173
  0
VERTEX
  5
8db
  8
Layer_18
  10
756.73746
  20
295.6605
  0
VERTEX
  5
8dc
  8
Layer_18
  10
756.80348
  20
295.80567
  0
VERTEX
  5
8dd
  8
Layer_18
  10
756.84309
  20
295.97723
  0
VERTEX
  5
8de
  8
Layer_18
  10
756.85629
  20
296.17519
  0
VERTEX
  5
8df
  8
Layer_18
  10
756.84309
  20
296.37316
  0
VERTEX
  5
8e0
  8
Layer_18
  10
756.80348
  20
296.54474
  0
VERTEX
  5
8e1
  8
Layer_18
  10
756.73746
  20
296.68992
  0
VERTEX
  5
8e2
  8
Layer_18
  10
756.64503
  20
296.80871
  0
VERTEX
  5
8e3
  8
Layer_18
  10
756.5262
  20
296.9011
  0
VERTEX
  5
8e4
  8
Layer_18
  10
756.38097
  20
296.9671
  0
VERTEX
  5
8e5
  8
Layer_18
  10
756.20933
  20
297.00669
  0
VERTEX
  5
8e6
  8
Layer_18
  10
756.01129
  20
297.01989
  0
VERTEX
  5
8e7
  8
Layer_18
  10
753.0506
  20
297.0199
  0
VERTEX
  5
8e8
  8
Layer_18
  10
753.0506
  20
297.69559
  0
VERTEX
  5
8e9
  8
Layer_18
  10
755.9986
  20
297.69559
  0
SEQEND
  0
POLYLINE
  5
8eb
  8
Layer_18
  62
13
  70
1
  66
1
  10
0
  20
0
  30
0
  0
VERTEX
  5
8eb
  8
Layer_18
  10
753.08879
  20
291.4874
  42
-0.04471805
  0
VERTEX
  5
8ec
  8
Layer_18
  10
752.9744
  20
292.58539
  0
VERTEX
  5
8ed
  8
Layer_18
  10
752.99325
  20
292.8906
  0
VERTEX
  5
8ee
  8
Layer_18
  10
753.04984
  20
293.16077
  0
VERTEX
  5
8ef
  8
Layer_18
  10
753.14415
  20
293.39587
  0
VERTEX
  5
8f0
  8
Layer_18
  10
753.27619
  20
293.59589
  0
VERTEX
  5
8f1
  8
Layer_18
  10
753.44515
  20
293.75561
  0
VERTEX
  5
8f2
  8
Layer_18
  10
753.65023
  20
293.86967
  0
VERTEX
  5
8f3
  8
Layer_18
  10
753.89144
  20
293.93809
  0
VERTEX
  5
8f4
  8
Layer_18
  10
754.16879
  20
293.96089
  0
VERTEX
  5
8f5
  8
Layer_18
  10
754.44438
  20
293.9428
  0
VERTEX
  5
8f6
  8
Layer_18
  10
754.68027
  20
293.8885
  0
VERTEX
  5
8f7
  8
Layer_18
  10
754.87644
  20
293.79801
  0
VERTEX
  5
8f8
  8
Layer_18
  10
755.03289
  20
293.67129
  0
VERTEX
  5
8f9
  8
Layer_18
  10
755.16212
  20
293.50768
  0
VERTEX
  5
8fa
  8
Layer_18
  10
755.27665
  20
293.30634
  0
VERTEX
  5
8fb
  8
Layer_18
  10
755.37651
  20
293.06728
  0
VERTEX
  5
8fc
  8
Layer_18
  10
755.46169
  20
292.79049
  0
VERTEX
  5
8fd
  8
Layer_18
  10
755.53795
  20
292.52126
  0
VERTEX
  5
8fe
  8
Layer_18
  10
755.61102
  20
292.30483
  0
VERTEX
  5
8ff
  8
Layer_18
  10
755.6809
  20
292.14118
  0
VERTEX
  5
900
  8
Layer_18
  10
755.74759
  20
292.03029
  0
VERTEX
  5
901
  8
Layer_18
  10
755.82163
  20
291.9564
  0
VERTEX
  5
902
  8
Layer_18
  10
755.91356
  20
291.90362
  0
VERTEX
  5
903
  8
Layer_18
  10
756.02338
  20
291.87195
  0
VERTEX
  5
904
  8
Layer_18
  10
756.15109
  20
291.86139
  0
VERTEX
  5
905
  8
Layer_18
  10
756.31488
  20
291.87308
  0
VERTEX
  5
906
  8
Layer_18
  10
756.45683
  20
291.90814
  0
VERTEX
  5
907
  8
Layer_18
  10
756.57694
  20
291.96658
  0
VERTEX
  5
908
  8
Layer_18
  10
756.6752
  20
292.04839
  0
VERTEX
  5
909
  8
Layer_18
  10
756.75163
  20
292.15359
  0
VERTEX
  5
90a
  8
Layer_18
  10
756.80622
  20
292.28217
  0
VERTEX
  5
90b
  8
Layer_18
  10
756.83897
  20
292.43414
  0
VERTEX
  5
90c
  8
Layer_18
  10
756.84989
  20
292.60949
  0
VERTEX
  5
90d
  8
Layer_18
  10
756.84275
  20
292.84781
  0
VERTEX
  5
90e
  8
Layer_18
  10
756.8213
  20
293.13437
  0
VERTEX
  5
90f
  8
Layer_18
  10
756.78555
  20
293.46919
  0
VERTEX
  5
910
  8
Layer_18
  10
756.73549
  20
293.85229
  0
VERTEX
  5
911
  8
Layer_18
  10
757.30099
  20
293.9187
  0
VERTEX
  5
912
  8
Layer_18
  10
757.34549
  20
293.70148
  42
-0.050459343
  0
VERTEX
  5
913
  8
Layer_18
  10
757.47249
  20
292.56729
  0
VERTEX
  5
914
  8
Layer_18
  10
757.45125
  20
292.26429
  0
VERTEX
  5
915
  8
Layer_18
  10
757.38752
  20
291.99487
  0
VERTEX
  5
916
  8
Layer_18
  10
757.2813
  20
291.75901
  0
VERTEX
  5
917
  8
Layer_18
  10
757.13259
  20
291.55669
  0
VERTEX
  5
918
  8
Layer_18
  10
756.941
  20
291.39435
  0
VERTEX
  5
919
  8
Layer_18
  10
756.70614
  20
291.27842
  0
VERTEX
  5
91a
  8
Layer_18
  10
756.428
  20
291.20887
  0
VERTEX
  5
91b
  8
Layer_18
  10
756.10659
  20
291.18569
  0
VERTEX
  5
91c
  8
Layer_18
  10
755.85465
  20
291.20153
  0
VERTEX
  5
91d
  8
Layer_18
  10
755.63883
  20
291.24905
  0
VERTEX
  5
91e
  8
Layer_18
  10
755.45914
  20
291.32824
  0
VERTEX
  5
91f
  8
Layer_18
  10
755.31559
  20
291.43909
  0
VERTEX
  5
920
  8
Layer_18
  10
755.19448
  20
291.58858
  0
VERTEX
  5
921
  8
Layer_18
  10
755.08212
  20
291.7837
  0
VERTEX
  5
922
  8
Layer_18
  10
754.97848
  20
292.02444
  0
VERTEX
  5
923
  8
Layer_18
  10
754.88359
  20
292.31079
  0
VERTEX
  5
924
  8
Layer_18
  10
754.79659
  20
292.59268
  0
VERTEX
  5
925
  8
Layer_18
  10
754.71676
  20
292.81988
  0
VERTEX
  5
926
  8
Layer_18
  10
754.6441
  20
292.99239
  0
VERTEX
  5
927
  8
Layer_18
  10
754.57859
  20
293.11019
  0
VERTEX
  5
928
  8
Layer_18
  10
754.50612
  20
293.18941
  0
VERTEX
  5
929
  8
Layer_18
  10
754.41261
  20
293.246
  0
VERTEX
  5
92a
  8
Layer_18
  10
754.29807
  20
293.27997
  0
VERTEX
  5
92b
  8
Layer_18
  10
754.16249
  20
293.29129
  0
VERTEX
  5
92c
  8
Layer_18
  10
754.02995
  20
293.27931
  0
VERTEX
  5
92d
  8
Layer_18
  10
753.91509
  20
293.24339
  0
VERTEX
  5
92e
  8
Layer_18
  10
753.81789
  20
293.18352
  0
VERTEX
  5
92f
  8
Layer_18
  10
753.73837
  20
293.0997
  0
VERTEX
  5
930
  8
Layer_18
  10
753.67652
  20
292.99195
  0
VERTEX
  5
931
  8
Layer_18
  10
753.63234
  20
292.86026
  0
VERTEX
  5
932
  8
Layer_18
  10
753.60583
  20
292.70464
  0
VERTEX
  5
933
  8
Layer_18
  10
753.59699
  20
292.52509
  0
VERTEX
  5
934
  8
Layer_18
  10
753.60335
  20
292.3192
  0
VERTEX
  5
935
  8
Layer_18
  10
753.62242
  20
292.05147
  0
VERTEX
  5
936
  8
Layer_18
  10
753.6542
  20
291.7219
  0
VERTEX
  5
937
  8
Layer_18
  10
753.69869
  20
291.33049
  0
VERTEX
  5
938
  8
Layer_18
  10
753.12689
  20
291.27618
  0
SEQEND
  0
POLYLINE
  5
93a
  8
Layer_18
  62
13
  70
1
  66
1
  10
0
  20
0
  30
0
  0
VERTEX
  5
93a
  8
Layer_18
  10
757.40259
  20
288.84459
  0
VERTEX
  5
93b
  8
Layer_18
  10
757.38333
  20
288.53634
  0
VERTEX
  5
93c
  8
Layer_18
  10
757.32556
  20
288.26919
  0
VERTEX
  5
93d
  8
Layer_18
  10
757.22928
  20
288.04314
  0
VERTEX
  5
93e
  8
Layer_18
  10
757.09448
  20
287.85819
  0
VERTEX
  5
93f
  8
Layer_18
  10
756.92116
  20
287.71434
  0
VERTEX
  5
940
  8
Layer_18
  10
756.70932
  20
287.61159
  0
VERTEX
  5
941
  8
Layer_18
  10
756.45897
  20
287.54994
  0
VERTEX
  5
942
  8
Layer_18
  10
756.17009
  20
287.52939
  0
VERTEX
  5
943
  8
Layer_18
  10
755.81868
  20
287.56635
  0
VERTEX
  5
944
  8
Layer_18
  10
755.53318
  20
287.67722
  0
VERTEX
  5
945
  8
Layer_18
  10
755.31359
  20
287.862
  0
VERTEX
  5
946
  8
Layer_18
  10
755.15989
  20
288.12069
  42
-0.14121559
  0
VERTEX
  5
947
  8
Layer_18
  10
754.79138
  20
287.7496
  0
VERTEX
  5
948
  8
Layer_18
  10
754.66991
  20
287.69814
  0
VERTEX
  5
949
  8
Layer_18
  10
754.52776
  20
287.66139
  0
VERTEX
  5
94a
  8
Layer_18
  10
754.36496
  20
287.63934
  0
VERTEX
  5
94b
  8
Layer_18
  10
754.18149
  20
287.63199
  0
VERTEX
  5
94c
  8
Layer_18
  10
753.90612
  20
287.6516
  0
VERTEX
  5
94d
  8
Layer_18
  10
753.67086
  20
287.71043
  0
VERTEX
  5
94e
  8
Layer_18
  10
753.47569
  20
287.80846
  0
VERTEX
  5
94f
  8
Layer_18
  10
753.32059
  20
287.94569
  0
VERTEX
  5
950
  8
Layer_18
  10
753.2025
  20
288.12252
  0
VERTEX
  5
951
  8
Layer_18
  10
753.11813
  20
288.33934
  0
VERTEX
  5
952
  8
Layer_18
  10
753.06748
  20
288.59614
  0
VERTEX
  5
953
  8
Layer_18
  10
753.05059
  20
288.89289
  0
VERTEX
  5
954
  8
Layer_18
  10
753.0506
  20
290.46149
  0
VERTEX
  5
955
  8
Layer_18
  10
757.40259
  20
290.46149
  0
VERTEX
  5
956
  8
Layer_18
  10
757.40259
  20
288.8446
  0
SEQEND
  0
POLYLINE
  5
958
  8
Layer_18
  62
13
  70
1
  66
1
  10
0
  20
0
  30
0
  0
VERTEX
  5
958
  8
Layer_18
  10
756.79269
  20
288.8808
  0
VERTEX
  5
959
  8
Layer_18
  10
756.79269
  20
289.79181
  0
VERTEX
  5
95a
  8
Layer_18
  10
755.50299
  20
289.79181
  0
VERTEX
  5
95b
  8
Layer_18
  10
755.50299
  20
288.89288
  42
0.16067652
  0
VERTEX
  5
95c
  8
Layer_18
  10
755.64589
  20
288.41028
  0
VERTEX
  5
95d
  8
Layer_18
  10
755.73072
  20
288.32578
  0
VERTEX
  5
95e
  8
Layer_18
  10
755.84211
  20
288.26544
  0
VERTEX
  5
95f
  8
Layer_18
  10
755.9801
  20
288.22925
  0
VERTEX
  5
960
  8
Layer_18
  10
756.14469
  20
288.21719
  0
VERTEX
  5
961
  8
Layer_18
  10
756.30948
  20
288.22756
  0
VERTEX
  5
962
  8
Layer_18
  10
756.44806
  20
288.25867
  0
VERTEX
  5
963
  8
Layer_18
  10
756.56043
  20
288.31051
  0
VERTEX
  5
964
  8
Layer_18
  10
756.64659
  20
288.38309
  0
VERTEX
  5
965
  8
Layer_18
  10
756.71051
  20
288.47641
  0
VERTEX
  5
966
  8
Layer_18
  10
756.75616
  20
288.59047
  0
VERTEX
  5
967
  8
Layer_18
  10
756.78356
  20
288.72526
  0
VERTEX
  5
968
  8
Layer_18
  10
756.79269
  20
288.88079
  0
SEQEND
  0
POLYLINE
  5
96a
  8
Layer_18
  62
13
  70
1
  66
1
  10
0
  20
0
  30
0
  0
VERTEX
  5
96a
  8
Layer_18
  10
754.90579
  20
288.905
  0
VERTEX
  5
96b
  8
Layer_18
  10
754.90579
  20
289.79181
  0
VERTEX
  5
96c
  8
Layer_18
  10
753.66058
  20
289.79181
  0
VERTEX
  5
96d
  8
Layer_18
  10
753.66058
  20
288.92908
  0
VERTEX
  5
96e
  8
Layer_18
  10
753.67002
  20
288.78485
  0
VERTEX
  5
96f
  8
Layer_18
  10
753.6983
  20
288.65984
  0
VERTEX
  5
970
  8
Layer_18
  10
753.74544
  20
288.55407
  0
VERTEX
  5
971
  8
Layer_18
  10
753.81144
  20
288.46753
  0
VERTEX
  5
972
  8
Layer_18
  10
753.8963
  20
288.40022
  0
VERTEX
  5
973
  8
Layer_18
  10
754.00003
  20
288.35215
  0
VERTEX
  5
974
  8
Layer_18
  10
754.12263
  20
288.3233
  0
VERTEX
  5
975
  8
Layer_18
  10
754.26409
  20
288.31369
  0
VERTEX
  5
976
  8
Layer_18
  10
754.41449
  20
288.32293
  0
VERTEX
  5
977
  8
Layer_18
  10
754.54483
  20
288.35065
  0
VERTEX
  5
978
  8
Layer_18
  10
754.65513
  20
288.39684
  0
VERTEX
  5
979
  8
Layer_18
  10
754.74537
  20
288.46152
  0
VERTEX
  5
97a
  8
Layer_18
  10
754.81555
  20
288.54467
  0
VERTEX
  5
97b
  8
Layer_18
  10
754.86569
  20
288.6463
  0
VERTEX
  5
97c
  8
Layer_18
  10
754.89577
  20
288.76641
  0
VERTEX
  5
97d
  8
Layer_18
  10
754.90579
  20
288.90499
  0
SEQEND
  0
POLYLINE
  5
97f
  8
Layer_18
  62
13
  66
1
  10
0
  20
0
  30
0
  0
VERTEX
  5
97f
  8
Layer_18
  10
776.05399
  20
320.02161
  42
0.079272407
  0
VERTEX
  5
980
  8
Layer_18
  10
776.0172
  20
319.97101
  42
0.079586863
  0
VERTEX
  5
981
  8
Layer_18
  10
775.99789
  20
319.9115
  42
0.079479984
  0
VERTEX
  5
982
  8
Layer_18
  10
775.99789
  20
319.849
  42
0.079046568
  0
VERTEX
  5
983
  8
Layer_18
  10
776.0172
  20
319.7894
  42
0.07789269
  0
VERTEX
  5
984
  8
Layer_18
  10
776.05399
  20
319.7388
  42
0.077769796
  0
VERTEX
  5
985
  8
Layer_18
  10
776.10458
  20
319.702
  42
0.077657815
  0
VERTEX
  5
986
  8
Layer_18
  10
776.16409
  20
319.68268
  42
0.078925666
  0
VERTEX
  5
987
  8
Layer_18
  10
776.22668
  20
319.68268
  42
0.078324691
  0
VERTEX
  5
988
  8
Layer_18
  10
776.28619
  20
319.702
  42
0.078674112
  0
VERTEX
  5
989
  8
Layer_18
  10
776.33679
  20
319.7388
  0
SEQEND
  0
POLYLINE
  5
98b
  8
Layer_18
  62
13
  66
1
  10
0
  20
0
  30
0
  0
VERTEX
  5
98b
  8
Layer_18
  10
745.84299
  20
319.7388
  42
0.078715837
  0
VERTEX
  5
98c
  8
Layer_18
  10
745.89359
  20
319.702
  42
0.077643423
  0
VERTEX
  5
98d
  8
Layer_18
  10
745.95309
  20
319.68268
  42
0.078911374
  0
VERTEX
  5
98e
  8
Layer_18
  10
746.01569
  20
319.68268
  42
0.078380375
  0
VERTEX
  5
98f
  8
Layer_18
  10
746.0752
  20
319.702
  42
0.079255854
  0
VERTEX
  5
990
  8
Layer_18
  10
746.12579
  20
319.7388
  42
0.078950929
  0
VERTEX
  5
991
  8
Layer_18
  10
746.1626
  20
319.7894
  42
0.079965707
  0
VERTEX
  5
992
  8
Layer_18
  10
746.18188
  20
319.849
  42
0.079118284
  0
VERTEX
  5
993
  8
Layer_18
  10
746.18188
  20
319.9115
  42
0.080505579
  0
VERTEX
  5
994
  8
Layer_18
  10
746.1626
  20
319.97101
  42
0.080327588
  0
VERTEX
  5
995
  8
Layer_18
  10
746.12579
  20
320.02161
  0
SEQEND
  0
POLYLINE
  5
997
  8
Layer_18
  62
13
  66
1
  10
0
  20
0
  30
0
  0
VERTEX
  5
997
  8
Layer_18
  10
744.28738
  20
318.1832
  42
-0.078175364
  0
VERTEX
  5
998
  8
Layer_18
  10
744.3241
  20
318.1326
  42
-0.078808931
  0
VERTEX
  5
999
  8
Layer_18
  10
744.34349
  20
318.073
  42
-0.079118284
  0
VERTEX
  5
99a
  8
Layer_18
  10
744.34349
  20
318.0105
  42
-0.079334411
  0
VERTEX
  5
99b
  8
Layer_18
  10
744.3241
  20
317.95099
  42
-0.079551852
  0
VERTEX
  5
99c
  8
Layer_18
  10
744.28738
  20
317.90039
  42
-0.079592937
  0
VERTEX
  5
99d
  8
Layer_18
  10
744.23669
  20
317.86359
  42
-0.079505661
  0
VERTEX
  5
99e
  8
Layer_18
  10
744.17719
  20
317.84418
  42
-0.078911374
  0
VERTEX
  5
99f
  8
Layer_18
  10
744.11459
  20
317.84418
  42
-0.079333719
  0
VERTEX
  5
9a0
  8
Layer_18
  10
744.05519
  20
317.86359
  42
-0.079551852
  0
VERTEX
  5
9a1
  8
Layer_18
  10
744.00449
  20
317.90039
  0
SEQEND
  0
POLYLINE
  5
9a3
  8
Layer_18
  62
13
  70
1
  66
1
  10
0
  20
0
  30
0
  0
VERTEX
  5
9a3
  8
Layer_18
  10
746.12579
  20
291.74649
  0
VERTEX
  5
9a4
  8
Layer_18
  10
749.58989
  20
289.74649
  42
0.078864599
  0
VERTEX
  5
9a5
  8
Layer_18
  10
749.88199
  20
289.6344
  42
0.07881198
  0
VERTEX
  5
9a6
  8
Layer_18
  10
750.1944
  20
289.61798
  42
0.078595262
  0
VERTEX
  5
9a7
  8
Layer_18
  10
750.49658
  20
289.69888
  42
0.078818777
  0
VERTEX
  5
9a8
  8
Layer_18
  10
750.75899
  20
289.86938
  42
0.078897935
  0
VERTEX
  5
9a9
  8
Layer_18
  10
750.95589
  20
290.11249
  42
0.078644032
  0
VERTEX
  5
9aa
  8
Layer_18
  10
751.06808
  20
290.4046
  42
0.052255917
  0
VERTEX
  5
9ab
  8
Layer_18
  10
751.08989
  20
290.61249
  0
VERTEX
  5
9ac
  8
Layer_18
  10
751.08989
  20
294.61249
  42
0.078703704
  0
VERTEX
  5
9ad
  8
Layer_18
  10
751.04099
  20
294.92151
  42
0.078637378
  0
VERTEX
  5
9ae
  8
Layer_18
  10
750.8989
  20
295.20029
  42
0.07881352
  0
VERTEX
  5
9af
  8
Layer_18
  10
750.67769
  20
295.42151
  42
0.078631293
  0
VERTEX
  5
9b0
  8
Layer_18
  10
750.3989
  20
295.5636
  42
0.078723883
  0
VERTEX
  5
9b1
  8
Layer_18
  10
750.08989
  20
295.61249
  42
0.078723883
  0
VERTEX
  5
9b2
  8
Layer_18
  10
749.78088
  20
295.5636
  42
0.052142241
  0
VERTEX
  5
9b3
  8
Layer_18
  10
749.58989
  20
295.47849
  0
VERTEX
  5
9b4
  8
Layer_18
  10
746.12579
  20
293.47849
  42
0.078718937
  0
VERTEX
  5
9b5
  8
Layer_18
  10
745.8826
  20
293.28159
  42
0.078540417
  0
VERTEX
  5
9b6
  8
Layer_18
  10
745.71219
  20
293.01929
  42
0.078714836
  0
VERTEX
  5
9b7
  8
Layer_18
  10
745.6312
  20
292.71698
  42
0.078364045
  0
VERTEX
  5
9b8
  8
Layer_18
  10
745.64758
  20
292.4046
  42
0.078646076
  0
VERTEX
  5
9b9
  8
Layer_18
  10
745.75969
  20
292.11249
  42
0.078562848
  0
VERTEX
  5
9ba
  8
Layer_18
  10
745.95659
  20
291.86929
  42
0.052041252
  0
SEQEND
  0
POLYLINE
  5
9bc
  8
Layer_18
  62
13
  70
1
  66
1
  10
0
  20
0
  30
0
  0
VERTEX
  5
9bc
  8
Layer_18
  10
754.86689
  20
320.93419
  0
VERTEX
  5
9bd
  8
Layer_18
  10
754.63739
  20
320.63428
  0
VERTEX
  5
9be
  8
Layer_18
  10
754.38984
  20
320.42007
  0
VERTEX
  5
9bf
  8
Layer_18
  10
754.13027
  20
320.29154
  0
VERTEX
  5
9c0
  8
Layer_18
  10
753.86469
  20
320.24869
  0
VERTEX
  5
9c1
  8
Layer_18
  10
753.5991
  20
320.29154
  0
VERTEX
  5
9c2
  8
Layer_18
  10
753.33953
  20
320.42007
  0
VERTEX
  5
9c3
  8
Layer_18
  10
753.09199
  20
320.63428
  0
VERTEX
  5
9c4
  8
Layer_18
  10
752.86249
  20
320.93419
  0
VERTEX
  5
9c5
  8
Layer_18
  10
752.44559
  20
321.5863
  0
VERTEX
  5
9c6
  8
Layer_18
  10
752.40819
  20
321.58099
  42
-0.02642637
  0
VERTEX
  5
9c7
  8
Layer_18
  10
751.81488
  20
321.7948
  0
VERTEX
  5
9c8
  8
Layer_18
  10
751.90174
  20
321.89833
  0
VERTEX
  5
9c9
  8
Layer_18
  10
752.01259
  20
322.02999
  42
0.406707
  0
VERTEX
  5
9ca
  8
Layer_18
  10
751.9859
  20
322.2171
  0
VERTEX
  5
9cb
  8
Layer_18
  10
751.91915
  20
322.24613
  0
VERTEX
  5
9cc
  8
Layer_18
  10
751.86095
  20
322.23709
  0
VERTEX
  5
9cd
  8
Layer_18
  10
751.8198
  20
322.21402
  0
VERTEX
  5
9ce
  8
Layer_18
  10
751.80419
  20
322.20099
  0
VERTEX
  5
9cf
  8
Layer_18
  10
751.52618
  20
321.93369
  42
-0.028123586
  0
VERTEX
  5
9d0
  8
Layer_18
  10
750.97569
  20
322.24908
  0
VERTEX
  5
9d1
  8
Layer_18
  10
751.0826
  20
322.33794
  0
VERTEX
  5
9d2
  8
Layer_18
  10
751.20549
  20
322.44689
  42
0.41279784
  0
VERTEX
  5
9d3
  8
Layer_18
  10
751.21089
  20
322.63388
  0
VERTEX
  5
9d4
  8
Layer_18
  10
751.15088
  20
322.67475
  0
VERTEX
  5
9d5
  8
Layer_18
  10
751.0919
  20
322.67603
  0
VERTEX
  5
9d6
  8
Layer_18
  10
751.04696
  20
322.66026
  0
VERTEX
  5
9d7
  8
Layer_18
  10
751.02909
  20
322.64999
  0
VERTEX
  5
9d8
  8
Layer_18
  10
750.70839
  20
322.43619
  42
-0.027054622
  0
VERTEX
  5
9d9
  8
Layer_18
  10
750.22209
  20
322.8371
  42
0.014201094
  0
VERTEX
  5
9da
  8
Layer_18
  10
750.48389
  20
322.992
  42
0.41600877
  0
VERTEX
  5
9db
  8
Layer_18
  10
750.52139
  20
323.1738
  0
VERTEX
  5
9dc
  8
Layer_18
  10
750.46898
  20
323.22413
  0
VERTEX
  5
9dd
  8
Layer_18
  10
750.4111
  20
323.2359
  0
VERTEX
  5
9de
  8
Layer_18
  10
750.36427
  20
323.22865
  0
VERTEX
  5
9df
  8
Layer_18
  10
750.34499
  20
323.22189
  0
VERTEX
  5
9e0
  8
Layer_18
  10
749.99219
  20
323.06689
  42
-0.027039735
  0
VERTEX
  5
9e1
  8
Layer_18
  10
749.5806
  20
323.54788
  42
0.039586476
  0
VERTEX
  5
9e2
  8
Layer_18
  10
749.86398
  20
323.65491
  42
0.40408977
  0
VERTEX
  5
9e3
  8
Layer_18
  10
749.93338
  20
323.83118
  0
VERTEX
  5
9e4
  8
Layer_18
  10
749.88948
  20
323.89023
  0
VERTEX
  5
9e5
  8
Layer_18
  10
749.83453
  20
323.91072
  0
VERTEX
  5
9e6
  8
Layer_18
  10
749.78758
  20
323.91016
  0
VERTEX
  5
9e7
  8
Layer_18
  10
749.76769
  20
323.90609
  0
VERTEX
  5
9e8
  8
Layer_18
  10
749.39359
  20
323.81519
  42
-0.026437927
  0
VERTEX
  5
9e9
  8
Layer_18
  10
749.07289
  20
324.36038
  0
VERTEX
  5
9ea
  8
Layer_18
  10
749.20846
  20
324.3851
  0
VERTEX
  5
9eb
  8
Layer_18
  10
749.37209
  20
324.4138
  42
0.39532164
  0
VERTEX
  5
9ec
  8
Layer_18
  10
749.46838
  20
324.57419
  0
VERTEX
  5
9ed
  8
Layer_18
  10
749.43597
  20
324.63968
  0
VERTEX
  5
9ee
  8
Layer_18
  10
749.38551
  20
324.66909
  0
VERTEX
  5
9ef
  8
Layer_18
  10
749.33907
  20
324.67645
  0
VERTEX
  5
9f0
  8
Layer_18
  10
749.31869
  20
324.67579
  0
VERTEX
  5
9f1
  8
Layer_18
  10
748.9339
  20
324.64899
  42
-0.03030066
  0
VERTEX
  5
9f2
  8
Layer_18
  10
748.70409
  20
325.27438
  0
VERTEX
  5
9f3
  8
Layer_18
  10
749.00879
  20
325.27438
  42
0.41421356
  0
VERTEX
  5
9f4
  8
Layer_18
  10
749.13168
  20
325.41339
  0
VERTEX
  5
9f5
  8
Layer_18
  10
749.1116
  20
325.48305
  0
VERTEX
  5
9f6
  8
Layer_18
  10
749.0675
  20
325.52164
  0
VERTEX
  5
9f7
  8
Layer_18
  10
749.02342
  20
325.53818
  0
VERTEX
  5
9f8
  8
Layer_18
  10
749.00339
  20
325.54169
  0
VERTEX
  5
9f9
  8
Layer_18
  10
748.6185
  20
325.58438
  42
-0.024398136
  0
VERTEX
  5
9fa
  8
Layer_18
  10
748.50629
  20
326.20441
  0
VERTEX
  5
9fb
  8
Layer_18
  10
748.64589
  20
326.17972
  0
VERTEX
  5
9fc
  8
Layer_18
  10
748.80559
  20
326.15099
  42
0.36777213
  0
VERTEX
  5
9fd
  8
Layer_18
  10
748.94458
  20
326.24188
  0
VERTEX
  5
9fe
  8
Layer_18
  10
749.42029
  20
326.29529
  0
VERTEX
  5
9ff
  8
Layer_18
  10
749.34009
  20
326.42358
  0
VERTEX
  5
a00
  8
Layer_18
  10
748.91249
  20
326.37549
  0
VERTEX
  5
a01
  8
Layer_18
  10
748.8657
  20
326.40893
  0
VERTEX
  5
a02
  8
Layer_18
  10
748.84299
  20
326.41829
  0
VERTEX
  5
a03
  8
Layer_18
  10
748.47429
  20
326.53049
  42
-0.01130771
  0
VERTEX
  5
a04
  8
Layer_18
  10
748.4635
  20
326.86188
  42
-0.012267281
  0
VERTEX
  5
a05
  8
Layer_18
  10
748.47418
  20
327.16119
  0
VERTEX
  5
a06
  8
Layer_18
  10
748.60984
  20
327.11247
  0
VERTEX
  5
a07
  8
Layer_18
  10
748.75749
  20
327.05969
  42
0.34542856
  0
VERTEX
  5
a08
  8
Layer_18
  10
748.90179
  20
327.1131
  0
VERTEX
  5
a09
  8
Layer_18
  10
748.74149
  20
327.36429
  0
VERTEX
  5
a0a
  8
Layer_18
  10
748.49559
  20
327.48718
  42
-0.017220986
  0
VERTEX
  5
a0b
  8
Layer_18
  10
748.52759
  20
327.70639
  0
VERTEX
  5
a0c
  8
Layer_18
  10
747.29828
  20
329.6467
  0
VERTEX
  5
a0d
  8
Layer_18
  10
747.12579
  20
329.98054
  0
VERTEX
  5
a0e
  8
Layer_18
  10
747.04274
  20
330.29202
  0
VERTEX
  5
a0f
  8
Layer_18
  10
747.04537
  20
330.57431
  0
VERTEX
  5
a10
  8
Layer_18
  10
747.12994
  20
330.82058
  0
VERTEX
  5
a11
  8
Layer_18
  10
747.29267
  20
331.024
  0
VERTEX
  5
a12
  8
Layer_18
  10
747.52981
  20
331.17775
  0
VERTEX
  5
a13
  8
Layer_18
  10
747.83761
  20
331.27499
  0
VERTEX
  5
a14
  8
Layer_18
  10
748.21229
  20
331.30889
  0
VERTEX
  5
a15
  8
Layer_18
  10
750.94899
  20
331.3089
  0
VERTEX
  5
a16
  8
Layer_18
  10
750.9169
  20
331.44788
  42
-0.026490684
  0
VERTEX
  5
a17
  8
Layer_18
  10
751.4621
  20
331.76868
  0
VERTEX
  5
a18
  8
Layer_18
  10
751.48682
  20
331.63302
  0
VERTEX
  5
a19
  8
Layer_18
  10
751.51559
  20
331.46929
  0
VERTEX
  5
a1a
  8
Layer_18
  10
751.52633
  20
331.43319
  0
VERTEX
  5
a1b
  8
Layer_18
  10
751.55363
  20
331.39712
  0
VERTEX
  5
a1c
  8
Layer_18
  10
751.60197
  20
331.37308
  0
VERTEX
  5
a1d
  8
Layer_18
  10
751.67589
  20
331.37309
  0
VERTEX
  5
a1e
  8
Layer_18
  10
751.74138
  20
331.40551
  0
VERTEX
  5
a1f
  8
Layer_18
  10
751.77079
  20
331.45597
  0
VERTEX
  5
a20
  8
Layer_18
  10
751.77815
  20
331.50241
  0
VERTEX
  5
a21
  8
Layer_18
  10
751.77749
  20
331.52279
  0
VERTEX
  5
a22
  8
Layer_18
  10
751.75079
  20
331.90759
  42
-0.03031134
  0
VERTEX
  5
a23
  8
Layer_18
  10
752.3761
  20
332.13739
  0
VERTEX
  5
a24
  8
Layer_18
  10
752.3761
  20
331.83279
  42
0.41421356
  0
VERTEX
  5
a25
  8
Layer_18
  10
752.51509
  20
331.70978
  0
VERTEX
  5
a26
  8
Layer_18
  10
752.58475
  20
331.72986
  0
VERTEX
  5
a27
  8
Layer_18
  10
752.62334
  20
331.77399
  0
VERTEX
  5
a28
  8
Layer_18
  10
752.63988
  20
331.81813
  0
VERTEX
  5
a29
  8
Layer_18
  10
752.64339
  20
331.8382
  0
VERTEX
  5
a2a
  8
Layer_18
  10
752.6861
  20
332.22299
  42
-0.024408313
  0
VERTEX
  5
a2b
  8
Layer_18
  10
753.30609
  20
332.33521
  0
VERTEX
  5
a2c
  8
Layer_18
  10
753.28141
  20
332.19559
  0
VERTEX
  5
a2d
  8
Layer_18
  10
753.25269
  20
332.03589
  42
0.36806155
  0
VERTEX
  5
a2e
  8
Layer_18
  10
753.34349
  20
331.897
  0
VERTEX
  5
a2f
  8
Layer_18
  10
753.40768
  20
331.30899
  0
VERTEX
  5
a30
  8
Layer_18
  10
753.54129
  20
331.3089
  0
VERTEX
  5
a31
  8
Layer_18
  10
753.47179
  20
331.92371
  0
VERTEX
  5
a32
  8
Layer_18
  10
753.50523
  20
331.97048
  0
VERTEX
  5
a33
  8
Layer_18
  10
753.51459
  20
331.99319
  0
VERTEX
  5
a34
  8
Layer_18
  10
753.62149
  20
332.362
  42
-0.011305759
  0
VERTEX
  5
a35
  8
Layer_18
  10
753.95288
  20
332.37259
  42
-0.012518229
  0
VERTEX
  5
a36
  8
Layer_18
  10
754.25229
  20
332.362
  42
-0.0078790111
  0
VERTEX
  5
a37
  8
Layer_18
  10
754.1507
  20
332.07867
  42
0.41293327
  0
VERTEX
  5
a38
  8
Layer_18
  10
754.24159
  20
331.91299
  0
VERTEX
  5
a39
  8
Layer_18
  10
754.31482
  20
331.90663
  0
VERTEX
  5
a3a
  8
Layer_18
  10
754.36651
  20
331.93434
  0
VERTEX
  5
a3b
  8
Layer_18
  10
754.39718
  20
331.97009
  0
VERTEX
  5
a3c
  8
Layer_18
  10
754.40729
  20
331.98779
  0
VERTEX
  5
a3d
  8
Layer_18
  10
754.57829
  20
332.3299
  42
-0.031771254
  0
VERTEX
  5
a3e
  8
Layer_18
  10
755.20358
  20
332.22299
  0
VERTEX
  5
a3f
  8
Layer_18
  10
755.13678
  20
332.10404
  0
VERTEX
  5
a40
  8
Layer_18
  10
755.05399
  20
331.96109
  42
0.41265612
  0
VERTEX
  5
a41
  8
Layer_18
  10
755.11279
  20
331.7847
  0
VERTEX
  5
a42
  8
Layer_18
  10
755.18316
  20
331.7674
  0
VERTEX
  5
a43
  8
Layer_18
  10
755.239
  20
331.78669
  0
VERTEX
  5
a44
  8
Layer_18
  10
755.27582
  20
331.81701
  0
VERTEX
  5
a45
  8
Layer_18
  10
755.28909
  20
331.83279
  0
VERTEX
  5
a46
  8
Layer_18
  10
755.51898
  20
332.14279
  42
-0.02642637
  0
VERTEX
  5
a47
  8
Layer_18
  10
756.11229
  20
331.92899
  0
VERTEX
  5
a48
  8
Layer_18
  10
756.0261
  20
331.82543
  0
VERTEX
  5
a49
  8
Layer_18
  10
755.91989
  20
331.69389
  42
0.40640807
  0
VERTEX
  5
a4a
  8
Layer_18
  10
755.94659
  20
331.50677
  0
VERTEX
  5
a4b
  8
Layer_18
  10
756.01333
  20
331.47768
  0
VERTEX
  5
a4c
  8
Layer_18
  10
756.07153
  20
331.48665
  0
VERTEX
  5
a4d
  8
Layer_18
  10
756.11268
  20
331.50967
  0
VERTEX
  5
a4e
  8
Layer_18
  10
756.12829
  20
331.52269
  0
VERTEX
  5
a4f
  8
Layer_18
  10
756.40628
  20
331.7901
  42
-0.02828245
  0
VERTEX
  5
a50
  8
Layer_18
  10
756.95679
  20
331.4747
  42
-0.027660583
  0
VERTEX
  5
a51
  8
Layer_18
  10
756.74829
  20
331.29828
  0
VERTEX
  5
a52
  8
Layer_18
  10
759.54379
  20
331.29828
  0
VERTEX
  5
a53
  8
Layer_18
  10
759.92554
  20
331.26964
  0
VERTEX
  5
a54
  8
Layer_18
  10
760.23864
  20
331.17634
  0
VERTEX
  5
a55
  8
Layer_18
  10
760.47958
  20
331.02542
  0
VERTEX
  5
a56
  8
Layer_18
  10
760.64487
  20
330.82389
  0
VERTEX
  5
a57
  8
Layer_18
  10
760.73098
  20
330.57877
  0
VERTEX
  5
a58
  8
Layer_18
  10
760.7344
  20
330.29707
  0
VERTEX
  5
a59
  8
Layer_18
  10
760.65164
  20
329.98581
  0
VERTEX
  5
a5a
  8
Layer_18
  10
760.47919
  20
329.65199
  0
VERTEX
  5
a5b
  8
Layer_18
  10
759.38879
  20
327.93091
  42
-0.018528306
  0
VERTEX
  5
a5c
  8
Layer_18
  10
759.45288
  20
327.53
  42
0.040498418
  0
VERTEX
  5
a5d
  8
Layer_18
  10
759.16429
  20
327.57809
  0
VERTEX
  5
a5e
  8
Layer_18
  10
759.01999
  20
327.3537
  0
VERTEX
  5
a5f
  8
Layer_18
  10
759.03598
  20
327.3537
  0
VERTEX
  5
a60
  8
Layer_18
  10
759.08283
  20
327.32025
  0
VERTEX
  5
a61
  8
Layer_18
  10
759.10559
  20
327.31089
  0
VERTEX
  5
a62
  8
Layer_18
  10
759.4744
  20
327.19861
  42
-0.011081317
  0
VERTEX
  5
a63
  8
Layer_18
  10
759.48509
  20
326.86731
  42
-0.012517808
  0
VERTEX
  5
a64
  8
Layer_18
  10
759.47429
  20
326.5679
  0
VERTEX
  5
a65
  8
Layer_18
  10
759.33871
  20
326.61667
  0
VERTEX
  5
a66
  8
Layer_18
  10
759.19099
  20
326.66949
  42
0.41271199
  0
VERTEX
  5
a67
  8
Layer_18
  10
759.02539
  20
326.57858
  0
VERTEX
  5
a68
  8
Layer_18
  10
759.01902
  20
326.50531
  0
VERTEX
  5
a69
  8
Layer_18
  10
759.04674
  20
326.45358
  0
VERTEX
  5
a6a
  8
Layer_18
  10
759.08248
  20
326.4229
  0
VERTEX
  5
a6b
  8
Layer_18
  10
759.10019
  20
326.41279
  0
VERTEX
  5
a6c
  8
Layer_18
  10
759.44229
  20
326.24188
  42
-0.031029688
  0
VERTEX
  5
a6d
  8
Layer_18
  10
759.33539
  20
325.61649
  0
VERTEX
  5
a6e
  8
Layer_18
  10
759.21644
  20
325.68534
  0
VERTEX
  5
a6f
  8
Layer_18
  10
759.07349
  20
325.76619
  42
0.41186207
  0
VERTEX
  5
a70
  8
Layer_18
  10
758.89709
  20
325.70728
  0
VERTEX
  5
a71
  8
Layer_18
  10
758.8798
  20
325.63692
  0
VERTEX
  5
a72
  8
Layer_18
  10
758.89909
  20
325.58108
  0
VERTEX
  5
a73
  8
Layer_18
  10
758.92941
  20
325.54426
  0
VERTEX
  5
a74
  8
Layer_18
  10
758.94519
  20
325.53099
  0
VERTEX
  5
a75
  8
Layer_18
  10
759.25519
  20
325.30109
  42
-0.0263806
  0
VERTEX
  5
a76
  8
Layer_18
  10
759.04138
  20
324.70779
  0
VERTEX
  5
a77
  8
Layer_18
  10
758.93781
  20
324.79398
  0
VERTEX
  5
a78
  8
Layer_18
  10
758.80619
  20
324.90019
  42
0.40608365
  0
VERTEX
  5
a79
  8
Layer_18
  10
758.61908
  20
324.8736
  0
VERTEX
  5
a7a
  8
Layer_18
  10
758.59005
  20
324.80684
  0
VERTEX
  5
a7b
  8
Layer_18
  10
758.59909
  20
324.74861
  0
VERTEX
  5
a7c
  8
Layer_18
  10
758.62216
  20
324.70742
  0
VERTEX
  5
a7d
  8
Layer_18
  10
758.63519
  20
324.6918
  0
VERTEX
  5
a7e
  8
Layer_18
  10
758.90239
  20
324.41388
  42
-0.028277456
  0
VERTEX
  5
a7f
  8
Layer_18
  10
758.5871
  20
323.86328
  0
VERTEX
  5
a80
  8
Layer_18
  10
758.4982
  20
323.9702
  0
VERTEX
  5
a81
  8
Layer_18
  10
758.38929
  20
324.09309
  42
0.41262905
  0
VERTEX
  5
a82
  8
Layer_18
  10
758.20218
  20
324.09851
  0
VERTEX
  5
a83
  8
Layer_18
  10
758.16134
  20
324.03853
  0
VERTEX
  5
a84
  8
Layer_18
  10
758.1601
  20
323.97954
  0
VERTEX
  5
a85
  8
Layer_18
  10
758.17591
  20
323.93458
  0
VERTEX
  5
a86
  8
Layer_18
  10
758.18619
  20
323.91669
  0
VERTEX
  5
a87
  8
Layer_18
  10
758.39999
  20
323.5961
  42
-0.026948122
  0
VERTEX
  5
a88
  8
Layer_18
  10
757.99908
  20
323.10968
  42
0.013628796
  0
VERTEX
  5
a89
  8
Layer_18
  10
757.84409
  20
323.37158
  42
0.41589993
  0
VERTEX
  5
a8a
  8
Layer_18
  10
757.66238
  20
323.409
  0
VERTEX
  5
a8b
  8
Layer_18
  10
757.61201
  20
323.35662
  0
VERTEX
  5
a8c
  8
Layer_18
  10
757.60024
  20
323.29874
  0
VERTEX
  5
a8d
  8
Layer_18
  10
757.60752
  20
323.25188
  0
VERTEX
  5
a8e
  8
Layer_18
  10
757.61429
  20
323.23259
  0
VERTEX
  5
a8f
  8
Layer_18
  10
757.76929
  20
322.87979
  42
-0.027074692
  0
VERTEX
  5
a90
  8
Layer_18
  10
757.2883
  20
322.46829
  42
0.039531968
  0
VERTEX
  5
a91
  8
Layer_18
  10
757.18129
  20
322.7515
  42
0.40370151
  0
VERTEX
  5
a92
  8
Layer_18
  10
757.00499
  20
322.82098
  0
VERTEX
  5
a93
  8
Layer_18
  10
756.94591
  20
322.77709
  0
VERTEX
  5
a94
  8
Layer_18
  10
756.92543
  20
322.72213
  0
VERTEX
  5
a95
  8
Layer_18
  10
756.926
  20
322.67517
  0
VERTEX
  5
a96
  8
Layer_18
  10
756.93009
  20
322.65529
  0
VERTEX
  5
a97
  8
Layer_18
  10
757.02089
  20
322.28119
  42
-0.026390885
  0
VERTEX
  5
a98
  8
Layer_18
  10
756.4758
  20
321.96051
  0
VERTEX
  5
a99
  8
Layer_18
  10
756.45107
  20
322.09811
  0
VERTEX
  5
a9a
  8
Layer_18
  10
756.42229
  20
322.25979
  42
0.39538005
  0
VERTEX
  5
a9b
  8
Layer_18
  10
756.26199
  20
322.35599
  0
VERTEX
  5
a9c
  8
Layer_18
  10
756.1965
  20
322.32358
  0
VERTEX
  5
a9d
  8
Layer_18
  10
756.16709
  20
322.27312
  0
VERTEX
  5
a9e
  8
Layer_18
  10
756.15973
  20
322.22667
  0
VERTEX
  5
a9f
  8
Layer_18
  10
756.16039
  20
322.20629
  0
VERTEX
  5
aa0
  8
Layer_18
  10
756.18709
  20
321.82138
  42
-0.030083881
  0
VERTEX
  5
aa1
  8
Layer_18
  10
755.56169
  20
321.59158
  0
VERTEX
  5
aa2
  8
Layer_18
  10
755.56169
  20
321.8963
  0
VERTEX
  5
aa3
  8
Layer_18
  10
755.56169
  20
321.95513
  0
VERTEX
  5
aa4
  8
Layer_18
  10
755.56169
  20
322.01389
  0
VERTEX
  5
aa5
  8
Layer_18
  10
754.86688
  20
320.9342
  0
SEQEND
  0
POLYLINE
  5
aa7
  8
Layer_18
  62
13
  70
1
  66
1
  10
0
  20
0
  30
0
  0
VERTEX
  5
aa7
  8
Layer_18
  10
763.88399
  20
328.33179
  0
VERTEX
  5
aa8
  8
Layer_18
  10
763.9022
  20
328.33455
  0
VERTEX
  5
aa9
  8
Layer_18
  10
763.95248
  20
328.34181
  0
VERTEX
  5
aaa
  8
Layer_18
  10
764.02832
  20
328.35207
  0
VERTEX
  5
aab
  8
Layer_18
  10
764.1232
  20
328.36384
  0
VERTEX
  5
aac
  8
Layer_18
  10
764.34405
  20
328.38587
  0
VERTEX
  5
aad
  8
Layer_18
  10
764.5629
  20
328.39589
  0
VERTEX
  5
aae
  8
Layer_18
  10
764.73306
  20
328.38417
  0
VERTEX
  5
aaf
  8
Layer_18
  10
764.87912
  20
328.34921
  0
VERTEX
  5
ab0
  8
Layer_18
  10
765.00151
  20
328.29132
  0
VERTEX
  5
ab1
  8
Layer_18
  10
765.10067
  20
328.21083
  0
VERTEX
  5
ab2
  8
Layer_18
  10
765.17704
  20
328.10803
  0
VERTEX
  5
ab3
  8
Layer_18
  10
765.23106
  20
327.98326
  0
VERTEX
  5
ab4
  8
Layer_18
  10
765.26316
  20
327.8368
  0
VERTEX
  5
ab5
  8
Layer_18
  10
765.27379
  20
327.66899
  0
VERTEX
  5
ab6
  8
Layer_18
  10
765.26375
  20
327.52434
  0
VERTEX
  5
ab7
  8
Layer_18
  10
765.23374
  20
327.4048
  0
VERTEX
  5
ab8
  8
Layer_18
  10
765.18383
  20
327.30694
  0
VERTEX
  5
ab9
  8
Layer_18
  10
765.11407
  20
327.22731
  0
VERTEX
  5
aba
  8
Layer_18
  10
764.91522
  20
327.10897
  0
VERTEX
  5
abb
  8
Layer_18
  10
764.6377
  20
327.02219
  0
VERTEX
  5
abc
  8
Layer_18
  10
764.40639
  20
326.95608
  0
VERTEX
  5
abd
  8
Layer_18
  10
764.24677
  20
326.87793
  0
VERTEX
  5
abe
  8
Layer_18
  10
764.15431
  20
326.76368
  0
VERTEX
  5
abf
  8
Layer_18
  10
764.1245
  20
326.58929
  0
VERTEX
  5
ac0
  8
Layer_18
  10
764.15366
  20
326.40797
  0
VERTEX
  5
ac1
  8
Layer_18
  10
764.24146
  20
326.28527
  0
VERTEX
  5
ac2
  8
Layer_18
  10
764.38837
  20
326.21571
  0
VERTEX
  5
ac3
  8
Layer_18
  10
764.59489
  20
326.19379
  0
VERTEX
  5
ac4
  8
Layer_18
  10
764.78625
  20
326.20127
  0
VERTEX
  5
ac5
  8
Layer_18
  10
764.9831
  20
326.2178
  0
VERTEX
  5
ac6
  8
Layer_18
  10
765.13684
  20
326.23436
  0
VERTEX
  5
ac7
  8
Layer_18
  10
765.19888
  20
326.24189
  0
VERTEX
  5
ac8
  8
Layer_18
  10
765.20959
  20
326.02798
  0
VERTEX
  5
ac9
  8
Layer_18
  10
765.14862
  20
326.01715
  0
VERTEX
  5
aca
  8
Layer_18
  10
764.99444
  20
325.99329
  0
VERTEX
  5
acb
  8
Layer_18
  10
764.79016
  20
325.96944
  0
VERTEX
  5
acc
  8
Layer_18
  10
764.57889
  20
325.9586
  0
VERTEX
  5
acd
  8
Layer_18
  10
764.41263
  20
325.96821
  0
VERTEX
  5
ace
  8
Layer_18
  10
764.26691
  20
325.99743
  0
VERTEX
  5
acf
  8
Layer_18
  10
764.14222
  20
326.04681
  0
VERTEX
  5
ad0
  8
Layer_18
  10
764.03908
  20
326.11693
  0
VERTEX
  5
ad1
  8
Layer_18
  10
763.95798
  20
326.20834
  0
VERTEX
  5
ad2
  8
Layer_18
  10
763.89943
  20
326.32161
  0
VERTEX
  5
ad3
  8
Layer_18
  10
763.86393
  20
326.45731
  0
VERTEX
  5
ad4
  8
Layer_18
  10
763.85199
  20
326.61599
  0
VERTEX
  5
ad5
  8
Layer_18
  10
763.86295
  20
326.75427
  0
VERTEX
  5
ad6
  8
Layer_18
  10
763.89558
  20
326.87031
  0
VERTEX
  5
ad7
  8
Layer_18
  10
763.9495
  20
326.96692
  0
VERTEX
  5
ad8
  8
Layer_18
  10
764.02434
  20
327.04694
  0
VERTEX
  5
ad9
  8
Layer_18
  10
764.23531
  20
327.16845
  0
VERTEX
  5
ada
  8
Layer_18
  10
764.52548
  20
327.25739
  0
VERTEX
  5
adb
  8
Layer_18
  10
764.73589
  20
327.31461
  0
VERTEX
  5
adc
  8
Layer_18
  10
764.88621
  20
327.39438
  0
VERTEX
  5
add
  8
Layer_18
  10
764.97641
  20
327.51523
  0
VERTEX
  5
ade
  8
Layer_18
  10
765.00648
  20
327.69569
  0
VERTEX
  5
adf
  8
Layer_18
  10
764.98001
  20
327.89997
  0
VERTEX
  5
ae0
  8
Layer_18
  10
764.89891
  20
328.04714
  0
VERTEX
  5
ae1
  8
Layer_18
  10
764.76071
  20
328.13619
  0
VERTEX
  5
ae2
  8
Layer_18
  10
764.5629
  20
328.16609
  0
VERTEX
  5
ae3
  8
Layer_18
  10
764.36462
  20
328.15858
  0
VERTEX
  5
ae4
  8
Layer_18
  10
764.1473
  20
328.14204
  0
VERTEX
  5
ae5
  8
Layer_18
  10
764.05061
  20
328.13321
  0
VERTEX
  5
ae6
  8
Layer_18
  10
763.97208
  20
328.1255
  0
VERTEX
  5
ae7
  8
Layer_18
  10
763.91936
  20
328.12006
  0
VERTEX
  5
ae8
  8
Layer_18
  10
763.90009
  20
328.11799
  0
VERTEX
  5
ae9
  8
Layer_18
  10
763.88399
  20
328.33179
  0
SEQEND
  0
POLYLINE
  5
aeb
  8
Layer_18
  62
13
  70
1
  66
1
  10
0
  20
0
  30
0
  0
VERTEX
  5
aeb
  8
Layer_18
  10
768.52348
  20
328.12869
  0
VERTEX
  5
aec
  8
Layer_18
  10
767.59389
  20
328.12869
  0
VERTEX
  5
aed
  8
Layer_18
  10
767.59349
  20
328.12704
  0
VERTEX
  5
aee
  8
Layer_18
  10
767.59348
  20
325.9906
  0
VERTEX
  5
aef
  8
Layer_18
  10
767.33163
  20
325.9906
  0
VERTEX
  5
af0
  8
Layer_18
  10
767.33159
  20
328.34241
  0
VERTEX
  5
af1
  8
Layer_18
  10
767.33182
  20
328.35849
  0
VERTEX
  5
af2
  8
Layer_18
  10
768.52359
  20
328.3584
  0
VERTEX
  5
af3
  8
Layer_18
  10
768.52339
  20
328.2436
  0
SEQEND
  0
POLYLINE
  5
af5
  8
Layer_18
  62
13
  70
1
  66
1
  10
0
  20
0
  30
0
  0
VERTEX
  5
af5
  8
Layer_18
  10
765.40199
  20
325.9906
  0
VERTEX
  5
af6
  8
Layer_18
  10
766.09131
  20
327.36374
  0
VERTEX
  5
af7
  8
Layer_18
  10
766.09158
  20
327.36517
  0
VERTEX
  5
af8
  8
Layer_18
  10
766.09149
  20
328.3569
  0
VERTEX
  5
af9
  8
Layer_18
  10
766.09239
  20
328.35849
  0
VERTEX
  5
afa
  8
Layer_18
  10
766.34189
  20
328.35849
  0
VERTEX
  5
afb
  8
Layer_18
  10
766.34279
  20
328.3569
  0
VERTEX
  5
afc
  8
Layer_18
  10
766.3427
  20
327.36517
  0
VERTEX
  5
afd
  8
Layer_18
  10
766.34297
  20
327.36374
  0
VERTEX
  5
afe
  8
Layer_18
  10
767.02689
  20
325.99069
  0
VERTEX
  5
aff
  8
Layer_18
  10
766.7491
  20
325.9906
  42
-0.00059627006
  0
VERTEX
  5
b00
  8
Layer_18
  10
766.21535
  20
327.07925
  0
VERTEX
  5
b01
  8
Layer_18
  10
766.21443
  20
327.08087
  0
VERTEX
  5
b02
  8
Layer_18
  10
765.69818
  20
326.01715
  0
VERTEX
  5
b03
  8
Layer_18
  10
765.68518
  20
325.9906
  0
VERTEX
  5
b04
  8
Layer_18
  10
765.40269
  20
325.9906
  0
SEQEND
  0
POLYLINE
  5
b06
  8
Layer_18
  62
13
  70
1
  66
1
  10
0
  20
0
  30
0
  0
VERTEX
  5
b06
  8
Layer_18
  10
762.17358
  20
328.35849
  0
VERTEX
  5
b07
  8
Layer_18
  10
762.33911
  20
327.75525
  0
VERTEX
  5
b08
  8
Layer_18
  10
762.33954
  20
327.75458
  0
VERTEX
  5
b09
  8
Layer_18
  10
763.22635
  20
327.75458
  0
VERTEX
  5
b0a
  8
Layer_18
  10
763.22678
  20
327.75525
  0
VERTEX
  5
b0b
  8
Layer_18
  10
763.39229
  20
328.35849
  0
VERTEX
  5
b0c
  8
Layer_18
  10
763.6539
  20
328.35849
  0
VERTEX
  5
b0d
  8
Layer_18
  10
763.65155
  20
328.34827
  0
VERTEX
  5
b0e
  8
Layer_18
  10
763.04486
  20
325.9906
  0
VERTEX
  5
b0f
  8
Layer_18
  10
762.52629
  20
325.9906
  42
-0.0032560576
  0
VERTEX
  5
b10
  8
Layer_18
  10
761.91197
  20
328.35849
  0
VERTEX
  5
b11
  8
Layer_18
  10
762.17294
  20
328.35849
  0
SEQEND
  0
POLYLINE
  5
b13
  8
Layer_18
  62
13
  70
1
  66
1
  10
0
  20
0
  30
0
  0
VERTEX
  5
b13
  8
Layer_18
  10
764.77669
  20
324.82538
  0
VERTEX
  5
b14
  8
Layer_18
  10
764.94211
  20
324.22205
  0
VERTEX
  5
b15
  8
Layer_18
  10
764.94254
  20
324.22137
  0
VERTEX
  5
b16
  8
Layer_18
  10
765.82945
  20
324.22137
  0
VERTEX
  5
b17
  8
Layer_18
  10
765.82986
  20
324.22205
  0
VERTEX
  5
b18
  8
Layer_18
  10
765.99529
  20
324.82538
  0
VERTEX
  5
b19
  8
Layer_18
  10
766.2569
  20
324.82538
  0
VERTEX
  5
b1a
  8
Layer_18
  10
766.25456
  20
324.81516
  0
VERTEX
  5
b1b
  8
Layer_18
  10
765.64786
  20
322.45749
  0
VERTEX
  5
b1c
  8
Layer_18
  10
765.12939
  20
322.45749
  42
-0.0033099651
  0
VERTEX
  5
b1d
  8
Layer_18
  10
764.51508
  20
324.82538
  0
VERTEX
  5
b1e
  8
Layer_18
  10
764.77605
  20
324.82538
  0
SEQEND
  0
POLYLINE
  5
b20
  8
Layer_18
  62
13
  70
1
  66
1
  10
0
  20
0
  30
0
  0
VERTEX
  5
b20
  8
Layer_18
  10
762.51028
  20
322.45758
  0
VERTEX
  5
b21
  8
Layer_18
  10
762.05099
  20
322.45749
  0
VERTEX
  5
b22
  8
Layer_18
  10
762.05069
  20
322.45905
  0
VERTEX
  5
b23
  8
Layer_18
  10
762.05069
  20
324.8255
  0
VERTEX
  5
b24
  8
Layer_18
  10
762.29633
  20
324.82538
  42
-0.0012838557
  0
VERTEX
  5
b25
  8
Layer_18
  10
762.29649
  20
322.69269
  0
VERTEX
  5
b26
  8
Layer_18
  10
762.34967
  20
322.69269
  0
VERTEX
  5
b27
  8
Layer_18
  10
762.35039
  20
322.69403
  0
VERTEX
  5
b28
  8
Layer_18
  10
762.94859
  20
324.7399
  0
VERTEX
  5
b29
  8
Layer_18
  10
763.27448
  20
324.7399
  0
VERTEX
  5
b2a
  8
Layer_18
  10
763.27821
  20
324.72794
  0
VERTEX
  5
b2b
  8
Layer_18
  10
763.87869
  20
322.69269
  0
VERTEX
  5
b2c
  8
Layer_18
  10
763.92651
  20
322.69269
  42
0.0041188888
  0
VERTEX
  5
b2d
  8
Layer_18
  10
763.92679
  20
324.82538
  0
VERTEX
  5
b2e
  8
Layer_18
  10
764.17783
  20
324.82538
  42
-0.001155252
  0
VERTEX
  5
b2f
  8
Layer_18
  10
764.17799
  20
322.45758
  0
VERTEX
  5
b30
  8
Layer_18
  10
763.71869
  20
322.45758
  0
VERTEX
  5
b31
  8
Layer_18
  10
763.71799
  20
322.45892
  0
VERTEX
  5
b32
  8
Layer_18
  10
763.11429
  20
324.48871
  0
VERTEX
  5
b33
  8
Layer_18
  10
762.51649
  20
322.47845
  0
SEQEND
  0
POLYLINE
  5
b35
  8
Layer_18
  62
13
  70
1
  66
1
  10
0
  20
0
  30
0
  0
VERTEX
  5
b35
  8
Layer_18
  10
768.76939
  20
327.63699
  0
VERTEX
  5
b36
  8
Layer_18
  10
768.78098
  20
327.81821
  0
VERTEX
  5
b37
  8
Layer_18
  10
768.816
  20
327.97344
  0
VERTEX
  5
b38
  8
Layer_18
  10
768.87482
  20
328.10325
  0
VERTEX
  5
b39
  8
Layer_18
  10
768.95782
  20
328.20819
  0
VERTEX
  5
b3a
  8
Layer_18
  10
769.06537
  20
328.28884
  0
VERTEX
  5
b3b
  8
Layer_18
  10
769.19785
  20
328.34574
  0
VERTEX
  5
b3c
  8
Layer_18
  10
769.35563
  20
328.37948
  0
VERTEX
  5
b3d
  8
Layer_18
  10
769.53909
  20
328.39059
  0
VERTEX
  5
b3e
  8
Layer_18
  10
769.72433
  20
328.37948
  0
VERTEX
  5
b3f
  8
Layer_18
  10
769.88344
  20
328.34574
  0
VERTEX
  5
b40
  8
Layer_18
  10
770.01686
  20
328.28883
  0
VERTEX
  5
b41
  8
Layer_18
  10
770.12504
  20
328.20818
  0
VERTEX
  5
b42
  8
Layer_18
  10
770.20841
  20
328.10323
  0
VERTEX
  5
b43
  8
Layer_18
  10
770.26741
  20
327.9734
  0
VERTEX
  5
b44
  8
Layer_18
  10
770.30249
  20
327.81815
  0
VERTEX
  5
b45
  8
Layer_18
  10
770.31409
  20
327.63689
  0
VERTEX
  5
b46
  8
Layer_18
  10
770.31409
  20
325.9906
  0
VERTEX
  5
b47
  8
Layer_18
  10
770.05219
  20
325.9906
  0
VERTEX
  5
b48
  8
Layer_18
  10
770.05219
  20
327.65298
  0
VERTEX
  5
b49
  8
Layer_18
  10
770.02246
  20
327.88564
  0
VERTEX
  5
b4a
  8
Layer_18
  10
769.9306
  20
328.04315
  0
VERTEX
  5
b4b
  8
Layer_18
  10
769.77261
  20
328.13251
  0
VERTEX
  5
b4c
  8
Layer_18
  10
769.54449
  20
328.16069
  0
VERTEX
  5
b4d
  8
Layer_18
  10
769.31855
  20
328.13251
  0
VERTEX
  5
b4e
  8
Layer_18
  10
769.16027
  20
328.04315
  0
VERTEX
  5
b4f
  8
Layer_18
  10
769.06716
  20
327.88564
  0
VERTEX
  5
b50
  8
Layer_18
  10
769.03668
  20
327.65299
  0
VERTEX
  5
b51
  8
Layer_18
  10
769.0313
  20
325.9906
  0
VERTEX
  5
b52
  8
Layer_18
  10
769.03668
  20
325.9906
  0
VERTEX
  5
b53
  8
Layer_18
  10
768.76939
  20
325.9906
  0
SEQEND
  0
POLYLINE
  5
b55
  8
Layer_18
  62
13
  70
1
  66
1
  10
0
  20
0
  30
0
  0
VERTEX
  5
b55
  8
Layer_18
  10
771.29228
  20
325.9906
  0
VERTEX
  5
b56
  8
Layer_18
  10
770.82759
  20
325.9906
  0
VERTEX
  5
b57
  8
Layer_18
  10
770.82729
  20
325.99216
  0
VERTEX
  5
b58
  8
Layer_18
  10
770.82729
  20
328.35849
  0
VERTEX
  5
b59
  8
Layer_18
  10
771.07292
  20
328.35849
  42
-0.0012923646
  0
VERTEX
  5
b5a
  8
Layer_18
  10
771.07309
  20
326.2258
  42
-0.050117388
  0
VERTEX
  5
b5b
  8
Layer_18
  10
771.12698
  20
326.22714
  0
VERTEX
  5
b5c
  8
Layer_18
  10
771.73059
  20
328.27301
  0
VERTEX
  5
b5d
  8
Layer_18
  10
772.05107
  20
328.27301
  0
VERTEX
  5
b5e
  8
Layer_18
  10
772.05484
  20
328.26105
  0
VERTEX
  5
b5f
  8
Layer_18
  10
772.66058
  20
326.2258
  0
VERTEX
  5
b60
  8
Layer_18
  10
772.70851
  20
326.2258
  42
0.0040317834
  0
VERTEX
  5
b61
  8
Layer_18
  10
772.70869
  20
328.35849
  0
VERTEX
  5
b62
  8
Layer_18
  10
772.95442
  20
328.35849
  42
-0.0011526304
  0
VERTEX
  5
b63
  8
Layer_18
  10
772.95459
  20
325.9906
  0
VERTEX
  5
b64
  8
Layer_18
  10
772.5006
  20
325.9906
  0
VERTEX
  5
b65
  8
Layer_18
  10
772.49989
  20
325.99194
  0
VERTEX
  5
b66
  8
Layer_18
  10
771.89088
  20
328.02179
  0
VERTEX
  5
b67
  8
Layer_18
  10
771.29843
  20
326.01144
  0
SEQEND
  0
POLYLINE
  5
b69
  8
Layer_18
  62
13
  70
1
  66
1
  10
0
  20
0
  30
0
  0
VERTEX
  5
b69
  8
Layer_18
  10
767.78589
  20
324.82538
  0
VERTEX
  5
b6a
  8
Layer_18
  10
768.0795
  20
324.82538
  0
VERTEX
  5
b6b
  8
Layer_18
  10
768.07974
  20
324.82513
  0
VERTEX
  5
b6c
  8
Layer_18
  10
767.40671
  20
323.62866
  0
VERTEX
  5
b6d
  8
Layer_18
  10
767.40694
  20
323.62711
  0
VERTEX
  5
b6e
  8
Layer_18
  10
768.04245
  20
322.45764
  0
VERTEX
  5
b6f
  8
Layer_18
  10
767.74905
  20
322.45758
  0
VERTEX
  5
b70
  8
Layer_18
  10
767.74657
  20
322.46124
  0
VERTEX
  5
b71
  8
Layer_18
  10
767.17708
  20
323.53638
  0
VERTEX
  5
b72
  8
Layer_18
  10
767.17491
  20
323.53738
  0
VERTEX
  5
b73
  8
Layer_18
  10
766.85596
  20
323.55328
  0
VERTEX
  5
b74
  8
Layer_18
  10
766.8559
  20
322.45749
  0
VERTEX
  5
b75
  8
Layer_18
  10
766.59962
  20
322.45758
  0
VERTEX
  5
b76
  8
Layer_18
  10
766.59929
  20
322.4581
  42
-0.0015560508
  0
VERTEX
  5
b77
  8
Layer_18
  10
766.5995
  20
324.82538
  0
VERTEX
  5
b78
  8
Layer_18
  10
766.85588
  20
324.82538
  0
VERTEX
  5
b79
  8
Layer_18
  10
766.85591
  20
323.78308
  0
VERTEX
  5
b7a
  8
Layer_18
  10
767.18172
  20
323.7724
  0
VERTEX
  5
b7b
  8
Layer_18
  10
767.18279
  20
323.7738
  42
0.0015468697
  0
SEQEND
  0
POLYLINE
  5
b7d
  8
Layer_18
  62
13
  70
1
  66
1
  10
0
  20
0
  30
0
  0
VERTEX
  5
b7d
  8
Layer_18
  10
769.71548
  20
324.82538
  0
VERTEX
  5
b7e
  8
Layer_18
  10
769.71542
  20
324.59021
  0
VERTEX
  5
b7f
  8
Layer_18
  10
768.68701
  20
324.59021
  0
VERTEX
  5
b80
  8
Layer_18
  10
768.65179
  20
324.58997
  0
VERTEX
  5
b81
  8
Layer_18
  10
768.65179
  20
323.73563
  0
VERTEX
  5
b82
  8
Layer_18
  10
768.65227
  20
323.73499
  0
VERTEX
  5
b83
  8
Layer_18
  10
769.49869
  20
323.73499
  0
VERTEX
  5
b84
  8
Layer_18
  10
769.52309
  20
323.73477
  0
VERTEX
  5
b85
  8
Layer_18
  10
769.52309
  20
323.50522
  0
VERTEX
  5
b86
  8
Layer_18
  10
768.65181
  20
323.50519
  0
VERTEX
  5
b87
  8
Layer_18
  10
768.65181
  20
322.69269
  0
VERTEX
  5
b88
  8
Layer_18
  10
769.71548
  20
322.69266
  0
VERTEX
  5
b89
  8
Layer_18
  10
769.71548
  20
322.45773
  42
-0.0031524156
  0
VERTEX
  5
b8a
  8
Layer_18
  10
768.39529
  20
322.45761
  0
VERTEX
  5
b8b
  8
Layer_18
  10
768.39529
  20
324.8248
  0
VERTEX
  5
b8c
  8
Layer_18
  10
768.40665
  20
324.82538
  0
VERTEX
  5
b8d
  8
Layer_18
  10
769.70221
  20
324.82538
  0
SEQEND
  0
POLYLINE
  5
b8f
  8
Layer_18
  62
13
  70
1
  66
1
  10
0
  20
0
  30
0
  0
VERTEX
  5
b8f
  8
Layer_18
  10
772.64989
  20
324.79869
  0
VERTEX
  5
b90
  8
Layer_18
  10
772.6681
  20
324.80145
  0
VERTEX
  5
b91
  8
Layer_18
  10
772.71838
  20
324.80872
  0
VERTEX
  5
b92
  8
Layer_18
  10
772.79422
  20
324.819
  0
VERTEX
  5
b93
  8
Layer_18
  10
772.8891
  20
324.83079
  0
VERTEX
  5
b94
  8
Layer_18
  10
773.10995
  20
324.85286
  0
VERTEX
  5
b95
  8
Layer_18
  10
773.3288
  20
324.86289
  0
VERTEX
  5
b96
  8
Layer_18
  10
773.49899
  20
324.85117
  0
VERTEX
  5
b97
  8
Layer_18
  10
773.64505
  20
324.81619
  0
VERTEX
  5
b98
  8
Layer_18
  10
773.76744
  20
324.75829
  0
VERTEX
  5
b99
  8
Layer_18
  10
773.86659
  20
324.67778
  0
VERTEX
  5
b9a
  8
Layer_18
  10
773.94294
  20
324.57497
  0
VERTEX
  5
b9b
  8
Layer_18
  10
773.99693
  20
324.45017
  0
VERTEX
  5
b9c
  8
Layer_18
  10
774.029
  20
324.30371
  0
VERTEX
  5
b9d
  8
Layer_18
  10
774.0396
  20
324.13589
  0
VERTEX
  5
b9e
  8
Layer_18
  10
774.02959
  20
323.99124
  0
VERTEX
  5
b9f
  8
Layer_18
  10
773.99961
  20
323.87172
  0
VERTEX
  5
ba0
  8
Layer_18
  10
773.94971
  20
323.77387
  0
VERTEX
  5
ba1
  8
Layer_18
  10
773.87996
  20
323.69425
  0
VERTEX
  5
ba2
  8
Layer_18
  10
773.68113
  20
323.57591
  0
VERTEX
  5
ba3
  8
Layer_18
  10
773.40359
  20
323.48909
  0
VERTEX
  5
ba4
  8
Layer_18
  10
773.17234
  20
323.42298
  0
VERTEX
  5
ba5
  8
Layer_18
  10
773.01275
  20
323.34483
  0
VERTEX
  5
ba6
  8
Layer_18
  10
772.9203
  20
323.23058
  0
VERTEX
  5
ba7
  8
Layer_18
  10
772.89049
  20
323.05619
  0
VERTEX
  5
ba8
  8
Layer_18
  10
772.91963
  20
322.87488
  0
VERTEX
  5
ba9
  8
Layer_18
  10
773.0074
  20
322.7522
  0
VERTEX
  5
baa
  8
Layer_18
  10
773.15429
  20
322.68265
  0
VERTEX
  5
bab
  8
Layer_18
  10
773.36079
  20
322.66069
  0
VERTEX
  5
bac
  8
Layer_18
  10
773.55215
  20
322.66821
  0
VERTEX
  5
bad
  8
Layer_18
  10
773.749
  20
322.68474
  0
VERTEX
  5
bae
  8
Layer_18
  10
773.90274
  20
322.70128
  0
VERTEX
  5
baf
  8
Layer_18
  10
773.96478
  20
322.70879
  0
VERTEX
  5
bb0
  8
Layer_18
  10
773.97549
  20
322.495
  0
VERTEX
  5
bb1
  8
Layer_18
  10
773.91452
  20
322.48414
  0
VERTEX
  5
bb2
  8
Layer_18
  10
773.76034
  20
322.46024
  0
VERTEX
  5
bb3
  8
Layer_18
  10
773.55606
  20
322.43635
  0
VERTEX
  5
bb4
  8
Layer_18
  10
773.34479
  20
322.42549
  0
VERTEX
  5
bb5
  8
Layer_18
  10
773.1785
  20
322.43511
  0
VERTEX
  5
bb6
  8
Layer_18
  10
773.03276
  20
322.46432
  0
VERTEX
  5
bb7
  8
Layer_18
  10
772.90807
  20
322.51371
  0
VERTEX
  5
bb8
  8
Layer_18
  10
772.80494
  20
322.58383
  0
VERTEX
  5
bb9
  8
Layer_18
  10
772.72385
  20
322.67524
  0
VERTEX
  5
bba
  8
Layer_18
  10
772.66532
  20
322.78852
  0
VERTEX
  5
bbb
  8
Layer_18
  10
772.62983
  20
322.92421
  0
VERTEX
  5
bbc
  8
Layer_18
  10
772.61789
  20
323.08289
  0
VERTEX
  5
bbd
  8
Layer_18
  10
772.62885
  20
323.22117
  0
VERTEX
  5
bbe
  8
Layer_18
  10
772.66147
  20
323.33721
  0
VERTEX
  5
bbf
  8
Layer_18
  10
772.7154
  20
323.43383
  0
VERTEX
  5
bc0
  8
Layer_18
  10
772.79024
  20
323.51384
  0
VERTEX
  5
bc1
  8
Layer_18
  10
773.00121
  20
323.63535
  0
VERTEX
  5
bc2
  8
Layer_18
  10
773.2914
  20
323.72429
  0
VERTEX
  5
bc3
  8
Layer_18
  10
773.5018
  20
323.78151
  0
VERTEX
  5
bc4
  8
Layer_18
  10
773.65211
  20
323.86128
  0
VERTEX
  5
bc5
  8
Layer_18
  10
773.74231
  20
323.98213
  0
VERTEX
  5
bc6
  8
Layer_18
  10
773.77238
  20
324.16259
  0
VERTEX
  5
bc7
  8
Layer_18
  10
773.74591
  20
324.36687
  0
VERTEX
  5
bc8
  8
Layer_18
  10
773.66481
  20
324.51404
  0
VERTEX
  5
bc9
  8
Layer_18
  10
773.52661
  20
324.60309
  0
VERTEX
  5
bca
  8
Layer_18
  10
773.3288
  20
324.633
  0
VERTEX
  5
bcb
  8
Layer_18
  10
773.13052
  20
324.62548
  0
VERTEX
  5
bcc
  8
Layer_18
  10
772.9132
  20
324.60894
  0
VERTEX
  5
bcd
  8
Layer_18
  10
772.81651
  20
324.60011
  0
VERTEX
  5
bce
  8
Layer_18
  10
772.73798
  20
324.59241
  0
VERTEX
  5
bcf
  8
Layer_18
  10
772.68526
  20
324.58696
  0
VERTEX
  5
bd0
  8
Layer_18
  10
772.66599
  20
324.58489
  0
VERTEX
  5
bd1
  8
Layer_18
  10
772.64989
  20
324.79871
  0
SEQEND
  0
POLYLINE
  5
bd3
  8
Layer_18
  62
13
  70
1
  66
1
  10
0
  20
0
  30
0
  0
VERTEX
  5
bd3
  8
Layer_18
  10
770.90739
  20
322.46289
  0
VERTEX
  5
bd4
  8
Layer_18
  10
771.07148
  20
322.47328
  0
VERTEX
  5
bd5
  8
Layer_18
  10
771.2147
  20
322.50489
  0
VERTEX
  5
bd6
  8
Layer_18
  10
771.33674
  20
322.55843
  0
VERTEX
  5
bd7
  8
Layer_18
  10
771.4373
  20
322.63458
  0
VERTEX
  5
bd8
  8
Layer_18
  10
771.51606
  20
322.73403
  0
VERTEX
  5
bd9
  8
Layer_18
  10
771.5727
  20
322.85747
  0
VERTEX
  5
bda
  8
Layer_18
  10
771.60692
  20
323.0056
  0
VERTEX
  5
bdb
  8
Layer_18
  10
771.61839
  20
323.17909
  0
VERTEX
  5
bdc
  8
Layer_18
  10
771.58815
  20
323.45824
  0
VERTEX
  5
bdd
  8
Layer_18
  10
771.50478
  20
323.65619
  0
VERTEX
  5
bde
  8
Layer_18
  10
771.37932
  20
323.788
  0
VERTEX
  5
bdf
  8
Layer_18
  10
771.22279
  20
323.86869
  0
VERTEX
  5
be0
  8
Layer_18
  10
771.67709
  20
324.82538
  0
VERTEX
  5
be1
  8
Layer_18
  10
771.39378
  20
324.82538
  0
VERTEX
  5
be2
  8
Layer_18
  10
770.97159
  20
323.92209
  0
VERTEX
  5
be3
  8
Layer_18
  10
770.38899
  20
323.92209
  0
VERTEX
  5
be4
  8
Layer_18
  10
770.38899
  20
324.83069
  0
VERTEX
  5
be5
  8
Layer_18
  10
770.12709
  20
324.83069
  0
VERTEX
  5
be6
  8
Layer_18
  10
770.12709
  20
322.46289
  0
SEQEND
  0
POLYLINE
  5
be8
  8
Layer_18
  62
13
  70
1
  66
1
  10
0
  20
0
  30
0
  0
VERTEX
  5
be8
  8
Layer_18
  10
772.25439
  20
322.45221
  0
VERTEX
  5
be9
  8
Layer_18
  10
772.24649
  20
322.45221
  0
VERTEX
  5
bea
  8
Layer_18
  10
772.22523
  20
322.45221
  0
VERTEX
  5
beb
  8
Layer_18
  10
772.19435
  20
322.45221
  0
VERTEX
  5
bec
  8
Layer_18
  10
772.17645
  20
322.45221
  0
VERTEX
  5
bed
  8
Layer_18
  10
772.15753
  20
322.45221
  0
VERTEX
  5
bee
  8
Layer_18
  10
772.13806
  20
322.45221
  0
VERTEX
  5
bef
  8
Layer_18
  10
772.1185
  20
322.45221
  0
VERTEX
  5
bf0
  8
Layer_18
  10
772.0993
  20
322.45221
  0
VERTEX
  5
bf1
  8
Layer_18
  10
772.08093
  20
322.45221
  0
VERTEX
  5
bf2
  8
Layer_18
  10
772.04857
  20
322.45221
  0
VERTEX
  5
bf3
  8
Layer_18
  10
772.0251
  20
322.45221
  0
VERTEX
  5
bf4
  8
Layer_18
  10
772.01422
  20
322.45221
  42
-0.19891237
  0
VERTEX
  5
bf5
  8
Layer_18
  10
772.0139
  20
322.45303
  0
VERTEX
  5
bf6
  8
Layer_18
  10
772.01392
  20
322.45462
  0
VERTEX
  5
bf7
  8
Layer_18
  10
772.01411
  20
322.46887
  0
VERTEX
  5
bf8
  8
Layer_18
  10
772.01495
  20
322.53012
  0
VERTEX
  5
bf9
  8
Layer_18
  10
772.01627
  20
322.62506
  0
VERTEX
  5
bfa
  8
Layer_18
  10
772.01785
  20
322.74164
  0
VERTEX
  5
bfb
  8
Layer_18
  10
772.01872
  20
322.80426
  0
VERTEX
  5
bfc
  8
Layer_18
  10
772.01959
  20
322.86783
  0
VERTEX
  5
bfd
  8
Layer_18
  10
772.02129
  20
322.99161
  0
VERTEX
  5
bfe
  8
Layer_18
  10
772.02278
  20
323.10098
  0
VERTEX
  5
bff
  8
Layer_18
  10
772.02393
  20
323.18387
  0
VERTEX
  5
c00
  8
Layer_18
  10
772.02454
  20
323.2283
  0
VERTEX
  5
c01
  8
Layer_18
  10
772.02467
  20
323.2326
  0
VERTEX
  5
c02
  8
Layer_18
  10
772.02554
  20
323.2326
  0
VERTEX
  5
c03
  8
Layer_18
  10
772.02733
  20
323.2326
  0
VERTEX
  5
c04
  8
Layer_18
  10
772.04259
  20
323.2326
  0
VERTEX
  5
c05
  8
Layer_18
  10
772.06822
  20
323.2326
  0
VERTEX
  5
c06
  8
Layer_18
  10
772.08385
  20
323.2326
  0
VERTEX
  5
c07
  8
Layer_18
  10
772.10078
  20
323.2326
  0
VERTEX
  5
c08
  8
Layer_18
  10
772.11856
  20
323.2326
  0
VERTEX
  5
c09
  8
Layer_18
  10
772.1368
  20
323.2326
  0
VERTEX
  5
c0a
  8
Layer_18
  10
772.15501
  20
323.2326
  0
VERTEX
  5
c0b
  8
Layer_18
  10
772.17281
  20
323.2326
  0
VERTEX
  5
c0c
  8
Layer_18
  10
772.18973
  20
323.2326
  0
VERTEX
  5
c0d
  8
Layer_18
  10
772.20535
  20
323.2326
  0
VERTEX
  5
c0e
  8
Layer_18
  10
772.23099
  20
323.2326
  0
VERTEX
  5
c0f
  8
Layer_18
  10
772.24625
  20
323.2326
  0
VERTEX
  5
c10
  8
Layer_18
  10
772.24805
  20
323.2326
  0
VERTEX
  5
c11
  8
Layer_18
  10
772.24892
  20
323.2326
  0
VERTEX
  5
c12
  8
Layer_18
  10
772.24899
  20
323.23242
  0
VERTEX
  5
c13
  8
Layer_18
  10
772.24899
  20
323.23151
  0
VERTEX
  5
c14
  8
Layer_18
  10
772.24908
  20
323.21973
  0
VERTEX
  5
c15
  8
Layer_18
  10
772.24924
  20
323.19623
  0
VERTEX
  5
c16
  8
Layer_18
  10
772.24948
  20
323.16251
  0
VERTEX
  5
c17
  8
Layer_18
  10
772.24983
  20
323.11638
  0
VERTEX
  5
c18
  8
Layer_18
  10
772.25011
  20
323.0704
  42
-0.00060725846
  0
VERTEX
  5
c19
  8
Layer_18
  10
772.25049
  20
323.01501
  0
VERTEX
  5
c1a
  8
Layer_18
  10
772.2507
  20
322.98566
  0
VERTEX
  5
c1b
  8
Layer_18
  10
772.2509
  20
322.95544
  42
0.000178237
  0
VERTEX
  5
c1c
  8
Layer_18
  10
772.25134
  20
322.89316
  42
-0.11643382
  0
VERTEX
  5
c1d
  8
Layer_18
  10
772.25179
  20
322.82968
  0
VERTEX
  5
c1e
  8
Layer_18
  10
772.25248
  20
322.72462
  0
VERTEX
  5
c1f
  8
Layer_18
  10
772.25323
  20
322.61969
  42
-0.050394601
  0
VERTEX
  5
c20
  8
Layer_18
  10
772.25401
  20
322.50766
  0
VERTEX
  5
c21
  8
Layer_18
  10
772.25421
  20
322.47784
  0
VERTEX
  5
c22
  8
Layer_18
  10
772.25435
  20
322.45886
  0
SEQEND
  0
POLYLINE
  5
c24
  8
Layer_18
  62
13
  70
1
  66
1
  10
0
  20
0
  30
0
  0
VERTEX
  5
c24
  8
Layer_18
  10
774.30913
  20
321.78409
  42
0.099305596
  0
VERTEX
  5
c25
  8
Layer_18
  10
774.31229
  20
321.80164
  0
VERTEX
  5
c26
  8
Layer_18
  10
774.31229
  20
321.84839
  0
VERTEX
  5
c27
  8
Layer_18
  10
774.31229
  20
321.91562
  0
VERTEX
  5
c28
  8
Layer_18
  10
774.31229
  20
321.99457
  0
VERTEX
  5
c29
  8
Layer_18
  10
774.31229
  20
322.03564
  0
VERTEX
  5
c2a
  8
Layer_18
  10
774.31229
  20
322.07642
  0
VERTEX
  5
c2b
  8
Layer_18
  10
774.31229
  20
322.1524
  0
VERTEX
  5
c2c
  8
Layer_18
  10
774.31229
  20
322.21378
  0
VERTEX
  5
c2d
  8
Layer_18
  10
774.31229
  20
322.25177
  42
-0.00078000993
  0
VERTEX
  5
c2e
  8
Layer_18
  10
774.31232
  20
322.2598
  0
VERTEX
  5
c2f
  8
Layer_18
  10
774.31276
  20
322.2598
  0
VERTEX
  5
c30
  8
Layer_18
  10
774.31911
  20
322.2598
  0
VERTEX
  5
c31
  8
Layer_18
  10
774.32462
  20
322.2598
  0
VERTEX
  5
c32
  8
Layer_18
  10
774.33136
  20
322.2598
  0
VERTEX
  5
c33
  8
Layer_18
  10
774.3391
  20
322.2598
  0
VERTEX
  5
c34
  8
Layer_18
  10
774.34756
  20
322.2598
  0
VERTEX
  5
c35
  8
Layer_18
  10
774.35654
  20
322.2598
  0
VERTEX
  5
c36
  8
Layer_18
  10
774.36574
  20
322.2598
  0
VERTEX
  5
c37
  8
Layer_18
  10
774.37495
  20
322.2598
  0
VERTEX
  5
c38
  8
Layer_18
  10
774.38391
  20
322.2598
  0
VERTEX
  5
c39
  8
Layer_18
  10
774.39238
  20
322.2598
  0
VERTEX
  5
c3a
  8
Layer_18
  10
774.40012
  20
322.2598
  0
VERTEX
  5
c3b
  8
Layer_18
  10
774.40686
  20
322.2598
  0
VERTEX
  5
c3c
  8
Layer_18
  10
774.41238
  20
322.2598
  0
VERTEX
  5
c3d
  8
Layer_18
  10
774.41873
  20
322.2598
  0
VERTEX
  5
c3e
  8
Layer_18
  10
774.41916
  20
322.2598
  0
VERTEX
  5
c3f
  8
Layer_18
  10
774.41921
  20
322.022
  0
VERTEX
  5
c40
  8
Layer_18
  10
774.41919
  20
321.7841
  0
VERTEX
  5
c41
  8
Layer_18
  10
774.42392
  20
321.78409
  0
VERTEX
  5
c42
  8
Layer_18
  10
774.43652
  20
321.78409
  0
VERTEX
  5
c43
  8
Layer_18
  10
774.44504
  20
321.78409
  0
VERTEX
  5
c44
  8
Layer_18
  10
774.45464
  20
321.78409
  0
VERTEX
  5
c45
  8
Layer_18
  10
774.46503
  20
321.78409
  0
VERTEX
  5
c46
  8
Layer_18
  10
774.47591
  20
321.78409
  0
VERTEX
  5
c47
  8
Layer_18
  10
774.48698
  20
321.78409
  0
VERTEX
  5
c48
  8
Layer_18
  10
774.49797
  20
321.78409
  0
VERTEX
  5
c49
  8
Layer_18
  10
774.50854
  20
321.78409
  0
VERTEX
  5
c4a
  8
Layer_18
  10
774.51845
  20
321.78409
  0
VERTEX
  5
c4b
  8
Layer_18
  10
774.52736
  20
321.78409
  0
VERTEX
  5
c4c
  8
Layer_18
  10
774.53499
  20
321.78409
  0
VERTEX
  5
c4d
  8
Layer_18
  10
774.54523
  20
321.78409
  0
VERTEX
  5
c4e
  8
Layer_18
  10
774.54652
  20
321.78409
  0
VERTEX
  5
c4f
  8
Layer_18
  10
774.54726
  20
321.78409
  0
VERTEX
  5
c50
  8
Layer_18
  10
774.54739
  20
321.78406
  0
VERTEX
  5
c51
  8
Layer_18
  10
774.54739
  20
321.78369
  0
VERTEX
  5
c52
  8
Layer_18
  10
774.54739
  20
321.78159
  0
VERTEX
  5
c53
  8
Layer_18
  10
774.54739
  20
321.77795
  0
VERTEX
  5
c54
  8
Layer_18
  10
774.54739
  20
321.77301
  0
VERTEX
  5
c55
  8
Layer_18
  10
774.54739
  20
321.76694
  0
VERTEX
  5
c56
  8
Layer_18
  10
774.54739
  20
321.75998
  0
VERTEX
  5
c57
  8
Layer_18
  10
774.54739
  20
321.75235
  0
VERTEX
  5
c58
  8
Layer_18
  10
774.54739
  20
321.74426
  0
VERTEX
  5
c59
  8
Layer_18
  10
774.54739
  20
321.73599
  0
VERTEX
  5
c5a
  8
Layer_18
  10
774.54739
  20
321.72772
  0
VERTEX
  5
c5b
  8
Layer_18
  10
774.54739
  20
321.71964
  0
VERTEX
  5
c5c
  8
Layer_18
  10
774.54739
  20
321.71201
  0
VERTEX
  5
c5d
  8
Layer_18
  10
774.54739
  20
321.70505
  0
VERTEX
  5
c5e
  8
Layer_18
  10
774.54739
  20
321.69897
  0
VERTEX
  5
c5f
  8
Layer_18
  10
774.54739
  20
321.69403
  0
VERTEX
  5
c60
  8
Layer_18
  10
774.54739
  20
321.6904
  0
VERTEX
  5
c61
  8
Layer_18
  10
774.54739
  20
321.68829
  0
VERTEX
  5
c62
  8
Layer_18
  10
774.54739
  20
321.68793
  42
-0.012758211
  0
VERTEX
  5
c63
  8
Layer_18
  10
774.16258
  20
321.69144
  0
VERTEX
  5
c64
  8
Layer_18
  10
774.16258
  20
321.69556
  0
VERTEX
  5
c65
  8
Layer_18
  10
774.16258
  20
321.7009
  0
VERTEX
  5
c66
  8
Layer_18
  10
774.16258
  20
321.70728
  0
VERTEX
  5
c67
  8
Layer_18
  10
774.16258
  20
321.71448
  0
VERTEX
  5
c68
  8
Layer_18
  10
774.16258
  20
321.72229
  0
VERTEX
  5
c69
  8
Layer_18
  10
774.16258
  20
321.73047
  0
VERTEX
  5
c6a
  8
Layer_18
  10
774.16258
  20
321.73877
  0
VERTEX
  5
c6b
  8
Layer_18
  10
774.16258
  20
321.74701
  0
VERTEX
  5
c6c
  8
Layer_18
  10
774.16258
  20
321.75494
  0
VERTEX
  5
c6d
  8
Layer_18
  10
774.16258
  20
321.76239
  0
VERTEX
  5
c6e
  8
Layer_18
  10
774.16258
  20
321.76904
  0
VERTEX
  5
c6f
  8
Layer_18
  10
774.16258
  20
321.77478
  0
VERTEX
  5
c70
  8
Layer_18
  10
774.16258
  20
321.77933
  0
VERTEX
  5
c71
  8
Layer_18
  10
774.16258
  20
321.78247
  0
VERTEX
  5
c72
  8
Layer_18
  10
774.16258
  20
321.784
  0
VERTEX
  5
c73
  8
Layer_18
  10
774.16275
  20
321.78409
  0
VERTEX
  5
c74
  8
Layer_18
  10
774.16359
  20
321.78409
  0
VERTEX
  5
c75
  8
Layer_18
  10
774.16512
  20
321.78409
  0
VERTEX
  5
c76
  8
Layer_18
  10
774.16727
  20
321.78409
  0
VERTEX
  5
c77
  8
Layer_18
  10
774.17
  20
321.78409
  0
VERTEX
  5
c78
  8
Layer_18
  10
774.17328
  20
321.78409
  0
VERTEX
  5
c79
  8
Layer_18
  10
774.17706
  20
321.78409
  0
VERTEX
  5
c7a
  8
Layer_18
  10
774.18132
  20
321.78409
  0
VERTEX
  5
c7b
  8
Layer_18
  10
774.18597
  20
321.78409
  0
VERTEX
  5
c7c
  8
Layer_18
  10
774.19102
  20
321.78409
  0
VERTEX
  5
c7d
  8
Layer_18
  10
774.19638
  20
321.78409
  0
VERTEX
  5
c7e
  8
Layer_18
  10
774.20204
  20
321.78409
  0
VERTEX
  5
c7f
  8
Layer_18
  10
774.20795
  20
321.78409
  0
VERTEX
  5
c80
  8
Layer_18
  10
774.21405
  20
321.78409
  0
VERTEX
  5
c81
  8
Layer_18
  10
774.22031
  20
321.78409
  0
VERTEX
  5
c82
  8
Layer_18
  10
774.22668
  20
321.78409
  0
VERTEX
  5
c83
  8
Layer_18
  10
774.23312
  20
321.78409
  0
VERTEX
  5
c84
  8
Layer_18
  10
774.23959
  20
321.78409
  0
VERTEX
  5
c85
  8
Layer_18
  10
774.24606
  20
321.78409
  0
VERTEX
  5
c86
  8
Layer_18
  10
774.25246
  20
321.78409
  0
VERTEX
  5
c87
  8
Layer_18
  10
774.25876
  20
321.78409
  0
VERTEX
  5
c88
  8
Layer_18
  10
774.26492
  20
321.78409
  0
VERTEX
  5
c89
  8
Layer_18
  10
774.27089
  20
321.78409
  0
VERTEX
  5
c8a
  8
Layer_18
  10
774.27664
  20
321.78409
  0
VERTEX
  5
c8b
  8
Layer_18
  10
774.2821
  20
321.78409
  0
VERTEX
  5
c8c
  8
Layer_18
  10
774.28726
  20
321.78409
  0
VERTEX
  5
c8d
  8
Layer_18
  10
774.29205
  20
321.78409
  0
VERTEX
  5
c8e
  8
Layer_18
  10
774.29645
  20
321.78409
  0
VERTEX
  5
c8f
  8
Layer_18
  10
774.30038
  20
321.78409
  0
VERTEX
  5
c90
  8
Layer_18
  10
774.30385
  20
321.78409
  0
VERTEX
  5
c91
  8
Layer_18
  10
774.30678
  20
321.78409
  0
SEQEND
  0
POLYLINE
  5
c93
  8
Layer_18
  62
13
  70
1
  66
1
  10
0
  20
0
  30
0
  0
VERTEX
  5
c93
  8
Layer_18
  10
774.71309
  20
322.26508
  0
VERTEX
  5
c94
  8
Layer_18
  10
774.71309
  20
322.24826
  0
VERTEX
  5
c95
  8
Layer_18
  10
774.71309
  20
322.20355
  0
VERTEX
  5
c96
  8
Layer_18
  10
774.71309
  20
322.13959
  0
VERTEX
  5
c97
  8
Layer_18
  10
774.71309
  20
322.10315
  0
VERTEX
  5
c98
  8
Layer_18
  10
774.71309
  20
322.06512
  0
VERTEX
  5
c99
  8
Layer_18
  10
774.71309
  20
322.02667
  0
VERTEX
  5
c9a
  8
Layer_18
  10
774.71309
  20
321.9888
  0
VERTEX
  5
c9b
  8
Layer_18
  10
774.71309
  20
321.91931
  0
VERTEX
  5
c9c
  8
Layer_18
  10
774.71309
  20
321.8653
  0
VERTEX
  5
c9d
  8
Layer_18
  10
774.71309
  20
321.83545
  0
VERTEX
  5
c9e
  8
Layer_18
  10
774.71312
  20
321.83228
  0
VERTEX
  5
c9f
  8
Layer_18
  10
774.76662
  20
322.00762
  0
VERTEX
  5
ca0
  8
Layer_18
  10
774.8208
  20
322.18328
  42
-0.0011388461
  0
VERTEX
  5
ca1
  8
Layer_18
  10
774.83615
  20
322.23309
  0
VERTEX
  5
ca2
  8
Layer_18
  10
774.83742
  20
322.23309
  0
VERTEX
  5
ca3
  8
Layer_18
  10
774.84012
  20
322.23309
  0
VERTEX
  5
ca4
  8
Layer_18
  10
774.84404
  20
322.23309
  0
VERTEX
  5
ca5
  8
Layer_18
  10
774.849
  20
322.23309
  0
VERTEX
  5
ca6
  8
Layer_18
  10
774.8548
  20
322.23309
  0
VERTEX
  5
ca7
  8
Layer_18
  10
774.86122
  20
322.23309
  0
VERTEX
  5
ca8
  8
Layer_18
  10
774.86809
  20
322.23309
  0
VERTEX
  5
ca9
  8
Layer_18
  10
774.87517
  20
322.23309
  0
VERTEX
  5
caa
  8
Layer_18
  10
774.88228
  20
322.23309
  0
VERTEX
  5
cab
  8
Layer_18
  10
774.88922
  20
322.23309
  0
VERTEX
  5
cac
  8
Layer_18
  10
774.8958
  20
322.23309
  0
VERTEX
  5
cad
  8
Layer_18
  10
774.90179
  20
322.23309
  0
VERTEX
  5
cae
  8
Layer_18
  10
774.90701
  20
322.23309
  0
VERTEX
  5
caf
  8
Layer_18
  10
774.91125
  20
322.23309
  0
VERTEX
  5
cb0
  8
Layer_18
  10
774.91432
  20
322.23309
  0
VERTEX
  5
cb1
  8
Layer_18
  10
774.91602
  20
322.23309
  42
0.0038020066
  0
VERTEX
  5
cb2
  8
Layer_18
  10
774.91653
  20
322.23233
  42
0.14806874
  0
VERTEX
  5
cb3
  8
Layer_18
  10
774.93004
  20
322.19009
  0
VERTEX
  5
cb4
  8
Layer_18
  10
774.94762
  20
322.13513
  0
VERTEX
  5
cb5
  8
Layer_18
  10
774.96969
  20
322.066
  0
VERTEX
  5
cb6
  8
Layer_18
  10
774.99174
  20
321.99714
  0
VERTEX
  5
cb7
  8
Layer_18
  10
775.01116
  20
321.93625
  0
VERTEX
  5
cb8
  8
Layer_18
  10
775.03073
  20
321.8752
  0
VERTEX
  5
cb9
  8
Layer_18
  10
775.04189
  20
321.84033
  0
VERTEX
  5
cba
  8
Layer_18
  10
775.04319
  20
321.83627
  0
VERTEX
  5
cbb
  8
Layer_18
  10
775.04449
  20
321.83221
  0
VERTEX
  5
cbc
  8
Layer_18
  10
775.04449
  20
321.83264
  0
VERTEX
  5
cbd
  8
Layer_18
  10
775.04449
  20
321.83365
  0
VERTEX
  5
cbe
  8
Layer_18
  10
775.04449
  20
321.85934
  0
VERTEX
  5
cbf
  8
Layer_18
  10
775.04449
  20
321.91043
  0
VERTEX
  5
cc0
  8
Layer_18
  10
775.04449
  20
321.97827
  0
VERTEX
  5
cc1
  8
Layer_18
  10
775.04449
  20
322.01575
  0
VERTEX
  5
cc2
  8
Layer_18
  10
775.04449
  20
322.05414
  0
VERTEX
  5
cc3
  8
Layer_18
  10
775.04449
  20
322.09241
  0
VERTEX
  5
cc4
  8
Layer_18
  10
775.04449
  20
322.12939
  0
VERTEX
  5
cc5
  8
Layer_18
  10
775.04449
  20
322.19537
  0
VERTEX
  5
cc6
  8
Layer_18
  10
775.04449
  20
322.24338
  0
VERTEX
  5
cc7
  8
Layer_18
  10
775.04449
  20
322.26471
  0
VERTEX
  5
cc8
  8
Layer_18
  10
775.04454
  20
322.26508
  0
VERTEX
  5
cc9
  8
Layer_18
  10
775.04503
  20
322.26508
  0
VERTEX
  5
cca
  8
Layer_18
  10
775.04599
  20
322.26508
  0
VERTEX
  5
ccb
  8
Layer_18
  10
775.04742
  20
322.26508
  0
VERTEX
  5
ccc
  8
Layer_18
  10
775.05154
  20
322.26508
  0
VERTEX
  5
ccd
  8
Layer_18
  10
775.05711
  20
322.26508
  0
VERTEX
  5
cce
  8
Layer_18
  10
775.06389
  20
322.26508
  0
VERTEX
  5
ccf
  8
Layer_18
  10
775.07159
  20
322.26508
  0
VERTEX
  5
cd0
  8
Layer_18
  10
775.08
  20
322.26508
  0
VERTEX
  5
cd1
  8
Layer_18
  10
775.08885
  20
322.26508
  0
VERTEX
  5
cd2
  8
Layer_18
  10
775.09787
  20
322.26508
  0
VERTEX
  5
cd3
  8
Layer_18
  10
775.10683
  20
322.26508
  0
VERTEX
  5
cd4
  8
Layer_18
  10
775.11545
  20
322.26508
  0
VERTEX
  5
cd5
  8
Layer_18
  10
775.12349
  20
322.26508
  0
VERTEX
  5
cd6
  8
Layer_18
  10
775.13069
  20
322.26508
  0
VERTEX
  5
cd7
  8
Layer_18
  10
775.13681
  20
322.26508
  0
VERTEX
  5
cd8
  8
Layer_18
  10
775.14474
  20
322.26508
  0
VERTEX
  5
cd9
  8
Layer_18
  10
775.14566
  20
322.26508
  0
VERTEX
  5
cda
  8
Layer_18
  10
775.14607
  20
322.26508
  0
VERTEX
  5
cdb
  8
Layer_18
  10
775.14558
  20
321.97605
  0
VERTEX
  5
cdc
  8
Layer_18
  10
775.14609
  20
321.68789
  0
VERTEX
  5
cdd
  8
Layer_18
  10
775.14069
  20
321.6879
  0
VERTEX
  5
cde
  8
Layer_18
  10
775.12633
  20
321.6879
  0
VERTEX
  5
cdf
  8
Layer_18
  10
775.11665
  20
321.6879
  0
VERTEX
  5
ce0
  8
Layer_18
  10
775.10579
  20
321.6879
  0
VERTEX
  5
ce1
  8
Layer_18
  10
775.09409
  20
321.6879
  0
VERTEX
  5
ce2
  8
Layer_18
  10
775.08188
  20
321.6879
  0
VERTEX
  5
ce3
  8
Layer_18
  10
775.06953
  20
321.6879
  0
VERTEX
  5
ce4
  8
Layer_18
  10
775.05737
  20
321.6879
  0
VERTEX
  5
ce5
  8
Layer_18
  10
775.04578
  20
321.6879
  0
VERTEX
  5
ce6
  8
Layer_18
  10
775.03506
  20
321.6879
  0
VERTEX
  5
ce7
  8
Layer_18
  10
775.01772
  20
321.6879
  0
VERTEX
  5
ce8
  8
Layer_18
  10
775.00813
  20
321.6879
  0
VERTEX
  5
ce9
  8
Layer_18
  10
775.00728
  20
321.6879
  0
VERTEX
  5
cea
  8
Layer_18
  10
775.00706
  20
321.68799
  0
VERTEX
  5
ceb
  8
Layer_18
  10
775.00533
  20
321.69318
  0
VERTEX
  5
cec
  8
Layer_18
  10
774.99489
  20
321.72449
  0
VERTEX
  5
ced
  8
Layer_18
  10
774.97737
  20
321.77704
  0
VERTEX
  5
cee
  8
Layer_18
  10
774.95546
  20
321.8428
  0
VERTEX
  5
cef
  8
Layer_18
  10
774.94368
  20
321.87811
  0
VERTEX
  5
cf0
  8
Layer_18
  10
774.93182
  20
321.9137
  0
VERTEX
  5
cf1
  8
Layer_18
  10
774.90913
  20
321.98175
  0
VERTEX
  5
cf2
  8
Layer_18
  10
774.89009
  20
322.03888
  0
VERTEX
  5
cf3
  8
Layer_18
  10
774.87735
  20
322.07709
  42
0.080611572
  0
VERTEX
  5
cf4
  8
Layer_18
  10
774.87379
  20
322.0878
  0
VERTEX
  5
cf5
  8
Layer_18
  10
774.87355
  20
322.0885
  0
VERTEX
  5
cf6
  8
Layer_18
  10
774.87349
  20
322.08868
  42
0.055514843
  0
VERTEX
  5
cf7
  8
Layer_18
  10
774.86705
  20
322.06857
  0
VERTEX
  5
cf8
  8
Layer_18
  10
774.85283
  20
322.02414
  0
VERTEX
  5
cf9
  8
Layer_18
  10
774.83328
  20
321.96307
  0
VERTEX
  5
cfa
  8
Layer_18
  10
774.82231
  20
321.9288
  42
0.038180869
  0
VERTEX
  5
cfb
  8
Layer_18
  10
774.79959
  20
321.85782
  0
VERTEX
  5
cfc
  8
Layer_18
  10
774.78848
  20
321.82312
  0
VERTEX
  5
cfd
  8
Layer_18
  10
774.76837
  20
321.76031
  0
VERTEX
  5
cfe
  8
Layer_18
  10
774.75323
  20
321.71301
  0
VERTEX
  5
cff
  8
Layer_18
  10
774.74562
  20
321.68924
  0
VERTEX
  5
d00
  8
Layer_18
  10
774.74519
  20
321.68793
  42
-0.02958391
  0
VERTEX
  5
d01
  8
Layer_18
  10
774.74397
  20
321.6879
  0
VERTEX
  5
d02
  8
Layer_18
  10
774.74237
  20
321.6879
  0
VERTEX
  5
d03
  8
Layer_18
  10
774.73029
  20
321.6879
  0
VERTEX
  5
d04
  8
Layer_18
  10
774.72145
  20
321.6879
  0
VERTEX
  5
d05
  8
Layer_18
  10
774.71123
  20
321.6879
  0
VERTEX
  5
d06
  8
Layer_18
  10
774.69997
  20
321.6879
  0
VERTEX
  5
d07
  8
Layer_18
  10
774.688
  20
321.6879
  0
VERTEX
  5
d08
  8
Layer_18
  10
774.67569
  20
321.6879
  0
VERTEX
  5
d09
  8
Layer_18
  10
774.66338
  20
321.6879
  0
VERTEX
  5
d0a
  8
Layer_18
  10
774.65141
  20
321.6879
  0
VERTEX
  5
d0b
  8
Layer_18
  10
774.64015
  20
321.6879
  0
VERTEX
  5
d0c
  8
Layer_18
  10
774.62993
  20
321.6879
  0
VERTEX
  5
d0d
  8
Layer_18
  10
774.62109
  20
321.6879
  0
VERTEX
  5
d0e
  8
Layer_18
  10
774.60901
  20
321.6879
  0
VERTEX
  5
d0f
  8
Layer_18
  10
774.60741
  20
321.6879
  0
VERTEX
  5
d10
  8
Layer_18
  10
774.60646
  20
321.6879
  0
VERTEX
  5
d11
  8
Layer_18
  10
774.60623
  20
321.6879
  0
VERTEX
  5
d12
  8
Layer_18
  10
774.60619
  20
321.68793
  0
VERTEX
  5
d13
  8
Layer_18
  10
774.60619
  20
321.68888
  0
VERTEX
  5
d14
  8
Layer_18
  10
774.6062
  20
321.68983
  0
VERTEX
  5
d15
  8
Layer_18
  10
774.60652
  20
321.72409
  42
0.10319987
  0
VERTEX
  5
d16
  8
Layer_18
  10
774.60802
  20
321.88266
  42
-0.00028507801
  0
VERTEX
  5
d17
  8
Layer_18
  10
774.60896
  20
321.98383
  0
VERTEX
  5
d18
  8
Layer_18
  10
774.60988
  20
322.07815
  0
VERTEX
  5
d19
  8
Layer_18
  10
774.61072
  20
322.17213
  42
-0.00010487195
  0
VERTEX
  5
d1a
  8
Layer_18
  10
774.61159
  20
322.26459
  0
VERTEX
  5
d1b
  8
Layer_18
  10
774.61172
  20
322.26508
  0
VERTEX
  5
d1c
  8
Layer_18
  10
774.61235
  20
322.26508
  0
VERTEX
  5
d1d
  8
Layer_18
  10
774.61346
  20
322.26508
  0
VERTEX
  5
d1e
  8
Layer_18
  10
774.61502
  20
322.26508
  0
VERTEX
  5
d1f
  8
Layer_18
  10
774.61699
  20
322.26508
  0
VERTEX
  5
d20
  8
Layer_18
  10
774.61935
  20
322.26508
  0
VERTEX
  5
d21
  8
Layer_18
  10
774.62207
  20
322.26508
  0
VERTEX
  5
d22
  8
Layer_18
  10
774.62511
  20
322.26508
  0
VERTEX
  5
d23
  8
Layer_18
  10
774.62843
  20
322.26508
  0
VERTEX
  5
d24
  8
Layer_18
  10
774.63202
  20
322.26508
  0
VERTEX
  5
d25
  8
Layer_18
  10
774.63583
  20
322.26508
  0
VERTEX
  5
d26
  8
Layer_18
  10
774.63983
  20
322.26508
  0
VERTEX
  5
d27
  8
Layer_18
  10
774.64401
  20
322.26508
  0
VERTEX
  5
d28
  8
Layer_18
  10
774.64832
  20
322.26508
  0
VERTEX
  5
d29
  8
Layer_18
  10
774.65271
  20
322.26508
  0
VERTEX
  5
d2a
  8
Layer_18
  10
774.65718
  20
322.26508
  0
VERTEX
  5
d2b
  8
Layer_18
  10
774.6617
  20
322.26508
  0
VERTEX
  5
d2c
  8
Layer_18
  10
774.66621
  20
322.26508
  0
VERTEX
  5
d2d
  8
Layer_18
  10
774.67068
  20
322.26508
  0
VERTEX
  5
d2e
  8
Layer_18
  10
774.67513
  20
322.26508
  0
VERTEX
  5
d2f
  8
Layer_18
  10
774.67946
  20
322.26508
  0
VERTEX
  5
d30
  8
Layer_18
  10
774.68367
  20
322.26508
  0
VERTEX
  5
d31
  8
Layer_18
  10
774.68773
  20
322.26508
  0
VERTEX
  5
d32
  8
Layer_18
  10
774.6916
  20
322.26508
  0
VERTEX
  5
d33
  8
Layer_18
  10
774.69525
  20
322.26508
  0
VERTEX
  5
d34
  8
Layer_18
  10
774.69865
  20
322.26508
  0
VERTEX
  5
d35
  8
Layer_18
  10
774.70178
  20
322.26508
  0
VERTEX
  5
d36
  8
Layer_18
  10
774.70459
  20
322.26508
  0
VERTEX
  5
d37
  8
Layer_18
  10
774.70706
  20
322.26508
  0
VERTEX
  5
d38
  8
Layer_18
  10
774.70914
  20
322.26508
  0
VERTEX
  5
d39
  8
Layer_18
  10
774.71082
  20
322.26508
  0
VERTEX
  5
d3a
  8
Layer_18
  10
774.71207
  20
322.26508
  0
VERTEX
  5
d3b
  8
Layer_18
  10
774.71283
  20
322.26508
  0
SEQEND
  0
POLYLINE
  5
d3d
  8
Layer_18
  62
13
  70
1
  66
1
  10
0
  20
0
  30
0
  0
VERTEX
  5
d3d
  8
Layer_18
  10
747.81679
  20
329.978
  0
VERTEX
  5
d3e
  8
Layer_18
  10
753.43448
  20
321.21219
  0
VERTEX
  5
d3f
  8
Layer_18
  10
753.53555
  20
321.08415
  0
VERTEX
  5
d40
  8
Layer_18
  10
753.64789
  20
320.9927
  0
VERTEX
  5
d41
  8
Layer_18
  10
753.76777
  20
320.93783
  0
VERTEX
  5
d42
  8
Layer_18
  10
753.8914
  20
320.91953
  0
VERTEX
  5
d43
  8
Layer_18
  10
754.01504
  20
320.93781
  0
VERTEX
  5
d44
  8
Layer_18
  10
754.13493
  20
320.99266
  0
VERTEX
  5
d45
  8
Layer_18
  10
754.2473
  20
321.08409
  0
VERTEX
  5
d46
  8
Layer_18
  10
754.34839
  20
321.21209
  0
VERTEX
  5
d47
  8
Layer_18
  10
759.97679
  20
329.97278
  0
VERTEX
  5
d48
  8
Layer_18
  10
760.05122
  20
330.11712
  0
VERTEX
  5
d49
  8
Layer_18
  10
760.08719
  20
330.25155
  0
VERTEX
  5
d4a
  8
Layer_18
  10
760.08633
  20
330.3732
  0
VERTEX
  5
d4b
  8
Layer_18
  10
760.05026
  20
330.47919
  0
VERTEX
  5
d4c
  8
Layer_18
  10
759.98063
  20
330.56664
  0
VERTEX
  5
d4d
  8
Layer_18
  10
759.87905
  20
330.63266
  0
VERTEX
  5
d4e
  8
Layer_18
  10
759.74716
  20
330.67437
  0
VERTEX
  5
d4f
  8
Layer_18
  10
759.58659
  20
330.68889
  0
VERTEX
  5
d50
  8
Layer_18
  10
748.20688
  20
330.6889
  0
VERTEX
  5
d51
  8
Layer_18
  10
748.04631
  20
330.67438
  0
VERTEX
  5
d52
  8
Layer_18
  10
747.91442
  20
330.63274
  0
VERTEX
  5
d53
  8
Layer_18
  10
747.81285
  20
330.56691
  0
VERTEX
  5
d54
  8
Layer_18
  10
747.74323
  20
330.47984
  0
VERTEX
  5
d55
  8
Layer_18
  10
747.70718
  20
330.37447
  0
VERTEX
  5
d56
  8
Layer_18
  10
747.70633
  20
330.25374
  0
VERTEX
  5
d57
  8
Layer_18
  10
747.74233
  20
330.1206
  0
VERTEX
  5
d58
  8
Layer_18
  10
747.81679
  20
329.97799
  0
SEQEND
  0
POLYLINE
  5
d5a
  8
Layer_18
  62
13
  70
1
  66
1
  10
0
  20
0
  30
0
  0
VERTEX
  5
d5a
  8
Layer_18
  10
762.73479
  20
326.2258
  0
VERTEX
  5
d5b
  8
Layer_18
  10
762.83624
  20
326.2258
  42
0.0024897902
  0
VERTEX
  5
d5c
  8
Layer_18
  10
763.17282
  20
327.52368
  0
VERTEX
  5
d5d
  8
Layer_18
  10
763.17282
  20
327.52469
  0
VERTEX
  5
d5e
  8
Layer_18
  10
762.39307
  20
327.52469
  0
VERTEX
  5
d5f
  8
Layer_18
  10
762.39285
  20
327.52444
  0
VERTEX
  5
d60
  8
Layer_18
  10
762.73404
  20
326.22861
  0
SEQEND
  0
POLYLINE
  5
d62
  8
Layer_18
  62
13
  70
1
  66
1
  10
0
  20
0
  30
0
  0
VERTEX
  5
d62
  8
Layer_18
  10
765.33789
  20
322.69281
  0
VERTEX
  5
d63
  8
Layer_18
  10
765.43925
  20
322.69269
  42
0.0024452504
  0
VERTEX
  5
d64
  8
Layer_18
  10
765.77592
  20
323.99057
  0
VERTEX
  5
d65
  8
Layer_18
  10
765.77591
  20
323.99158
  0
VERTEX
  5
d66
  8
Layer_18
  10
764.99606
  20
323.99158
  0
VERTEX
  5
d67
  8
Layer_18
  10
764.99586
  20
323.99133
  42
0.00052872674
  0
SEQEND
  0
POLYLINE
  5
d69
  8
Layer_18
  62
13
  70
1
  66
1
  10
0
  20
0
  30
0
  0
VERTEX
  5
d69
  8
Layer_18
  10
770.90739
  20
322.68738
  0
VERTEX
  5
d6a
  8
Layer_18
  10
770.38899
  20
322.68738
  0
VERTEX
  5
d6b
  8
Layer_18
  10
770.38899
  20
323.69229
  0
VERTEX
  5
d6c
  8
Layer_18
  10
770.90739
  20
323.69229
  0
VERTEX
  5
d6d
  8
Layer_18
  10
771.10527
  20
323.66097
  0
VERTEX
  5
d6e
  8
Layer_18
  10
771.24351
  20
323.566
  0
VERTEX
  5
d6f
  8
Layer_18
  10
771.32461
  20
323.40588
  0
VERTEX
  5
d70
  8
Layer_18
  10
771.35109
  20
323.17909
  0
VERTEX
  5
d71
  8
Layer_18
  10
771.32461
  20
322.96246
  0
VERTEX
  5
d72
  8
Layer_18
  10
771.24351
  20
322.80897
  0
VERTEX
  5
d73
  8
Layer_18
  10
771.10527
  20
322.71762
  0
VERTEX
  5
d74
  8
Layer_18
  10
770.90739
  20
322.68739
  0
SEQEND
  0
POLYLINE
  5
d76
  8
Layer_18
  62
13
  70
1
  66
1
  10
0
  20
0
  30
0
  0
VERTEX
  5
d76
  8
Layer_18
  10
755.56169
  20
325.8143
  42
-0.08302828
  0
VERTEX
  5
d77
  8
Layer_18
  10
755.42279
  20
325.79291
  42
-0.41421356
  0
VERTEX
  5
d78
  8
Layer_18
  10
754.9899
  20
326.2258
  42
-0.10910137
  0
VERTEX
  5
d79
  8
Layer_18
  10
755.02728
  20
326.40219
  42
-0.13012314
  0
VERTEX
  5
d7a
  8
Layer_18
  10
755.18228
  20
326.58929
  0
VERTEX
  5
d7b
  8
Layer_18
  10
755.20898
  20
326.60529
  0
VERTEX
  5
d7c
  8
Layer_18
  10
755.20898
  20
328.92511
  42
-0.29721183
  0
VERTEX
  5
d7d
  8
Layer_18
  10
754.89359
  20
329.4061
  42
-0.23062203
  0
VERTEX
  5
d7e
  8
Layer_18
  10
755.0914
  20
329.81769
  0
VERTEX
  5
d7f
  8
Layer_18
  10
755.1395
  20
329.81769
  0
VERTEX
  5
d80
  8
Layer_18
  10
755.1395
  20
329.4863
  0
VERTEX
  5
d81
  8
Layer_18
  10
755.42279
  20
329.26178
  0
VERTEX
  5
d82
  8
Layer_18
  10
755.71149
  20
329.4863
  0
VERTEX
  5
d83
  8
Layer_18
  10
755.71149
  20
329.81769
  0
VERTEX
  5
d84
  8
Layer_18
  10
755.75418
  20
329.81769
  0
VERTEX
  5
d85
  8
Layer_18
  10
755.75949
  20
329.81769
  42
-0.23072512
  0
VERTEX
  5
d86
  8
Layer_18
  10
755.95729
  20
329.40619
  42
-0.29030213
  0
VERTEX
  5
d87
  8
Layer_18
  10
755.642
  20
328.92511
  0
VERTEX
  5
d88
  8
Layer_18
  10
755.64189
  20
326.5946
  42
-0.26185857
  0
VERTEX
  5
d89
  8
Layer_18
  10
755.84509
  20
326.2258
  42
-0.065051024
  0
VERTEX
  5
d8a
  8
Layer_18
  10
755.82898
  20
326.11349
  0
VERTEX
  5
d8b
  8
Layer_18
  10
755.81299
  20
326.12958
  0
VERTEX
  5
d8c
  8
Layer_18
  10
755.75949
  20
326.17239
  0
VERTEX
  5
d8d
  8
Layer_18
  10
755.70609
  20
326.21509
  0
VERTEX
  5
d8e
  8
Layer_18
  10
755.65268
  20
326.25787
  0
VERTEX
  5
d8f
  8
Layer_18
  10
755.62589
  20
326.2793
  0
VERTEX
  5
d90
  8
Layer_18
  10
755.62589
  20
326.31668
  0
VERTEX
  5
d91
  8
Layer_18
  10
755.5083
  20
326.4343
  0
VERTEX
  5
d92
  8
Layer_18
  10
755.44958
  20
326.4343
  0
VERTEX
  5
d93
  8
Layer_18
  10
755.34259
  20
326.4343
  0
VERTEX
  5
d94
  8
Layer_18
  10
755.332
  20
326.4343
  0
VERTEX
  5
d95
  8
Layer_18
  10
755.19829
  20
326.31668
  0
VERTEX
  5
d96
  8
Layer_18
  10
755.19829
  20
326.23648
  0
VERTEX
  5
d97
  8
Layer_18
  10
755.19829
  20
326.14029
  0
VERTEX
  5
d98
  8
Layer_18
  10
755.19829
  20
326.13501
  0
VERTEX
  5
d99
  8
Layer_18
  10
755.33188
  20
325.996
  0
VERTEX
  5
d9a
  8
Layer_18
  10
755.35858
  20
325.996
  0
VERTEX
  5
d9b
  8
Layer_18
  10
755.41208
  20
325.94788
  0
VERTEX
  5
d9c
  8
Layer_18
  10
755.43878
  20
325.92648
  0
VERTEX
  5
d9d
  8
Layer_18
  10
755.46548
  20
325.90509
  0
VERTEX
  5
d9e
  8
Layer_18
  10
755.4762
  20
325.89441
  0
VERTEX
  5
d9f
  8
Layer_18
  10
755.48689
  20
325.88379
  0
VERTEX
  5
da0
  8
Layer_18
  10
755.51369
  20
325.8624
  0
VERTEX
  5
da1
  8
Layer_18
  10
755.54039
  20
325.8356
  0
SEQEND
  0
POLYLINE
  5
da3
  8
Layer_18
  62
13
  70
1
  66
1
  10
0
  20
0
  30
0
  0
VERTEX
  5
da3
  8
Layer_18
  10
753.60019
  20
327.6156
  0
VERTEX
  5
da4
  8
Layer_18
  10
753.54129
  20
327.65829
  0
VERTEX
  5
da5
  8
Layer_18
  10
753.5307
  20
327.6637
  0
VERTEX
  5
da6
  8
Layer_18
  10
753.5253
  20
327.66901
  0
VERTEX
  5
da7
  8
Layer_18
  10
753.51999
  20
327.67429
  0
VERTEX
  5
da8
  8
Layer_18
  10
753.50929
  20
327.67969
  0
VERTEX
  5
da9
  8
Layer_18
  10
753.50389
  20
327.685
  0
VERTEX
  5
daa
  8
Layer_18
  10
753.49319
  20
327.6904
  0
VERTEX
  5
dab
  8
Layer_18
  10
753.48248
  20
327.69568
  0
VERTEX
  5
dac
  8
Layer_18
  10
753.47719
  20
327.70111
  0
VERTEX
  5
dad
  8
Layer_18
  10
753.47179
  20
327.70111
  0
VERTEX
  5
dae
  8
Layer_18
  10
753.46649
  20
327.70111
  0
VERTEX
  5
daf
  8
Layer_18
  10
753.34889
  20
327.7384
  0
VERTEX
  5
db0
  8
Layer_18
  10
753.3382
  20
327.7384
  0
VERTEX
  5
db1
  8
Layer_18
  10
753.32759
  20
327.74377
  0
VERTEX
  5
db2
  8
Layer_18
  10
753.32219
  20
327.74921
  0
VERTEX
  5
db3
  8
Layer_18
  10
753.31679
  20
327.74921
  0
VERTEX
  5
db4
  8
Layer_18
  10
753.31149
  20
327.74908
  0
VERTEX
  5
db5
  8
Layer_18
  10
753.30609
  20
327.74908
  0
VERTEX
  5
db6
  8
Layer_18
  10
753.30078
  20
327.74921
  0
VERTEX
  5
db7
  8
Layer_18
  10
753.30078
  20
327.75449
  0
VERTEX
  5
db8
  8
Layer_18
  10
753.30078
  20
327.7598
  0
VERTEX
  5
db9
  8
Layer_18
  10
753.29549
  20
327.7652
  0
VERTEX
  5
dba
  8
Layer_18
  10
753.29549
  20
327.7706
  0
VERTEX
  5
dbb
  8
Layer_18
  10
753.29549
  20
327.77588
  0
VERTEX
  5
dbc
  8
Layer_18
  10
753.29549
  20
327.78119
  0
VERTEX
  5
dbd
  8
Layer_18
  10
753.29549
  20
327.78659
  0
VERTEX
  5
dbe
  8
Layer_18
  10
753.29549
  20
327.7919
  0
VERTEX
  5
dbf
  8
Layer_18
  10
753.29549
  20
327.80258
  0
VERTEX
  5
dc0
  8
Layer_18
  10
753.30078
  20
327.81329
  0
VERTEX
  5
dc1
  8
Layer_18
  10
753.30609
  20
327.82397
  0
VERTEX
  5
dc2
  8
Layer_18
  10
753.31149
  20
327.83469
  0
VERTEX
  5
dc3
  8
Layer_18
  10
753.31679
  20
327.84
  0
VERTEX
  5
dc4
  8
Layer_18
  10
753.32219
  20
327.8454
  0
VERTEX
  5
dc5
  8
Layer_18
  10
753.35419
  20
327.8775
  0
VERTEX
  5
dc6
  8
Layer_18
  10
753.38629
  20
327.90948
  0
VERTEX
  5
dc7
  8
Layer_18
  10
753.4184
  20
327.94159
  0
VERTEX
  5
dc8
  8
Layer_18
  10
753.4505
  20
327.97369
  0
VERTEX
  5
dc9
  8
Layer_18
  10
753.48248
  20
328.00568
  0
VERTEX
  5
dca
  8
Layer_18
  10
753.4986
  20
328.02179
  0
VERTEX
  5
dcb
  8
Layer_18
  10
753.51459
  20
328.03778
  0
VERTEX
  5
dcc
  8
Layer_18
  10
753.55199
  20
328.06989
  0
VERTEX
  5
dcd
  8
Layer_18
  10
753.58949
  20
328.1019
  0
VERTEX
  5
dce
  8
Layer_18
  10
753.63748
  20
328.08588
  0
VERTEX
  5
dcf
  8
Layer_18
  10
753.65359
  20
328.0592
  0
VERTEX
  5
dd0
  8
Layer_18
  10
753.66959
  20
328.03241
  0
VERTEX
  5
dd1
  8
Layer_18
  10
753.6857
  20
328.01111
  0
VERTEX
  5
dd2
  8
Layer_18
  10
753.70169
  20
327.98969
  0
VERTEX
  5
dd3
  8
Layer_18
  10
753.71228
  20
327.97369
  0
VERTEX
  5
dd4
  8
Layer_18
  10
753.72299
  20
327.96298
  0
VERTEX
  5
dd5
  8
Layer_18
  10
753.7338
  20
327.9523
  0
VERTEX
  5
dd6
  8
Layer_18
  10
753.74438
  20
327.94159
  0
VERTEX
  5
dd7
  8
Layer_18
  10
753.80319
  20
327.88809
  0
VERTEX
  5
dd8
  8
Layer_18
  10
753.82458
  20
327.87219
  0
VERTEX
  5
dd9
  8
Layer_18
  10
753.85669
  20
327.84528
  0
VERTEX
  5
dda
  8
Layer_18
  10
753.85669
  20
327.82397
  0
VERTEX
  5
ddb
  8
Layer_18
  10
753.74644
  20
327.74582
  0
VERTEX
  5
ddc
  8
Layer_18
  10
753.60019
  20
327.61559
  0
SEQEND
  0
POLYLINE
  5
dde
  8
Layer_18
  62
13
  70
1
  66
1
  10
0
  20
0
  30
0
  0
VERTEX
  5
dde
  8
Layer_18
  10
753.55733
  20
327.64764
  0
VERTEX
  5
ddf
  8
Layer_18
  10
753.55704
  20
327.64795
  0
VERTEX
  5
de0
  8
Layer_18
  10
753.55676
  20
327.64819
  0
VERTEX
  5
de1
  8
Layer_18
  10
753.55646
  20
327.6485
  0
VERTEX
  5
de2
  8
Layer_18
  10
753.55508
  20
327.64984
  42
0.078691104
  0
VERTEX
  5
de3
  8
Layer_18
  10
753.55235
  20
327.65253
  0
VERTEX
  5
de4
  8
Layer_18
  10
753.55215
  20
327.65271
  0
VERTEX
  5
de5
  8
Layer_18
  10
753.55203
  20
327.65283
  0
VERTEX
  5
de6
  8
Layer_18
  10
753.55199
  20
327.65289
  42
-0.080611572
  0
VERTEX
  5
de7
  8
Layer_18
  10
753.55452
  20
327.65036
  42
0.00075958763
  0
VERTEX
  5
de8
  8
Layer_18
  10
753.55859
  20
327.6463
  0
VERTEX
  5
de9
  8
Layer_18
  10
753.56003
  20
327.64485
  0
VERTEX
  5
dea
  8
Layer_18
  10
753.56147
  20
327.64342
  42
0.41421356
  0
VERTEX
  5
deb
  8
Layer_18
  10
753.56253
  20
327.64236
  0
VERTEX
  5
dec
  8
Layer_18
  10
753.56206
  20
327.64282
  0
VERTEX
  5
ded
  8
Layer_18
  10
753.56107
  20
327.64386
  0
VERTEX
  5
dee
  8
Layer_18
  10
753.56067
  20
327.64426
  0
VERTEX
  5
def
  8
Layer_18
  10
753.56046
  20
327.64447
  0
VERTEX
  5
df0
  8
Layer_18
  10
753.55983
  20
327.64508
  0
VERTEX
  5
df1
  8
Layer_18
  10
753.5592
  20
327.64572
  0
VERTEX
  5
df2
  8
Layer_18
  10
753.55893
  20
327.64602
  0
VERTEX
  5
df3
  8
Layer_18
  10
753.55864
  20
327.64632
  42
-0.55753652
  0
VERTEX
  5
df4
  8
Layer_18
  10
753.55786
  20
327.64709
  0
VERTEX
  5
df5
  8
Layer_18
  10
753.55774
  20
327.64722
  0
VERTEX
  5
df6
  8
Layer_18
  10
753.55765
  20
327.64734
  0
VERTEX
  5
df7
  8
Layer_18
  10
753.55756
  20
327.64743
  0
VERTEX
  5
df8
  8
Layer_18
  10
753.55748
  20
327.64749
  0
SEQEND
  0
POLYLINE
  5
dfa
  8
Layer_18
  62
13
  70
1
  66
1
  10
0
  20
0
  30
0
  0
VERTEX
  5
dfa
  8
Layer_18
  10
753.56845
  20
327.64185
  42
0.01919533
  0
VERTEX
  5
dfb
  8
Layer_18
  10
753.56805
  20
327.64218
  0
VERTEX
  5
dfc
  8
Layer_18
  10
753.56793
  20
327.64218
  0
VERTEX
  5
dfd
  8
Layer_18
  10
753.56772
  20
327.64218
  0
VERTEX
  5
dfe
  8
Layer_18
  10
753.56747
  20
327.64218
  0
VERTEX
  5
dff
  8
Layer_18
  10
753.56717
  20
327.64218
  0
VERTEX
  5
e00
  8
Layer_18
  10
753.5668
  20
327.64218
  0
VERTEX
  5
e01
  8
Layer_18
  10
753.56644
  20
327.64218
  0
VERTEX
  5
e02
  8
Layer_18
  10
753.56602
  20
327.64218
  0
VERTEX
  5
e03
  8
Layer_18
  10
753.56561
  20
327.64218
  0
VERTEX
  5
e04
  8
Layer_18
  10
753.56519
  20
327.64218
  0
VERTEX
  5
e05
  8
Layer_18
  10
753.56476
  20
327.64218
  0
VERTEX
  5
e06
  8
Layer_18
  10
753.56435
  20
327.64218
  0
VERTEX
  5
e07
  8
Layer_18
  10
753.56396
  20
327.64218
  0
VERTEX
  5
e08
  8
Layer_18
  10
753.56361
  20
327.64218
  0
VERTEX
  5
e09
  8
Layer_18
  10
753.56331
  20
327.64218
  0
VERTEX
  5
e0a
  8
Layer_18
  10
753.56305
  20
327.64218
  0
VERTEX
  5
e0b
  8
Layer_18
  10
753.56287
  20
327.64218
  0
VERTEX
  5
e0c
  8
Layer_18
  10
753.56274
  20
327.64218
  0
VERTEX
  5
e0d
  8
Layer_18
  10
753.56268
  20
327.64218
  0
VERTEX
  5
e0e
  8
Layer_18
  10
753.56277
  20
327.64215
  42
0.013875517
  0
VERTEX
  5
e0f
  8
Layer_18
  10
753.56451
  20
327.6413
  42
-0.37323778
  0
VERTEX
  5
e10
  8
Layer_18
  10
753.56598
  20
327.64056
  0
VERTEX
  5
e11
  8
Layer_18
  10
753.56677
  20
327.64017
  0
VERTEX
  5
e12
  8
Layer_18
  10
753.56763
  20
327.63974
  42
0.035489152
  0
VERTEX
  5
e13
  8
Layer_18
  10
753.57086
  20
327.63815
  42
0.080611572
  0
VERTEX
  5
e14
  8
Layer_18
  10
753.57266
  20
327.63724
  0
VERTEX
  5
e15
  8
Layer_18
  10
753.57323
  20
327.63696
  0
VERTEX
  5
e16
  8
Layer_18
  10
753.57338
  20
327.6369
  0
VERTEX
  5
e17
  8
Layer_18
  10
753.57335
  20
327.63693
  0
VERTEX
  5
e18
  8
Layer_18
  10
753.5733
  20
327.63699
  0
VERTEX
  5
e19
  8
Layer_18
  10
753.57323
  20
327.63705
  0
VERTEX
  5
e1a
  8
Layer_18
  10
753.57314
  20
327.63715
  0
VERTEX
  5
e1b
  8
Layer_18
  10
753.57303
  20
327.63724
  0
VERTEX
  5
e1c
  8
Layer_18
  10
753.57291
  20
327.63736
  0
VERTEX
  5
e1d
  8
Layer_18
  10
753.57278
  20
327.63751
  0
VERTEX
  5
e1e
  8
Layer_18
  10
753.57263
  20
327.63763
  0
VERTEX
  5
e1f
  8
Layer_18
  10
753.57248
  20
327.63782
  0
VERTEX
  5
e20
  8
Layer_18
  10
753.57231
  20
327.63797
  0
VERTEX
  5
e21
  8
Layer_18
  10
753.57214
  20
327.63815
  0
VERTEX
  5
e22
  8
Layer_18
  10
753.57196
  20
327.63834
  0
VERTEX
  5
e23
  8
Layer_18
  10
753.57176
  20
327.63852
  0
VERTEX
  5
e24
  8
Layer_18
  10
753.57156
  20
327.63873
  0
VERTEX
  5
e25
  8
Layer_18
  10
753.57137
  20
327.63892
  0
VERTEX
  5
e26
  8
Layer_18
  10
753.57117
  20
327.63913
  0
VERTEX
  5
e27
  8
Layer_18
  10
753.57095
  20
327.63934
  0
VERTEX
  5
e28
  8
Layer_18
  10
753.57074
  20
327.63953
  0
VERTEX
  5
e29
  8
Layer_18
  10
753.57053
  20
327.63974
  0
VERTEX
  5
e2a
  8
Layer_18
  10
753.57031
  20
327.63995
  0
VERTEX
  5
e2b
  8
Layer_18
  10
753.57011
  20
327.64017
  0
VERTEX
  5
e2c
  8
Layer_18
  10
753.56992
  20
327.64038
  0
VERTEX
  5
e2d
  8
Layer_18
  10
753.56972
  20
327.64056
  0
VERTEX
  5
e2e
  8
Layer_18
  10
753.56952
  20
327.64075
  0
VERTEX
  5
e2f
  8
Layer_18
  10
753.56934
  20
327.64093
  0
VERTEX
  5
e30
  8
Layer_18
  10
753.56917
  20
327.64111
  0
VERTEX
  5
e31
  8
Layer_18
  10
753.569
  20
327.6413
  0
VERTEX
  5
e32
  8
Layer_18
  10
753.56885
  20
327.64145
  0
VERTEX
  5
e33
  8
Layer_18
  10
753.5687
  20
327.6416
  0
VERTEX
  5
e34
  8
Layer_18
  10
753.56857
  20
327.64172
  0
SEQEND
  0
POLYLINE
  5
e36
  8
Layer_18
  62
13
  70
1
  66
1
  10
0
  20
0
  30
0
  0
VERTEX
  5
e36
  8
Layer_18
  10
753.58409
  20
327.63159
  42
0.0019167227
  0
VERTEX
  5
e37
  8
Layer_18
  10
753.57874
  20
327.6369
  0
VERTEX
  5
e38
  8
Layer_18
  10
753.57861
  20
327.6369
  0
VERTEX
  5
e39
  8
Layer_18
  10
753.57843
  20
327.6369
  0
VERTEX
  5
e3a
  8
Layer_18
  10
753.57817
  20
327.6369
  0
VERTEX
  5
e3b
  8
Layer_18
  10
753.57787
  20
327.6369
  0
VERTEX
  5
e3c
  8
Layer_18
  10
753.57751
  20
327.6369
  0
VERTEX
  5
e3d
  8
Layer_18
  10
753.57713
  20
327.6369
  0
VERTEX
  5
e3e
  8
Layer_18
  10
753.57672
  20
327.6369
  0
VERTEX
  5
e3f
  8
Layer_18
  10
753.57629
  20
327.6369
  0
VERTEX
  5
e40
  8
Layer_18
  10
753.57587
  20
327.6369
  0
VERTEX
  5
e41
  8
Layer_18
  10
753.57545
  20
327.6369
  0
VERTEX
  5
e42
  8
Layer_18
  10
753.57504
  20
327.6369
  0
VERTEX
  5
e43
  8
Layer_18
  10
753.57468
  20
327.6369
  0
VERTEX
  5
e44
  8
Layer_18
  10
753.57431
  20
327.6369
  0
VERTEX
  5
e45
  8
Layer_18
  10
753.57401
  20
327.6369
  0
VERTEX
  5
e46
  8
Layer_18
  10
753.57376
  20
327.6369
  0
VERTEX
  5
e47
  8
Layer_18
  10
753.57355
  20
327.6369
  0
VERTEX
  5
e48
  8
Layer_18
  10
753.57343
  20
327.6369
  0
VERTEX
  5
e49
  8
Layer_18
  10
753.57339
  20
327.6369
  0
VERTEX
  5
e4a
  8
Layer_18
  10
753.57349
  20
327.63684
  0
VERTEX
  5
e4b
  8
Layer_18
  10
753.57373
  20
327.63672
  0
VERTEX
  5
e4c
  8
Layer_18
  10
753.5741
  20
327.63654
  0
VERTEX
  5
e4d
  8
Layer_18
  10
753.57462
  20
327.63629
  0
VERTEX
  5
e4e
  8
Layer_18
  10
753.57523
  20
327.63599
  42
0.41421356
  0
VERTEX
  5
e4f
  8
Layer_18
  10
753.57748
  20
327.63486
  0
VERTEX
  5
e50
  8
Layer_18
  10
753.57831
  20
327.63446
  0
VERTEX
  5
e51
  8
Layer_18
  10
753.57916
  20
327.63403
  42
0.41421356
  0
VERTEX
  5
e52
  8
Layer_18
  10
753.58226
  20
327.63251
  42
0.031098768
  0
VERTEX
  5
e53
  8
Layer_18
  10
753.58337
  20
327.63196
  0
VERTEX
  5
e54
  8
Layer_18
  10
753.58376
  20
327.63174
  0
VERTEX
  5
e55
  8
Layer_18
  10
753.58401
  20
327.63165
  0
SEQEND
  0
POLYLINE
  5
e57
  8
Layer_18
  62
13
  70
1
  66
1
  10
0
  20
0
  30
0
  0
VERTEX
  5
e57
  8
Layer_18
  10
753.59055
  20
327.62512
  0
VERTEX
  5
e58
  8
Layer_18
  10
753.58932
  20
327.62634
  0
VERTEX
  5
e59
  8
Layer_18
  10
753.58913
  20
327.62656
  0
VERTEX
  5
e5a
  8
Layer_18
  10
753.58887
  20
327.6268
  0
VERTEX
  5
e5b
  8
Layer_18
  10
753.58815
  20
327.62753
  0
VERTEX
  5
e5c
  8
Layer_18
  10
753.58743
  20
327.62826
  0
VERTEX
  5
e5d
  8
Layer_18
  10
753.58701
  20
327.62866
  0
VERTEX
  5
e5e
  8
Layer_18
  10
753.58658
  20
327.62909
  0
VERTEX
  5
e5f
  8
Layer_18
  10
753.58615
  20
327.62952
  0
VERTEX
  5
e60
  8
Layer_18
  10
753.58575
  20
327.62994
  0
VERTEX
  5
e61
  8
Layer_18
  10
753.58536
  20
327.63031
  0
VERTEX
  5
e62
  8
Layer_18
  10
753.58502
  20
327.63068
  0
VERTEX
  5
e63
  8
Layer_18
  10
753.58472
  20
327.63098
  0
VERTEX
  5
e64
  8
Layer_18
  10
753.58444
  20
327.63123
  0
VERTEX
  5
e65
  8
Layer_18
  10
753.58426
  20
327.63141
  0
VERTEX
  5
e66
  8
Layer_18
  10
753.58414
  20
327.63153
  0
VERTEX
  5
e67
  8
Layer_18
  10
753.58409
  20
327.63159
  0
VERTEX
  5
e68
  8
Layer_18
  10
753.58423
  20
327.63147
  42
-0.41421356
  0
VERTEX
  5
e69
  8
Layer_18
  10
753.58794
  20
327.62775
  42
0.037927167
  0
VERTEX
  5
e6a
  8
Layer_18
  10
753.59402
  20
327.6217
  0
VERTEX
  5
e6b
  8
Layer_18
  10
753.59525
  20
327.62051
  0
VERTEX
  5
e6c
  8
Layer_18
  10
753.59639
  20
327.61938
  0
VERTEX
  5
e6d
  8
Layer_18
  10
753.59744
  20
327.61835
  42
-0.080611572
  0
VERTEX
  5
e6e
  8
Layer_18
  10
753.59912
  20
327.61667
  0
VERTEX
  5
e6f
  8
Layer_18
  10
753.5997
  20
327.61609
  0
VERTEX
  5
e70
  8
Layer_18
  10
753.60007
  20
327.61572
  0
VERTEX
  5
e71
  8
Layer_18
  10
753.60019
  20
327.6156
  0
VERTEX
  5
e72
  8
Layer_18
  10
753.60016
  20
327.6156
  0
VERTEX
  5
e73
  8
Layer_18
  10
753.59979
  20
327.616
  0
VERTEX
  5
e74
  8
Layer_18
  10
753.59924
  20
327.61655
  0
VERTEX
  5
e75
  8
Layer_18
  10
753.59897
  20
327.61682
  0
VERTEX
  5
e76
  8
Layer_18
  10
753.59866
  20
327.6171
  0
VERTEX
  5
e77
  8
Layer_18
  10
753.59836
  20
327.6174
  42
0.32282281
  0
VERTEX
  5
e78
  8
Layer_18
  10
753.59766
  20
327.6181
  0
VERTEX
  5
e79
  8
Layer_18
  10
753.59728
  20
327.61847
  0
VERTEX
  5
e7a
  8
Layer_18
  10
753.5969
  20
327.61885
  0
VERTEX
  5
e7b
  8
Layer_18
  10
753.5961
  20
327.61963
  0
VERTEX
  5
e7c
  8
Layer_18
  10
753.59485
  20
327.62091
  0
VERTEX
  5
e7d
  8
Layer_18
  10
753.5936
  20
327.62213
  0
VERTEX
  5
e7e
  8
Layer_18
  10
753.59277
  20
327.62292
  42
0.20163032
  0
SEQEND
  0
POLYLINE
  5
e80
  8
Layer_18
  62
13
  70
1
  66
1
  10
0
  20
0
  30
0
  0
VERTEX
  5
e80
  8
Layer_18
  10
754.24689
  20
327.98969
  42
0.31962686
  0
VERTEX
  5
e81
  8
Layer_18
  10
754.39119
  20
327.77588
  0
VERTEX
  5
e82
  8
Layer_18
  10
754.57289
  20
327.94159
  0
VERTEX
  5
e83
  8
Layer_18
  10
754.63699
  20
327.93628
  0
VERTEX
  5
e84
  8
Layer_18
  10
754.63894
  20
327.90863
  0
VERTEX
  5
e85
  8
Layer_18
  10
754.63636
  20
327.83137
  0
VERTEX
  5
e86
  8
Layer_18
  10
754.60473
  20
327.72505
  0
VERTEX
  5
e87
  8
Layer_18
  10
754.51949
  20
327.61019
  0
VERTEX
  5
e88
  8
Layer_18
  10
754.42182
  20
327.54546
  0
VERTEX
  5
e89
  8
Layer_18
  10
754.3317
  20
327.51732
  0
VERTEX
  5
e8a
  8
Layer_18
  10
754.25262
  20
327.51021
  0
VERTEX
  5
e8b
  8
Layer_18
  10
754.18809
  20
327.50859
  0
VERTEX
  5
e8c
  8
Layer_18
  10
754.10608
  20
327.45951
  0
VERTEX
  5
e8d
  8
Layer_18
  10
753.965
  20
327.35236
  0
VERTEX
  5
e8e
  8
Layer_18
  10
753.77795
  20
327.19923
  0
VERTEX
  5
e8f
  8
Layer_18
  10
753.55801
  20
327.0122
  0
VERTEX
  5
e90
  8
Layer_18
  10
753.07186
  20
326.58484
  0
VERTEX
  5
e91
  8
Layer_18
  10
752.61129
  20
326.16699
  0
VERTEX
  5
e92
  8
Layer_18
  10
752.6113
  20
326.5946
  0
VERTEX
  5
e93
  8
Layer_18
  10
753.06344
  20
326.98955
  0
VERTEX
  5
e94
  8
Layer_18
  10
753.49053
  20
327.36495
  0
VERTEX
  5
e95
  8
Layer_18
  10
753.66868
  20
327.52294
  0
VERTEX
  5
e96
  8
Layer_18
  10
753.80937
  20
327.64918
  0
VERTEX
  5
e97
  8
Layer_18
  10
753.90221
  20
327.73472
  0
VERTEX
  5
e98
  8
Layer_18
  10
753.93679
  20
327.77059
  0
VERTEX
  5
e99
  8
Layer_18
  10
753.94317
  20
327.82465
  0
VERTEX
  5
e9a
  8
Layer_18
  10
753.95957
  20
327.91482
  0
VERTEX
  5
e9b
  8
Layer_18
  10
753.994
  20
328.01702
  0
VERTEX
  5
e9c
  8
Layer_18
  10
754.05449
  20
328.10719
  42
-0.19908457
  0
VERTEX
  5
e9d
  8
Layer_18
  10
754.2522
  20
328.20349
  42
-0.056687274
  0
VERTEX
  5
e9e
  8
Layer_18
  10
754.31639
  20
328.19281
  0
VERTEX
  5
e9f
  8
Layer_18
  10
754.39388
  20
328.1748
  0
VERTEX
  5
ea0
  8
Layer_18
  10
754.42329
  20
328.16079
  0
SEQEND
  0
POLYLINE
  5
ea2
  8
Layer_18
  62
13
  70
1
  66
1
  10
0
  20
0
  30
0
  0
VERTEX
  5
ea2
  8
Layer_18
  10
754.97919
  20
326.43958
  42
-0.13946146
  0
VERTEX
  5
ea3
  8
Layer_18
  10
755.13419
  20
326.62671
  0
VERTEX
  5
ea4
  8
Layer_18
  10
755.11279
  20
326.64279
  0
VERTEX
  5
ea5
  8
Layer_18
  10
755.06459
  20
326.68549
  0
VERTEX
  5
ea6
  8
Layer_18
  10
754.96849
  20
326.771
  0
VERTEX
  5
ea7
  8
Layer_18
  10
754.90959
  20
326.81909
  0
VERTEX
  5
ea8
  8
Layer_18
  10
754.86688
  20
326.86188
  0
VERTEX
  5
ea9
  8
Layer_18
  10
754.8241
  20
326.90469
  0
VERTEX
  5
eaa
  8
Layer_18
  10
754.78139
  20
326.94739
  0
VERTEX
  5
eab
  8
Layer_18
  10
754.69049
  20
327.05969
  0
VERTEX
  5
eac
  8
Layer_18
  10
754.65309
  20
327.09698
  0
VERTEX
  5
ead
  8
Layer_18
  10
754.61038
  20
327.13449
  0
VERTEX
  5
eae
  8
Layer_18
  10
754.5676
  20
327.17188
  0
VERTEX
  5
eaf
  8
Layer_18
  10
754.52489
  20
327.20929
  0
VERTEX
  5
eb0
  8
Layer_18
  10
754.50339
  20
327.23068
  0
VERTEX
  5
eb1
  8
Layer_18
  10
754.47668
  20
327.25208
  0
VERTEX
  5
eb2
  8
Layer_18
  10
754.46069
  20
327.2681
  0
VERTEX
  5
eb3
  8
Layer_18
  10
754.41789
  20
327.31088
  0
VERTEX
  5
eb4
  8
Layer_18
  10
754.40189
  20
327.3269
  0
VERTEX
  5
eb5
  8
Layer_18
  10
754.35919
  20
327.36429
  0
VERTEX
  5
eb6
  8
Layer_18
  10
754.3378
  20
327.38031
  0
VERTEX
  5
eb7
  8
Layer_18
  10
754.30569
  20
327.41238
  42
-0.037090499
  0
VERTEX
  5
eb8
  8
Layer_18
  10
754.21478
  20
327.4071
  0
VERTEX
  5
eb9
  8
Layer_18
  10
754.1987
  20
327.4071
  42
0.0402587
  0
VERTEX
  5
eba
  8
Layer_18
  10
754.13809
  20
327.36987
  42
0.018712827
  0
VERTEX
  5
ebb
  8
Layer_18
  10
753.97958
  20
327.2467
  0
VERTEX
  5
ebc
  8
Layer_18
  10
753.9903
  20
327.24139
  0
VERTEX
  5
ebd
  8
Layer_18
  10
754.01169
  20
327.22528
  0
VERTEX
  5
ebe
  8
Layer_18
  10
754.03308
  20
327.20398
  0
VERTEX
  5
ebf
  8
Layer_18
  10
754.05978
  20
327.17719
  0
VERTEX
  5
ec0
  8
Layer_18
  10
754.08649
  20
327.15048
  0
VERTEX
  5
ec1
  8
Layer_18
  10
754.10788
  20
327.12909
  0
VERTEX
  5
ec2
  8
Layer_18
  10
754.13469
  20
327.10779
  0
VERTEX
  5
ec3
  8
Layer_18
  10
754.16139
  20
327.0863
  0
VERTEX
  5
ec4
  8
Layer_18
  10
754.172
  20
327.08099
  0
VERTEX
  5
ec5
  8
Layer_18
  10
754.18269
  20
327.07568
  0
VERTEX
  5
ec6
  8
Layer_18
  10
754.21478
  20
327.04898
  0
VERTEX
  5
ec7
  8
Layer_18
  10
754.2468
  20
327.02219
  0
VERTEX
  5
ec8
  8
Layer_18
  10
754.26288
  20
327.0062
  0
VERTEX
  5
ec9
  8
Layer_18
  10
754.28958
  20
326.9848
  0
VERTEX
  5
eca
  8
Layer_18
  10
754.31639
  20
326.96338
  0
VERTEX
  5
ecb
  8
Layer_18
  10
754.35919
  20
326.9314
  0
VERTEX
  5
ecc
  8
Layer_18
  10
754.5943
  20
326.7496
  0
VERTEX
  5
ecd
  8
Layer_18
  10
754.6424
  20
326.71219
  0
VERTEX
  5
ece
  8
Layer_18
  10
754.64769
  20
326.70691
  0
VERTEX
  5
ecf
  8
Layer_18
  10
754.65309
  20
326.70148
  0
VERTEX
  5
ed0
  8
Layer_18
  10
754.66379
  20
326.69089
  0
VERTEX
  5
ed1
  8
Layer_18
  10
754.69049
  20
326.66949
  0
VERTEX
  5
ed2
  8
Layer_18
  10
754.71719
  20
326.6481
  0
VERTEX
  5
ed3
  8
Layer_18
  10
754.74399
  20
326.62671
  0
VERTEX
  5
ed4
  8
Layer_18
  10
754.77069
  20
326.60529
  0
VERTEX
  5
ed5
  8
Layer_18
  10
754.79739
  20
326.58389
  0
VERTEX
  5
ed6
  8
Layer_18
  10
754.85089
  20
326.5412
  0
VERTEX
  5
ed7
  8
Layer_18
  10
754.9043
  20
326.49838
  0
VERTEX
  5
ed8
  8
Layer_18
  10
754.95769
  20
326.4556
  0
VERTEX
  5
ed9
  8
Layer_18
  10
754.96838
  20
326.44501
  0
SEQEND
  0
POLYLINE
  5
edb
  8
Layer_18
  62
13
  66
1
  10
0
  20
0
  30
0
  0
VERTEX
  5
edb
  8
Layer_18
  10
754.96849
  20
326.771
  0
VERTEX
  5
edc
  8
Layer_18
  10
755.01659
  20
326.7283
  0
SEQEND
  0
POLYLINE
  5
ede
  8
Layer_18
  62
13
  66
1
  10
0
  20
0
  30
0
  0
VERTEX
  5
ede
  8
Layer_18
  10
756.4646
  20
326.06418
  0
VERTEX
  5
edf
  8
Layer_18
  10
756.46402
  20
326.06262
  42
0.023582858
  0
VERTEX
  5
ee0
  8
Layer_18
  10
756.46234
  20
326.05817
  0
VERTEX
  5
ee1
  8
Layer_18
  10
756.46129
  20
326.05539
  0
VERTEX
  5
ee2
  8
Layer_18
  10
756.46014
  20
326.05234
  42
-0.04637018
  0
VERTEX
  5
ee3
  8
Layer_18
  10
756.45767
  20
326.04578
  0
VERTEX
  5
ee4
  8
Layer_18
  10
756.45641
  20
326.04242
  42
0.014690012
  0
VERTEX
  5
ee5
  8
Layer_18
  10
756.45279
  20
326.03281
  0
VERTEX
  5
ee6
  8
Layer_18
  10
756.45062
  20
326.02704
  0
VERTEX
  5
ee7
  8
Layer_18
  10
756.44913
  20
326.02304
  0
VERTEX
  5
ee8
  8
Layer_18
  10
756.44899
  20
326.02271
  42
0.014814232
  0
VERTEX
  5
ee9
  8
Layer_18
  10
756.45309
  20
326.03088
  42
0.28407904
  0
VERTEX
  5
eea
  8
Layer_18
  10
756.45477
  20
326.03424
  0
VERTEX
  5
eeb
  8
Layer_18
  10
756.4556
  20
326.03589
  42
-0.47637932
  0
VERTEX
  5
eec
  8
Layer_18
  10
756.45715
  20
326.03903
  0
VERTEX
  5
eed
  8
Layer_18
  10
756.45786
  20
326.04044
  0
VERTEX
  5
eee
  8
Layer_18
  10
756.45847
  20
326.04166
  42
0.41421356
  0
VERTEX
  5
eef
  8
Layer_18
  10
756.45935
  20
326.04343
  0
VERTEX
  5
ef0
  8
Layer_18
  10
756.45959
  20
326.04391
  42
0.0013628778
  0
VERTEX
  5
ef1
  8
Layer_18
  10
756.46509
  20
326.06549
  0
VERTEX
  5
ef2
  8
Layer_18
  10
756.46509
  20
326.06549
  0
VERTEX
  5
ef3
  8
Layer_18
  10
756.46518
  20
326.0657
  0
VERTEX
  5
ef4
  8
Layer_18
  10
756.46549
  20
326.06648
  0
VERTEX
  5
ef5
  8
Layer_18
  10
756.46581
  20
326.06728
  0
VERTEX
  5
ef6
  8
Layer_18
  10
756.46709
  20
326.07048
  0
VERTEX
  5
ef7
  8
Layer_18
  10
756.46838
  20
326.07369
  42
0.34642553
  0
VERTEX
  5
ef8
  8
Layer_18
  10
756.47169
  20
326.08197
  0
VERTEX
  5
ef9
  8
Layer_18
  10
756.47281
  20
326.08476
  0
VERTEX
  5
efa
  8
Layer_18
  10
756.47395
  20
326.08762
  42
0.026225244
  0
VERTEX
  5
efb
  8
Layer_18
  10
756.47571
  20
326.09198
  0
VERTEX
  5
efc
  8
Layer_18
  10
756.4758
  20
326.09219
  0
VERTEX
  5
efd
  8
Layer_18
  10
756.4758
  20
326.09222
  0
VERTEX
  5
efe
  8
Layer_18
  10
756.47589
  20
326.09259
  0
VERTEX
  5
eff
  8
Layer_18
  10
756.47664
  20
326.09558
  0
VERTEX
  5
f00
  8
Layer_18
  10
756.47742
  20
326.09875
  0
VERTEX
  5
f01
  8
Layer_18
  10
756.47762
  20
326.09955
  0
VERTEX
  5
f02
  8
Layer_18
  10
756.47781
  20
326.10037
  42
0.19891237
  0
VERTEX
  5
f03
  8
Layer_18
  10
756.47864
  20
326.10373
  0
VERTEX
  5
f04
  8
Layer_18
  10
756.47885
  20
326.10458
  0
VERTEX
  5
f05
  8
Layer_18
  10
756.47906
  20
326.10541
  0
VERTEX
  5
f06
  8
Layer_18
  10
756.47926
  20
326.10623
  42
0.19891237
  0
VERTEX
  5
f07
  8
Layer_18
  10
756.48001
  20
326.10925
  42
0.3445312
  0
VERTEX
  5
f08
  8
Layer_18
  10
756.48067
  20
326.11188
  0
VERTEX
  5
f09
  8
Layer_18
  10
756.48106
  20
326.11353
  42
0.095414572
  0
VERTEX
  5
f0a
  8
Layer_18
  10
756.47
  20
326.08026
  0
VERTEX
  5
f0b
  8
Layer_18
  10
756.46887
  20
326.07684
  0
VERTEX
  5
f0c
  8
Layer_18
  10
756.46783
  20
326.07373
  0
SEQEND
  0
POLYLINE
  5
f0e
  8
Layer_18
  62
13
  70
1
  66
1
  10
0
  20
0
  30
0
  0
VERTEX
  5
f0e
  8
Layer_18
  10
756.48653
  20
326.1351
  0
VERTEX
  5
f0f
  8
Layer_18
  10
756.48645
  20
326.13483
  0
VERTEX
  5
f10
  8
Layer_18
  10
756.48633
  20
326.13434
  42
-0.060452348
  0
VERTEX
  5
f11
  8
Layer_18
  10
756.48535
  20
326.13049
  0
VERTEX
  5
f12
  8
Layer_18
  10
756.48442
  20
326.1268
  42
-0.32282281
  0
VERTEX
  5
f13
  8
Layer_18
  10
756.48358
  20
326.12344
  42
-0.19891237
  0
VERTEX
  5
f14
  8
Layer_18
  10
756.48236
  20
326.11865
  0
VERTEX
  5
f15
  8
Layer_18
  10
756.48204
  20
326.11734
  0
VERTEX
  5
f16
  8
Layer_18
  10
756.4817
  20
326.11604
  0
VERTEX
  5
f17
  8
Layer_18
  10
756.48145
  20
326.11502
  0
VERTEX
  5
f18
  8
Layer_18
  10
756.4813
  20
326.1144
  0
VERTEX
  5
f19
  8
Layer_18
  10
756.48113
  20
326.11376
  0
VERTEX
  5
f1a
  8
Layer_18
  10
756.48134
  20
326.11432
  42
0.28737657
  0
VERTEX
  5
f1b
  8
Layer_18
  10
756.48294
  20
326.11908
  42
-0.095414572
  0
VERTEX
  5
f1c
  8
Layer_18
  10
756.48724
  20
326.13199
  42
0.061321355
  0
VERTEX
  5
f1d
  8
Layer_18
  10
756.48978
  20
326.13953
  0
VERTEX
  5
f1e
  8
Layer_18
  10
756.49103
  20
326.14328
  0
VERTEX
  5
f1f
  8
Layer_18
  10
756.49225
  20
326.14691
  0
VERTEX
  5
f20
  8
Layer_18
  10
756.49338
  20
326.15033
  0
VERTEX
  5
f21
  8
Layer_18
  10
756.49443
  20
326.15344
  42
-0.33821329
  0
VERTEX
  5
f22
  8
Layer_18
  10
756.49669
  20
326.16022
  0
VERTEX
  5
f23
  8
Layer_18
  10
756.49707
  20
326.16132
  0
VERTEX
  5
f24
  8
Layer_18
  10
756.49719
  20
326.16168
  0
VERTEX
  5
f25
  8
Layer_18
  10
756.49692
  20
326.16101
  42
0.097637682
  0
VERTEX
  5
f26
  8
Layer_18
  10
756.49567
  20
326.1579
  0
VERTEX
  5
f27
  8
Layer_18
  10
756.49536
  20
326.1571
  0
VERTEX
  5
f28
  8
Layer_18
  10
756.49503
  20
326.15628
  42
0.080611572
  0
VERTEX
  5
f29
  8
Layer_18
  10
756.49429
  20
326.15445
  0
VERTEX
  5
f2a
  8
Layer_18
  10
756.4939
  20
326.1535
  42
-0.25076489
  0
VERTEX
  5
f2b
  8
Layer_18
  10
756.4931
  20
326.15149
  42
0.45641201
  0
VERTEX
  5
f2c
  8
Layer_18
  10
756.49142
  20
326.14728
  42
-0.049388989
  0
VERTEX
  5
f2d
  8
Layer_18
  10
756.49059
  20
326.1452
  0
VERTEX
  5
f2e
  8
Layer_18
  10
756.48978
  20
326.14319
  42
0.047270575
  0
VERTEX
  5
f2f
  8
Layer_18
  10
756.48866
  20
326.14041
  42
0.0033996222
  0
VERTEX
  5
f30
  8
Layer_18
  10
756.48801
  20
326.13879
  0
VERTEX
  5
f31
  8
Layer_18
  10
756.4877
  20
326.13806
  0
VERTEX
  5
f32
  8
Layer_18
  10
756.48744
  20
326.13739
  42
-0.0065775242
  0
SEQEND
  0
POLYLINE
  5
f34
  8
Layer_18
  62
13
  70
1
  66
1
  10
0
  20
0
  30
0
  0
VERTEX
  5
f34
  8
Layer_18
  10
756.50249
  20
326.18311
  0
VERTEX
  5
f35
  8
Layer_18
  10
756.50244
  20
326.18292
  0
VERTEX
  5
f36
  8
Layer_18
  10
756.50232
  20
326.18243
  42
0.19891237
  0
VERTEX
  5
f37
  8
Layer_18
  10
756.50085
  20
326.17651
  42
0.11643382
  0
VERTEX
  5
f38
  8
Layer_18
  10
756.49881
  20
326.16827
  0
VERTEX
  5
f39
  8
Layer_18
  10
756.49844
  20
326.16675
  0
VERTEX
  5
f3a
  8
Layer_18
  10
756.49811
  20
326.16534
  0
VERTEX
  5
f3b
  8
Layer_18
  10
756.49782
  20
326.16425
  0
VERTEX
  5
f3c
  8
Layer_18
  10
756.49754
  20
326.16312
  0
VERTEX
  5
f3d
  8
Layer_18
  10
756.49734
  20
326.16235
  0
VERTEX
  5
f3e
  8
Layer_18
  10
756.49722
  20
326.16187
  0
VERTEX
  5
f3f
  8
Layer_18
  10
756.49719
  20
326.16168
  0
VERTEX
  5
f40
  8
Layer_18
  10
756.49728
  20
326.16205
  42
0.030165062
  0
VERTEX
  5
f41
  8
Layer_18
  10
756.49789
  20
326.16455
  0
VERTEX
  5
f42
  8
Layer_18
  10
756.4984
  20
326.16656
  0
VERTEX
  5
f43
  8
Layer_18
  10
756.49901
  20
326.16901
  0
VERTEX
  5
f44
  8
Layer_18
  10
756.49969
  20
326.17178
  42
0.080611572
  0
VERTEX
  5
f45
  8
Layer_18
  10
756.5029
  20
326.18472
  0
VERTEX
  5
f46
  8
Layer_18
  10
756.50372
  20
326.18805
  0
VERTEX
  5
f47
  8
Layer_18
  10
756.50451
  20
326.19118
  0
VERTEX
  5
f48
  8
Layer_18
  10
756.50529
  20
326.19431
  0
VERTEX
  5
f49
  8
Layer_18
  10
756.50598
  20
326.19708
  42
-0.11643382
  0
VERTEX
  5
f4a
  8
Layer_18
  10
756.50771
  20
326.20404
  0
VERTEX
  5
f4b
  8
Layer_18
  10
756.50778
  20
326.20441
  0
VERTEX
  5
f4c
  8
Layer_18
  10
756.50774
  20
326.20416
  42
-0.047335061
  0
VERTEX
  5
f4d
  8
Layer_18
  10
756.50732
  20
326.20248
  42
0.097963348
  0
VERTEX
  5
f4e
  8
Layer_18
  10
756.50688
  20
326.20074
  42
-0.049388989
  0
VERTEX
  5
f4f
  8
Layer_18
  10
756.50635
  20
326.19861
  42
0.19891237
  0
VERTEX
  5
f50
  8
Layer_18
  10
756.50555
  20
326.19543
  0
VERTEX
  5
f51
  8
Layer_18
  10
756.50534
  20
326.19458
  42
0.21836795
  0
VERTEX
  5
f52
  8
Layer_18
  10
756.50452
  20
326.19125
  0
VERTEX
  5
f53
  8
Layer_18
  10
756.50412
  20
326.18964
  0
VERTEX
  5
f54
  8
Layer_18
  10
756.50394
  20
326.18887
  42
0.0011301868
  0
VERTEX
  5
f55
  8
Layer_18
  10
756.50323
  20
326.1861
  0
VERTEX
  5
f56
  8
Layer_18
  10
756.5031
  20
326.18552
  0
VERTEX
  5
f57
  8
Layer_18
  10
756.50296
  20
326.185
  42
-0.061321355
  0
VERTEX
  5
f58
  8
Layer_18
  10
756.50255
  20
326.18329
  0
SEQEND
  0
POLYLINE
  5
f5a
  8
Layer_18
  62
13
  70
1
  66
1
  10
0
  20
0
  30
0
  0
VERTEX
  5
f5a
  8
Layer_18
  10
756.51318
  20
326.2312
  0
VERTEX
  5
f5b
  8
Layer_18
  10
756.51315
  20
326.23099
  42
0.19891237
  0
VERTEX
  5
f5c
  8
Layer_18
  10
756.51257
  20
326.22812
  42
-0.0012558729
  0
VERTEX
  5
f5d
  8
Layer_18
  10
756.51154
  20
326.22296
  42
-0.15728382
  0
VERTEX
  5
f5e
  8
Layer_18
  10
756.51071
  20
326.21884
  0
VERTEX
  5
f5f
  8
Layer_18
  10
756.51028
  20
326.21674
  42
-0.018262171
  0
VERTEX
  5
f60
  8
Layer_18
  10
756.50871
  20
326.20898
  0
VERTEX
  5
f61
  8
Layer_18
  10
756.50841
  20
326.20746
  0
VERTEX
  5
f62
  8
Layer_18
  10
756.50815
  20
326.20618
  0
VERTEX
  5
f63
  8
Layer_18
  10
756.50797
  20
326.20523
  0
VERTEX
  5
f64
  8
Layer_18
  10
756.50788
  20
326.20481
  0
VERTEX
  5
f65
  8
Layer_18
  10
756.50779
  20
326.20439
  42
0.24221333
  0
VERTEX
  5
f66
  8
Layer_18
  10
756.50812
  20
326.20587
  42
-0.074763567
  0
VERTEX
  5
f67
  8
Layer_18
  10
756.51193
  20
326.22278
  42
-0.48792836
  0
VERTEX
  5
f68
  8
Layer_18
  10
756.51447
  20
326.2341
  42
-0.05462194
  0
VERTEX
  5
f69
  8
Layer_18
  10
756.51781
  20
326.24899
  0
VERTEX
  5
f6a
  8
Layer_18
  10
756.51849
  20
326.25211
  0
VERTEX
  5
f6b
  8
Layer_18
  10
756.5184
  20
326.25177
  42
0.0039934935
  0
VERTEX
  5
f6c
  8
Layer_18
  10
756.51735
  20
326.24762
  0
VERTEX
  5
f6d
  8
Layer_18
  10
756.51653
  20
326.24435
  42
-0.0058129712
  0
VERTEX
  5
f6e
  8
Layer_18
  10
756.51611
  20
326.24268
  0
VERTEX
  5
f6f
  8
Layer_18
  10
756.5159
  20
326.24185
  0
VERTEX
  5
f70
  8
Layer_18
  10
756.51569
  20
326.241
  0
VERTEX
  5
f71
  8
Layer_18
  10
756.51547
  20
326.24017
  0
VERTEX
  5
f72
  8
Layer_18
  10
756.51526
  20
326.23935
  42
0.19891237
  0
VERTEX
  5
f73
  8
Layer_18
  10
756.51465
  20
326.23697
  0
VERTEX
  5
f74
  8
Layer_18
  10
756.51447
  20
326.23621
  0
VERTEX
  5
f75
  8
Layer_18
  10
756.51428
  20
326.2355
  42
0.23606798
  0
VERTEX
  5
f76
  8
Layer_18
  10
756.51323
  20
326.23135
  0
VERTEX
  5
f77
  8
Layer_18
  10
756.5132
  20
326.23123
  0
SEQEND
  0
POLYLINE
  5
f79
  8
Layer_18
  62
13
  70
1
  66
1
  10
0
  20
0
  30
0
  0
VERTEX
  5
f79
  8
Layer_18
  10
756.52394
  20
326.27423
  42
-0.015769837
  0
VERTEX
  5
f7a
  8
Layer_18
  10
756.52226
  20
326.2674
  0
VERTEX
  5
f7b
  8
Layer_18
  10
756.52185
  20
326.26574
  0
VERTEX
  5
f7c
  8
Layer_18
  10
756.52145
  20
326.26409
  0
VERTEX
  5
f7d
  8
Layer_18
  10
756.52103
  20
326.26239
  0
VERTEX
  5
f7e
  8
Layer_18
  10
756.52023
  20
326.25916
  0
VERTEX
  5
f7f
  8
Layer_18
  10
756.51935
  20
326.25558
  0
VERTEX
  5
f80
  8
Layer_18
  10
756.51875
  20
326.25316
  0
VERTEX
  5
f81
  8
Layer_18
  10
756.51863
  20
326.25266
  0
VERTEX
  5
f82
  8
Layer_18
  10
756.51859
  20
326.2525
  0
VERTEX
  5
f83
  8
Layer_18
  10
756.51868
  20
326.25287
  42
0.061321355
  0
VERTEX
  5
f84
  8
Layer_18
  10
756.5193
  20
326.25571
  0
VERTEX
  5
f85
  8
Layer_18
  10
756.51985
  20
326.25823
  0
VERTEX
  5
f86
  8
Layer_18
  10
756.52041
  20
326.26073
  0
VERTEX
  5
f87
  8
Layer_18
  10
756.52109
  20
326.26385
  42
0.097963348
  0
VERTEX
  5
f88
  8
Layer_18
  10
756.52347
  20
326.27466
  42
0.072502558
  0
VERTEX
  5
f89
  8
Layer_18
  10
756.52737
  20
326.29236
  42
0.0083304417
  0
VERTEX
  5
f8a
  8
Layer_18
  10
756.52847
  20
326.29736
  0
VERTEX
  5
f8b
  8
Layer_18
  10
756.52887
  20
326.2991
  0
VERTEX
  5
f8c
  8
Layer_18
  10
756.52911
  20
326.3002
  0
VERTEX
  5
f8d
  8
Layer_18
  10
756.52919
  20
326.3006
  0
VERTEX
  5
f8e
  8
Layer_18
  10
756.52917
  20
326.30054
  42
0.28407904
  0
VERTEX
  5
f8f
  8
Layer_18
  10
756.52884
  20
326.29883
  0
VERTEX
  5
f90
  8
Layer_18
  10
756.52872
  20
326.29822
  0
VERTEX
  5
f91
  8
Layer_18
  10
756.52858
  20
326.29751
  0
VERTEX
  5
f92
  8
Layer_18
  10
756.52844
  20
326.29682
  42
0.36662936
  0
VERTEX
  5
f93
  8
Layer_18
  10
756.52811
  20
326.2952
  0
VERTEX
  5
f94
  8
Layer_18
  10
756.52784
  20
326.29381
  0
VERTEX
  5
f95
  8
Layer_18
  10
756.52757
  20
326.29242
  0
VERTEX
  5
f96
  8
Layer_18
  10
756.52737
  20
326.29144
  42
-0.19891237
  0
VERTEX
  5
f97
  8
Layer_18
  10
756.52655
  20
326.28729
  0
VERTEX
  5
f98
  8
Layer_18
  10
756.52634
  20
326.28625
  0
VERTEX
  5
f99
  8
Layer_18
  10
756.52612
  20
326.28522
  0
VERTEX
  5
f9a
  8
Layer_18
  10
756.52591
  20
326.28418
  0
VERTEX
  5
f9b
  8
Layer_18
  10
756.52525
  20
326.28085
  0
VERTEX
  5
f9c
  8
Layer_18
  10
756.52464
  20
326.27777
  42
0.035489152
  0
VERTEX
  5
f9d
  8
Layer_18
  10
756.52414
  20
326.27527
  0
VERTEX
  5
f9e
  8
Layer_18
  10
756.52405
  20
326.27481
  0
SEQEND
  0
POLYLINE
  5
fa0
  8
Layer_18
  62
13
  66
1
  10
0
  20
0
  30
0
  0
VERTEX
  5
fa0
  8
Layer_18
  10
756.53171
  20
326.3107
  0
VERTEX
  5
fa1
  8
Layer_18
  10
756.53102
  20
326.30792
  0
VERTEX
  5
fa2
  8
Layer_18
  10
756.53041
  20
326.30548
  42
-0.34415073
  0
VERTEX
  5
fa3
  8
Layer_18
  10
756.52919
  20
326.3006
  0
VERTEX
  5
fa4
  8
Layer_18
  10
756.52945
  20
326.30139
  42
0.080611572
  0
VERTEX
  5
fa5
  8
Layer_18
  10
756.53134
  20
326.30737
  0
VERTEX
  5
fa6
  8
Layer_18
  10
756.53287
  20
326.31219
  0
VERTEX
  5
fa7
  8
Layer_18
  10
756.5347
  20
326.31799
  0
VERTEX
  5
fa8
  8
Layer_18
  10
756.53677
  20
326.32458
  42
0.033349919
  0
VERTEX
  5
fa9
  8
Layer_18
  10
756.54651
  20
326.35541
  0
VERTEX
  5
faa
  8
Layer_18
  10
756.54901
  20
326.36334
  0
VERTEX
  5
fab
  8
Layer_18
  10
756.55142
  20
326.37097
  42
-0.32583998
  0
VERTEX
  5
fac
  8
Layer_18
  10
756.55579
  20
326.3848
  0
VERTEX
  5
fad
  8
Layer_18
  10
756.55762
  20
326.39056
  0
VERTEX
  5
fae
  8
Layer_18
  10
756.55914
  20
326.39539
  42
-0.0010258784
  0
VERTEX
  5
faf
  8
Layer_18
  10
756.56128
  20
326.40219
  42
0.04844334
  0
VERTEX
  5
fb0
  8
Layer_18
  10
756.56064
  20
326.40039
  42
-0.066661492
  0
VERTEX
  5
fb1
  8
Layer_18
  10
756.55884
  20
326.39548
  0
VERTEX
  5
fb2
  8
Layer_18
  10
756.55826
  20
326.39386
  42
0.049388989
  0
VERTEX
  5
fb3
  8
Layer_18
  10
756.55472
  20
326.38412
  0
VERTEX
  5
fb4
  8
Layer_18
  10
756.55392
  20
326.38196
  42
0.10932464
  0
VERTEX
  5
fb5
  8
Layer_18
  10
756.55101
  20
326.37396
  0
VERTEX
  5
fb6
  8
Layer_18
  10
756.5489
  20
326.36816
  42
-0.41421356
  0
VERTEX
  5
fb7
  8
Layer_18
  10
756.54727
  20
326.36365
  0
VERTEX
  5
fb8
  8
Layer_18
  10
756.54646
  20
326.36145
  42
-0.00027738042
  0
VERTEX
  5
fb9
  8
Layer_18
  10
756.54132
  20
326.34732
  0
VERTEX
  5
fba
  8
Layer_18
  10
756.54089
  20
326.34619
  42
0.11643382
  0
VERTEX
  5
fbb
  8
Layer_18
  10
756.53989
  20
326.34338
  42
0.061321355
  0
VERTEX
  5
fbc
  8
Layer_18
  10
756.53955
  20
326.34207
  0
VERTEX
  5
fbd
  8
Layer_18
  10
756.53918
  20
326.34052
  42
0.41421356
  0
VERTEX
  5
fbe
  8
Layer_18
  10
756.53806
  20
326.33606
  0
VERTEX
  5
fbf
  8
Layer_18
  10
756.53735
  20
326.33328
  0
VERTEX
  5
fc0
  8
Layer_18
  10
756.53661
  20
326.33026
  0
SEQEND
  0
POLYLINE
  5
fc2
  8
Layer_18
  62
13
  70
1
  66
1
  10
0
  20
0
  30
0
  0
VERTEX
  5
fc2
  8
Layer_18
  10
756.5506
  20
326.4075
  0
VERTEX
  5
fc3
  8
Layer_18
  10
756.55067
  20
326.40744
  0
VERTEX
  5
fc4
  8
Layer_18
  10
756.55092
  20
326.40732
  0
VERTEX
  5
fc5
  8
Layer_18
  10
756.5513
  20
326.40714
  0
VERTEX
  5
fc6
  8
Layer_18
  10
756.55182
  20
326.40689
  42
-0.049388989
  0
VERTEX
  5
fc7
  8
Layer_18
  10
756.55312
  20
326.40625
  0
VERTEX
  5
fc8
  8
Layer_18
  10
756.55388
  20
326.40585
  0
VERTEX
  5
fc9
  8
Layer_18
  10
756.55469
  20
326.40546
  0
VERTEX
  5
fca
  8
Layer_18
  10
756.55551
  20
326.40506
  42
-0.085966824
  0
VERTEX
  5
fcb
  8
Layer_18
  10
756.56096
  20
326.40234
  0
VERTEX
  5
fcc
  8
Layer_18
  10
756.5612
  20
326.40222
  0
VERTEX
  5
fcd
  8
Layer_18
  10
756.56128
  20
326.40219
  42
-0.003498949
  0
VERTEX
  5
fce
  8
Layer_18
  10
756.55634
  20
326.40549
  0
VERTEX
  5
fcf
  8
Layer_18
  10
756.55513
  20
326.40628
  42
0.19891237
  0
VERTEX
  5
fd0
  8
Layer_18
  10
756.55261
  20
326.40796
  42
0.20456746
  0
VERTEX
  5
fd1
  8
Layer_18
  10
756.54568
  20
326.41257
  0
VERTEX
  5
fd2
  8
Layer_18
  10
756.54532
  20
326.41281
  0
VERTEX
  5
fd3
  8
Layer_18
  10
756.5452
  20
326.4129
  0
VERTEX
  5
fd4
  8
Layer_18
  10
756.5452
  20
326.41287
  0
VERTEX
  5
fd5
  8
Layer_18
  10
756.54523
  20
326.41284
  0
VERTEX
  5
fd6
  8
Layer_18
  10
756.54529
  20
326.41278
  0
VERTEX
  5
fd7
  8
Layer_18
  10
756.54558
  20
326.41251
  0
VERTEX
  5
fd8
  8
Layer_18
  10
756.54596
  20
326.41211
  0
VERTEX
  5
fd9
  8
Layer_18
  10
756.54611
  20
326.41196
  0
VERTEX
  5
fda
  8
Layer_18
  10
756.54648
  20
326.41162
  0
VERTEX
  5
fdb
  8
Layer_18
  10
756.54684
  20
326.41122
  0
VERTEX
  5
fdc
  8
Layer_18
  10
756.54706
  20
326.41104
  0
VERTEX
  5
fdd
  8
Layer_18
  10
756.54748
  20
326.41061
  0
VERTEX
  5
fde
  8
Layer_18
  10
756.54789
  20
326.41019
  0
VERTEX
  5
fdf
  8
Layer_18
  10
756.5481
  20
326.40997
  0
VERTEX
  5
fe0
  8
Layer_18
  10
756.54831
  20
326.40976
  0
VERTEX
  5
fe1
  8
Layer_18
  10
756.54852
  20
326.40955
  0
VERTEX
  5
fe2
  8
Layer_18
  10
756.54892
  20
326.40915
  0
VERTEX
  5
fe3
  8
Layer_18
  10
756.5495
  20
326.4086
  0
VERTEX
  5
fe4
  8
Layer_18
  10
756.54984
  20
326.40826
  0
VERTEX
  5
fe5
  8
Layer_18
  10
756.54997
  20
326.40811
  0
VERTEX
  5
fe6
  8
Layer_18
  10
756.55011
  20
326.40796
  0
VERTEX
  5
fe7
  8
Layer_18
  10
756.55023
  20
326.40784
  0
VERTEX
  5
fe8
  8
Layer_18
  10
756.55032
  20
326.40775
  42
0.41421356
  0
VERTEX
  5
fe9
  8
Layer_18
  10
756.55049
  20
326.40759
  0
VERTEX
  5
fea
  8
Layer_18
  10
756.55054
  20
326.40753
  0
VERTEX
  5
feb
  8
Layer_18
  10
756.55057
  20
326.4075
  0
SEQEND
  0
POLYLINE
  5
fed
  8
Layer_18
  62
13
  70
1
  66
1
  10
0
  20
0
  30
0
  0
VERTEX
  5
fed
  8
Layer_18
  10
756.53476
  20
326.4128
  0
VERTEX
  5
fee
  8
Layer_18
  10
756.53534
  20
326.4128
  0
VERTEX
  5
fef
  8
Layer_18
  10
756.5358
  20
326.4128
  42
0.41421356
  0
VERTEX
  5
ff0
  8
Layer_18
  10
756.53864
  20
326.41284
  0
VERTEX
  5
ff1
  8
Layer_18
  10
756.53947
  20
326.41284
  0
VERTEX
  5
ff2
  8
Layer_18
  10
756.54112
  20
326.41284
  0
VERTEX
  5
ff3
  8
Layer_18
  10
756.5431
  20
326.41288
  0
VERTEX
  5
ff4
  8
Layer_18
  10
756.54448
  20
326.41289
  0
VERTEX
  5
ff5
  8
Layer_18
  10
756.54503
  20
326.4129
  0
VERTEX
  5
ff6
  8
Layer_18
  10
756.54439
  20
326.41309
  0
VERTEX
  5
ff7
  8
Layer_18
  10
756.54276
  20
326.41351
  42
0.19891237
  0
VERTEX
  5
ff8
  8
Layer_18
  10
756.54016
  20
326.41418
  0
VERTEX
  5
ff9
  8
Layer_18
  10
756.53864
  20
326.41455
  42
-0.19891237
  0
VERTEX
  5
ffa
  8
Layer_18
  10
756.52893
  20
326.41702
  42
-0.93402298
  0
VERTEX
  5
ffb
  8
Layer_18
  10
756.52531
  20
326.41794
  0
VERTEX
  5
ffc
  8
Layer_18
  10
756.52455
  20
326.41812
  42
0.69630471
  0
VERTEX
  5
ffd
  8
Layer_18
  10
756.52393
  20
326.41827
  0
VERTEX
  5
ffe
  8
Layer_18
  10
756.52408
  20
326.41821
  0
VERTEX
  5
fff
  8
Layer_18
  10
756.52423
  20
326.41812
  0
VERTEX
  5
1000
  8
Layer_18
  10
756.5244
  20
326.41803
  0
VERTEX
  5
1001
  8
Layer_18
  10
756.5246
  20
326.41791
  0
VERTEX
  5
1002
  8
Layer_18
  10
756.52484
  20
326.41779
  0
VERTEX
  5
1003
  8
Layer_18
  10
756.52512
  20
326.41766
  42
-0.31349393
  0
VERTEX
  5
1004
  8
Layer_18
  10
756.52626
  20
326.41708
  42
-0.28109614
  0
VERTEX
  5
1005
  8
Layer_18
  10
756.5284
  20
326.41599
  42
-0.19891237
  0
VERTEX
  5
1006
  8
Layer_18
  10
756.52966
  20
326.41531
  0
VERTEX
  5
1007
  8
Layer_18
  10
756.53009
  20
326.4151
  42
0.080611572
  0
VERTEX
  5
1008
  8
Layer_18
  10
756.53169
  20
326.41428
  0
VERTEX
  5
1009
  8
Layer_18
  10
756.53206
  20
326.41409
  42
0.035489152
  0
VERTEX
  5
100a
  8
Layer_18
  10
756.53336
  20
326.41342
  0
VERTEX
  5
100b
  8
Layer_18
  10
756.53381
  20
326.41319
  0
VERTEX
  5
100c
  8
Layer_18
  10
756.53426
  20
326.41296
  0
VERTEX
  5
100d
  8
Layer_18
  10
756.53439
  20
326.4129
  0
VERTEX
  5
100e
  8
Layer_18
  10
756.5345
  20
326.41284
  0
VERTEX
  5
100f
  8
Layer_18
  10
756.53458
  20
326.41281
  0
VERTEX
  5
1010
  8
Layer_18
  10
756.53476
  20
326.41278
  0
SEQEND
  0
POLYLINE
  5
1012
  8
Layer_18
  62
13
  70
1
  66
1
  10
0
  20
0
  30
0
  0
VERTEX
  5
1012
  8
Layer_18
  10
756.50779
  20
326.41819
  0
VERTEX
  5
1013
  8
Layer_18
  10
756.50833
  20
326.4182
  0
VERTEX
  5
1014
  8
Layer_18
  10
756.50887
  20
326.4182
  0
VERTEX
  5
1015
  8
Layer_18
  10
756.50963
  20
326.41821
  0
VERTEX
  5
1016
  8
Layer_18
  10
756.51056
  20
326.41821
  0
VERTEX
  5
1017
  8
Layer_18
  10
756.51164
  20
326.41822
  0
VERTEX
  5
1018
  8
Layer_18
  10
756.51273
  20
326.41822
  0
VERTEX
  5
1019
  8
Layer_18
  10
756.51395
  20
326.41821
  0
VERTEX
  5
101a
  8
Layer_18
  10
756.5152
  20
326.41824
  0
VERTEX
  5
101b
  8
Layer_18
  10
756.51648
  20
326.41824
  0
VERTEX
  5
101c
  8
Layer_18
  10
756.51891
  20
326.41827
  0
VERTEX
  5
101d
  8
Layer_18
  10
756.52197
  20
326.41827
  0
VERTEX
  5
101e
  8
Layer_18
  10
756.52339
  20
326.41827
  0
VERTEX
  5
101f
  8
Layer_18
  10
756.52376
  20
326.41827
  0
VERTEX
  5
1020
  8
Layer_18
  10
756.5239
  20
326.41827
  0
VERTEX
  5
1021
  8
Layer_18
  10
756.52368
  20
326.41827
  0
VERTEX
  5
1022
  8
Layer_18
  10
756.52307
  20
326.41827
  0
VERTEX
  5
1023
  8
Layer_18
  10
756.52209
  20
326.41827
  0
VERTEX
  5
1024
  8
Layer_18
  10
756.52083
  20
326.41827
  0
VERTEX
  5
1025
  8
Layer_18
  10
756.5193
  20
326.41827
  0
VERTEX
  5
1026
  8
Layer_18
  10
756.51756
  20
326.41827
  0
VERTEX
  5
1027
  8
Layer_18
  10
756.51566
  20
326.41827
  0
VERTEX
  5
1028
  8
Layer_18
  10
756.51364
  20
326.41827
  0
VERTEX
  5
1029
  8
Layer_18
  10
756.51154
  20
326.41827
  0
VERTEX
  5
102a
  8
Layer_18
  10
756.50943
  20
326.41827
  0
VERTEX
  5
102b
  8
Layer_18
  10
756.50734
  20
326.41827
  0
VERTEX
  5
102c
  8
Layer_18
  10
756.50533
  20
326.41827
  0
VERTEX
  5
102d
  8
Layer_18
  10
756.50342
  20
326.41827
  0
VERTEX
  5
102e
  8
Layer_18
  10
756.50168
  20
326.41827
  0
VERTEX
  5
102f
  8
Layer_18
  10
756.50015
  20
326.41827
  0
VERTEX
  5
1030
  8
Layer_18
  10
756.49889
  20
326.41827
  0
VERTEX
  5
1031
  8
Layer_18
  10
756.49792
  20
326.41827
  0
VERTEX
  5
1032
  8
Layer_18
  10
756.49731
  20
326.41827
  0
VERTEX
  5
1033
  8
Layer_18
  10
756.4971
  20
326.41827
  0
VERTEX
  5
1034
  8
Layer_18
  10
756.4971
  20
326.41827
  0
VERTEX
  5
1035
  8
Layer_18
  10
756.49718
  20
326.41827
  0
VERTEX
  5
1036
  8
Layer_18
  10
756.49728
  20
326.41827
  0
VERTEX
  5
1037
  8
Layer_18
  10
756.49762
  20
326.41827
  0
VERTEX
  5
1038
  8
Layer_18
  10
756.49805
  20
326.41827
  0
VERTEX
  5
1039
  8
Layer_18
  10
756.49863
  20
326.41827
  0
VERTEX
  5
103a
  8
Layer_18
  10
756.49927
  20
326.41827
  42
0.039170484
  0
VERTEX
  5
103b
  8
Layer_18
  10
756.50159
  20
326.41824
  0
VERTEX
  5
103c
  8
Layer_18
  10
756.50201
  20
326.41824
  42
-0.080611572
  0
VERTEX
  5
103d
  8
Layer_18
  10
756.50287
  20
326.41824
  0
VERTEX
  5
103e
  8
Layer_18
  10
756.50328
  20
326.41824
  0
VERTEX
  5
103f
  8
Layer_18
  10
756.50369
  20
326.41821
  42
-0.11643382
  0
VERTEX
  5
1040
  8
Layer_18
  10
756.5045
  20
326.41821
  42
-0.11643382
  0
VERTEX
  5
1041
  8
Layer_18
  10
756.50526
  20
326.41821
  0
VERTEX
  5
1042
  8
Layer_18
  10
756.50562
  20
326.41821
  0
VERTEX
  5
1043
  8
Layer_18
  10
756.50595
  20
326.41821
  42
-0.29785539
  0
VERTEX
  5
1044
  8
Layer_18
  10
756.50702
  20
326.41821
  0
VERTEX
  5
1045
  8
Layer_18
  10
756.5076
  20
326.41818
  0
VERTEX
  5
1046
  8
Layer_18
  10
756.50771
  20
326.41818
  0
VERTEX
  5
1047
  8
Layer_18
  10
756.50777
  20
326.41818
  0
VERTEX
  5
1048
  8
Layer_18
  10
756.50778
  20
326.41818
  0
SEQEND
  0
POLYLINE
  5
104a
  8
Layer_18
  62
13
  70
1
  66
1
  10
0
  20
0
  30
0
  0
VERTEX
  5
104a
  8
Layer_18
  10
756.48093
  20
326.41809
  0
VERTEX
  5
104b
  8
Layer_18
  10
756.48169
  20
326.41821
  42
-0.28407904
  0
VERTEX
  5
104c
  8
Layer_18
  10
756.48486
  20
326.41821
  0
VERTEX
  5
104d
  8
Layer_18
  10
756.48601
  20
326.41821
  0
VERTEX
  5
104e
  8
Layer_18
  10
756.48721
  20
326.41821
  0
VERTEX
  5
104f
  8
Layer_18
  10
756.48846
  20
326.41824
  0
VERTEX
  5
1050
  8
Layer_18
  10
756.48972
  20
326.41824
  0
VERTEX
  5
1051
  8
Layer_18
  10
756.49097
  20
326.41824
  0
VERTEX
  5
1052
  8
Layer_18
  10
756.49217
  20
326.41827
  0
VERTEX
  5
1053
  8
Layer_18
  10
756.49332
  20
326.41827
  0
VERTEX
  5
1054
  8
Layer_18
  10
756.49518
  20
326.41827
  0
VERTEX
  5
1055
  8
Layer_18
  10
756.4966
  20
326.41827
  0
VERTEX
  5
1056
  8
Layer_18
  10
756.49696
  20
326.41827
  0
VERTEX
  5
1057
  8
Layer_18
  10
756.4971
  20
326.41827
  0
VERTEX
  5
1058
  8
Layer_18
  10
756.49687
  20
326.41824
  0
VERTEX
  5
1059
  8
Layer_18
  10
756.49609
  20
326.41809
  0
VERTEX
  5
105a
  8
Layer_18
  10
756.4953
  20
326.41793
  0
VERTEX
  5
105b
  8
Layer_18
  10
756.49405
  20
326.41766
  0
VERTEX
  5
105c
  8
Layer_18
  10
756.49071
  20
326.41699
  0
VERTEX
  5
105d
  8
Layer_18
  10
756.48688
  20
326.41623
  0
VERTEX
  5
105e
  8
Layer_18
  10
756.4848
  20
326.4158
  42
-0.034995443
  0
VERTEX
  5
105f
  8
Layer_18
  10
756.47859
  20
326.41455
  0
VERTEX
  5
1060
  8
Layer_18
  10
756.47668
  20
326.41418
  0
VERTEX
  5
1061
  8
Layer_18
  10
756.47496
  20
326.41382
  42
0.41421356
  0
VERTEX
  5
1062
  8
Layer_18
  10
756.4704
  20
326.4129
  0
VERTEX
  5
1063
  8
Layer_18
  10
756.47041
  20
326.4129
  0
VERTEX
  5
1064
  8
Layer_18
  10
756.47047
  20
326.41293
  0
VERTEX
  5
1065
  8
Layer_18
  10
756.47058
  20
326.41299
  0
VERTEX
  5
1066
  8
Layer_18
  10
756.47131
  20
326.41333
  0
VERTEX
  5
1067
  8
Layer_18
  10
756.47223
  20
326.41382
  0
VERTEX
  5
1068
  8
Layer_18
  10
756.47256
  20
326.41397
  42
0.022266074
  0
VERTEX
  5
1069
  8
Layer_18
  10
756.4749
  20
326.41513
  0
VERTEX
  5
106a
  8
Layer_18
  10
756.47532
  20
326.41533
  0
VERTEX
  5
106b
  8
Layer_18
  10
756.47574
  20
326.41554
  0
VERTEX
  5
106c
  8
Layer_18
  10
756.47617
  20
326.41574
  0
VERTEX
  5
106d
  8
Layer_18
  10
756.47699
  20
326.41617
  0
VERTEX
  5
106e
  8
Layer_18
  10
756.47781
  20
326.41656
  0
VERTEX
  5
106f
  8
Layer_18
  10
756.47818
  20
326.41675
  0
VERTEX
  5
1070
  8
Layer_18
  10
756.47856
  20
326.41693
  0
VERTEX
  5
1071
  8
Layer_18
  10
756.47891
  20
326.41711
  0
VERTEX
  5
1072
  8
Layer_18
  10
756.47925
  20
326.4173
  0
VERTEX
  5
1073
  8
Layer_18
  10
756.47958
  20
326.41745
  0
VERTEX
  5
1074
  8
Layer_18
  10
756.48022
  20
326.41776
  0
SEQEND
  0
POLYLINE
  5
1076
  8
Layer_18
  62
13
  70
1
  66
1
  10
0
  20
0
  30
0
  0
VERTEX
  5
1076
  8
Layer_18
  10
756.4482
  20
326.36227
  42
0.00027207168
  0
VERTEX
  5
1077
  8
Layer_18
  10
756.45453
  20
326.38104
  42
-0.28407904
  0
VERTEX
  5
1078
  8
Layer_18
  10
756.45546
  20
326.38293
  42
0.16300667
  0
VERTEX
  5
1079
  8
Layer_18
  10
756.45822
  20
326.38849
  0
VERTEX
  5
107a
  8
Layer_18
  10
756.46051
  20
326.39307
  42
0.080611572
  0
VERTEX
  5
107b
  8
Layer_18
  10
756.46301
  20
326.3981
  0
VERTEX
  5
107c
  8
Layer_18
  10
756.46426
  20
326.4006
  0
VERTEX
  5
107d
  8
Layer_18
  10
756.46548
  20
326.40302
  0
VERTEX
  5
107e
  8
Layer_18
  10
756.46661
  20
326.4053
  42
0.19891237
  0
VERTEX
  5
107f
  8
Layer_18
  10
756.46857
  20
326.40924
  0
VERTEX
  5
1080
  8
Layer_18
  10
756.46933
  20
326.41074
  0
VERTEX
  5
1081
  8
Layer_18
  10
756.46989
  20
326.4119
  0
VERTEX
  5
1082
  8
Layer_18
  10
756.47026
  20
326.41263
  0
VERTEX
  5
1083
  8
Layer_18
  10
756.4704
  20
326.4129
  0
VERTEX
  5
1084
  8
Layer_18
  10
756.46629
  20
326.40305
  0
VERTEX
  5
1085
  8
Layer_18
  10
756.46219
  20
326.3932
  0
VERTEX
  5
1086
  8
Layer_18
  10
756.46013
  20
326.38828
  0
VERTEX
  5
1087
  8
Layer_18
  10
756.45809
  20
326.38337
  0
VERTEX
  5
1088
  8
Layer_18
  10
756.45599
  20
326.3783
  0
VERTEX
  5
1089
  8
Layer_18
  10
756.4539
  20
326.37332
  0
VERTEX
  5
108a
  8
Layer_18
  10
756.45189
  20
326.36847
  0
VERTEX
  5
108b
  8
Layer_18
  10
756.45
  20
326.36392
  42
-0.048982163
  0
VERTEX
  5
108c
  8
Layer_18
  10
756.44452
  20
326.35077
  0
VERTEX
  5
108d
  8
Layer_18
  10
756.44412
  20
326.34983
  0
VERTEX
  5
108e
  8
Layer_18
  10
756.44369
  20
326.34879
  0
VERTEX
  5
108f
  8
Layer_18
  10
756.44371
  20
326.34885
  0
VERTEX
  5
1090
  8
Layer_18
  10
756.44409
  20
326.34998
  0
VERTEX
  5
1091
  8
Layer_18
  10
756.44462
  20
326.35157
  0
VERTEX
  5
1092
  8
Layer_18
  10
756.44492
  20
326.35245
  0
VERTEX
  5
1093
  8
Layer_18
  10
756.44521
  20
326.35333
  42
-0.080611572
  0
VERTEX
  5
1094
  8
Layer_18
  10
756.44586
  20
326.35529
  0
VERTEX
  5
1095
  8
Layer_18
  10
756.44623
  20
326.35635
  42
0.080611572
  0
VERTEX
  5
1096
  8
Layer_18
  10
756.44778
  20
326.36102
  0
SEQEND
  0
POLYLINE
  5
1098
  8
Layer_18
  62
13
  70
1
  66
1
  10
0
  20
0
  30
0
  0
VERTEX
  5
1098
  8
Layer_18
  10
756.41699
  20
326.2847
  42
-0.00065259705
  0
VERTEX
  5
1099
  8
Layer_18
  10
756.42783
  20
326.31696
  42
0.79141832
  0
VERTEX
  5
109a
  8
Layer_18
  10
756.42952
  20
326.32037
  0
VERTEX
  5
109b
  8
Layer_18
  10
756.43042
  20
326.3222
  0
VERTEX
  5
109c
  8
Layer_18
  10
756.43146
  20
326.32428
  0
VERTEX
  5
109d
  8
Layer_18
  10
756.4326
  20
326.32654
  42
0.0014880788
  0
VERTEX
  5
109e
  8
Layer_18
  10
756.43874
  20
326.33887
  0
VERTEX
  5
109f
  8
Layer_18
  10
756.44095
  20
326.34329
  0
VERTEX
  5
10a0
  8
Layer_18
  10
756.44186
  20
326.34512
  42
-0.080611572
  0
VERTEX
  5
10a1
  8
Layer_18
  10
756.44319
  20
326.34781
  0
VERTEX
  5
10a2
  8
Layer_18
  10
756.44356
  20
326.34854
  0
VERTEX
  5
10a3
  8
Layer_18
  10
756.4437
  20
326.34879
  42
-0.14806874
  0
VERTEX
  5
10a4
  8
Layer_18
  10
756.44287
  20
326.3468
  0
VERTEX
  5
10a5
  8
Layer_18
  10
756.44189
  20
326.34451
  42
-0.32282281
  0
VERTEX
  5
10a6
  8
Layer_18
  10
756.43912
  20
326.33783
  0
VERTEX
  5
10a7
  8
Layer_18
  10
756.43738
  20
326.33365
  42
-0.031098768
  0
VERTEX
  5
10a8
  8
Layer_18
  10
756.43347
  20
326.32428
  0
VERTEX
  5
10a9
  8
Layer_18
  10
756.4314
  20
326.31927
  42
0.19891237
  0
VERTEX
  5
10aa
  8
Layer_18
  10
756.4272
  20
326.3092
  0
VERTEX
  5
10ab
  8
Layer_18
  10
756.4252
  20
326.30438
  0
VERTEX
  5
10ac
  8
Layer_18
  10
756.42329
  20
326.29984
  0
VERTEX
  5
10ad
  8
Layer_18
  10
756.42157
  20
326.29565
  0
VERTEX
  5
10ae
  8
Layer_18
  10
756.42004
  20
326.29202
  0
VERTEX
  5
10af
  8
Layer_18
  10
756.41878
  20
326.28897
  0
VERTEX
  5
10b0
  8
Layer_18
  10
756.41782
  20
326.28668
  0
VERTEX
  5
10b1
  8
Layer_18
  10
756.41721
  20
326.28522
  0
SEQEND
  0
POLYLINE
  5
10b3
  8
Layer_18
  62
13
  70
1
  66
1
  10
0
  20
0
  30
0
  0
VERTEX
  5
10b3
  8
Layer_18
  10
756.41168
  20
326.26859
  0
VERTEX
  5
10b4
  8
Layer_18
  10
756.4119
  20
326.2692
  42
-0.01137979
  0
VERTEX
  5
10b5
  8
Layer_18
  10
756.41373
  20
326.27475
  0
VERTEX
  5
10b6
  8
Layer_18
  10
756.41455
  20
326.27726
  0
VERTEX
  5
10b7
  8
Layer_18
  10
756.41536
  20
326.27975
  0
VERTEX
  5
10b8
  8
Layer_18
  10
756.41574
  20
326.28088
  0
VERTEX
  5
10b9
  8
Layer_18
  10
756.41635
  20
326.28278
  0
VERTEX
  5
10ba
  8
Layer_18
  10
756.41682
  20
326.28418
  0
VERTEX
  5
10bb
  8
Layer_18
  10
756.41695
  20
326.28455
  0
VERTEX
  5
10bc
  8
Layer_18
  10
756.41699
  20
326.2847
  0
VERTEX
  5
10bd
  8
Layer_18
  10
756.41607
  20
326.28286
  0
VERTEX
  5
10be
  8
Layer_18
  10
756.41515
  20
326.28102
  0
VERTEX
  5
10bf
  8
Layer_18
  10
756.41418
  20
326.27908
  0
VERTEX
  5
10c0
  8
Layer_18
  10
756.41319
  20
326.27711
  0
VERTEX
  5
10c1
  8
Layer_18
  10
756.41205
  20
326.27484
  42
-0.19891237
  0
VERTEX
  5
10c2
  8
Layer_18
  10
756.40366
  20
326.25809
  0
VERTEX
  5
10c3
  8
Layer_18
  10
756.40274
  20
326.25626
  0
VERTEX
  5
10c4
  8
Layer_18
  10
756.40147
  20
326.25372
  0
VERTEX
  5
10c5
  8
Layer_18
  10
756.40125
  20
326.25311
  0
VERTEX
  5
10c6
  8
Layer_18
  10
756.40161
  20
326.25366
  0
VERTEX
  5
10c7
  8
Layer_18
  10
756.40186
  20
326.25403
  0
VERTEX
  5
10c8
  8
Layer_18
  10
756.40213
  20
326.25443
  0
VERTEX
  5
10c9
  8
Layer_18
  10
756.40242
  20
326.25485
  0
VERTEX
  5
10ca
  8
Layer_18
  10
756.40274
  20
326.25534
  0
VERTEX
  5
10cb
  8
Layer_18
  10
756.40308
  20
326.25583
  0
VERTEX
  5
10cc
  8
Layer_18
  10
756.40344
  20
326.25638
  42
-0.013875517
  0
VERTEX
  5
10cd
  8
Layer_18
  10
756.40503
  20
326.25873
  0
VERTEX
  5
10ce
  8
Layer_18
  10
756.40544
  20
326.25934
  0
VERTEX
  5
10cf
  8
Layer_18
  10
756.40585
  20
326.25995
  42
-0.01919533
  0
VERTEX
  5
10d0
  8
Layer_18
  10
756.40714
  20
326.26184
  0
VERTEX
  5
10d1
  8
Layer_18
  10
756.40756
  20
326.26248
  0
VERTEX
  5
10d2
  8
Layer_18
  10
756.40796
  20
326.26309
  0
VERTEX
  5
10d3
  8
Layer_18
  10
756.40894
  20
326.26453
  42
0.34743486
  0
VERTEX
  5
10d4
  8
Layer_18
  10
756.41016
  20
326.26633
  0
VERTEX
  5
10d5
  8
Layer_18
  10
756.41046
  20
326.26675
  42
0.080611572
  0
VERTEX
  5
10d6
  8
Layer_18
  10
756.41135
  20
326.2681
  0
VERTEX
  5
10d7
  8
Layer_18
  10
756.41159
  20
326.26843
  0
SEQEND
  0
POLYLINE
  5
10d9
  8
Layer_18
  62
13
  70
1
  66
1
  10
0
  20
0
  30
0
  0
VERTEX
  5
10d9
  8
Layer_18
  10
756.38483
  20
326.22568
  0
VERTEX
  5
10da
  8
Layer_18
  10
756.38501
  20
326.22601
  42
-0.72075922
  0
VERTEX
  5
10db
  8
Layer_18
  10
756.38672
  20
326.22885
  0
VERTEX
  5
10dc
  8
Layer_18
  10
756.38763
  20
326.23038
  0
VERTEX
  5
10dd
  8
Layer_18
  10
756.38867
  20
326.23212
  42
-0.0048276112
  0
VERTEX
  5
10de
  8
Layer_18
  10
756.39645
  20
326.24518
  42
0.38751778
  0
VERTEX
  5
10df
  8
Layer_18
  10
756.40039
  20
326.25177
  0
VERTEX
  5
10e0
  8
Layer_18
  10
756.40076
  20
326.25238
  0
VERTEX
  5
10e1
  8
Layer_18
  10
756.40088
  20
326.25259
  0
VERTEX
  5
10e2
  8
Layer_18
  10
756.40063
  20
326.25217
  0
VERTEX
  5
10e3
  8
Layer_18
  10
756.3999
  20
326.25095
  42
-0.013875517
  0
VERTEX
  5
10e4
  8
Layer_18
  10
756.39542
  20
326.24341
  42
0.19891237
  0
VERTEX
  5
10e5
  8
Layer_18
  10
756.38615
  20
326.22797
  42
0.32282281
  0
VERTEX
  5
10e6
  8
Layer_18
  10
756.38113
  20
326.21954
  0
VERTEX
  5
10e7
  8
Layer_18
  10
756.37872
  20
326.21552
  0
VERTEX
  5
10e8
  8
Layer_18
  10
756.37645
  20
326.21173
  42
-0.025557242
  0
VERTEX
  5
10e9
  8
Layer_18
  10
756.37256
  20
326.2052
  0
VERTEX
  5
10ea
  8
Layer_18
  10
756.36996
  20
326.20087
  0
VERTEX
  5
10eb
  8
Layer_18
  10
756.36893
  20
326.19916
  42
-0.049388989
  0
VERTEX
  5
10ec
  8
Layer_18
  10
756.36964
  20
326.20035
  0
VERTEX
  5
10ed
  8
Layer_18
  10
756.36996
  20
326.20087
  42
-0.11643382
  0
VERTEX
  5
10ee
  8
Layer_18
  10
756.37073
  20
326.20215
  42
0.41421356
  0
VERTEX
  5
10ef
  8
Layer_18
  10
756.37213
  20
326.2045
  0
VERTEX
  5
10f0
  8
Layer_18
  10
756.37267
  20
326.20538
  42
-0.66817864
  0
VERTEX
  5
10f1
  8
Layer_18
  10
756.37439
  20
326.20828
  0
VERTEX
  5
10f2
  8
Layer_18
  10
756.375
  20
326.20929
  0
VERTEX
  5
10f3
  8
Layer_18
  10
756.37564
  20
326.21033
  42
-0.080611572
  0
VERTEX
  5
10f4
  8
Layer_18
  10
756.37689
  20
326.21243
  42
0.66817864
  0
VERTEX
  5
10f5
  8
Layer_18
  10
756.37814
  20
326.21454
  0
VERTEX
  5
10f6
  8
Layer_18
  10
756.37877
  20
326.21558
  0
VERTEX
  5
10f7
  8
Layer_18
  10
756.37997
  20
326.21759
  0
VERTEX
  5
10f8
  8
Layer_18
  10
756.38229
  20
326.22144
  42
-0.01203946
  0
SEQEND
  0
POLYLINE
  5
10fa
  8
Layer_18
  62
13
  70
1
  66
1
  10
0
  20
0
  30
0
  0
VERTEX
  5
10fa
  8
Layer_18
  10
756.35277
  20
326.17233
  0
VERTEX
  5
10fb
  8
Layer_18
  10
756.35292
  20
326.17261
  0
VERTEX
  5
10fc
  8
Layer_18
  10
756.35657
  20
326.17866
  0
VERTEX
  5
10fd
  8
Layer_18
  10
756.36021
  20
326.18469
  0
VERTEX
  5
10fe
  8
Layer_18
  10
756.36148
  20
326.1868
  0
VERTEX
  5
10ff
  8
Layer_18
  10
756.36273
  20
326.18887
  42
-0.28407904
  0
VERTEX
  5
1100
  8
Layer_18
  10
756.36508
  20
326.19278
  0
VERTEX
  5
1101
  8
Layer_18
  10
756.36613
  20
326.19452
  0
VERTEX
  5
1102
  8
Layer_18
  10
756.36705
  20
326.19604
  0
VERTEX
  5
1103
  8
Layer_18
  10
756.36829
  20
326.19809
  0
VERTEX
  5
1104
  8
Layer_18
  10
756.3689
  20
326.1991
  0
VERTEX
  5
1105
  8
Layer_18
  10
756.36871
  20
326.19873
  0
VERTEX
  5
1106
  8
Layer_18
  10
756.36823
  20
326.19775
  0
VERTEX
  5
1107
  8
Layer_18
  10
756.36746
  20
326.19623
  42
-0.013875517
  0
VERTEX
  5
1108
  8
Layer_18
  10
756.36383
  20
326.18896
  42
0.031098768
  0
VERTEX
  5
1109
  8
Layer_18
  10
756.35568
  20
326.17267
  0
VERTEX
  5
110a
  8
Layer_18
  10
756.35406
  20
326.16943
  0
VERTEX
  5
110b
  8
Layer_18
  10
756.35261
  20
326.16654
  0
VERTEX
  5
110c
  8
Layer_18
  10
756.35116
  20
326.16363
  0
VERTEX
  5
110d
  8
Layer_18
  10
756.34995
  20
326.16119
  0
VERTEX
  5
110e
  8
Layer_18
  10
756.34892
  20
326.15915
  42
0.25076489
  0
VERTEX
  5
110f
  8
Layer_18
  10
756.34766
  20
326.15662
  0
VERTEX
  5
1110
  8
Layer_18
  10
756.3475
  20
326.15637
  0
VERTEX
  5
1111
  8
Layer_18
  10
756.34758
  20
326.15659
  0
VERTEX
  5
1112
  8
Layer_18
  10
756.34766
  20
326.1568
  42
-0.41421356
  0
VERTEX
  5
1113
  8
Layer_18
  10
756.34784
  20
326.15738
  0
VERTEX
  5
1114
  8
Layer_18
  10
756.34796
  20
326.15771
  42
0.049388989
  0
VERTEX
  5
1115
  8
Layer_18
  10
756.34824
  20
326.15857
  0
VERTEX
  5
1116
  8
Layer_18
  10
756.34839
  20
326.15906
  0
VERTEX
  5
1117
  8
Layer_18
  10
756.34857
  20
326.15955
  0
VERTEX
  5
1118
  8
Layer_18
  10
756.34874
  20
326.1601
  0
VERTEX
  5
1119
  8
Layer_18
  10
756.34892
  20
326.16064
  42
0.66817864
  0
VERTEX
  5
111a
  8
Layer_18
  10
756.34973
  20
326.16309
  0
VERTEX
  5
111b
  8
Layer_18
  10
756.34993
  20
326.1637
  0
VERTEX
  5
111c
  8
Layer_18
  10
756.35014
  20
326.16434
  0
VERTEX
  5
111d
  8
Layer_18
  10
756.35035
  20
326.16498
  0
VERTEX
  5
111e
  8
Layer_18
  10
756.35056
  20
326.16562
  0
VERTEX
  5
111f
  8
Layer_18
  10
756.35077
  20
326.16623
  0
VERTEX
  5
1120
  8
Layer_18
  10
756.35097
  20
326.16684
  42
-0.11643382
  0
VERTEX
  5
1121
  8
Layer_18
  10
756.35135
  20
326.16803
  0
VERTEX
  5
1122
  8
Layer_18
  10
756.35162
  20
326.16882
  0
VERTEX
  5
1123
  8
Layer_18
  10
756.35188
  20
326.16963
  42
0.19891237
  0
VERTEX
  5
1124
  8
Layer_18
  10
756.35217
  20
326.17056
  42
0.41421356
  0
VERTEX
  5
1125
  8
Layer_18
  10
756.35243
  20
326.17133
  0
VERTEX
  5
1126
  8
Layer_18
  10
756.35253
  20
326.17161
  0
VERTEX
  5
1127
  8
Layer_18
  10
756.35262
  20
326.1719
  42
-0.25076489
  0
SEQEND
  0
POLYLINE
  5
1129
  8
Layer_18
  62
13
  70
1
  66
1
  10
0
  20
0
  30
0
  0
VERTEX
  5
1129
  8
Layer_18
  10
756.33652
  20
326.14511
  42
0.030165062
  0
VERTEX
  5
112a
  8
Layer_18
  10
756.33688
  20
326.14569
  0
VERTEX
  5
112b
  8
Layer_18
  10
756.33713
  20
326.14594
  0
VERTEX
  5
112c
  8
Layer_18
  10
756.33751
  20
326.1463
  0
VERTEX
  5
112d
  8
Layer_18
  10
756.33801
  20
326.14682
  0
VERTEX
  5
112e
  8
Layer_18
  10
756.33862
  20
326.14743
  0
VERTEX
  5
112f
  8
Layer_18
  10
756.33932
  20
326.14813
  0
VERTEX
  5
1130
  8
Layer_18
  10
756.34009
  20
326.14886
  42
-0.19891237
  0
VERTEX
  5
1131
  8
Layer_18
  10
756.34256
  20
326.15137
  42
-0.047888459
  0
VERTEX
  5
1132
  8
Layer_18
  10
756.34622
  20
326.15503
  42
-0.0017006557
  0
VERTEX
  5
1133
  8
Layer_18
  10
756.34749
  20
326.15631
  0
VERTEX
  5
1134
  8
Layer_18
  10
756.34727
  20
326.15601
  0
VERTEX
  5
1135
  8
Layer_18
  10
756.34666
  20
326.15515
  0
VERTEX
  5
1136
  8
Layer_18
  10
756.3457
  20
326.15381
  42
0.55753652
  0
VERTEX
  5
1137
  8
Layer_18
  10
756.34293
  20
326.1499
  0
VERTEX
  5
1138
  8
Layer_18
  10
756.34119
  20
326.14749
  0
VERTEX
  5
1139
  8
Layer_18
  10
756.33929
  20
326.14484
  42
-0.0449937
  0
VERTEX
  5
113a
  8
Layer_18
  10
756.33519
  20
326.1391
  42
0.00024514603
  0
VERTEX
  5
113b
  8
Layer_18
  10
756.32899
  20
326.13043
  0
VERTEX
  5
113c
  8
Layer_18
  10
756.32709
  20
326.12781
  0
VERTEX
  5
113d
  8
Layer_18
  10
756.32536
  20
326.12537
  42
0.1667819
  0
VERTEX
  5
113e
  8
Layer_18
  10
756.32257
  20
326.12149
  0
VERTEX
  5
113f
  8
Layer_18
  10
756.3212
  20
326.11957
  42
0.022499276
  0
VERTEX
  5
1140
  8
Layer_18
  10
756.32208
  20
326.12115
  0
VERTEX
  5
1141
  8
Layer_18
  10
756.32306
  20
326.12277
  0
VERTEX
  5
1142
  8
Layer_18
  10
756.32405
  20
326.12442
  42
-0.060308206
  0
VERTEX
  5
1143
  8
Layer_18
  10
756.32629
  20
326.12814
  0
VERTEX
  5
1144
  8
Layer_18
  10
756.32692
  20
326.12918
  0
VERTEX
  5
1145
  8
Layer_18
  10
756.32753
  20
326.1302
  0
VERTEX
  5
1146
  8
Layer_18
  10
756.32816
  20
326.13123
  0
VERTEX
  5
1147
  8
Layer_18
  10
756.32878
  20
326.13229
  0
VERTEX
  5
1148
  8
Layer_18
  10
756.32942
  20
326.13334
  0
VERTEX
  5
1149
  8
Layer_18
  10
756.33005
  20
326.1344
  0
VERTEX
  5
114a
  8
Layer_18
  10
756.33066
  20
326.13541
  0
VERTEX
  5
114b
  8
Layer_18
  10
756.33126
  20
326.1364
  0
VERTEX
  5
114c
  8
Layer_18
  10
756.33187
  20
326.13742
  0
VERTEX
  5
114d
  8
Layer_18
  10
756.33246
  20
326.13837
  42
0.11643382
  0
VERTEX
  5
114e
  8
Layer_18
  10
756.33354
  20
326.1402
  0
VERTEX
  5
114f
  8
Layer_18
  10
756.33405
  20
326.14105
  0
VERTEX
  5
1150
  8
Layer_18
  10
756.33453
  20
326.14182
  0
VERTEX
  5
1151
  8
Layer_18
  10
756.33494
  20
326.14252
  0
VERTEX
  5
1152
  8
Layer_18
  10
756.33536
  20
326.14322
  0
VERTEX
  5
1153
  8
Layer_18
  10
756.33572
  20
326.1438
  0
VERTEX
  5
1154
  8
Layer_18
  10
756.33603
  20
326.14435
  0
VERTEX
  5
1155
  8
Layer_18
  10
756.3363
  20
326.14478
  0
SEQEND
  0
POLYLINE
  5
1157
  8
Layer_18
  62
13
  70
1
  66
1
  10
0
  20
0
  30
0
  0
VERTEX
  5
1157
  8
Layer_18
  10
756.30469
  20
326.09747
  0
VERTEX
  5
1158
  8
Layer_18
  10
756.3053
  20
326.0983
  42
0.16021332
  0
VERTEX
  5
1159
  8
Layer_18
  10
756.30963
  20
326.1041
  0
VERTEX
  5
115a
  8
Layer_18
  10
756.31085
  20
326.10571
  0
VERTEX
  5
115b
  8
Layer_18
  10
756.3121
  20
326.10739
  0
VERTEX
  5
115c
  8
Layer_18
  10
756.31339
  20
326.1091
  0
VERTEX
  5
115d
  8
Layer_18
  10
756.31464
  20
326.11078
  42
0.41421356
  0
VERTEX
  5
115e
  8
Layer_18
  10
756.31802
  20
326.1153
  0
VERTEX
  5
115f
  8
Layer_18
  10
756.31894
  20
326.11652
  0
VERTEX
  5
1160
  8
Layer_18
  10
756.31981
  20
326.11768
  0
VERTEX
  5
1161
  8
Layer_18
  10
756.32066
  20
326.11882
  0
VERTEX
  5
1162
  8
Layer_18
  10
756.3208
  20
326.11899
  0
VERTEX
  5
1163
  8
Layer_18
  10
756.32022
  20
326.11833
  0
VERTEX
  5
1164
  8
Layer_18
  10
756.31963
  20
326.11767
  0
VERTEX
  5
1165
  8
Layer_18
  10
756.31828
  20
326.11612
  42
0.3879024
  0
VERTEX
  5
1166
  8
Layer_18
  10
756.31194
  20
326.10889
  0
VERTEX
  5
1167
  8
Layer_18
  10
756.30774
  20
326.10409
  0
VERTEX
  5
1168
  8
Layer_18
  10
756.30352
  20
326.09928
  42
0.00025237782
  0
VERTEX
  5
1169
  8
Layer_18
  10
756.29214
  20
326.0863
  0
VERTEX
  5
116a
  8
Layer_18
  10
756.2897
  20
326.08353
  0
VERTEX
  5
116b
  8
Layer_18
  10
756.28757
  20
326.08109
  0
VERTEX
  5
116c
  8
Layer_18
  10
756.2858
  20
326.07904
  42
-0.25076489
  0
VERTEX
  5
116d
  8
Layer_18
  10
756.2836
  20
326.07654
  0
VERTEX
  5
116e
  8
Layer_18
  10
756.28337
  20
326.07629
  0
VERTEX
  5
116f
  8
Layer_18
  10
756.28366
  20
326.07657
  0
VERTEX
  5
1170
  8
Layer_18
  10
756.28395
  20
326.07684
  0
VERTEX
  5
1171
  8
Layer_18
  10
756.28531
  20
326.07819
  0
VERTEX
  5
1172
  8
Layer_18
  10
756.28696
  20
326.07983
  0
VERTEX
  5
1173
  8
Layer_18
  10
756.28763
  20
326.08051
  0
VERTEX
  5
1174
  8
Layer_18
  10
756.28915
  20
326.08202
  0
VERTEX
  5
1175
  8
Layer_18
  10
756.29066
  20
326.08353
  0
VERTEX
  5
1176
  8
Layer_18
  10
756.29147
  20
326.08435
  0
VERTEX
  5
1177
  8
Layer_18
  10
756.2923
  20
326.08517
  0
VERTEX
  5
1178
  8
Layer_18
  10
756.29315
  20
326.086
  0
VERTEX
  5
1179
  8
Layer_18
  10
756.29399
  20
326.08685
  0
VERTEX
  5
117a
  8
Layer_18
  10
756.29483
  20
326.08768
  0
VERTEX
  5
117b
  8
Layer_18
  10
756.29609
  20
326.08893
  0
VERTEX
  5
117c
  8
Layer_18
  10
756.29732
  20
326.09016
  0
VERTEX
  5
117d
  8
Layer_18
  10
756.29813
  20
326.09094
  0
VERTEX
  5
117e
  8
Layer_18
  10
756.29889
  20
326.09174
  42
0.080611572
  0
VERTEX
  5
117f
  8
Layer_18
  10
756.30103
  20
326.09384
  42
-0.049388989
  0
VERTEX
  5
1180
  8
Layer_18
  10
756.30225
  20
326.09506
  0
VERTEX
  5
1181
  8
Layer_18
  10
756.30278
  20
326.09558
  0
VERTEX
  5
1182
  8
Layer_18
  10
756.30325
  20
326.09607
  0
VERTEX
  5
1183
  8
Layer_18
  10
756.30365
  20
326.09645
  0
VERTEX
  5
1184
  8
Layer_18
  10
756.30403
  20
326.09683
  0
VERTEX
  5
1185
  8
Layer_18
  10
756.30432
  20
326.09711
  0
VERTEX
  5
1186
  8
Layer_18
  10
756.30452
  20
326.09732
  0
VERTEX
  5
1187
  8
Layer_18
  10
756.30466
  20
326.09744
  0
SEQEND
  0
POLYLINE
  5
1189
  8
Layer_18
  62
13
  70
1
  66
1
  10
0
  20
0
  30
0
  0
VERTEX
  5
1189
  8
Layer_18
  10
756.26753
  20
326.05511
  42
0.017473278
  0
VERTEX
  5
118a
  8
Layer_18
  10
756.26912
  20
326.05725
  0
VERTEX
  5
118b
  8
Layer_18
  10
756.27002
  20
326.05847
  0
VERTEX
  5
118c
  8
Layer_18
  10
756.27107
  20
326.05984
  42
0.035489152
  0
VERTEX
  5
118d
  8
Layer_18
  10
756.27341
  20
326.06299
  0
VERTEX
  5
118e
  8
Layer_18
  10
756.27466
  20
326.06464
  0
VERTEX
  5
118f
  8
Layer_18
  10
756.27591
  20
326.06635
  42
-0.41421356
  0
VERTEX
  5
1190
  8
Layer_18
  10
756.28146
  20
326.07373
  0
VERTEX
  5
1191
  8
Layer_18
  10
756.28268
  20
326.07538
  0
VERTEX
  5
1192
  8
Layer_18
  10
756.28329
  20
326.0762
  42
0.080611572
  0
VERTEX
  5
1193
  8
Layer_18
  10
756.27902
  20
326.07129
  42
0.017215823
  0
VERTEX
  5
1194
  8
Layer_18
  10
756.27179
  20
326.06305
  0
VERTEX
  5
1195
  8
Layer_18
  10
756.26898
  20
326.05981
  42
-0.00057007844
  0
VERTEX
  5
1196
  8
Layer_18
  10
756.26312
  20
326.0531
  0
VERTEX
  5
1197
  8
Layer_18
  10
756.26019
  20
326.04977
  42
-0.035489152
  0
VERTEX
  5
1198
  8
Layer_18
  10
756.25229
  20
326.04071
  0
VERTEX
  5
1199
  8
Layer_18
  10
756.25017
  20
326.03827
  0
VERTEX
  5
119a
  8
Layer_18
  10
756.24838
  20
326.03625
  42
-0.66817864
  0
VERTEX
  5
119b
  8
Layer_18
  10
756.24619
  20
326.03375
  0
VERTEX
  5
119c
  8
Layer_18
  10
756.24588
  20
326.03339
  42
-0.010303805
  0
VERTEX
  5
119d
  8
Layer_18
  10
756.24628
  20
326.03375
  42
-0.34415073
  0
VERTEX
  5
119e
  8
Layer_18
  10
756.2469
  20
326.03442
  0
VERTEX
  5
119f
  8
Layer_18
  10
756.24731
  20
326.03482
  0
VERTEX
  5
11a0
  8
Layer_18
  10
756.2478
  20
326.03531
  0
VERTEX
  5
11a1
  8
Layer_18
  10
756.24834
  20
326.03583
  0
VERTEX
  5
11a2
  8
Layer_18
  10
756.24893
  20
326.03644
  42
0.14806874
  0
VERTEX
  5
11a3
  8
Layer_18
  10
756.25168
  20
326.03918
  42
-0.080611572
  0
VERTEX
  5
11a4
  8
Layer_18
  10
756.25327
  20
326.04077
  0
VERTEX
  5
11a5
  8
Layer_18
  10
756.25407
  20
326.04156
  0
VERTEX
  5
11a6
  8
Layer_18
  10
756.25491
  20
326.04242
  0
VERTEX
  5
11a7
  8
Layer_18
  10
756.25574
  20
326.04324
  0
VERTEX
  5
11a8
  8
Layer_18
  10
756.25659
  20
326.0441
  42
-0.41421356
  0
VERTEX
  5
11a9
  8
Layer_18
  10
756.25909
  20
326.0466
  0
VERTEX
  5
11aa
  8
Layer_18
  10
756.26067
  20
326.04817
  0
VERTEX
  5
11ab
  8
Layer_18
  10
756.26224
  20
326.04974
  0
VERTEX
  5
11ac
  8
Layer_18
  10
756.26294
  20
326.05044
  0
VERTEX
  5
11ad
  8
Layer_18
  10
756.26363
  20
326.05112
  0
VERTEX
  5
11ae
  8
Layer_18
  10
756.26425
  20
326.05176
  0
VERTEX
  5
11af
  8
Layer_18
  10
756.26485
  20
326.05234
  42
-0.19891237
  0
VERTEX
  5
11b0
  8
Layer_18
  10
756.26691
  20
326.05441
  0
VERTEX
  5
11b1
  8
Layer_18
  10
756.26712
  20
326.05463
  0
VERTEX
  5
11b2
  8
Layer_18
  10
756.26724
  20
326.05475
  0
SEQEND
  0
POLYLINE
  5
11b4
  8
Layer_18
  62
13
  70
1
  66
1
  10
0
  20
0
  30
0
  0
VERTEX
  5
11b4
  8
Layer_18
  10
756.2352
  20
326.02271
  0
VERTEX
  5
11b5
  8
Layer_18
  10
756.2356
  20
326.0231
  0
VERTEX
  5
11b6
  8
Layer_18
  10
756.23642
  20
326.02393
  0
VERTEX
  5
11b7
  8
Layer_18
  10
756.23703
  20
326.02454
  0
VERTEX
  5
11b8
  8
Layer_18
  10
756.23772
  20
326.02521
  0
VERTEX
  5
11b9
  8
Layer_18
  10
756.23892
  20
326.02642
  0
VERTEX
  5
11ba
  8
Layer_18
  10
756.24012
  20
326.02762
  42
0.19891237
  0
VERTEX
  5
11bb
  8
Layer_18
  10
756.2426
  20
326.03009
  0
VERTEX
  5
11bc
  8
Layer_18
  10
756.24336
  20
326.03088
  42
-0.080611572
  0
VERTEX
  5
11bd
  8
Layer_18
  10
756.24556
  20
326.03305
  0
VERTEX
  5
11be
  8
Layer_18
  10
756.2458
  20
326.03333
  0
VERTEX
  5
11bf
  8
Layer_18
  10
756.24588
  20
326.03339
  0
VERTEX
  5
11c0
  8
Layer_18
  10
756.24452
  20
326.03156
  0
VERTEX
  5
11c1
  8
Layer_18
  10
756.24315
  20
326.02972
  42
0.079307965
  0
VERTEX
  5
11c2
  8
Layer_18
  10
756.24097
  20
326.02682
  0
VERTEX
  5
11c3
  8
Layer_18
  10
756.23978
  20
326.02521
  42
0.033007632
  0
VERTEX
  5
11c4
  8
Layer_18
  10
756.23601
  20
326.02017
  0
VERTEX
  5
11c5
  8
Layer_18
  10
756.2348
  20
326.01855
  42
0.14806874
  0
VERTEX
  5
11c6
  8
Layer_18
  10
756.23172
  20
326.01443
  0
VERTEX
  5
11c7
  8
Layer_18
  10
756.23105
  20
326.01355
  0
VERTEX
  5
11c8
  8
Layer_18
  10
756.23038
  20
326.01266
  0
VERTEX
  5
11c9
  8
Layer_18
  10
756.23001
  20
326.01215
  0
VERTEX
  5
11ca
  8
Layer_18
  10
756.22989
  20
326.01199
  0
VERTEX
  5
11cb
  8
Layer_18
  10
756.2299
  20
326.01202
  0
VERTEX
  5
11cc
  8
Layer_18
  10
756.22993
  20
326.01208
  0
VERTEX
  5
11cd
  8
Layer_18
  10
756.23006
  20
326.01233
  0
VERTEX
  5
11ce
  8
Layer_18
  10
756.23038
  20
326.01297
  0
VERTEX
  5
11cf
  8
Layer_18
  10
756.23065
  20
326.01352
  42
-0.66817864
  0
VERTEX
  5
11d0
  8
Layer_18
  10
756.23096
  20
326.01416
  0
VERTEX
  5
11d1
  8
Layer_18
  10
756.23132
  20
326.01489
  42
0.32516379
  0
VERTEX
  5
11d2
  8
Layer_18
  10
756.23212
  20
326.01651
  0
VERTEX
  5
11d3
  8
Layer_18
  10
756.23233
  20
326.01691
  0
VERTEX
  5
11d4
  8
Layer_18
  10
756.23254
  20
326.01733
  0
VERTEX
  5
11d5
  8
Layer_18
  10
756.23275
  20
326.01776
  0
VERTEX
  5
11d6
  8
Layer_18
  10
756.23296
  20
326.01818
  0
VERTEX
  5
11d7
  8
Layer_18
  10
756.23315
  20
326.01862
  0
VERTEX
  5
11d8
  8
Layer_18
  10
756.23373
  20
326.01973
  0
VERTEX
  5
11d9
  8
Layer_18
  10
756.23428
  20
326.02086
  42
-0.11334495
  0
VERTEX
  5
11da
  8
Layer_18
  10
756.23471
  20
326.02173
  42
-0.161964
  0
VERTEX
  5
11db
  8
Layer_18
  10
756.23502
  20
326.02237
  0
VERTEX
  5
11dc
  8
Layer_18
  10
756.23509
  20
326.02249
  0
VERTEX
  5
11dd
  8
Layer_18
  10
756.23514
  20
326.02261
  0
VERTEX
  5
11de
  8
Layer_18
  10
756.23517
  20
326.02267
  0
SEQEND
  0
POLYLINE
  5
11e0
  8
Layer_18
  62
13
  70
1
  66
1
  10
0
  20
0
  30
0
  0
VERTEX
  5
11e0
  8
Layer_18
  10
756.2084
  20
325.99573
  42
-0.098387506
  0
VERTEX
  5
11e1
  8
Layer_18
  10
756.21292
  20
325.99921
  0
VERTEX
  5
11e2
  8
Layer_18
  10
756.21835
  20
326.0033
  42
-0.05282238
  0
VERTEX
  5
11e3
  8
Layer_18
  10
756.22331
  20
326.00705
  0
VERTEX
  5
11e4
  8
Layer_18
  10
756.22484
  20
326.00818
  42
-0.28407904
  0
VERTEX
  5
11e5
  8
Layer_18
  10
756.22745
  20
326.01016
  42
-0.018262171
  0
VERTEX
  5
11e6
  8
Layer_18
  10
756.22989
  20
326.01199
  0
VERTEX
  5
11e7
  8
Layer_18
  10
756.22968
  20
326.01178
  0
VERTEX
  5
11e8
  8
Layer_18
  10
756.22906
  20
326.01117
  0
VERTEX
  5
11e9
  8
Layer_18
  10
756.2281
  20
326.01019
  0
VERTEX
  5
11ea
  8
Layer_18
  10
756.22684
  20
326.00894
  0
VERTEX
  5
11eb
  8
Layer_18
  10
756.22531
  20
326.00742
  42
-0.022668854
  0
VERTEX
  5
11ec
  8
Layer_18
  10
756.22168
  20
326.00378
  0
VERTEX
  5
11ed
  8
Layer_18
  10
756.21967
  20
326.00177
  0
VERTEX
  5
11ee
  8
Layer_18
  10
756.21759
  20
325.99969
  0
VERTEX
  5
11ef
  8
Layer_18
  10
756.21548
  20
325.99759
  42
-0.23606798
  0
VERTEX
  5
11f0
  8
Layer_18
  10
756.2114
  20
325.9935
  0
VERTEX
  5
11f1
  8
Layer_18
  10
756.2095
  20
325.99161
  0
VERTEX
  5
11f2
  8
Layer_18
  10
756.20776
  20
325.98987
  0
VERTEX
  5
11f3
  8
Layer_18
  10
756.20624
  20
325.98834
  42
0.11643382
  0
VERTEX
  5
11f4
  8
Layer_18
  10
756.20401
  20
325.98611
  42
0.080611572
  0
VERTEX
  5
11f5
  8
Layer_18
  10
756.20322
  20
325.98535
  0
VERTEX
  5
11f6
  8
Layer_18
  10
756.20337
  20
325.98566
  0
VERTEX
  5
11f7
  8
Layer_18
  10
756.20355
  20
325.98599
  0
VERTEX
  5
11f8
  8
Layer_18
  10
756.20367
  20
325.98624
  0
VERTEX
  5
11f9
  8
Layer_18
  10
756.2038
  20
325.98651
  0
VERTEX
  5
11fa
  8
Layer_18
  10
756.20438
  20
325.98767
  0
VERTEX
  5
11fb
  8
Layer_18
  10
756.20502
  20
325.98895
  42
0.074763567
  0
VERTEX
  5
11fc
  8
Layer_18
  10
756.20584
  20
325.9906
  0
VERTEX
  5
11fd
  8
Layer_18
  10
756.20645
  20
325.99182
  0
VERTEX
  5
11fe
  8
Layer_18
  10
756.20686
  20
325.99265
  0
VERTEX
  5
11ff
  8
Layer_18
  10
756.20723
  20
325.99338
  42
-0.42646366
  0
VERTEX
  5
1200
  8
Layer_18
  10
756.20773
  20
325.99438
  0
VERTEX
  5
1201
  8
Layer_18
  10
756.20789
  20
325.99469
  0
VERTEX
  5
1202
  8
Layer_18
  10
756.20801
  20
325.99493
  42
-0.19891237
  0
VERTEX
  5
1203
  8
Layer_18
  10
756.20824
  20
325.99539
  0
SEQEND
  0
POLYLINE
  5
1205
  8
Layer_18
  62
13
  70
1
  66
1
  10
0
  20
0
  30
0
  0
VERTEX
  5
1205
  8
Layer_18
  10
756.19778
  20
325.9693
  42
0.080611572
  0
VERTEX
  5
1206
  8
Layer_18
  10
756.19797
  20
325.96979
  0
VERTEX
  5
1207
  8
Layer_18
  10
756.19815
  20
325.97037
  0
VERTEX
  5
1208
  8
Layer_18
  10
756.19841
  20
325.97113
  0
VERTEX
  5
1209
  8
Layer_18
  10
756.19872
  20
325.97205
  42
-0.0060964278
  0
VERTEX
  5
120a
  8
Layer_18
  10
756.19986
  20
325.9754
  0
VERTEX
  5
120b
  8
Layer_18
  10
756.20029
  20
325.97665
  42
-0.28248734
  0
VERTEX
  5
120c
  8
Layer_18
  10
756.20152
  20
325.98035
  0
VERTEX
  5
120d
  8
Layer_18
  10
756.20227
  20
325.98254
  0
VERTEX
  5
120e
  8
Layer_18
  10
756.20287
  20
325.98431
  0
VERTEX
  5
120f
  8
Layer_18
  10
756.20319
  20
325.98529
  42
0.027671365
  0
VERTEX
  5
1210
  8
Layer_18
  10
756.2019
  20
325.97897
  0
VERTEX
  5
1211
  8
Layer_18
  10
756.20154
  20
325.97705
  0
VERTEX
  5
1212
  8
Layer_18
  10
756.20113
  20
325.97504
  0
VERTEX
  5
1213
  8
Layer_18
  10
756.2007
  20
325.97296
  42
0.35751077
  0
VERTEX
  5
1214
  8
Layer_18
  10
756.19907
  20
325.96481
  0
VERTEX
  5
1215
  8
Layer_18
  10
756.19872
  20
325.96307
  0
VERTEX
  5
1216
  8
Layer_18
  10
756.19841
  20
325.96155
  0
VERTEX
  5
1217
  8
Layer_18
  10
756.19815
  20
325.9603
  42
-0.11643382
  0
VERTEX
  5
1218
  8
Layer_18
  10
756.19778
  20
325.9585
  0
VERTEX
  5
1219
  8
Layer_18
  10
756.19778
  20
325.9585
  0
VERTEX
  5
121a
  8
Layer_18
  10
756.19778
  20
325.95859
  0
VERTEX
  5
121b
  8
Layer_18
  10
756.19778
  20
325.95868
  0
VERTEX
  5
121c
  8
Layer_18
  10
756.19778
  20
325.95883
  0
VERTEX
  5
121d
  8
Layer_18
  10
756.19778
  20
325.95901
  0
VERTEX
  5
121e
  8
Layer_18
  10
756.19778
  20
325.95923
  0
VERTEX
  5
121f
  8
Layer_18
  10
756.19778
  20
325.95947
  0
VERTEX
  5
1220
  8
Layer_18
  10
756.19778
  20
325.95972
  0
VERTEX
  5
1221
  8
Layer_18
  10
756.19778
  20
325.96002
  0
VERTEX
  5
1222
  8
Layer_18
  10
756.19778
  20
325.96033
  0
VERTEX
  5
1223
  8
Layer_18
  10
756.19778
  20
325.96069
  0
VERTEX
  5
1224
  8
Layer_18
  10
756.19778
  20
325.96106
  0
VERTEX
  5
1225
  8
Layer_18
  10
756.19778
  20
325.96143
  0
VERTEX
  5
1226
  8
Layer_18
  10
756.19778
  20
325.96179
  0
VERTEX
  5
1227
  8
Layer_18
  10
756.19778
  20
325.96222
  0
VERTEX
  5
1228
  8
Layer_18
  10
756.19778
  20
325.96262
  0
VERTEX
  5
1229
  8
Layer_18
  10
756.19778
  20
325.96304
  0
VERTEX
  5
122a
  8
Layer_18
  10
756.19778
  20
325.96347
  0
VERTEX
  5
122b
  8
Layer_18
  10
756.19778
  20
325.9639
  0
VERTEX
  5
122c
  8
Layer_18
  10
756.19778
  20
325.96432
  0
VERTEX
  5
122d
  8
Layer_18
  10
756.19778
  20
325.96475
  0
VERTEX
  5
122e
  8
Layer_18
  10
756.19778
  20
325.96515
  0
VERTEX
  5
122f
  8
Layer_18
  10
756.19778
  20
325.96558
  0
VERTEX
  5
1230
  8
Layer_18
  10
756.19778
  20
325.96597
  0
VERTEX
  5
1231
  8
Layer_18
  10
756.19778
  20
325.96637
  0
VERTEX
  5
1232
  8
Layer_18
  10
756.19778
  20
325.96674
  0
VERTEX
  5
1233
  8
Layer_18
  10
756.19778
  20
325.9671
  0
VERTEX
  5
1234
  8
Layer_18
  10
756.19778
  20
325.96744
  0
VERTEX
  5
1235
  8
Layer_18
  10
756.19778
  20
325.96777
  0
VERTEX
  5
1236
  8
Layer_18
  10
756.19778
  20
325.96805
  0
VERTEX
  5
1237
  8
Layer_18
  10
756.19778
  20
325.96832
  0
VERTEX
  5
1238
  8
Layer_18
  10
756.19778
  20
325.96857
  0
VERTEX
  5
1239
  8
Layer_18
  10
756.19778
  20
325.96878
  0
VERTEX
  5
123a
  8
Layer_18
  10
756.19778
  20
325.96896
  0
VERTEX
  5
123b
  8
Layer_18
  10
756.19778
  20
325.96912
  0
VERTEX
  5
123c
  8
Layer_18
  10
756.19778
  20
325.96921
  0
VERTEX
  5
123d
  8
Layer_18
  10
756.19778
  20
325.96927
  0
SEQEND
  0
POLYLINE
  5
123f
  8
Layer_18
  62
13
  66
1
  10
0
  20
0
  30
0
  0
VERTEX
  5
123f
  8
Layer_18
  10
756.19249
  20
325.94788
  0
VERTEX
  5
1240
  8
Layer_18
  10
756.19254
  20
325.94797
  0
VERTEX
  5
1241
  8
Layer_18
  10
756.19266
  20
325.94821
  0
VERTEX
  5
1242
  8
Layer_18
  10
756.19284
  20
325.94861
  42
-0.049388989
  0
VERTEX
  5
1243
  8
Layer_18
  10
756.19452
  20
325.95197
  0
VERTEX
  5
1244
  8
Layer_18
  10
756.19493
  20
325.95276
  0
VERTEX
  5
1245
  8
Layer_18
  10
756.19534
  20
325.95361
  0
VERTEX
  5
1246
  8
Layer_18
  10
756.19595
  20
325.9548
  0
VERTEX
  5
1247
  8
Layer_18
  10
756.19654
  20
325.95599
  0
VERTEX
  5
1248
  8
Layer_18
  10
756.19688
  20
325.95667
  42
-0.44762964
  0
VERTEX
  5
1249
  8
Layer_18
  10
756.19771
  20
325.95831
  42
-0.15313086
  0
VERTEX
  5
124a
  8
Layer_18
  10
756.19745
  20
325.95801
  0
VERTEX
  5
124b
  8
Layer_18
  10
756.19708
  20
325.95743
  42
-0.45641201
  0
VERTEX
  5
124c
  8
Layer_18
  10
756.19595
  20
325.95575
  0
VERTEX
  5
124d
  8
Layer_18
  10
756.19525
  20
325.95474
  42
0.080611572
  0
VERTEX
  5
124e
  8
Layer_18
  10
756.1937
  20
325.95239
  0
VERTEX
  5
124f
  8
Layer_18
  10
756.19202
  20
325.94992
  0
VERTEX
  5
1250
  8
Layer_18
  10
756.18935
  20
325.94595
  0
VERTEX
  5
1251
  8
Layer_18
  10
756.18744
  20
325.94312
  0
VERTEX
  5
1252
  8
Layer_18
  10
756.1871
  20
325.9426
  0
VERTEX
  5
1253
  8
Layer_18
  10
756.18713
  20
325.94263
  0
VERTEX
  5
1254
  8
Layer_18
  10
756.18719
  20
325.94269
  0
VERTEX
  5
1255
  8
Layer_18
  10
756.18726
  20
325.94275
  0
VERTEX
  5
1256
  8
Layer_18
  10
756.18735
  20
325.94284
  0
VERTEX
  5
1257
  8
Layer_18
  10
756.18745
  20
325.94293
  0
VERTEX
  5
1258
  8
Layer_18
  10
756.18788
  20
325.94336
  0
VERTEX
  5
1259
  8
Layer_18
  10
756.18835
  20
325.94385
  0
VERTEX
  5
125a
  8
Layer_18
  10
756.18855
  20
325.94403
  0
VERTEX
  5
125b
  8
Layer_18
  10
756.18906
  20
325.94452
  0
VERTEX
  5
125c
  8
Layer_18
  10
756.18979
  20
325.94525
  42
-0.20382004
  0
VERTEX
  5
125d
  8
Layer_18
  10
756.19139
  20
325.94681
  0
VERTEX
  5
125e
  8
Layer_18
  10
756.19156
  20
325.94699
  0
VERTEX
  5
125f
  8
Layer_18
  10
756.19173
  20
325.94714
  0
VERTEX
  5
1260
  8
Layer_18
  10
756.19186
  20
325.9473
  0
VERTEX
  5
1261
  8
Layer_18
  10
756.19202
  20
325.94742
  0
VERTEX
  5
1262
  8
Layer_18
  10
756.19214
  20
325.94754
  0
VERTEX
  5
1263
  8
Layer_18
  10
756.19223
  20
325.94763
  0
VERTEX
  5
1264
  8
Layer_18
  10
756.19232
  20
325.94772
  0
VERTEX
  5
1265
  8
Layer_18
  10
756.19238
  20
325.94781
  0
VERTEX
  5
1266
  8
Layer_18
  10
756.19244
  20
325.94785
  0
VERTEX
  5
1267
  8
Layer_18
  10
756.18704
  20
325.9425
  42
0.16227766
  0
VERTEX
  5
1268
  8
Layer_18
  10
756.18584
  20
325.94003
  0
VERTEX
  5
1269
  8
Layer_18
  10
756.18546
  20
325.93927
  42
0.11643382
  0
VERTEX
  5
126a
  8
Layer_18
  10
756.18465
  20
325.93762
  0
VERTEX
  5
126b
  8
Layer_18
  10
756.18423
  20
325.93677
  42
-0.19891237
  0
VERTEX
  5
126c
  8
Layer_18
  10
756.1824
  20
325.93304
  42
-0.28407904
  0
VERTEX
  5
126d
  8
Layer_18
  10
756.18179
  20
325.93179
  0
VERTEX
  5
126e
  8
Layer_18
  10
756.18178
  20
325.93176
  0
VERTEX
  5
126f
  8
Layer_18
  10
756.18169
  20
325.9317
  0
VERTEX
  5
1270
  8
Layer_18
  10
756.18155
  20
325.93155
  0
VERTEX
  5
1271
  8
Layer_18
  10
756.18143
  20
325.93143
  42
0.039999593
  0
VERTEX
  5
1272
  8
Layer_18
  10
756.18036
  20
325.93036
  42
0.20382004
  0
VERTEX
  5
1273
  8
Layer_18
  10
756.17976
  20
325.92975
  0
VERTEX
  5
1274
  8
Layer_18
  10
756.17935
  20
325.92935
  0
VERTEX
  5
1275
  8
Layer_18
  10
756.17914
  20
325.92914
  42
-0.0099950046
  0
VERTEX
  5
1276
  8
Layer_18
  10
756.17709
  20
325.92712
  42
-0.0083304417
  0
VERTEX
  5
1277
  8
Layer_18
  10
756.17657
  20
325.92657
  0
VERTEX
  5
1278
  8
Layer_18
  10
756.17688
  20
325.92709
  42
-0.0069304885
  0
VERTEX
  5
1279
  8
Layer_18
  10
756.17899
  20
325.9303
  42
0.11643382
  0
VERTEX
  5
127a
  8
Layer_18
  10
756.18459
  20
325.93878
  0
VERTEX
  5
127b
  8
Layer_18
  10
756.18527
  20
325.93982
  0
SEQEND
  0
POLYLINE
  5
127d
  8
Layer_18
  62
13
  66
1
  10
0
  20
0
  30
0
  0
VERTEX
  5
127d
  8
Layer_18
  10
756.16589
  20
325.91599
  0
VERTEX
  5
127e
  8
Layer_18
  10
756.16605
  20
325.91614
  0
VERTEX
  5
127f
  8
Layer_18
  10
756.1664
  20
325.9165
  42
0.0130324
  0
VERTEX
  5
1280
  8
Layer_18
  10
756.16705
  20
325.91711
  0
VERTEX
  5
1281
  8
Layer_18
  10
756.16742
  20
325.91748
  0
VERTEX
  5
1282
  8
Layer_18
  10
756.16762
  20
325.91769
  0
VERTEX
  5
1283
  8
Layer_18
  10
756.16803
  20
325.91809
  0
VERTEX
  5
1284
  8
Layer_18
  10
756.16864
  20
325.9187
  0
VERTEX
  5
1285
  8
Layer_18
  10
756.16907
  20
325.9191
  0
VERTEX
  5
1286
  8
Layer_18
  10
756.16927
  20
325.91931
  0
VERTEX
  5
1287
  8
Layer_18
  10
756.16946
  20
325.91949
  0
VERTEX
  5
1288
  8
Layer_18
  10
756.16966
  20
325.91968
  0
VERTEX
  5
1289
  8
Layer_18
  10
756.16984
  20
325.91986
  0
VERTEX
  5
128a
  8
Layer_18
  10
756.17001
  20
325.92004
  0
VERTEX
  5
128b
  8
Layer_18
  10
756.17018
  20
325.9202
  0
VERTEX
  5
128c
  8
Layer_18
  10
756.17072
  20
325.92072
  0
VERTEX
  5
128d
  8
Layer_18
  10
756.17108
  20
325.92108
  0
VERTEX
  5
128e
  8
Layer_18
  10
756.17114
  20
325.92114
  42
0.21894367
  0
VERTEX
  5
128f
  8
Layer_18
  10
756.17171
  20
325.92169
  42
-0.41421356
  0
VERTEX
  5
1290
  8
Layer_18
  10
756.17401
  20
325.92401
  42
0.47328482
  0
VERTEX
  5
1291
  8
Layer_18
  10
756.17484
  20
325.92484
  0
VERTEX
  5
1292
  8
Layer_18
  10
756.17522
  20
325.92523
  0
VERTEX
  5
1293
  8
Layer_18
  10
756.17557
  20
325.92557
  0
VERTEX
  5
1294
  8
Layer_18
  10
756.17587
  20
325.92587
  42
-0.11643382
  0
VERTEX
  5
1295
  8
Layer_18
  10
756.17633
  20
325.92633
  0
VERTEX
  5
1296
  8
Layer_18
  10
756.17645
  20
325.92645
  0
VERTEX
  5
1297
  8
Layer_18
  10
756.17648
  20
325.92648
  0
VERTEX
  5
1298
  8
Layer_18
  10
756.17641
  20
325.92639
  0
VERTEX
  5
1299
  8
Layer_18
  10
756.17616
  20
325.92615
  0
VERTEX
  5
129a
  8
Layer_18
  10
756.17578
  20
325.92578
  42
-0.016643577
  0
VERTEX
  5
129b
  8
Layer_18
  10
756.17465
  20
325.92468
  0
VERTEX
  5
129c
  8
Layer_18
  10
756.17397
  20
325.92398
  42
-0.0018939054
  0
VERTEX
  5
129d
  8
Layer_18
  10
756.17239
  20
325.92242
  0
VERTEX
  5
129e
  8
Layer_18
  10
756.17156
  20
325.92161
  0
VERTEX
  5
129f
  8
Layer_18
  10
756.17072
  20
325.92078
  0
VERTEX
  5
12a0
  8
Layer_18
  10
756.16989
  20
325.91995
  42
0.1305202
  0
VERTEX
  5
12a1
  8
Layer_18
  10
756.16702
  20
325.91711
  0
VERTEX
  5
12a2
  8
Layer_18
  10
756.1665
  20
325.9166
  0
VERTEX
  5
12a3
  8
Layer_18
  10
756.16612
  20
325.91623
  0
VERTEX
  5
12a4
  8
Layer_18
  10
756.16588
  20
325.91599
  0
VERTEX
  5
12a5
  8
Layer_18
  10
756.16579
  20
325.91589
  0
VERTEX
  5
12a6
  8
Layer_18
  10
756.15997
  20
325.91296
  0
VERTEX
  5
12a7
  8
Layer_18
  10
756.1616
  20
325.9138
  0
VERTEX
  5
12a8
  8
Layer_18
  10
756.16324
  20
325.91462
  42
-0.19891237
  0
VERTEX
  5
12a9
  8
Layer_18
  10
756.16455
  20
325.91528
  42
0.32282281
  0
VERTEX
  5
12aa
  8
Layer_18
  10
756.16547
  20
325.91571
  0
VERTEX
  5
12ab
  8
Layer_18
  10
756.16571
  20
325.91583
  0
VERTEX
  5
12ac
  8
Layer_18
  10
756.16554
  20
325.91571
  42
0.0073509545
  0
VERTEX
  5
12ad
  8
Layer_18
  10
756.16302
  20
325.91406
  0
VERTEX
  5
12ae
  8
Layer_18
  10
756.16199
  20
325.91336
  0
VERTEX
  5
12af
  8
Layer_18
  10
756.16084
  20
325.9126
  0
VERTEX
  5
12b0
  8
Layer_18
  10
756.15964
  20
325.9118
  0
VERTEX
  5
12b1
  8
Layer_18
  10
756.15837
  20
325.91095
  42
-0.017215823
  0
VERTEX
  5
12b2
  8
Layer_18
  10
756.15585
  20
325.9093
  0
VERTEX
  5
12b3
  8
Layer_18
  10
756.15269
  20
325.9072
  0
VERTEX
  5
12b4
  8
Layer_18
  10
756.15018
  20
325.90552
  0
VERTEX
  5
12b5
  8
Layer_18
  10
756.14981
  20
325.90527
  0
VERTEX
  5
12b6
  8
Layer_18
  10
756.14951
  20
325.90518
  0
VERTEX
  5
12b7
  8
Layer_18
  10
756.14978
  20
325.90527
  0
VERTEX
  5
12b8
  8
Layer_18
  10
756.14993
  20
325.90546
  0
VERTEX
  5
12b9
  8
Layer_18
  10
756.15005
  20
325.90555
  0
VERTEX
  5
12ba
  8
Layer_18
  10
756.15016
  20
325.90567
  0
VERTEX
  5
12bb
  8
Layer_18
  10
756.1503
  20
325.90579
  0
VERTEX
  5
12bc
  8
Layer_18
  10
756.15045
  20
325.90594
  0
VERTEX
  5
12bd
  8
Layer_18
  10
756.1506
  20
325.9061
  0
VERTEX
  5
12be
  8
Layer_18
  10
756.15076
  20
325.90625
  0
VERTEX
  5
12bf
  8
Layer_18
  10
756.15104
  20
325.90654
  0
VERTEX
  5
12c0
  8
Layer_18
  10
756.15132
  20
325.90682
  0
VERTEX
  5
12c1
  8
Layer_18
  10
756.15152
  20
325.90701
  42
0.066661492
  0
VERTEX
  5
12c2
  8
Layer_18
  10
756.15375
  20
325.90924
  0
VERTEX
  5
12c3
  8
Layer_18
  10
756.15408
  20
325.90958
  42
-0.32043593
  0
VERTEX
  5
12c4
  8
Layer_18
  10
756.15474
  20
325.91025
  0
VERTEX
  5
12c5
  8
Layer_18
  10
756.15482
  20
325.91034
  42
-0.095414572
  0
VERTEX
  5
12c6
  8
Layer_18
  10
756.15572
  20
325.91086
  0
VERTEX
  5
12c7
  8
Layer_18
  10
756.14844
  20
325.90515
  0
VERTEX
  5
12c8
  8
Layer_18
  10
756.14877
  20
325.90518
  0
VERTEX
  5
12c9
  8
Layer_18
  10
756.14908
  20
325.90518
  0
VERTEX
  5
12ca
  8
Layer_18
  10
756.14951
  20
325.90518
  0
VERTEX
  5
12cb
  8
Layer_18
  10
756.14957
  20
325.90518
  0
VERTEX
  5
12cc
  8
Layer_18
  10
756.1492
  20
325.90518
  42
0.41421356
  0
VERTEX
  5
12cd
  8
Layer_18
  10
756.14786
  20
325.90518
  0
VERTEX
  5
12ce
  8
Layer_18
  10
756.14694
  20
325.90518
  0
VERTEX
  5
12cf
  8
Layer_18
  10
756.1459
  20
325.90515
  0
VERTEX
  5
12d0
  8
Layer_18
  10
756.14478
  20
325.90515
  0
VERTEX
  5
12d1
  8
Layer_18
  10
756.14357
  20
325.90515
  0
VERTEX
  5
12d2
  8
Layer_18
  10
756.14232
  20
325.90515
  0
VERTEX
  5
12d3
  8
Layer_18
  10
756.14105
  20
325.90515
  0
VERTEX
  5
12d4
  8
Layer_18
  10
756.13864
  20
325.90512
  0
VERTEX
  5
12d5
  8
Layer_18
  10
756.13643
  20
325.90509
  0
VERTEX
  5
12d6
  8
Layer_18
  10
756.13553
  20
325.90509
  0
VERTEX
  5
12d7
  8
Layer_18
  10
756.13466
  20
325.9051
  0
VERTEX
  5
12d8
  8
Layer_18
  10
756.13382
  20
325.90509
  0
VERTEX
  5
12d9
  8
Layer_18
  10
756.1337
  20
325.90509
  0
VERTEX
  5
12da
  8
Layer_18
  10
756.13371
  20
325.90509
  0
VERTEX
  5
12db
  8
Layer_18
  10
756.13377
  20
325.90509
  0
VERTEX
  5
12dc
  8
Layer_18
  10
756.13388
  20
325.90509
  0
VERTEX
  5
12dd
  8
Layer_18
  10
756.13402
  20
325.90509
  0
VERTEX
  5
12de
  8
Layer_18
  10
756.13419
  20
325.90509
  0
VERTEX
  5
12df
  8
Layer_18
  10
756.1344
  20
325.90509
  0
VERTEX
  5
12e0
  8
Layer_18
  10
756.13464
  20
325.90509
  0
VERTEX
  5
12e1
  8
Layer_18
  10
756.13492
  20
325.90509
  0
VERTEX
  5
12e2
  8
Layer_18
  10
756.13521
  20
325.90509
  0
VERTEX
  5
12e3
  8
Layer_18
  10
756.13553
  20
325.90509
  0
VERTEX
  5
12e4
  8
Layer_18
  10
756.13586
  20
325.90509
  0
VERTEX
  5
12e5
  8
Layer_18
  10
756.13622
  20
325.90509
  0
VERTEX
  5
12e6
  8
Layer_18
  10
756.1366
  20
325.90509
  0
VERTEX
  5
12e7
  8
Layer_18
  10
756.13698
  20
325.90509
  0
VERTEX
  5
12e8
  8
Layer_18
  10
756.13737
  20
325.90509
  0
VERTEX
  5
12e9
  8
Layer_18
  10
756.13779
  20
325.90509
  0
VERTEX
  5
12ea
  8
Layer_18
  10
756.1382
  20
325.90509
  0
VERTEX
  5
12eb
  8
Layer_18
  10
756.13861
  20
325.90509
  0
VERTEX
  5
12ec
  8
Layer_18
  10
756.13904
  20
325.90509
  0
VERTEX
  5
12ed
  8
Layer_18
  10
756.13947
  20
325.90509
  0
VERTEX
  5
12ee
  8
Layer_18
  10
756.13989
  20
325.90509
  0
VERTEX
  5
12ef
  8
Layer_18
  10
756.14029
  20
325.90509
  0
VERTEX
  5
12f0
  8
Layer_18
  10
756.1407
  20
325.90509
  0
VERTEX
  5
12f1
  8
Layer_18
  10
756.14111
  20
325.90509
  0
VERTEX
  5
12f2
  8
Layer_18
  10
756.14148
  20
325.90509
  0
VERTEX
  5
12f3
  8
Layer_18
  10
756.14186
  20
325.90509
  0
VERTEX
  5
12f4
  8
Layer_18
  10
756.14221
  20
325.90509
  0
VERTEX
  5
12f5
  8
Layer_18
  10
756.14255
  20
325.90509
  0
VERTEX
  5
12f6
  8
Layer_18
  10
756.14288
  20
325.90509
  0
VERTEX
  5
12f7
  8
Layer_18
  10
756.14316
  20
325.90509
  0
VERTEX
  5
12f8
  8
Layer_18
  10
756.14343
  20
325.90509
  0
VERTEX
  5
12f9
  8
Layer_18
  10
756.14368
  20
325.90509
  0
VERTEX
  5
12fa
  8
Layer_18
  10
756.14389
  20
325.90509
  0
VERTEX
  5
12fb
  8
Layer_18
  10
756.14406
  20
325.90509
  0
VERTEX
  5
12fc
  8
Layer_18
  10
756.1442
  20
325.90509
  0
VERTEX
  5
12fd
  8
Layer_18
  10
756.1443
  20
325.90509
  0
VERTEX
  5
12fe
  8
Layer_18
  10
756.14438
  20
325.90509
  0
VERTEX
  5
12ff
  8
Layer_18
  10
756.14438
  20
325.90509
  0
VERTEX
  5
1300
  8
Layer_18
  10
756.14444
  20
325.90509
  0
VERTEX
  5
1301
  8
Layer_18
  10
756.14456
  20
325.90509
  0
VERTEX
  5
1302
  8
Layer_18
  10
756.1451
  20
325.90511
  0
VERTEX
  5
1303
  8
Layer_18
  10
756.14565
  20
325.90511
  0
SEQEND
  0
POLYLINE
  5
1305
  8
Layer_18
  62
13
  70
1
  66
1
  10
0
  20
0
  30
0
  0
VERTEX
  5
1305
  8
Layer_18
  10
756.1283
  20
325.90518
  0
VERTEX
  5
1306
  8
Layer_18
  10
756.12833
  20
325.90518
  0
VERTEX
  5
1307
  8
Layer_18
  10
756.12845
  20
325.90518
  42
0.39168814
  0
VERTEX
  5
1308
  8
Layer_18
  10
756.13199
  20
325.90512
  0
VERTEX
  5
1309
  8
Layer_18
  10
756.13307
  20
325.90509
  42
0.41421356
  0
VERTEX
  5
130a
  8
Layer_18
  10
756.13364
  20
325.90509
  0
VERTEX
  5
130b
  8
Layer_18
  10
756.1337
  20
325.90509
  0
VERTEX
  5
130c
  8
Layer_18
  10
756.13356
  20
325.90509
  0
VERTEX
  5
130d
  8
Layer_18
  10
756.13319
  20
325.90509
  0
VERTEX
  5
130e
  8
Layer_18
  10
756.13261
  20
325.90509
  0
VERTEX
  5
130f
  8
Layer_18
  10
756.13185
  20
325.90509
  0
VERTEX
  5
1310
  8
Layer_18
  10
756.13092
  20
325.90509
  0
VERTEX
  5
1311
  8
Layer_18
  10
756.12988
  20
325.90509
  0
VERTEX
  5
1312
  8
Layer_18
  10
756.12875
  20
325.90509
  0
VERTEX
  5
1313
  8
Layer_18
  10
756.12753
  20
325.90509
  0
VERTEX
  5
1314
  8
Layer_18
  10
756.12628
  20
325.90509
  0
VERTEX
  5
1315
  8
Layer_18
  10
756.125
  20
325.90509
  0
VERTEX
  5
1316
  8
Layer_18
  10
756.12375
  20
325.90509
  0
VERTEX
  5
1317
  8
Layer_18
  10
756.12253
  20
325.90509
  0
VERTEX
  5
1318
  8
Layer_18
  10
756.1214
  20
325.90509
  0
VERTEX
  5
1319
  8
Layer_18
  10
756.12035
  20
325.90509
  0
VERTEX
  5
131a
  8
Layer_18
  10
756.11943
  20
325.90509
  0
VERTEX
  5
131b
  8
Layer_18
  10
756.11867
  20
325.90509
  0
VERTEX
  5
131c
  8
Layer_18
  10
756.11809
  20
325.90509
  0
VERTEX
  5
131d
  8
Layer_18
  10
756.11772
  20
325.90509
  0
VERTEX
  5
131e
  8
Layer_18
  10
756.11758
  20
325.90509
  0
VERTEX
  5
131f
  8
Layer_18
  10
756.11761
  20
325.90509
  0
VERTEX
  5
1320
  8
Layer_18
  10
756.11768
  20
325.90509
  0
VERTEX
  5
1321
  8
Layer_18
  10
756.11778
  20
325.90509
  0
VERTEX
  5
1322
  8
Layer_18
  10
756.11794
  20
325.90509
  0
VERTEX
  5
1323
  8
Layer_18
  10
756.1181
  20
325.9051
  0
VERTEX
  5
1324
  8
Layer_18
  10
756.11887
  20
325.90509
  0
VERTEX
  5
1325
  8
Layer_18
  10
756.11975
  20
325.90512
  42
-0.19891237
  0
VERTEX
  5
1326
  8
Layer_18
  10
756.12048
  20
325.90512
  0
VERTEX
  5
1327
  8
Layer_18
  10
756.12233
  20
325.90515
  0
VERTEX
  5
1328
  8
Layer_18
  10
756.12421
  20
325.90515
  0
VERTEX
  5
1329
  8
Layer_18
  10
756.1246
  20
325.90515
  0
VERTEX
  5
132a
  8
Layer_18
  10
756.12519
  20
325.90516
  0
VERTEX
  5
132b
  8
Layer_18
  10
756.12576
  20
325.90517
  0
VERTEX
  5
132c
  8
Layer_18
  10
756.12613
  20
325.90518
  0
VERTEX
  5
132d
  8
Layer_18
  10
756.12677
  20
325.90518
  0
VERTEX
  5
132e
  8
Layer_18
  10
756.12733
  20
325.90518
  0
VERTEX
  5
132f
  8
Layer_18
  10
756.12776
  20
325.90518
  0
VERTEX
  5
1330
  8
Layer_18
  10
756.1281
  20
325.90518
  0
VERTEX
  5
1331
  8
Layer_18
  10
756.1282
  20
325.90518
  0
VERTEX
  5
1332
  8
Layer_18
  10
756.12827
  20
325.90518
  0
SEQEND
  0
POLYLINE
  5
1334
  8
Layer_18
  62
13
  70
1
  66
1
  10
0
  20
0
  30
0
  0
VERTEX
  5
1334
  8
Layer_18
  10
756.10159
  20
325.9104
  42
0.0061468298
  0
VERTEX
  5
1335
  8
Layer_18
  10
756.10696
  20
325.90509
  0
VERTEX
  5
1336
  8
Layer_18
  10
756.10722
  20
325.90509
  0
VERTEX
  5
1337
  8
Layer_18
  10
756.1076
  20
325.90509
  0
VERTEX
  5
1338
  8
Layer_18
  10
756.10812
  20
325.90509
  0
VERTEX
  5
1339
  8
Layer_18
  10
756.10873
  20
325.90509
  0
VERTEX
  5
133a
  8
Layer_18
  10
756.10941
  20
325.90509
  0
VERTEX
  5
133b
  8
Layer_18
  10
756.11017
  20
325.90509
  0
VERTEX
  5
133c
  8
Layer_18
  10
756.11099
  20
325.90509
  0
VERTEX
  5
133d
  8
Layer_18
  10
756.11182
  20
325.90509
  0
VERTEX
  5
133e
  8
Layer_18
  10
756.11267
  20
325.90509
  0
VERTEX
  5
133f
  8
Layer_18
  10
756.11349
  20
325.90509
  0
VERTEX
  5
1340
  8
Layer_18
  10
756.1143
  20
325.90509
  0
VERTEX
  5
1341
  8
Layer_18
  10
756.11505
  20
325.90509
  0
VERTEX
  5
1342
  8
Layer_18
  10
756.11575
  20
325.90509
  0
VERTEX
  5
1343
  8
Layer_18
  10
756.11636
  20
325.90509
  0
VERTEX
  5
1344
  8
Layer_18
  10
756.11688
  20
325.90509
  0
VERTEX
  5
1345
  8
Layer_18
  10
756.11725
  20
325.90509
  0
VERTEX
  5
1346
  8
Layer_18
  10
756.11749
  20
325.90509
  0
VERTEX
  5
1347
  8
Layer_18
  10
756.11734
  20
325.90518
  0
VERTEX
  5
1348
  8
Layer_18
  10
756.11652
  20
325.90546
  0
VERTEX
  5
1349
  8
Layer_18
  10
756.11575
  20
325.9057
  0
VERTEX
  5
134a
  8
Layer_18
  10
756.11422
  20
325.90621
  0
VERTEX
  5
134b
  8
Layer_18
  10
756.11267
  20
325.90672
  42
0.0023416146
  0
VERTEX
  5
134c
  8
Layer_18
  10
756.10538
  20
325.90915
  42
-0.11643382
  0
VERTEX
  5
134d
  8
Layer_18
  10
756.10342
  20
325.90979
  0
VERTEX
  5
134e
  8
Layer_18
  10
756.10266
  20
325.91003
  0
VERTEX
  5
134f
  8
Layer_18
  10
756.10208
  20
325.91022
  0
VERTEX
  5
1350
  8
Layer_18
  10
756.10172
  20
325.91034
  0
SEQEND
  0
POLYLINE
  5
1352
  8
Layer_18
  62
13
  70
1
  66
1
  10
0
  20
0
  30
0
  0
VERTEX
  5
1352
  8
Layer_18
  10
756.09512
  20
325.9158
  42
-0.078620177
  0
VERTEX
  5
1353
  8
Layer_18
  10
756.09656
  20
325.91544
  0
VERTEX
  5
1354
  8
Layer_18
  10
756.09701
  20
325.91497
  0
VERTEX
  5
1355
  8
Layer_18
  10
756.09747
  20
325.91452
  42
-0.55753652
  0
VERTEX
  5
1356
  8
Layer_18
  10
756.09827
  20
325.91373
  0
VERTEX
  5
1357
  8
Layer_18
  10
756.09868
  20
325.9133
  0
VERTEX
  5
1358
  8
Layer_18
  10
756.09911
  20
325.91287
  0
VERTEX
  5
1359
  8
Layer_18
  10
756.09952
  20
325.91248
  42
0.41421356
  0
VERTEX
  5
135a
  8
Layer_18
  10
756.10031
  20
325.91168
  0
VERTEX
  5
135b
  8
Layer_18
  10
756.10066
  20
325.91132
  0
VERTEX
  5
135c
  8
Layer_18
  10
756.1012
  20
325.91077
  0
VERTEX
  5
135d
  8
Layer_18
  10
756.10155
  20
325.91043
  0
VERTEX
  5
135e
  8
Layer_18
  10
756.10159
  20
325.9104
  0
VERTEX
  5
135f
  8
Layer_18
  10
756.1015
  20
325.91043
  42
-0.19891237
  0
VERTEX
  5
1360
  8
Layer_18
  10
756.10088
  20
325.91077
  0
VERTEX
  5
1361
  8
Layer_18
  10
756.10032
  20
325.91105
  0
VERTEX
  5
1362
  8
Layer_18
  10
756.09975
  20
325.91133
  0
VERTEX
  5
1363
  8
Layer_18
  10
756.09906
  20
325.91168
  42
0.66817864
  0
VERTEX
  5
1364
  8
Layer_18
  10
756.0975
  20
325.91251
  0
VERTEX
  5
1365
  8
Layer_18
  10
756.09583
  20
325.91336
  42
0.0055961385
  0
VERTEX
  5
1366
  8
Layer_18
  10
756.09341
  20
325.91461
  0
VERTEX
  5
1367
  8
Layer_18
  10
756.09271
  20
325.91495
  42
0.1572015
  0
VERTEX
  5
1368
  8
Layer_18
  10
756.09129
  20
325.91568
  0
VERTEX
  5
1369
  8
Layer_18
  10
756.09088
  20
325.91589
  0
VERTEX
  5
136a
  8
Layer_18
  10
756.09091
  20
325.91589
  0
VERTEX
  5
136b
  8
Layer_18
  10
756.09094
  20
325.91589
  0
VERTEX
  5
136c
  8
Layer_18
  10
756.09106
  20
325.91589
  0
VERTEX
  5
136d
  8
Layer_18
  10
756.09125
  20
325.91589
  0
VERTEX
  5
136e
  8
Layer_18
  10
756.09145
  20
325.91588
  0
VERTEX
  5
136f
  8
Layer_18
  10
756.09164
  20
325.91588
  0
VERTEX
  5
1370
  8
Layer_18
  10
756.09247
  20
325.91586
  0
VERTEX
  5
1371
  8
Layer_18
  10
756.09395
  20
325.91583
  0
VERTEX
  5
1372
  8
Layer_18
  10
756.09476
  20
325.91583
  0
VERTEX
  5
1373
  8
Layer_18
  10
756.09494
  20
325.91583
  0
SEQEND
  0
POLYLINE
  5
1375
  8
Layer_18
  62
13
  70
1
  66
1
  10
0
  20
0
  30
0
  0
VERTEX
  5
1375
  8
Layer_18
  10
756.07489
  20
325.92649
  0
VERTEX
  5
1376
  8
Layer_18
  10
756.07734
  20
325.92486
  0
VERTEX
  5
1377
  8
Layer_18
  10
756.0798
  20
325.92323
  0
VERTEX
  5
1378
  8
Layer_18
  10
756.08103
  20
325.92243
  0
VERTEX
  5
1379
  8
Layer_18
  10
756.08226
  20
325.92161
  0
VERTEX
  5
137a
  8
Layer_18
  10
756.08353
  20
325.92078
  0
VERTEX
  5
137b
  8
Layer_18
  10
756.0873
  20
325.91827
  0
VERTEX
  5
137c
  8
Layer_18
  10
756.09039
  20
325.91623
  0
VERTEX
  5
137d
  8
Layer_18
  10
756.09064
  20
325.91605
  0
VERTEX
  5
137e
  8
Layer_18
  10
756.09089
  20
325.91589
  42
-0.19891237
  0
VERTEX
  5
137f
  8
Layer_18
  10
756.09006
  20
325.91638
  42
-0.41421356
  0
VERTEX
  5
1380
  8
Layer_18
  10
756.08067
  20
325.92197
  42
0.41421356
  0
VERTEX
  5
1381
  8
Layer_18
  10
756.07648
  20
325.92447
  0
VERTEX
  5
1382
  8
Layer_18
  10
756.0744
  20
325.92572
  0
VERTEX
  5
1383
  8
Layer_18
  10
756.07239
  20
325.92691
  0
VERTEX
  5
1384
  8
Layer_18
  10
756.0705
  20
325.92804
  0
VERTEX
  5
1385
  8
Layer_18
  10
756.06876
  20
325.92908
  42
-0.024650119
  0
VERTEX
  5
1386
  8
Layer_18
  10
756.06502
  20
325.9313
  0
VERTEX
  5
1387
  8
Layer_18
  10
756.06441
  20
325.93167
  0
VERTEX
  5
1388
  8
Layer_18
  10
756.06418
  20
325.93179
  0
VERTEX
  5
1389
  8
Layer_18
  10
756.06421
  20
325.93176
  0
VERTEX
  5
138a
  8
Layer_18
  10
756.06427
  20
325.93176
  0
VERTEX
  5
138b
  8
Layer_18
  10
756.06438
  20
325.9317
  0
VERTEX
  5
138c
  8
Layer_18
  10
756.06451
  20
325.93164
  0
VERTEX
  5
138d
  8
Layer_18
  10
756.06493
  20
325.93143
  42
0.32660833
  0
VERTEX
  5
138e
  8
Layer_18
  10
756.06636
  20
325.93073
  0
VERTEX
  5
138f
  8
Layer_18
  10
756.06692
  20
325.93044
  0
VERTEX
  5
1390
  8
Layer_18
  10
756.06747
  20
325.93016
  42
0.41421356
  0
VERTEX
  5
1391
  8
Layer_18
  10
756.06912
  20
325.92935
  0
VERTEX
  5
1392
  8
Layer_18
  10
756.06955
  20
325.92914
  0
VERTEX
  5
1393
  8
Layer_18
  10
756.06996
  20
325.92892
  0
VERTEX
  5
1394
  8
Layer_18
  10
756.07037
  20
325.92871
  0
VERTEX
  5
1395
  8
Layer_18
  10
756.0708
  20
325.92853
  42
0.19891237
  0
VERTEX
  5
1396
  8
Layer_18
  10
756.07159
  20
325.92813
  42
-0.19891237
  0
VERTEX
  5
1397
  8
Layer_18
  10
756.07236
  20
325.92773
  0
VERTEX
  5
1398
  8
Layer_18
  10
756.07272
  20
325.92755
  0
VERTEX
  5
1399
  8
Layer_18
  10
756.07306
  20
325.9274
  0
VERTEX
  5
139a
  8
Layer_18
  10
756.07336
  20
325.92725
  0
VERTEX
  5
139b
  8
Layer_18
  10
756.07367
  20
325.92709
  42
-0.19891237
  0
VERTEX
  5
139c
  8
Layer_18
  10
756.07437
  20
325.92676
  0
VERTEX
  5
139d
  8
Layer_18
  10
756.07468
  20
325.92661
  0
VERTEX
  5
139e
  8
Layer_18
  10
756.07486
  20
325.92651
  0
VERTEX
  5
139f
  8
Layer_18
  10
756.07489
  20
325.92648
  0
SEQEND
  0
POLYLINE
  5
13a1
  8
Layer_18
  62
13
  70
1
  66
1
  10
0
  20
0
  30
0
  0
VERTEX
  5
13a1
  8
Layer_18
  10
756.03749
  20
325.9425
  42
0.0012395841
  0
VERTEX
  5
13a2
  8
Layer_18
  10
756.05357
  20
325.93179
  0
VERTEX
  5
13a3
  8
Layer_18
  10
756.05382
  20
325.93179
  0
VERTEX
  5
13a4
  8
Layer_18
  10
756.0542
  20
325.93179
  0
VERTEX
  5
13a5
  8
Layer_18
  10
756.05472
  20
325.93179
  0
VERTEX
  5
13a6
  8
Layer_18
  10
756.05533
  20
325.93179
  0
VERTEX
  5
13a7
  8
Layer_18
  10
756.05602
  20
325.93179
  0
VERTEX
  5
13a8
  8
Layer_18
  10
756.05678
  20
325.93179
  0
VERTEX
  5
13a9
  8
Layer_18
  10
756.05759
  20
325.93179
  0
VERTEX
  5
13aa
  8
Layer_18
  10
756.05841
  20
325.93179
  0
VERTEX
  5
13ab
  8
Layer_18
  10
756.05927
  20
325.93179
  0
VERTEX
  5
13ac
  8
Layer_18
  10
756.06009
  20
325.93179
  0
VERTEX
  5
13ad
  8
Layer_18
  10
756.06091
  20
325.93179
  0
VERTEX
  5
13ae
  8
Layer_18
  10
756.06166
  20
325.93179
  0
VERTEX
  5
13af
  8
Layer_18
  10
756.06235
  20
325.93179
  0
VERTEX
  5
13b0
  8
Layer_18
  10
756.06296
  20
325.93179
  0
VERTEX
  5
13b1
  8
Layer_18
  10
756.06348
  20
325.93179
  0
VERTEX
  5
13b2
  8
Layer_18
  10
756.06386
  20
325.93179
  0
VERTEX
  5
13b3
  8
Layer_18
  10
756.0641
  20
325.93179
  0
VERTEX
  5
13b4
  8
Layer_18
  10
756.06418
  20
325.93179
  0
VERTEX
  5
13b5
  8
Layer_18
  10
756.06396
  20
325.93188
  0
VERTEX
  5
13b6
  8
Layer_18
  10
756.06335
  20
325.93213
  0
VERTEX
  5
13b7
  8
Layer_18
  10
756.06241
  20
325.9325
  42
0.066661492
  0
VERTEX
  5
13b8
  8
Layer_18
  10
756.0519
  20
325.93671
  0
VERTEX
  5
13b9
  8
Layer_18
  10
756.04979
  20
325.93756
  42
-0.41421356
  0
VERTEX
  5
13ba
  8
Layer_18
  10
756.03928
  20
325.94177
  0
VERTEX
  5
13bb
  8
Layer_18
  10
756.03831
  20
325.94217
  0
VERTEX
  5
13bc
  8
Layer_18
  10
756.0377
  20
325.94241
  0
SEQEND
  0
POLYLINE
  5
13be
  8
Layer_18
  62
13
  70
1
  66
1
  10
0
  20
0
  30
0
  0
VERTEX
  5
13be
  8
Layer_18
  10
756.00407
  20
325.95374
  0
VERTEX
  5
13bf
  8
Layer_18
  10
756.00592
  20
325.95313
  42
0.078169165
  0
VERTEX
  5
13c0
  8
Layer_18
  10
756.00766
  20
325.95251
  0
VERTEX
  5
13c1
  8
Layer_18
  10
756.00813
  20
325.95236
  0
VERTEX
  5
13c2
  8
Layer_18
  10
756.00983
  20
325.9518
  0
VERTEX
  5
13c3
  8
Layer_18
  10
756.01151
  20
325.95123
  0
VERTEX
  5
13c4
  8
Layer_18
  10
756.01214
  20
325.95101
  0
VERTEX
  5
13c5
  8
Layer_18
  10
756.01276
  20
325.95081
  0
VERTEX
  5
13c6
  8
Layer_18
  10
756.0134
  20
325.95059
  0
VERTEX
  5
13c7
  8
Layer_18
  10
756.01553
  20
325.94986
  0
VERTEX
  5
13c8
  8
Layer_18
  10
756.01761
  20
325.94916
  42
-0.41421356
  0
VERTEX
  5
13c9
  8
Layer_18
  10
756.01865
  20
325.94882
  0
VERTEX
  5
13ca
  8
Layer_18
  10
756.01912
  20
325.94867
  0
VERTEX
  5
13cb
  8
Layer_18
  10
756.01956
  20
325.94852
  0
VERTEX
  5
13cc
  8
Layer_18
  10
756.01996
  20
325.94836
  0
VERTEX
  5
13cd
  8
Layer_18
  10
756.02032
  20
325.94824
  42
0.79141832
  0
VERTEX
  5
13ce
  8
Layer_18
  10
756.0209
  20
325.94806
  0
VERTEX
  5
13cf
  8
Layer_18
  10
756.0211
  20
325.948
  0
VERTEX
  5
13d0
  8
Layer_18
  10
756.02127
  20
325.94794
  0
VERTEX
  5
13d1
  8
Layer_18
  10
756.02136
  20
325.94791
  0
VERTEX
  5
13d2
  8
Layer_18
  10
756.02139
  20
325.94788
  0
VERTEX
  5
13d3
  8
Layer_18
  10
756.02151
  20
325.94785
  0
VERTEX
  5
13d4
  8
Layer_18
  10
756.02188
  20
325.94772
  42
0.19891237
  0
VERTEX
  5
13d5
  8
Layer_18
  10
756.02322
  20
325.94727
  0
VERTEX
  5
13d6
  8
Layer_18
  10
756.02414
  20
325.94696
  42
-0.41421356
  0
VERTEX
  5
13d7
  8
Layer_18
  10
756.02634
  20
325.94623
  0
VERTEX
  5
13d8
  8
Layer_18
  10
756.02756
  20
325.94583
  42
-0.28407904
  0
VERTEX
  5
13d9
  8
Layer_18
  10
756.03369
  20
325.94376
  0
VERTEX
  5
13da
  8
Layer_18
  10
756.03473
  20
325.94342
  0
VERTEX
  5
13db
  8
Layer_18
  10
756.03564
  20
325.94312
  0
VERTEX
  5
13dc
  8
Layer_18
  10
756.03633
  20
325.94288
  0
VERTEX
  5
13dd
  8
Layer_18
  10
756.03699
  20
325.94266
  0
VERTEX
  5
13de
  8
Layer_18
  10
756.03735
  20
325.94254
  0
VERTEX
  5
13df
  8
Layer_18
  10
756.03749
  20
325.9425
  42
-0.41421356
  0
VERTEX
  5
13e0
  8
Layer_18
  10
756.02762
  20
325.9458
  42
-0.35751077
  0
VERTEX
  5
13e1
  8
Layer_18
  10
756.02271
  20
325.94745
  0
VERTEX
  5
13e2
  8
Layer_18
  10
756.02017
  20
325.9483
  0
VERTEX
  5
13e3
  8
Layer_18
  10
756.01767
  20
325.94916
  0
VERTEX
  5
13e4
  8
Layer_18
  10
756.01526
  20
325.94998
  0
VERTEX
  5
13e5
  8
Layer_18
  10
756.01297
  20
325.95074
  42
0.10157008
  0
VERTEX
  5
13e6
  8
Layer_18
  10
756.00906
  20
325.95206
  0
VERTEX
  5
13e7
  8
Layer_18
  10
756.00754
  20
325.95258
  0
VERTEX
  5
13e8
  8
Layer_18
  10
756.00638
  20
325.95294
  0
VERTEX
  5
13e9
  8
Layer_18
  10
756.00565
  20
325.95322
  0
VERTEX
  5
13ea
  8
Layer_18
  10
756.00539
  20
325.95331
  0
VERTEX
  5
13eb
  8
Layer_18
  10
756.00522
  20
325.95337
  0
VERTEX
  5
13ec
  8
Layer_18
  10
756.00473
  20
325.95361
  0
VERTEX
  5
13ed
  8
Layer_18
  10
756.00385
  20
325.95405
  0
VERTEX
  5
13ee
  8
Layer_18
  10
756.00294
  20
325.95451
  42
-0.035489152
  0
VERTEX
  5
13ef
  8
Layer_18
  10
755.99719
  20
325.95734
  0
VERTEX
  5
13f0
  8
Layer_18
  10
755.99554
  20
325.95819
  42
0.14806874
  0
VERTEX
  5
13f1
  8
Layer_18
  10
755.98643
  20
325.96268
  0
VERTEX
  5
13f2
  8
Layer_18
  10
755.98541
  20
325.9632
  42
0.080611572
  0
VERTEX
  5
13f3
  8
Layer_18
  10
755.98398
  20
325.9639
  0
VERTEX
  5
13f4
  8
Layer_18
  10
755.98401
  20
325.96387
  0
VERTEX
  5
13f5
  8
Layer_18
  10
755.98404
  20
325.96387
  0
VERTEX
  5
13f6
  8
Layer_18
  10
755.98409
  20
325.96381
  0
VERTEX
  5
13f7
  8
Layer_18
  10
755.98428
  20
325.96361
  0
VERTEX
  5
13f8
  8
Layer_18
  10
755.98447
  20
325.96342
  0
VERTEX
  5
13f9
  8
Layer_18
  10
755.98459
  20
325.96329
  0
VERTEX
  5
13fa
  8
Layer_18
  10
755.98508
  20
325.9628
  0
VERTEX
  5
13fb
  8
Layer_18
  10
755.98563
  20
325.96228
  0
VERTEX
  5
13fc
  8
Layer_18
  10
755.98633
  20
325.96155
  0
VERTEX
  5
13fd
  8
Layer_18
  10
755.98706
  20
325.96082
  0
VERTEX
  5
13fe
  8
Layer_18
  10
755.98726
  20
325.96063
  42
-0.66817864
  0
VERTEX
  5
13ff
  8
Layer_18
  10
755.98767
  20
325.96021
  0
VERTEX
  5
1400
  8
Layer_18
  10
755.98785
  20
325.96002
  0
VERTEX
  5
1401
  8
Layer_18
  10
755.98804
  20
325.95984
  0
VERTEX
  5
1402
  8
Layer_18
  10
755.98822
  20
325.95966
  0
VERTEX
  5
1403
  8
Layer_18
  10
755.98837
  20
325.9595
  0
VERTEX
  5
1404
  8
Layer_18
  10
755.98854
  20
325.95935
  0
VERTEX
  5
1405
  8
Layer_18
  10
755.98868
  20
325.9592
  0
VERTEX
  5
1406
  8
Layer_18
  10
755.98892
  20
325.95895
  0
VERTEX
  5
1407
  8
Layer_18
  10
755.98914
  20
325.95874
  0
VERTEX
  5
1408
  8
Layer_18
  10
755.9892
  20
325.95868
  0
VERTEX
  5
1409
  8
Layer_18
  10
755.98926
  20
325.95862
  0
VERTEX
  5
140a
  8
Layer_18
  10
755.98929
  20
325.95862
  0
VERTEX
  5
140b
  8
Layer_18
  10
755.98929
  20
325.95859
  0
VERTEX
  5
140c
  8
Layer_18
  10
755.98941
  20
325.95856
  42
-0.031098768
  0
VERTEX
  5
140d
  8
Layer_18
  10
755.99205
  20
325.9577
  0
VERTEX
  5
140e
  8
Layer_18
  10
755.9931
  20
325.95734
  0
VERTEX
  5
140f
  8
Layer_18
  10
755.99423
  20
325.95697
  0
VERTEX
  5
1410
  8
Layer_18
  10
755.99545
  20
325.95657
  0
VERTEX
  5
1411
  8
Layer_18
  10
755.9967
  20
325.95615
  0
VERTEX
  5
1412
  8
Layer_18
  10
755.99799
  20
325.95575
  42
0.79141832
  0
VERTEX
  5
1413
  8
Layer_18
  10
756.00044
  20
325.95493
  0
VERTEX
  5
1414
  8
Layer_18
  10
756.00159
  20
325.95453
  0
SEQEND
  0
POLYLINE
  5
1416
  8
Layer_18
  62
13
  70
1
  66
1
  10
0
  20
0
  30
0
  0
VERTEX
  5
1416
  8
Layer_18
  10
755.9733
  20
325.9693
  42
0.0020510264
  0
VERTEX
  5
1417
  8
Layer_18
  10
755.97873
  20
325.9639
  0
VERTEX
  5
1418
  8
Layer_18
  10
755.97885
  20
325.9639
  0
VERTEX
  5
1419
  8
Layer_18
  10
755.97903
  20
325.9639
  0
VERTEX
  5
141a
  8
Layer_18
  10
755.97929
  20
325.9639
  0
VERTEX
  5
141b
  8
Layer_18
  10
755.9796
  20
325.9639
  0
VERTEX
  5
141c
  8
Layer_18
  10
755.97995
  20
325.9639
  0
VERTEX
  5
141d
  8
Layer_18
  10
755.98032
  20
325.9639
  0
VERTEX
  5
141e
  8
Layer_18
  10
755.98071
  20
325.9639
  0
VERTEX
  5
141f
  8
Layer_18
  10
755.98114
  20
325.9639
  0
VERTEX
  5
1420
  8
Layer_18
  10
755.98155
  20
325.9639
  0
VERTEX
  5
1421
  8
Layer_18
  10
755.98196
  20
325.9639
  0
VERTEX
  5
1422
  8
Layer_18
  10
755.98236
  20
325.9639
  0
VERTEX
  5
1423
  8
Layer_18
  10
755.98273
  20
325.9639
  0
VERTEX
  5
1424
  8
Layer_18
  10
755.98308
  20
325.9639
  0
VERTEX
  5
1425
  8
Layer_18
  10
755.98338
  20
325.9639
  0
VERTEX
  5
1426
  8
Layer_18
  10
755.98364
  20
325.9639
  0
VERTEX
  5
1427
  8
Layer_18
  10
755.98383
  20
325.9639
  0
VERTEX
  5
1428
  8
Layer_18
  10
755.98395
  20
325.9639
  0
VERTEX
  5
1429
  8
Layer_18
  10
755.98398
  20
325.9639
  0
VERTEX
  5
142a
  8
Layer_18
  10
755.9839
  20
325.96393
  42
0.080611572
  0
VERTEX
  5
142b
  8
Layer_18
  10
755.98276
  20
325.96451
  42
0.93967839
  0
VERTEX
  5
142c
  8
Layer_18
  10
755.98071
  20
325.96555
  0
VERTEX
  5
142d
  8
Layer_18
  10
755.97906
  20
325.96637
  42
0.11734539
  0
VERTEX
  5
142e
  8
Layer_18
  10
755.97658
  20
325.96765
  0
VERTEX
  5
142f
  8
Layer_18
  10
755.97516
  20
325.96835
  0
VERTEX
  5
1430
  8
Layer_18
  10
755.974
  20
325.96893
  42
0.080611572
  0
VERTEX
  5
1431
  8
Layer_18
  10
755.97337
  20
325.96924
  0
SEQEND
  0
POLYLINE
  5
1433
  8
Layer_18
  62
13
  70
1
  66
1
  10
0
  20
0
  30
0
  0
VERTEX
  5
1433
  8
Layer_18
  10
755.96265
  20
325.96933
  0
VERTEX
  5
1434
  8
Layer_18
  10
755.96301
  20
325.9693
  0
VERTEX
  5
1435
  8
Layer_18
  10
755.96341
  20
325.9693
  0
VERTEX
  5
1436
  8
Layer_18
  10
755.9639
  20
325.9693
  0
VERTEX
  5
1437
  8
Layer_18
  10
755.96451
  20
325.9693
  0
VERTEX
  5
1438
  8
Layer_18
  10
755.96519
  20
325.9693
  0
VERTEX
  5
1439
  8
Layer_18
  10
755.96594
  20
325.9693
  0
VERTEX
  5
143a
  8
Layer_18
  10
755.96674
  20
325.9693
  0
VERTEX
  5
143b
  8
Layer_18
  10
755.96758
  20
325.9693
  0
VERTEX
  5
143c
  8
Layer_18
  10
755.96841
  20
325.9693
  0
VERTEX
  5
143d
  8
Layer_18
  10
755.96924
  20
325.9693
  0
VERTEX
  5
143e
  8
Layer_18
  10
755.97003
  20
325.9693
  0
VERTEX
  5
143f
  8
Layer_18
  10
755.97079
  20
325.9693
  0
VERTEX
  5
1440
  8
Layer_18
  10
755.97147
  20
325.9693
  0
VERTEX
  5
1441
  8
Layer_18
  10
755.97208
  20
325.9693
  0
VERTEX
  5
1442
  8
Layer_18
  10
755.97258
  20
325.9693
  0
VERTEX
  5
1443
  8
Layer_18
  10
755.97296
  20
325.9693
  0
VERTEX
  5
1444
  8
Layer_18
  10
755.97321
  20
325.9693
  0
VERTEX
  5
1445
  8
Layer_18
  10
755.9733
  20
325.9693
  0
VERTEX
  5
1446
  8
Layer_18
  10
755.97311
  20
325.96933
  0
VERTEX
  5
1447
  8
Layer_18
  10
755.97263
  20
325.96945
  0
VERTEX
  5
1448
  8
Layer_18
  10
755.97186
  20
325.96967
  0
VERTEX
  5
1449
  8
Layer_18
  10
755.97086
  20
325.96991
  0
VERTEX
  5
144a
  8
Layer_18
  10
755.96964
  20
325.97021
  0
VERTEX
  5
144b
  8
Layer_18
  10
755.96826
  20
325.97055
  0
VERTEX
  5
144c
  8
Layer_18
  10
755.9667
  20
325.97093
  0
VERTEX
  5
144d
  8
Layer_18
  10
755.96514
  20
325.97132
  42
-0.061049191
  0
VERTEX
  5
144e
  8
Layer_18
  10
755.96017
  20
325.97256
  0
VERTEX
  5
144f
  8
Layer_18
  10
755.95703
  20
325.97333
  42
0.41421356
  0
VERTEX
  5
1450
  8
Layer_18
  10
755.95442
  20
325.974
  0
VERTEX
  5
1451
  8
Layer_18
  10
755.95341
  20
325.97424
  0
VERTEX
  5
1452
  8
Layer_18
  10
755.95264
  20
325.97443
  0
VERTEX
  5
1453
  8
Layer_18
  10
755.95216
  20
325.97455
  0
VERTEX
  5
1454
  8
Layer_18
  10
755.952
  20
325.97461
  0
VERTEX
  5
1455
  8
Layer_18
  10
755.95201
  20
325.97458
  0
VERTEX
  5
1456
  8
Layer_18
  10
755.95207
  20
325.97455
  0
VERTEX
  5
1457
  8
Layer_18
  10
755.95244
  20
325.97437
  0
VERTEX
  5
1458
  8
Layer_18
  10
755.95294
  20
325.97412
  0
VERTEX
  5
1459
  8
Layer_18
  10
755.95369
  20
325.97375
  0
VERTEX
  5
145a
  8
Layer_18
  10
755.95451
  20
325.97333
  0
VERTEX
  5
145b
  8
Layer_18
  10
755.95528
  20
325.97296
  0
VERTEX
  5
145c
  8
Layer_18
  10
755.95609
  20
325.97256
  0
VERTEX
  5
145d
  8
Layer_18
  10
755.9565
  20
325.97235
  42
0.19891237
  0
VERTEX
  5
145e
  8
Layer_18
  10
755.95734
  20
325.97192
  42
0.41421356
  0
VERTEX
  5
145f
  8
Layer_18
  10
755.95901
  20
325.97113
  42
-0.14806874
  0
VERTEX
  5
1460
  8
Layer_18
  10
755.96051
  20
325.97037
  0
VERTEX
  5
1461
  8
Layer_18
  10
755.96085
  20
325.97021
  0
VERTEX
  5
1462
  8
Layer_18
  10
755.96118
  20
325.97003
  0
VERTEX
  5
1463
  8
Layer_18
  10
755.96146
  20
325.96991
  0
VERTEX
  5
1464
  8
Layer_18
  10
755.96173
  20
325.96976
  0
VERTEX
  5
1465
  8
Layer_18
  10
755.96216
  20
325.96954
  0
SEQEND
  0
POLYLINE
  5
1467
  8
Layer_18
  62
13
  70
1
  66
1
  10
0
  20
0
  30
0
  0
VERTEX
  5
1467
  8
Layer_18
  10
755.92519
  20
325.97998
  42
0.00086598648
  0
VERTEX
  5
1468
  8
Layer_18
  10
755.94128
  20
325.97461
  0
VERTEX
  5
1469
  8
Layer_18
  10
755.94153
  20
325.97461
  0
VERTEX
  5
146a
  8
Layer_18
  10
755.94191
  20
325.97461
  0
VERTEX
  5
146b
  8
Layer_18
  10
755.94241
  20
325.97461
  0
VERTEX
  5
146c
  8
Layer_18
  10
755.94304
  20
325.97461
  0
VERTEX
  5
146d
  8
Layer_18
  10
755.94374
  20
325.97461
  0
VERTEX
  5
146e
  8
Layer_18
  10
755.9445
  20
325.97461
  0
VERTEX
  5
146f
  8
Layer_18
  10
755.94531
  20
325.97461
  0
VERTEX
  5
1470
  8
Layer_18
  10
755.94617
  20
325.97461
  0
VERTEX
  5
1471
  8
Layer_18
  10
755.94702
  20
325.97461
  0
VERTEX
  5
1472
  8
Layer_18
  10
755.94786
  20
325.97461
  0
VERTEX
  5
1473
  8
Layer_18
  10
755.94867
  20
325.97461
  0
VERTEX
  5
1474
  8
Layer_18
  10
755.94943
  20
325.97461
  0
VERTEX
  5
1475
  8
Layer_18
  10
755.95013
  20
325.97461
  0
VERTEX
  5
1476
  8
Layer_18
  10
755.95074
  20
325.97461
  0
VERTEX
  5
1477
  8
Layer_18
  10
755.95126
  20
325.97461
  0
VERTEX
  5
1478
  8
Layer_18
  10
755.95166
  20
325.97461
  0
VERTEX
  5
1479
  8
Layer_18
  10
755.9519
  20
325.97461
  0
VERTEX
  5
147a
  8
Layer_18
  10
755.952
  20
325.97461
  0
VERTEX
  5
147b
  8
Layer_18
  10
755.95178
  20
325.97464
  0
VERTEX
  5
147c
  8
Layer_18
  10
755.95117
  20
325.97476
  0
VERTEX
  5
147d
  8
Layer_18
  10
755.9502
  20
325.97495
  0
VERTEX
  5
147e
  8
Layer_18
  10
755.94893
  20
325.97522
  42
0.88444338
  0
VERTEX
  5
147f
  8
Layer_18
  10
755.94174
  20
325.97665
  0
VERTEX
  5
1480
  8
Layer_18
  10
755.93964
  20
325.97708
  0
VERTEX
  5
1481
  8
Layer_18
  10
755.93753
  20
325.97751
  42
-0.28407904
  0
VERTEX
  5
1482
  8
Layer_18
  10
755.93152
  20
325.9787
  0
VERTEX
  5
1483
  8
Layer_18
  10
755.92978
  20
325.97906
  0
VERTEX
  5
1484
  8
Layer_18
  10
755.92839
  20
325.97935
  0
VERTEX
  5
1485
  8
Layer_18
  10
755.92699
  20
325.97963
  0
VERTEX
  5
1486
  8
Layer_18
  10
755.92603
  20
325.97983
  0
VERTEX
  5
1487
  8
Layer_18
  10
755.92542
  20
325.97995
  0
SEQEND
  0
POLYLINE
  5
1489
  8
Layer_18
  62
13
  66
1
  10
0
  20
0
  30
0
  0
VERTEX
  5
1489
  8
Layer_18
  10
755.88779
  20
325.97998
  0
VERTEX
  5
148a
  8
Layer_18
  10
755.8931
  20
325.97998
  0
VERTEX
  5
148b
  8
Layer_18
  10
755.82898
  20
326.02798
  0
VERTEX
  5
148c
  8
Layer_18
  10
755.77019
  20
326.0708
  0
VERTEX
  5
148d
  8
Layer_18
  10
755.7168
  20
326.11899
  0
VERTEX
  5
148e
  8
Layer_18
  10
755.60989
  20
326.2045
  0
VERTEX
  5
148f
  8
Layer_18
  10
755.4281
  20
326.3595
  0
VERTEX
  5
1490
  8
Layer_18
  10
755.42279
  20
326.35938
  0
VERTEX
  5
1491
  8
Layer_18
  10
755.28918
  20
326.24188
  0
VERTEX
  5
1492
  8
Layer_18
  10
755.28918
  20
326.16168
  0
VERTEX
  5
1493
  8
Layer_18
  10
755.46019
  20
326.01199
  0
VERTEX
  5
1494
  8
Layer_18
  10
755.5885
  20
325.88379
  0
VERTEX
  5
1495
  8
Layer_18
  10
755.61519
  20
325.8624
  0
VERTEX
  5
1496
  8
Layer_18
  10
755.642
  20
325.8356
  0
VERTEX
  5
1497
  8
Layer_18
  10
755.64729
  20
325.82489
  0
VERTEX
  5
1498
  8
Layer_18
  10
755.65268
  20
325.81958
  0
VERTEX
  5
1499
  8
Layer_18
  10
755.66869
  20
325.8089
  0
VERTEX
  5
149a
  8
Layer_18
  10
755.7168
  20
325.75549
  0
VERTEX
  5
149b
  8
Layer_18
  10
755.72209
  20
325.75009
  0
VERTEX
  5
149c
  8
Layer_18
  10
755.72209
  20
325.73938
  0
VERTEX
  5
149d
  8
Layer_18
  10
755.72749
  20
325.7287
  0
VERTEX
  5
149e
  8
Layer_18
  10
755.73279
  20
325.72339
  0
VERTEX
  5
149f
  8
Layer_18
  10
755.73279
  20
325.71271
  0
VERTEX
  5
14a0
  8
Layer_18
  10
755.75418
  20
325.69128
  0
VERTEX
  5
14a1
  8
Layer_18
  10
755.76489
  20
325.68597
  0
VERTEX
  5
14a2
  8
Layer_18
  10
755.77019
  20
325.67529
  0
VERTEX
  5
14a3
  8
Layer_18
  10
755.78629
  20
325.66458
  0
VERTEX
  5
14a4
  8
Layer_18
  10
755.7916
  20
325.65918
  0
VERTEX
  5
14a5
  8
Layer_18
  10
755.80229
  20
325.65399
  0
VERTEX
  5
14a6
  8
Layer_18
  10
755.80769
  20
325.62189
  0
VERTEX
  5
14a7
  8
Layer_18
  10
755.80769
  20
325.5524
  0
VERTEX
  5
14a8
  8
Layer_18
  10
755.80229
  20
325.5416
  0
VERTEX
  5
14a9
  8
Layer_18
  10
755.80229
  20
325.53101
  0
VERTEX
  5
14aa
  8
Layer_18
  10
755.79689
  20
325.52029
  0
VERTEX
  5
14ab
  8
Layer_18
  10
755.79689
  20
325.5043
  0
VERTEX
  5
14ac
  8
Layer_18
  10
755.7916
  20
325.4989
  0
VERTEX
  5
14ad
  8
Layer_18
  10
755.78619
  20
325.48819
  0
VERTEX
  5
14ae
  8
Layer_18
  10
755.78629
  20
325.47748
  0
VERTEX
  5
14af
  8
Layer_18
  10
755.77559
  20
325.45618
  0
VERTEX
  5
14b0
  8
Layer_18
  10
755.75418
  20
325.43478
  0
VERTEX
  5
14b1
  8
Layer_18
  10
755.74878
  20
325.42398
  0
VERTEX
  5
14b2
  8
Layer_18
  10
755.73279
  20
325.41339
  0
VERTEX
  5
14b3
  8
Layer_18
  10
755.66869
  20
325.38129
  0
VERTEX
  5
14b4
  8
Layer_18
  10
755.65799
  20
325.38129
  0
VERTEX
  5
14b5
  8
Layer_18
  10
755.64729
  20
325.37598
  0
VERTEX
  5
14b6
  8
Layer_18
  10
755.6312
  20
325.37589
  0
VERTEX
  5
14b7
  8
Layer_18
  10
755.62048
  20
325.37061
  0
VERTEX
  5
14b8
  8
Layer_18
  10
755.51898
  20
325.2316
  0
VERTEX
  5
14b9
  8
Layer_18
  10
755.51898
  20
325.21558
  0
VERTEX
  5
14ba
  8
Layer_18
  10
755.52429
  20
325.2049
  0
VERTEX
  5
14bb
  8
Layer_18
  10
755.52429
  20
325.19418
  0
VERTEX
  5
14bc
  8
Layer_18
  10
755.5351
  20
325.17279
  0
VERTEX
  5
14bd
  8
Layer_18
  10
755.54039
  20
325.16748
  0
VERTEX
  5
14be
  8
Layer_18
  10
755.55109
  20
325.14609
  0
VERTEX
  5
14bf
  8
Layer_18
  10
755.5564
  20
325.14081
  0
VERTEX
  5
14c0
  8
Layer_18
  10
755.56709
  20
325.13538
  0
VERTEX
  5
14c1
  8
Layer_18
  10
755.57239
  20
325.12469
  0
VERTEX
  5
14c2
  8
Layer_18
  10
755.57779
  20
325.11938
  0
VERTEX
  5
14c3
  8
Layer_18
  10
755.5885
  20
325.11398
  0
VERTEX
  5
14c4
  8
Layer_18
  10
755.59378
  20
325.1087
  0
VERTEX
  5
14c5
  8
Layer_18
  10
755.65799
  20
325.07669
  0
VERTEX
  5
14c6
  8
Layer_18
  10
755.67398
  20
325.0766
  0
VERTEX
  5
14c7
  8
Layer_18
  10
755.68469
  20
325.07129
  0
VERTEX
  5
14c8
  8
Layer_18
  10
755.70068
  20
325.06589
  0
VERTEX
  5
14c9
  8
Layer_18
  10
755.71149
  20
325.06061
  0
VERTEX
  5
14ca
  8
Layer_18
  10
755.83438
  20
325.1889
  0
VERTEX
  5
14cb
  8
Layer_18
  10
755.83969
  20
325.19958
  0
VERTEX
  5
14cc
  8
Layer_18
  10
755.83969
  20
325.21558
  0
VERTEX
  5
14cd
  8
Layer_18
  10
755.85039
  20
325.237
  0
VERTEX
  5
14ce
  8
Layer_18
  10
755.85049
  20
325.24768
  0
VERTEX
  5
14cf
  8
Layer_18
  10
755.86639
  20
325.27979
  0
VERTEX
  5
14d0
  8
Layer_18
  10
755.86639
  20
325.2851
  0
VERTEX
  5
14d1
  8
Layer_18
  10
755.8718
  20
325.29578
  0
VERTEX
  5
14d2
  8
Layer_18
  10
755.87709
  20
325.30109
  0
VERTEX
  5
14d3
  8
Layer_18
  10
755.88249
  20
325.3118
  0
VERTEX
  5
14d4
  8
Layer_18
  10
755.88779
  20
325.3172
  0
VERTEX
  5
14d5
  8
Layer_18
  10
755.88779
  20
325.32251
  0
VERTEX
  5
14d6
  8
Layer_18
  10
755.89319
  20
325.32251
  0
VERTEX
  5
14d7
  8
Layer_18
  10
755.8985
  20
325.32779
  0
VERTEX
  5
14d8
  8
Layer_18
  10
755.9039
  20
325.33859
  0
VERTEX
  5
14d9
  8
Layer_18
  10
755.90918
  20
325.3439
  0
VERTEX
  5
14da
  8
Layer_18
  10
755.91458
  20
325.3439
  0
VERTEX
  5
14db
  8
Layer_18
  10
755.92519
  20
325.35458
  0
VERTEX
  5
14dc
  8
Layer_18
  10
755.93059
  20
325.35458
  0
VERTEX
  5
14dd
  8
Layer_18
  10
755.93059
  20
325.35989
  0
VERTEX
  5
14de
  8
Layer_18
  10
755.94119
  20
325.35989
  0
VERTEX
  5
14df
  8
Layer_18
  10
755.94659
  20
325.3653
  0
VERTEX
  5
14e0
  8
Layer_18
  10
755.96799
  20
325.36517
  0
VERTEX
  5
14e1
  8
Layer_18
  10
755.9733
  20
325.3653
  0
VERTEX
  5
14e2
  8
Layer_18
  10
755.98398
  20
325.36517
  0
VERTEX
  5
14e3
  8
Layer_18
  10
755.99469
  20
325.3653
  0
VERTEX
  5
14e4
  8
Layer_18
  10
756.00009
  20
325.35989
  0
VERTEX
  5
14e5
  8
Layer_18
  10
756.00539
  20
325.35989
  0
VERTEX
  5
14e6
  8
Layer_18
  10
756.02139
  20
325.3653
  0
VERTEX
  5
14e7
  8
Layer_18
  10
756.03749
  20
325.37589
  0
VERTEX
  5
14e8
  8
Layer_18
  10
756.0535
  20
325.38129
  0
VERTEX
  5
14e9
  8
Layer_18
  10
756.06949
  20
325.392
  0
VERTEX
  5
14ea
  8
Layer_18
  10
756.09088
  20
325.40799
  0
VERTEX
  5
14eb
  8
Layer_18
  10
756.10159
  20
325.4187
  0
VERTEX
  5
14ec
  8
Layer_18
  10
756.11758
  20
325.42938
  0
VERTEX
  5
14ed
  8
Layer_18
  10
756.16579
  20
325.47748
  0
VERTEX
  5
14ee
  8
Layer_18
  10
756.18179
  20
325.4989
  0
VERTEX
  5
14ef
  8
Layer_18
  10
756.19249
  20
325.52029
  0
VERTEX
  5
14f0
  8
Layer_18
  10
756.20859
  20
325.53629
  0
VERTEX
  5
14f1
  8
Layer_18
  10
756.22458
  20
325.55768
  0
VERTEX
  5
14f2
  8
Layer_18
  10
756.2352
  20
325.58438
  0
VERTEX
  5
14f3
  8
Layer_18
  10
756.25128
  20
325.60577
  0
VERTEX
  5
14f4
  8
Layer_18
  10
756.27798
  20
325.6539
  0
VERTEX
  5
14f5
  8
Layer_18
  10
756.29939
  20
325.69659
  0
VERTEX
  5
14f6
  8
Layer_18
  10
756.3154
  20
325.72339
  0
VERTEX
  5
14f7
  8
Layer_18
  10
756.32608
  20
325.74478
  0
VERTEX
  5
14f8
  8
Layer_18
  10
756.34749
  20
325.79279
  0
VERTEX
  5
14f9
  8
Layer_18
  10
756.36879
  20
325.8356
  0
VERTEX
  5
14fa
  8
Layer_18
  10
756.39029
  20
325.88379
  0
VERTEX
  5
14fb
  8
Layer_18
  10
756.41159
  20
325.92648
  0
VERTEX
  5
14fc
  8
Layer_18
  10
756.42229
  20
325.95319
  0
VERTEX
  5
14fd
  8
Layer_18
  10
756.43298
  20
325.97461
  0
VERTEX
  5
14fe
  8
Layer_18
  10
756.44899
  20
326.02271
  0
SEQEND
  0
POLYLINE
  5
1500
  8
Layer_18
  62
13
  70
1
  66
1
  10
0
  20
0
  30
0
  0
VERTEX
  5
1500
  8
Layer_18
  10
752.69689
  20
328.04309
  0
VERTEX
  5
1501
  8
Layer_18
  10
752.66008
  20
328.01043
  0
VERTEX
  5
1502
  8
Layer_18
  10
752.56319
  20
327.98969
  42
0.0015402661
  0
VERTEX
  5
1503
  8
Layer_18
  10
752.49368
  20
327.98428
  0
VERTEX
  5
1504
  8
Layer_18
  10
752.49368
  20
325.47748
  0
VERTEX
  5
1505
  8
Layer_18
  10
752.5257
  20
325.39728
  0
VERTEX
  5
1506
  8
Layer_18
  10
752.48828
  20
325.14081
  0
VERTEX
  5
1507
  8
Layer_18
  10
752.39209
  20
325.14081
  0
VERTEX
  5
1508
  8
Layer_18
  10
752.35469
  20
325.39728
  0
VERTEX
  5
1509
  8
Layer_18
  10
752.39749
  20
325.4722
  0
VERTEX
  5
150a
  8
Layer_18
  10
752.39749
  20
327.979
  0
VERTEX
  5
150b
  8
Layer_18
  10
752.39147
  20
327.97899
  0
VERTEX
  5
150c
  8
Layer_18
  10
752.38139
  20
327.97899
  0
VERTEX
  5
150d
  8
Layer_18
  10
752.28455
  20
327.99435
  0
VERTEX
  5
150e
  8
Layer_18
  10
752.24779
  20
328.02179
  0
VERTEX
  5
150f
  8
Layer_18
  10
752.24789
  20
328.0271
  42
-0.27407559
  0
VERTEX
  5
1510
  8
Layer_18
  10
752.2692
  20
328.0538
  42
0.17009804
  0
VERTEX
  5
1511
  8
Layer_18
  10
752.31729
  20
328.17139
  42
-0.066145668
  0
VERTEX
  5
1512
  8
Layer_18
  10
752.29059
  20
328.25159
  42
0.00032093093
  0
VERTEX
  5
1513
  8
Layer_18
  10
752.20509
  20
329.61459
  0
VERTEX
  5
1514
  8
Layer_18
  10
752.20934
  20
329.6945
  0
VERTEX
  5
1515
  8
Layer_18
  10
752.23913
  20
329.78894
  0
VERTEX
  5
1516
  8
Layer_18
  10
752.29598
  20
329.87236
  0
VERTEX
  5
1517
  8
Layer_18
  10
752.38139
  20
329.91919
  42
-0.05815502
  0
VERTEX
  5
1518
  8
Layer_18
  10
752.4509
  20
329.92459
  42
-0.077195672
  0
VERTEX
  5
1519
  8
Layer_18
  10
752.50439
  20
329.91919
  0
VERTEX
  5
151a
  8
Layer_18
  10
752.59073
  20
329.87394
  0
VERTEX
  5
151b
  8
Layer_18
  10
752.65003
  20
329.79362
  0
VERTEX
  5
151c
  8
Layer_18
  10
752.68328
  20
329.70125
  0
VERTEX
  5
151d
  8
Layer_18
  10
752.69149
  20
329.61989
  42
-5.3834853e-06
  0
VERTEX
  5
151e
  8
Layer_18
  10
752.64339
  20
328.25159
  42
-0.11646995
  0
VERTEX
  5
151f
  8
Layer_18
  10
752.62198
  20
328.17139
  42
0.21610691
  0
VERTEX
  5
1520
  8
Layer_18
  10
752.6969
  20
328.04309
  42
0.41305998
  0
VERTEX
  5
1521
  8
Layer_18
  10
752.67549
  20
328.0592
  0
VERTEX
  5
1522
  8
Layer_18
  10
752.6969
  20
328.04309
  0
SEQEND
  0
POLYLINE
  5
1524
  8
Layer_18
  62
13
  70
1
  66
1
  10
0
  20
0
  30
0
  0
VERTEX
  5
1524
  8
Layer_18
  10
752.29059
  20
325.87309
  0
VERTEX
  5
1525
  8
Layer_18
  10
752.20839
  20
325.79423
  0
VERTEX
  5
1526
  8
Layer_18
  10
752.17839
  20
325.75549
  0
VERTEX
  5
1527
  8
Layer_18
  10
752.16908
  20
325.69828
  0
VERTEX
  5
1528
  8
Layer_18
  10
752.15629
  20
325.62252
  0
VERTEX
  5
1529
  8
Layer_18
  10
752.12647
  20
325.53975
  0
VERTEX
  5
152a
  8
Layer_18
  10
752.06609
  20
325.46149
  42
-0.18381278
  0
VERTEX
  5
152b
  8
Layer_18
  10
751.83089
  20
325.35458
  0
VERTEX
  5
152c
  8
Layer_18
  10
751.80948
  20
325.35458
  42
-0.059811126
  0
VERTEX
  5
152d
  8
Layer_18
  10
751.71329
  20
325.36517
  0
VERTEX
  5
152e
  8
Layer_18
  10
751.6492
  20
325.392
  0
VERTEX
  5
152f
  8
Layer_18
  10
751.83629
  20
325.56299
  42
0.13298896
  0
VERTEX
  5
1530
  8
Layer_18
  10
751.83089
  20
325.6806
  42
0.1000745
  0
VERTEX
  5
1531
  8
Layer_18
  10
751.79349
  20
325.73401
  0
VERTEX
  5
1532
  8
Layer_18
  10
751.75079
  20
325.76617
  0
VERTEX
  5
1533
  8
Layer_18
  10
751.71329
  20
325.7822
  0
VERTEX
  5
1534
  8
Layer_18
  10
751.5369
  20
325.6272
  0
VERTEX
  5
1535
  8
Layer_18
  10
751.45139
  20
325.63251
  0
VERTEX
  5
1536
  8
Layer_18
  10
751.44739
  20
325.66156
  0
VERTEX
  5
1537
  8
Layer_18
  10
751.45142
  20
325.73674
  0
VERTEX
  5
1538
  8
Layer_18
  10
751.4875
  20
325.83997
  0
VERTEX
  5
1539
  8
Layer_18
  10
751.57969
  20
325.95319
  42
-0.1754041
  0
VERTEX
  5
153a
  8
Layer_18
  10
751.77219
  20
326.0174
  0
VERTEX
  5
153b
  8
Layer_18
  10
751.85031
  20
326.01204
  0
VERTEX
  5
153c
  8
Layer_18
  10
751.90039
  20
326.00669
  0
VERTEX
  5
153d
  8
Layer_18
  10
751.9057
  20
326.00659
  0
VERTEX
  5
153e
  8
Layer_18
  10
751.9396
  20
326.03045
  0
VERTEX
  5
153f
  8
Layer_18
  10
752.02063
  20
326.09687
  0
VERTEX
  5
1540
  8
Layer_18
  10
752.14176
  20
326.19835
  0
VERTEX
  5
1541
  8
Layer_18
  10
752.29599
  20
326.32739
  0
VERTEX
  5
1542
  8
Layer_18
  10
752.29059
  20
325.87311
  0
VERTEX
  5
1543
  8
Layer_18
  10
752.29599
  20
325.87311
  0
VERTEX
  5
1544
  8
Layer_18
  10
752.29059
  20
325.87311
  0
SEQEND
  0
POLYLINE
  5
1546
  8
Layer_18
  62
13
  66
1
  10
0
  20
0
  30
0
  0
VERTEX
  5
1546
  8
Layer_18
  10
755.35858
  20
328.85028
  0
VERTEX
  5
1547
  8
Layer_18
  10
755.35858
  20
326.86188
  42
0.41421356
  0
VERTEX
  5
1548
  8
Layer_18
  10
755.41208
  20
326.8085
  42
0.4151187
  0
VERTEX
  5
1549
  8
Layer_18
  10
755.46548
  20
326.86188
  0
VERTEX
  5
154a
  8
Layer_18
  10
755.46548
  20
328.85019
  0
VERTEX
  5
154b
  8
Layer_18
  10
755.46284
  20
328.86363
  0
VERTEX
  5
154c
  8
Layer_18
  10
755.46019
  20
328.87699
  42
0.41421356
  0
VERTEX
  5
154d
  8
Layer_18
  10
755.46019
  20
328.87698
  0
VERTEX
  5
154e
  8
Layer_18
  10
755.46548
  20
328.85019
  0
SEQEND
  0
POLYLINE
  5
1550
  8
Layer_18
  62
13
  70
1
  66
1
  10
0
  20
0
  30
0
  0
VERTEX
  5
1550
  8
Layer_18
  10
755.36398
  20
328.87698
  42
0.41421356
  0
VERTEX
  5
1551
  8
Layer_18
  10
755.36398
  20
328.87698
  42
-0.23133736
  0
VERTEX
  5
1552
  8
Layer_18
  10
755.41208
  20
328.90369
  0
SEQEND
  0
POLYLINE
  5
1554
  8
Layer_18
  62
13
  70
1
  66
1
  10
0
  20
0
  30
0
  0
VERTEX
  5
1554
  8
Layer_18
  10
751.6503
  20
325.39069
  42
0.030189223
  0
VERTEX
  5
1555
  8
Layer_18
  10
751.655
  20
325.38748
  42
0.017333201
  0
VERTEX
  5
1556
  8
Layer_18
  10
751.66528
  20
325.38129
  0
SEQEND
  0
ENDSEC
  0
EOF
