999
dxfrw 0.6.3
  0
SECTION
  2
HEADER
  9
$ACADVER
  1
AC1021
  9
$DWGCODEPAGE
  3
ANSI_1252
  9
$INSBASE
 10
0
 20
0
 30
0
  9
$EXTMIN
 10
0
 20
-0.005072499999982938
 30
0
  9
$EXTMAX
 10
222.0735
 20
98.99493749999999
 30
0
  9
$LIMMIN
 10
0
 20
0
  9
$LIMMAX
 10
420
 20
297
  9
$ORTHOMODE
 70
    0
  9
$REGENMODE
 70
    1
  9
$FILLMODE
 70
    1
  9
$QTEXTMODE
 70
    0
  9
$MIRRTEXT
 70
    0
  9
$LTSCALE
 40
1
  9
$ATTMODE
 70
    0
  9
$TEXTSIZE
 40
2.5
  9
$TRACEWID
 40
15.68
  9
$TEXTSTYLE
  7
STANDARD
  9
$CLAYER
  8
0
  9
$CELTYPE
  6
BYLAYER
  9
$CECOLOR
 62
  256
  9
$CELTSCALE
 40
1
  9
$DISPSILH
 70
    0
  9
$DIMSCALE
 40
2.5
  9
$DIMASZ
 40
2.5
  9
$DIMEXO
 40
0.625
  9
$DIMDLI
 40
3.75
  9
$DIMRND
 40
0
  9
$DIMDLE
 40
0
  9
$DIMEXE
 40
1.25
  9
$DIMTP
 40
0
  9
$DIMTM
 40
0
  9
$DIMTXT
 40
2.5
  9
$DIMCEN
 40
2.5
  9
$DIMTSZ
 40
0
  9
$DIMTOL
 70
    0
  9
$DIMLIM
 70
    0
  9
$DIMTIH
 70
    0
  9
$DIMTOH
 70
    0
  9
$DIMSE1
 70
    0
  9
$DIMSE2
 70
    0
  9
$DIMTAD
 70
    1
  9
$DIMZIN
 70
    8
  9
$DIMBLK
  1

  9
$DIMASO
 70
    1
  9
$DIMSHO
 70
    1
  9
$DIMPOST
  1

  9
$DIMAPOST
  1

  9
$DIMALT
 70
    0
  9
$DIMALTD
 70
    3
  9
$DIMALTF
 40
0.03937
  9
$DIMLFAC
 40
1
  9
$DIMTOFL
 70
    1
  9
$DIMTVP
 40
0
  9
$DIMTIX
 70
    0
  9
$DIMSOXD
 70
    0
  9
$DIMSAH
 70
    0
  9
$DIMBLK1
  1

  9
$DIMBLK2
  1

  9
$DIMSTYLE
  2
STANDARD
  9
$DIMCLRD
 70
    0
  9
$DIMCLRE
 70
    0
  9
$DIMCLRT
 70
    0
  9
$DIMTFAC
 40
1
  9
$DIMGAP
 40
0.625
  9
$DIMJUST
 70
    0
  9
$DIMSD1
 70
    0
  9
$DIMSD2
 70
    0
  9
$DIMTOLJ
 70
    0
  9
$DIMTZIN
 70
    8
  9
$DIMALTZ
 70
    0
  9
$DIMALTTZ
 70
    0
  9
$DIMUPT
 70
    0
  9
$DIMDEC
 70
    2
  9
$DIMTDEC
 70
    2
  9
$DIMALTU
 70
    2
  9
$DIMALTTD
 70
    3
  9
$DIMTXSTY
  7
STANDARD
  9
$DIMAUNIT
 70
    0
  9
$DIMADEC
 70
    0
  9
$DIMALTRND
 40
0
  9
$DIMAZIN
 70
    0
  9
$DIMDSEP
 70
   44
  9
$DIMATFIT
 70
    3
  9
$DIMFRAC
 70
    0
  9
$DIMLDRBLK
  1
STANDARD
  9
$DIMLUNIT
 70
    2
  9
$DIMLWD
 70
   -2
  9
$DIMLWE
 70
   -2
  9
$DIMTMOVE
 70
    0
  9
$DIMFXL
 40
1
  9
$DIMFXLON
 70
    0
  9
$DIMJOGANG
 40
0.7854
  9
$DIMTFILL
 70
    0
  9
$DIMTFILLCLR
 70
    0
  9
$DIMARCSYM
 70
    0
  9
$DIMLTYPE
  6

  9
$DIMLTEX1
  6

  9
$DIMLTEX2
  6

  9
$LUNITS
 70
    2
  9
$LUPREC
 70
    4
  9
$SKETCHINC
 40
1
  9
$FILLETRAD
 40
0
  9
$AUNITS
 70
    0
  9
$AUPREC
 70
    2
  9
$MENU
  1
.
  9
$ELEVATION
 40
0
  9
$PELEVATION
 40
0
  9
$THICKNESS
 40
0
  9
$LIMCHECK
 70
    0
  9
$CHAMFERA
 40
0
  9
$CHAMFERB
 40
0
  9
$CHAMFERC
 40
0
  9
$CHAMFERD
 40
0
  9
$SKPOLY
 70
    0
  9
$USRTIMER
 70
    1
  9
$ANGBASE
 50
0
  9
$ANGDIR
 70
    0
  9
$PDMODE
 70
   34
  9
$PDSIZE
 40
0
  9
$PLINEWID
 40
0
  9
$SPLFRAME
 70
    0
  9
$SPLINETYPE
 70
    2
  9
$SPLINESEGS
 70
    8
  9
$HANDSEED
  5
20000
  9
$SURFTAB1
 70
    6
  9
$SURFTAB2
 70
    6
  9
$SURFTYPE
 70
    6
  9
$SURFU
 70
    6
  9
$SURFV
 70
    6
  9
$UCSBASE
  2

  9
$UCSNAME
  2

  9
$UCSORG
 10
0
 20
0
 30
0
  9
$UCSXDIR
 10
1
 20
0
 30
0
  9
$UCSYDIR
 10
0
 20
1
 30
0
  9
$UCSORTHOREF
  2

  9
$UCSORTHOVIEW
 70
    0
  9
$UCSORGTOP
 10
0
 20
0
 30
0
  9
$UCSORGBOTTOM
 10
0
 20
0
 30
0
  9
$UCSORGLEFT
 10
0
 20
0
 30
0
  9
$UCSORGRIGHT
 10
0
 20
0
 30
0
  9
$UCSORGFRONT
 10
0
 20
0
 30
0
  9
$UCSORGBACK
 10
0
 20
0
 30
0
  9
$PUCSBASE
  2

  9
$PUCSNAME
  2

  9
$PUCSORG
 10
0
 20
0
 30
0
  9
$PUCSXDIR
 10
1
 20
0
 30
0
  9
$PUCSYDIR
 10
0
 20
1
 30
0
  9
$PUCSORTHOREF
  2

  9
$PUCSORTHOVIEW
 70
    0
  9
$PUCSORGTOP
 10
0
 20
0
 30
0
  9
$PUCSORGBOTTOM
 10
0
 20
0
 30
0
  9
$PUCSORGLEFT
 10
0
 20
0
 30
0
  9
$PUCSORGRIGHT
 10
0
 20
0
 30
0
  9
$PUCSORGFRONT
 10
0
 20
0
 30
0
  9
$PUCSORGBACK
 10
0
 20
0
 30
0
  9
$USERI1
 70
    0
  9
$USERI2
 70
    0
  9
$USERI3
 70
    0
  9
$USERI4
 70
    0
  9
$USERI5
 70
    0
  9
$USERR1
 40
0
  9
$USERR2
 40
0
  9
$USERR3
 40
0
  9
$USERR4
 40
0
  9
$USERR5
 40
0
  9
$WORLDVIEW
 70
    1
  9
$SHADEDGE
 70
    3
  9
$SHADEDIF
 70
   70
  9
$TILEMODE
 70
    1
  9
$MAXACTVP
 70
   64
  9
$PINSBASE
 10
0
 20
0
 30
0
  9
$PLIMCHECK
 70
    0
  9
$PEXTMIN
 10
0
 20
0
 30
0
  9
$PEXTMAX
 10
0
 20
0
 30
0
  9
$GRIDMODE
 70
    1
  9
$SNAPSTYLE
 70
    0
  9
$PLIMMIN
 10
0
 20
0
  9
$PLIMMAX
 10
120
 20
90
  9
$UNITMODE
 70
    0
  9
$VISRETAIN
 70
    1
  9
$PLINEGEN
 70
    0
  9
$PSLTSCALE
 70
    1
  9
$TREEDEPTH
 70
 3020
  9
$CMLSTYLE
  2
Standard
  9
$CMLJUST
 70
    0
  9
$CMLSCALE
 40
20
  9
$PROXYGRAPHICS
 70
    1
  9
$MEASUREMENT
 70
    1
  9
$CELWEIGHT
370
   -1
  9
$ENDCAPS
280
    0
  9
$JOINSTYLE
280
    0
  9
$LWDISPLAY
290
    0
  9
$INSUNITS
 70
    4
  9
$HYPERLINKBASE
  1

  9
$STYLESHEET
  1

  9
$XEDIT
290
    1
  9
$CEPSNTYPE
380
    0
  9
$PSTYLEMODE
290
    1
  9
$EXTNAMES
290
    1
  9
$PSVPSCALE
 40
1
  9
$OLESTARTUP
290
    0
  9
$SORTENTS
280
  127
  9
$INDEXCTL
280
    0
  9
$HIDETEXT
280
    1
  9
$XCLIPFRAME
290
    0
  9
$HALOGAP
280
    0
  9
$OBSCOLOR
 70
  257
  9
$OBSLTYPE
280
    0
  9
$INTERSECTIONDISPLAY
280
    0
  9
$INTERSECTIONCOLOR
 70
  257
  9
$DIMASSOC
280
    1
  9
$PROJECTNAME
  1

  9
$CAMERADISPLAY
290
    0
  9
$LENSLENGTH
 40
50
  9
$CAMERAHEIGHT
 40
0
  9
$STEPSPERSEC
 40
2
  9
$STEPSIZE
 40
50
  9
$3DDWFPREC
 40
2
  9
$PSOLWIDTH
 40
5
  9
$PSOLHEIGHT
 40
80
  9
$LOFTANG1
 40
1.570796326794897
  9
$LOFTANG2
 40
1.570796326794897
  9
$LOFTMAG1
 40
0
  9
$LOFTMAG2
 40
0
  9
$LOFTPARAM
 70
    7
  9
$LOFTNORMALS
280
    1
  9
$LATITUDE
 40
1
  9
$LONGITUDE
 40
1
  9
$NORTHDIRECTION
 40
0
  9
$TIMEZONE
 70
-8000
  9
$LIGHTGLYPHDISPLAY
280
    1
  9
$TILEMODELIGHTSYNCH
280
    1
  9
$SOLIDHIST
280
    1
  9
$SHOWHIST
280
    1
  9
$DWFFRAME
280
    2
  9
$DGNFRAME
280
    0
  9
$REALWORLDSCALE
290
    1
  9
$INTERFERECOLOR
 62
    1
  9
$CSHADOW
280
    0
  9
$SHADOWPLANELOCATION
 40
0
  0
ENDSEC
  0
SECTION
  2
CLASSES
  0
ENDSEC
  0
SECTION
  2
TABLES
  0
TABLE
  2
VPORT
  5
8
330
0
100
AcDbSymbolTable
 70
    1
  0
VPORT
  5
31
330
2
100
AcDbSymbolTableRecord
100
AcDbViewportTableRecord
  2
*ACTIVE
 70
    0
 10
0
 20
0
 11
1
 21
1
 12
136.1418784022348
 22
65.36357230107296
 13
0
 23
0
 14
10
 24
10
 15
10
 25
10
 16
0
 26
0
 36
1
 17
0
 27
0
 37
0
 40
148.1316461024316
 41
1.972584856396867
 42
50
 43
0
 44
0
 50
0
 51
0
 71
    0
 72
  100
 73
    1
 74
    3
 75
    0
 76
    1
 77
    0
 78
    0
281
    0
 65
    1
110
0
120
0
130
0
111
1
121
0
131
0
112
0
122
1
132
0
 79
    0
146
0
348
10020
 60
    7
 61
    5
292
1
282
    1
141
0
142
0
 63
  250
421
3358443
  0
ENDTAB
  0
TABLE
  2
LTYPE
  5
5
330
0
100
AcDbSymbolTable
 70
    4
  0
LTYPE
  5
14
330
5
100
AcDbSymbolTableRecord
100
AcDbLinetypeTableRecord
  2
ByBlock
 70
    0
  3

 72
   65
 73
    0
 40
0
  0
LTYPE
  5
15
330
5
100
AcDbSymbolTableRecord
100
AcDbLinetypeTableRecord
  2
ByLayer
 70
    0
  3

 72
   65
 73
    0
 40
0
  0
LTYPE
  5
16
330
5
100
AcDbSymbolTableRecord
100
AcDbLinetypeTableRecord
  2
Continuous
 70
    0
  3
Solid line
 72
   65
 73
    0
 40
0
  0
LTYPE
  5
32
330
5
100
AcDbSymbolTableRecord
100
AcDbLinetypeTableRecord
  2
DOT
 70
    0
  3
Dot . . . . . . . . . . . . . . . . . . . . . .
 72
   65
 73
    2
 40
6.35
 49
0
 74
    0
 49
-6.35
 74
    0
  0
LTYPE
  5
33
330
5
100
AcDbSymbolTableRecord
100
AcDbLinetypeTableRecord
  2
DOTTINY
 70
    0
  3
Dot (.15x) .....................................
 72
   65
 73
    2
 40
0.9525
 49
0
 74
    0
 49
-0.9525
 74
    0
  0
LTYPE
  5
34
330
5
100
AcDbSymbolTableRecord
100
AcDbLinetypeTableRecord
  2
DOT2
 70
    0
  3
Dot (.5x) .....................................
 72
   65
 73
    2
 40
3.175
 49
0
 74
    0
 49
-3.175
 74
    0
  0
LTYPE
  5
35
330
5
100
AcDbSymbolTableRecord
100
AcDbLinetypeTableRecord
  2
DOTX2
 70
    0
  3
Dot (2x) .  .  .  .  .  .  .  .  .  .  .  .  .
 72
   65
 73
    2
 40
12.7
 49
0
 74
    0
 49
-12.7
 74
    0
  0
LTYPE
  5
36
330
5
100
AcDbSymbolTableRecord
100
AcDbLinetypeTableRecord
  2
DASHED
 70
    0
  3
Dashed _ _ _ _ _ _ _ _ _ _ _ _ _ _ _ _ _
 72
   65
 73
    2
 40
19.05
 49
12.7
 74
    0
 49
-6.35
 74
    0
  0
LTYPE
  5
37
330
5
100
AcDbSymbolTableRecord
100
AcDbLinetypeTableRecord
  2
DASHEDTINY
 70
    0
  3
Dashed (.15x) _ _ _ _ _ _ _ _ _ _ _ _ _ _ _ _ _
 72
   65
 73
    2
 40
2.8575
 49
1.905
 74
    0
 49
-0.9525
 74
    0
  0
LTYPE
  5
38
330
5
100
AcDbSymbolTableRecord
100
AcDbLinetypeTableRecord
  2
DASHED2
 70
    0
  3
Dashed (.5x) _ _ _ _ _ _ _ _ _ _ _ _ _ _ _ _ _
 72
   65
 73
    2
 40
9.524999999999999
 49
6.35
 74
    0
 49
-3.175
 74
    0
  0
LTYPE
  5
39
330
5
100
AcDbSymbolTableRecord
100
AcDbLinetypeTableRecord
  2
DASHEDX2
 70
    0
  3
Dashed (2x) ____  ____  ____  ____  ____  ___
 72
   65
 73
    2
 40
38.09999999999999
 49
25.4
 74
    0
 49
-12.7
 74
    0
  0
LTYPE
  5
3A
330
5
100
AcDbSymbolTableRecord
100
AcDbLinetypeTableRecord
  2
DASHDOT
 70
    0
  3
Dash dot __ . __ . __ . __ . __ . __ . __ . __
 72
   65
 73
    4
 40
25.4
 49
12.7
 74
    0
 49
-6.35
 74
    0
 49
0
 74
    0
 49
-6.35
 74
    0
  0
LTYPE
  5
3B
330
5
100
AcDbSymbolTableRecord
100
AcDbLinetypeTableRecord
  2
DASHDOTTINY
 70
    0
  3
Dash dot (.15x) _._._._._._._._._._._._._._._.
 72
   65
 73
    4
 40
3.81
 49
1.905
 74
    0
 49
-0.9525
 74
    0
 49
0
 74
    0
 49
-0.9525
 74
    0
  0
LTYPE
  5
3C
330
5
100
AcDbSymbolTableRecord
100
AcDbLinetypeTableRecord
  2
DASHDOT2
 70
    0
  3
Dash dot (.5x) _._._._._._._._._._._._._._._.
 72
   65
 73
    4
 40
12.7
 49
6.35
 74
    0
 49
-3.175
 74
    0
 49
0
 74
    0
 49
-3.175
 74
    0
  0
LTYPE
  5
3D
330
5
100
AcDbSymbolTableRecord
100
AcDbLinetypeTableRecord
  2
DASHDOTX2
 70
    0
  3
Dash dot (2x) ____  .  ____  .  ____  .  ___
 72
   65
 73
    4
 40
50.8
 49
25.4
 74
    0
 49
-12.7
 74
    0
 49
0
 74
    0
 49
-12.7
 74
    0
  0
LTYPE
  5
3E
330
5
100
AcDbSymbolTableRecord
100
AcDbLinetypeTableRecord
  2
DIVIDE
 70
    0
  3
Divide ____ . . ____ . . ____ . . ____ . . ____
 72
   65
 73
    6
 40
31.75
 49
12.7
 74
    0
 49
-6.35
 74
    0
 49
0
 74
    0
 49
-6.35
 74
    0
 49
0
 74
    0
 49
-6.35
 74
    0
  0
LTYPE
  5
3F
330
5
100
AcDbSymbolTableRecord
100
AcDbLinetypeTableRecord
  2
DIVIDETINY
 70
    0
  3
Divide (.15x) __..__..__..__..__..__..__..__.._
 72
   65
 73
    6
 40
4.7625
 49
1.905
 74
    0
 49
-0.9525
 74
    0
 49
0
 74
    0
 49
-0.9525
 74
    0
 49
0
 74
    0
 49
-0.9525
 74
    0
  0
LTYPE
  5
40
330
5
100
AcDbSymbolTableRecord
100
AcDbLinetypeTableRecord
  2
DIVIDE2
 70
    0
  3
Divide (.5x) __..__..__..__..__..__..__..__.._
 72
   65
 73
    6
 40
15.875
 49
6.35
 74
    0
 49
-3.175
 74
    0
 49
0
 74
    0
 49
-3.175
 74
    0
 49
0
 74
    0
 49
-3.175
 74
    0
  0
LTYPE
  5
41
330
5
100
AcDbSymbolTableRecord
100
AcDbLinetypeTableRecord
  2
DIVIDEX2
 70
    0
  3
Divide (2x) ________  .  .  ________  .  .  _
 72
   65
 73
    6
 40
63.5
 49
25.4
 74
    0
 49
-12.7
 74
    0
 49
0
 74
    0
 49
-12.7
 74
    0
 49
0
 74
    0
 49
-12.7
 74
    0
  0
LTYPE
  5
42
330
5
100
AcDbSymbolTableRecord
100
AcDbLinetypeTableRecord
  2
BORDER
 70
    0
  3
Border __ __ . __ __ . __ __ . __ __ . __ __ .
 72
   65
 73
    6
 40
44.45
 49
12.7
 74
    0
 49
-6.35
 74
    0
 49
12.7
 74
    0
 49
-6.35
 74
    0
 49
0
 74
    0
 49
-6.35
 74
    0
  0
LTYPE
  5
43
330
5
100
AcDbSymbolTableRecord
100
AcDbLinetypeTableRecord
  2
BORDERTINY
 70
    0
  3
Border (.15x) __.__.__.__.__.__.__.__.__.__.__.
 72
   65
 73
    6
 40
6.6675
 49
1.905
 74
    0
 49
-0.9525
 74
    0
 49
1.905
 74
    0
 49
-0.9525
 74
    0
 49
0
 74
    0
 49
-0.9525
 74
    0
  0
LTYPE
  5
44
330
5
100
AcDbSymbolTableRecord
100
AcDbLinetypeTableRecord
  2
BORDER2
 70
    0
  3
Border (.5x) __.__.__.__.__.__.__.__.__.__.__.
 72
   65
 73
    6
 40
22.225
 49
6.35
 74
    0
 49
-3.175
 74
    0
 49
6.35
 74
    0
 49
-3.175
 74
    0
 49
0
 74
    0
 49
-3.175
 74
    0
  0
LTYPE
  5
45
330
5
100
AcDbSymbolTableRecord
100
AcDbLinetypeTableRecord
  2
BORDERX2
 70
    0
  3
Border (2x) ____  ____  .  ____  ____  .  ___
 72
   65
 73
    6
 40
88.89999999999999
 49
25.4
 74
    0
 49
-12.7
 74
    0
 49
25.4
 74
    0
 49
-12.7
 74
    0
 49
0
 74
    0
 49
-12.7
 74
    0
  0
LTYPE
  5
46
330
5
100
AcDbSymbolTableRecord
100
AcDbLinetypeTableRecord
  2
CENTER
 70
    0
  3
Center ____ _ ____ _ ____ _ ____ _ ____ _ ____
 72
   65
 73
    4
 40
50.8
 49
31.75
 74
    0
 49
-6.35
 74
    0
 49
6.35
 74
    0
 49
-6.35
 74
    0
  0
LTYPE
  5
47
330
5
100
AcDbSymbolTableRecord
100
AcDbLinetypeTableRecord
  2
CENTERTINY
 70
    0
  3
Center (.15x) ___ _ ___ _ ___ _ ___ _ ___ _ ___
 72
   65
 73
    4
 40
7.619999999999999
 49
4.7625
 74
    0
 49
-0.9525
 74
    0
 49
0.9525
 74
    0
 49
-0.9525
 74
    0
  0
LTYPE
  5
48
330
5
100
AcDbSymbolTableRecord
100
AcDbLinetypeTableRecord
  2
CENTER2
 70
    0
  3
Center (.5x) ___ _ ___ _ ___ _ ___ _ ___ _ ___
 72
   65
 73
    4
 40
28.575
 49
19.05
 74
    0
 49
-3.175
 74
    0
 49
3.175
 74
    0
 49
-3.175
 74
    0
  0
LTYPE
  5
49
330
5
100
AcDbSymbolTableRecord
100
AcDbLinetypeTableRecord
  2
CENTERX2
 70
    0
  3
Center (2x) ________  __  ________  __  _____
 72
   65
 73
    4
 40
101.6
 49
63.5
 74
    0
 49
-12.7
 74
    0
 49
12.7
 74
    0
 49
-12.7
 74
    0
  0
ENDTAB
  0
TABLE
  2
LAYER
  5
2
330
0
100
AcDbSymbolTable
 70
    1
  0
LAYER
  5
10
330
2
100
AcDbSymbolTableRecord
100
AcDbLayerTableRecord
  2
0
 70
    0
 62
    7
  6
CONTINUOUS
370
    0
390
F
  0
LAYER
  5
4A
330
2
100
AcDbSymbolTableRecord
100
AcDbLayerTableRecord
  2
Layer_0
 70
    0
 62
    7
  6
CONTINUOUS
370
   -3
390
F
  0
LAYER
  5
4B
330
2
100
AcDbSymbolTableRecord
100
AcDbLayerTableRecord
  2
Layer_18
 70
    0
 62
   13
  6
CONTINUOUS
370
   -3
390
F
  0
LAYER
  5
4C
330
2
100
AcDbSymbolTableRecord
100
AcDbLayerTableRecord
  2
Layer_27
 70
    0
 62
  138
  6
CONTINUOUS
370
   -3
390
F
  0
ENDTAB
  0
TABLE
  2
STYLE
  5
3
330
0
100
AcDbSymbolTable
 70
    3
  0
STYLE
  5
4D
330
2
100
AcDbSymbolTableRecord
100
AcDbTextStyleTableRecord
  2
Standard
 70
    0
 40
0
 41
1
 50
0
 71
    0
 42
1
  3
txt
  4

  0
ENDTAB
  0
TABLE
  2
VIEW
  5
6
330
0
100
AcDbSymbolTable
 70
    0
  0
ENDTAB
  0
TABLE
  2
UCS
  5
7
330
0
100
AcDbSymbolTable
 70
    0
  0
ENDTAB
  0
TABLE
  2
APPID
  5
9
330
0
100
AcDbSymbolTable
 70
    1
  0
APPID
  5
12
330
9
100
AcDbSymbolTableRecord
100
AcDbRegAppTableRecord
  2
ACAD
 70
    0
  0
APPID
  5
4E
330
9
100
AcDbSymbolTableRecord
100
AcDbRegAppTableRecord
  2
LibreCad
 70
    0
  0
ENDTAB
  0
TABLE
  2
DIMSTYLE
  5
A
330
0
100
AcDbSymbolTable
 70
    1
100
AcDbDimStyleTable
 71
    1
  0
DIMSTYLE
105
4F
330
A
100
AcDbSymbolTableRecord
100
AcDbDimStyleTableRecord
  2
Standard
 70
    0
 40
2.5
 41
2.5
 42
0.625
 43
0.38
 44
1.25
 45
0
 46
0
 47
0
 48
0
 49
1
140
2.5
141
0.09
142
0
143
25.4
144
1
145
0
146
1
147
0.625
148
0
 71
    0
 72
    0
 73
    0
 74
    1
 75
    0
 76
    0
 77
    0
 78
    8
 79
    0
170
    0
171
    2
172
    0
173
    0
174
    0
175
    0
176
    0
177
    0
178
    0
179
    0
271
    2
272
    4
273
    2
274
    2
275
    0
276
    0
277
    2
278
   44
279
    0
280
    0
281
    0
282
    0
283
    1
284
    0
285
    0
286
    0
288
    0
289
    3
340
STANDARD
341

371
   -2
372
   -2
  0
ENDTAB
  0
TABLE
  2
BLOCK_RECORD
  5
1
330
0
100
AcDbSymbolTable
 70
    2
  0
BLOCK_RECORD
  5
1F
330
1
100
AcDbSymbolTableRecord
100
AcDbBlockTableRecord
  2
*Model_Space
 70
    0
280
    1
281
    0
  0
BLOCK_RECORD
  5
1E
330
1
100
AcDbSymbolTableRecord
100
AcDbBlockTableRecord
  2
*Paper_Space
 70
    0
280
    1
281
    0
  0
BLOCK_RECORD
  5
50
330
1
100
AcDbSymbolTableRecord
100
AcDbBlockTableRecord
  2
New_moodlamp_dxf
 70
    0
280
    1
281
    0
  0
BLOCK_RECORD
  5
53
330
1
100
AcDbSymbolTableRecord
100
AcDbBlockTableRecord
  2
plate_bottom
 70
    0
280
    1
281
    0
  0
BLOCK_RECORD
  5
56
330
1
100
AcDbSymbolTableRecord
100
AcDbBlockTableRecord
  2
plate_support
 70
    0
280
    1
281
    0
  0
BLOCK_RECORD
  5
59
330
1
100
AcDbSymbolTableRecord
100
AcDbBlockTableRecord
  2
plate_middle
 70
    0
280
    1
281
    0
  0
BLOCK_RECORD
  5
5C
330
1
100
AcDbSymbolTableRecord
100
AcDbBlockTableRecord
  2
clip_support
 70
    0
280
    1
281
    0
  0
ENDTAB
  0
ENDSEC
  0
SECTION
  2
BLOCKS
  0
BLOCK
  5
20
330
1F
100
AcDbEntity
  8
0
100
AcDbBlockBegin
  2
*Model_Space
 70
    0
 10
0
 20
0
 30
0
  3
*Model_Space
  1

  0
ENDBLK
  5
21
330
1F
100
AcDbEntity
  8
0
100
AcDbBlockEnd
  0
BLOCK
  5
1C
330
1B
100
AcDbEntity
  8
0
100
AcDbBlockBegin
  2
*Paper_Space
 70
    0
 10
0
 20
0
 30
0
  3
*Paper_Space
  1

  0
ENDBLK
  5
1D
330
1F
100
AcDbEntity
  8
0
100
AcDbBlockEnd
  0
BLOCK
  5
51
330
50
100
AcDbEntity
  8
0
100
AcDbBlockBegin
  2
New_moodlamp_dxf
 70
    0
 10
0
 20
0
  3
New_moodlamp_dxf
  1

  0
LWPOLYLINE
  5
5F
100
AcDbEntity
  8
Layer_0
  6
ByLayer
 62
    7
370
   -1
100
AcDbPolyline
 90
   41
 70
    1
 43
0
 10
369.43683
 20
486.89009
 42
0.3132893299999999
 10
369.43683
 20
442.95569
 42
0.2221746900000055
 10
369.94946
 20
442.6578700000001
 42
0.2221739299999842
 10
370.5067099999999
 20
442.8601100000001
 10
372.08997
 20
444.44337
 10
380.57526
 20
435.9581
 10
378.99194
 20
434.37483
 42
0.2221739299999961
 10
378.78973
 20
433.81758
 42
0.2221708
 10
379.08752
 20
433.3049899999999
 42
0.3132895599999995
 10
423.0219399999999
 20
433.30499
 42
0.2221657400000021
 10
423.3197600000001
 20
433.81757
 42
0.2221706200000032
 10
423.11752
 20
434.37483
 10
421.53427
 20
435.95808
 10
430.01956
 20
444.44336
 10
431.60281
 20
442.8601100000001
 42
0.2221709999999774
 10
432.16006
 20
442.65787
 42
0.2221657399999865
 10
432.6726399999999
 20
442.95569
 42
0.06307233200000019
 10
437.15076
 20
451.53159
 42
0.2455184900000036
 10
436.6842300000001
 20
455.20705
 42
0.2455179400000011
 10
433.40054
 20
456.9228800000001
 10
431.05475
 20
456.92288
 42
-0.4142137900000011
 10
423.05475
 20
464.92288
 42
-0.4142136999999986
 10
431.05475
 20
472.92289
 10
433.40054
 20
472.92289
 42
0.2455177200000011
 10
436.68423
 20
474.63873
 42
0.2455170899999984
 10
437.15079
 20
478.31419
 42
0.06307215599999999
 10
432.67267
 20
486.8901
 42
0.2221707999999883
 10
432.16006
 20
487.1879099999999
 42
0.2221739299999834
 10
431.60281
 20
486.9856599999999
 10
430.01956
 20
485.4024
 10
421.53427
 20
493.88769
 10
423.11752
 20
495.47095
 42
0.2221739299999928
 10
423.31976
 20
496.02821
 42
0.2221746899999921
 10
423.02197
 20
496.54079
 42
0.3132893299999996
 10
379.08752
 20
496.5407999999998
 42
0.2221704899999904
 10
378.78973
 20
496.02821
 42
0.2221743200000038
 10
378.992
 20
495.47095
 10
380.57526
 20
493.8877
 10
372.08997
 20
485.40241
 10
370.50671
 20
486.98567
 42
0.2221746999999943
 10
369.94946
 20
487.18792
 42
0.2221710900000048
  0
LWPOLYLINE
  5
60
100
AcDbEntity
  8
Layer_0
  6
ByLayer
 62
    7
370
   -1
100
AcDbPolyline
 90
    4
 70
    1
 43
0
 10
374.09784
 20
466.44789
 10
367.05475
 20
466.44789
 10
367.05475
 20
463.39789
 10
374.09784
 20
463.39789
  0
LWPOLYLINE
  5
61
100
AcDbEntity
  8
Layer_0
  6
ByLayer
 62
    7
370
   -1
100
AcDbPolyline
 90
    4
 70
    1
 43
0
 10
412.65707
 20
432.9274
 10
409.96179
 20
439.43437
 10
412.77963
 20
440.60156
 10
415.47491
 20
434.09457
  0
LWPOLYLINE
  5
62
100
AcDbEntity
  8
Layer_0
  6
ByLayer
 62
    7
370
   -1
100
AcDbPolyline
 90
   12
 70
    1
 43
0
 10
418.12476
 20
444.2229
 10
418.12476
 20
450.89288
 10
418.12476
 20
453.55289
 10
418.1247599999999
 20
460.2229
 42
0.4142135599998677
 10
417.82474
 20
460.52289
 42
0.4142111799998351
 10
417.52475
 20
460.22289
 10
417.52475
 20
453.55289
 10
380.22473
 20
453.55289
 10
380.22473
 20
450.89288
 10
417.52475
 20
450.89288
 10
417.52475
 20
444.2229
 42
0.4142147499998991
 10
417.82474
 20
443.9228800000001
 42
0.4142224999999867
  0
LWPOLYLINE
  5
63
100
AcDbEntity
  8
Layer_0
  6
ByLayer
 62
    7
370
   -1
100
AcDbPolyline
 90
   12
 70
    1
 43
0
 10
380.22473
 20
478.9529
 10
380.22473
 20
476.29289
 10
417.52475
 20
476.29289
 10
417.52475
 20
469.62289
 42
0.4142135599998441
 10
417.82474
 20
469.32289
 42
0.4142111799998584
 10
418.1247599999999
 20
469.62289
 10
418.12476
 20
476.29289
 10
418.12476
 20
478.95289
 10
418.1247599999999
 20
485.62289
 42
0.4142135600000183
 10
417.82474
 20
485.9228899999999
 42
0.4142135599998998
 10
417.52475
 20
485.62289
 10
417.52475
 20
478.95289
  0
LWPOLYLINE
  5
64
100
AcDbEntity
  8
Layer_0
  6
ByLayer
 62
    7
370
   -1
100
AcDbPolyline
 90
    4
 70
    1
 43
0
 10
412.77963
 20
489.24422
 10
415.47491
 20
495.75121
 10
412.65707
 20
496.91839
 10
409.96179
 20
490.41141
  0
LWPOLYLINE
  5
65
100
AcDbEntity
  8
Layer_0
  6
ByLayer
 62
    7
370
   -1
100
AcDbPolyline
 90
    9
 70
    1
 43
0
 10
411.05475
 20
462.92288
 10
411.05475
 20
466.9229
 42
-0.2679466000000003
 10
411.55475
 20
467.78891
 42
-0.2679490399999948
 10
412.55475
 20
467.78891
 10
416.01886
 20
465.78891
 42
-0.2679489900000147
 10
416.51886
 20
464.92288
 42
-0.2679472900000032
 10
416.01886
 20
464.05685
 10
412.55475
 20
462.05687
 42
-0.2679487900000062
 10
411.55475
 20
462.0568699999999
 42
-0.2679512000000158
  0
LWPOLYLINE
  5
66
100
AcDbEntity
  8
Layer_0
  6
ByLayer
 62
    7
370
   -1
100
AcDbPolyline
 90
    6
 70
    1
 43
0
 10
420.32474
 20
444.22289
 10
420.32474
 20
460.22289
 42
-0.4142111799999692
 10
420.62476
 20
460.52289
 42
-0.4142135600000266
 10
420.92474
 20
460.22289
 10
420.92474
 20
444.22289
 42
-0.4142126699999827
 10
420.62476
 20
443.9228800000001
 42
-0.4142238399999781
  0
LWPOLYLINE
  5
67
100
AcDbEntity
  8
Layer_0
  6
ByLayer
 62
    7
370
   -1
100
AcDbPolyline
 90
    6
 70
    1
 43
0
 10
420.92474
 20
469.62289
 42
-0.4142135599999709
 10
420.62476
 20
469.32289
 42
-0.4142135600000182
 10
420.32474
 20
469.62289
 10
420.3247700000001
 20
485.62289
 42
-0.4142135599998601
 10
420.62476
 20
485.92288
 42
-0.414213559999987
 10
420.92474
 20
485.62289
  0
LWPOLYLINE
  5
68
100
AcDbEntity
  8
Layer_0
  6
ByLayer
 62
    7
370
   -1
100
AcDbPolyline
 90
   40
 70
    1
 43
0
 10
431.10001
 20
432.89999
 42
0.2170274000000412
 10
431.0245699999999
 20
432.86563
 42
0.2170179499999991
 10
431.00098
 20
432.78615
 10
431.5
 20
429.21692
 42
0.3740871300000017
 10
432.09421
 20
428.7
 10
434.29999
 20
428.7
 10
434.29999
 20
435.7
 42
-0.4142135600000058
 10
434.54999
 20
435.95
 10
435.45001
 20
435.95
 42
-0.4142135600000058
 10
435.70001
 20
435.7
 10
435.70001
 20
428.7
 10
437.90579
 20
428.7
 42
0.3740877999999986
 10
438.5
 20
429.21692
 10
438.9990199999999
 20
432.78615
 42
0.2170395099997612
 10
438.9754299999999
 20
432.86563
 42
0.2170339099999628
 10
438.89999
 20
432.8999899999999
 10
438.5
 20
432.89999
 10
438.5
 20
435.45
 42
-0.4142135600000058
 10
438.25
 20
435.7
 42
-0.4142135600000058
 10
438.5
 20
435.95
 42
-0.4142135600000058
 10
438.75
 20
435.7
 42
0.4012062199999984
 10
441.3028
 20
438.61954
 42
0.4012063300000001
 10
438.5
 20
441.3000000000001
 42
0.4142135600000224
 10
438.10001
 20
440.89999
 10
438.10001
 20
440.3
 42
0.414212299999977
 10
438.5
 20
439.8999900000001
 42
-0.414213559999987
 10
439.29999
 20
439.09999
 42
-0.4142141899999803
 10
438.5
 20
438.3
 10
431.5
 20
438.3
 42
-0.4142135599999928
 10
430.70001
 20
439.09999
 42
-0.4142129300000162
 10
431.5
 20
439.8999900000001
 42
0.4142135599999808
 10
431.89999
 20
440.3
 10
431.89999
 20
440.89999
 42
0.4142135600000224
 10
431.5
 20
441.3000000000001
 42
0.4012061500000091
 10
428.6972000000001
 20
438.61954
 42
0.4012062200000042
 10
431.25
 20
435.7
 42
-0.4142135600000058
 10
431.5
 20
435.95
 42
-0.4142135600000058
 10
431.75
 20
435.7
 42
-0.4142135600000058
 10
431.5
 20
435.45
 10
431.5
 20
432.89999
  0
LWPOLYLINE
  5
69
100
AcDbEntity
  8
Layer_0
  6
ByLayer
 62
    7
370
   -1
100
AcDbPolyline
 90
   40
 70
    1
 43
0
 10
429.10001
 20
462.89999
 42
0.2170274000000412
 10
429.0245699999999
 20
462.86563
 42
0.2170179499999991
 10
429.00098
 20
462.78615
 10
429.5
 20
459.21692
 42
0.3740871300000017
 10
430.09421
 20
458.7
 10
432.29999
 20
458.7
 10
432.29999
 20
465.7
 42
-0.4142135600000058
 10
432.54999
 20
465.95
 10
433.45001
 20
465.95
 42
-0.4142135600000058
 10
433.70001
 20
465.7
 10
433.70001
 20
458.7
 10
435.90579
 20
458.7
 42
0.3740877999999986
 10
436.5
 20
459.21692
 10
436.9990199999999
 20
462.78615
 42
0.2170395099997612
 10
436.9754299999999
 20
462.86563
 42
0.2170339099999628
 10
436.89999
 20
462.8999899999999
 10
436.5
 20
462.89999
 10
436.5
 20
465.45
 42
-0.4142135600000058
 10
436.25
 20
465.7
 42
-0.4142135600000058
 10
436.5
 20
465.95
 42
-0.4142135600000058
 10
436.75
 20
465.7
 42
0.4012062199999984
 10
439.3028
 20
468.61954
 42
0.4012063300000001
 10
436.5
 20
471.3000000000001
 42
0.4142135600000224
 10
436.10001
 20
470.89999
 10
436.10001
 20
470.3
 42
0.414212299999977
 10
436.5
 20
469.8999900000001
 42
-0.414213559999987
 10
437.29999
 20
469.09999
 42
-0.4142141899999803
 10
436.5
 20
468.3
 10
429.5
 20
468.3
 42
-0.4142135599999928
 10
428.70001
 20
469.09999
 42
-0.4142129300000162
 10
429.5
 20
469.8999900000001
 42
0.4142135599999808
 10
429.89999
 20
470.3
 10
429.89999
 20
470.89999
 42
0.4142135600000224
 10
429.5
 20
471.3000000000001
 42
0.4012061500000091
 10
426.6972000000001
 20
468.61954
 42
0.4012062200000042
 10
429.25
 20
465.7
 42
-0.4142135600000058
 10
429.5
 20
465.95
 42
-0.4142135600000058
 10
429.75
 20
465.7
 42
-0.4142135600000058
 10
429.5
 20
465.45
 10
429.5
 20
462.89999
  0
LWPOLYLINE
  5
6A
100
AcDbEntity
  8
Layer_0
  6
ByLayer
 62
    7
370
   -1
100
AcDbPolyline
 90
   40
 70
    1
 43
0
 10
441.10001
 20
421.89999
 42
0.2170274000000412
 10
441.0245699999999
 20
421.86563
 42
0.2170179499999991
 10
441.00098
 20
421.78615
 10
441.5
 20
418.21692
 42
0.3740871300000017
 10
442.09421
 20
417.7
 10
444.29999
 20
417.7
 10
444.29999
 20
424.7
 42
-0.4142135600000058
 10
444.54999
 20
424.95
 10
445.45001
 20
424.95
 42
-0.4142135600000058
 10
445.70001
 20
424.7
 10
445.70001
 20
417.7
 10
447.90579
 20
417.7
 42
0.3740877999999986
 10
448.5
 20
418.21692
 10
448.9990199999999
 20
421.78615
 42
0.2170395099997612
 10
448.9754299999999
 20
421.86563
 42
0.2170339099999628
 10
448.89999
 20
421.8999899999999
 10
448.5
 20
421.89999
 10
448.5
 20
424.45
 42
-0.4142135600000058
 10
448.25
 20
424.7
 42
-0.4142135600000058
 10
448.5
 20
424.95
 42
-0.4142135600000058
 10
448.75
 20
424.7
 42
0.4012062199999984
 10
451.3028
 20
427.61954
 42
0.4012063300000001
 10
448.5
 20
430.3000000000001
 42
0.4142135600000224
 10
448.10001
 20
429.89999
 10
448.10001
 20
429.3
 42
0.414212299999977
 10
448.5
 20
428.8999900000001
 42
-0.414213559999987
 10
449.29999
 20
428.09999
 42
-0.4142141899999803
 10
448.5
 20
427.3
 10
441.5
 20
427.3
 42
-0.4142135599999928
 10
440.70001
 20
428.09999
 42
-0.4142129300000162
 10
441.5
 20
428.8999900000001
 42
0.4142135599999808
 10
441.89999
 20
429.3
 10
441.89999
 20
429.89999
 42
0.4142135600000224
 10
441.5
 20
430.3000000000001
 42
0.4012061500000091
 10
438.6972000000001
 20
427.61954
 42
0.4012062200000042
 10
441.25
 20
424.7
 42
-0.4142135600000058
 10
441.5
 20
424.95
 42
-0.4142135600000058
 10
441.75
 20
424.7
 42
-0.4142135600000058
 10
441.5
 20
424.45
 10
441.5
 20
421.89999
  0
LWPOLYLINE
  5
6B
100
AcDbEntity
  8
Layer_0
  6
ByLayer
 62
    7
370
   -1
100
AcDbPolyline
 90
   40
 70
    1
 43
0
 10
454.10001
 20
463.90001
 42
0.2170274000000412
 10
454.0245699999999
 20
463.86565
 42
0.2170179500000166
 10
454.00098
 20
463.78616
 10
454.5
 20
460.21693
 42
0.3740871299999751
 10
455.09421
 20
459.7000100000001
 10
457.29999
 20
459.70001
 10
457.29999
 20
466.70001
 42
-0.4142135600000058
 10
457.54999
 20
466.95001
 10
458.45001
 20
466.95001
 42
-0.4142135600000058
 10
458.70001
 20
466.70001
 10
458.70001
 20
459.70001
 10
460.90579
 20
459.70001
 42
0.3740877999999951
 10
461.5
 20
460.21693
 10
461.99902
 20
463.78616
 42
0.2170395100000876
 10
461.9754300000001
 20
463.8656500000001
 42
0.2170339100000066
 10
461.89999
 20
463.90001
 10
461.5
 20
463.90001
 10
461.5
 20
466.45001
 42
-0.4142135600000058
 10
461.25
 20
466.70001
 42
-0.4142135600000058
 10
461.5
 20
466.95001
 42
-0.4142135600000058
 10
461.75
 20
466.70001
 42
0.4012062200000043
 10
464.3027999999999
 20
469.61955
 42
0.4012063300000053
 10
461.5
 20
472.30001
 42
0.414213559999951
 10
461.10001
 20
471.90001
 10
461.10001
 20
471.30002
 42
0.4142123000000603
 10
461.5
 20
470.90001
 42
-0.414213559999987
 10
462.29999
 20
470.10001
 42
-0.4142141899999803
 10
461.5
 20
469.30002
 10
454.5
 20
469.30002
 42
-0.4142135599999928
 10
453.70001
 20
470.10001
 42
-0.4142129299999746
 10
454.5
 20
470.90001
 42
0.414213560000064
 10
454.89999
 20
471.30002
 10
454.89999
 20
471.90001
 42
0.414213559999993
 10
454.5
 20
472.30001
 42
0.4012061500000089
 10
451.6972000000001
 20
469.61955
 42
0.4012062200000042
 10
454.25
 20
466.70001
 42
-0.4142135600000058
 10
454.5
 20
466.95001
 42
-0.4142135600000058
 10
454.75
 20
466.70001
 42
-0.4142135600000058
 10
454.5
 20
466.45001
 10
454.5
 20
463.90001
  0
LWPOLYLINE
  5
6C
100
AcDbEntity
  8
Layer_0
  6
ByLayer
 62
    7
370
   -1
100
AcDbPolyline
 90
   40
 70
    1
 43
0
 10
448.89999
 20
467.10001
 42
0.2170274000000287
 10
448.97546
 20
467.13437
 42
0.2170179499999747
 10
448.99902
 20
467.21385
 10
448.5
 20
470.78308
 42
0.3740871300000018
 10
447.90579
 20
471.3
 10
445.70001
 20
471.3
 10
445.70001
 20
464.3
 42
-0.4142135600000058
 10
445.45001
 20
464.05
 10
444.54999
 20
464.05
 42
-0.4142135600000058
 10
444.29999
 20
464.3
 10
444.29999
 20
471.3
 10
442.09421
 20
471.3
 42
0.3740877999999987
 10
441.5
 20
470.78308
 10
441.0009800000001
 20
467.21385
 42
0.2170395099997613
 10
441.0245700000001
 20
467.13437
 42
0.2170339099999627
 10
441.10001
 20
467.1000100000001
 10
441.5
 20
467.10001
 10
441.5
 20
464.55
 42
-0.4142135600000058
 10
441.75
 20
464.3
 42
-0.4142135600000058
 10
441.5
 20
464.05
 42
-0.4142135600000058
 10
441.25
 20
464.3
 42
0.4012062199999984
 10
438.6972
 20
461.38046
 42
0.40120633
 10
441.5
 20
458.6999999999999
 42
0.4142135600000224
 10
441.89999
 20
459.10001
 10
441.89999
 20
459.7
 42
0.4142122999999769
 10
441.5
 20
460.1000099999999
 42
-0.4142135599999782
 10
440.70001
 20
460.89999
 42
-0.4142141899999804
 10
441.5
 20
461.6999999999999
 10
448.5
 20
461.7
 42
-0.4142135599999928
 10
449.29999
 20
460.90001
 42
-0.4142129300000163
 10
448.5
 20
460.1000099999999
 42
0.4142135599999807
 10
448.10001
 20
459.7
 10
448.10001
 20
459.10001
 42
0.4142135600000224
 10
448.5
 20
458.6999999999999
 42
0.4012061500000093
 10
451.3027999999999
 20
461.38046
 42
0.4012062200000043
 10
448.75
 20
464.3
 42
-0.4142135600000058
 10
448.5
 20
464.05
 42
-0.4142135600000058
 10
448.25
 20
464.3
 42
-0.4142135600000058
 10
448.5
 20
464.55
 10
448.5
 20
467.10001
  0
LWPOLYLINE
  5
6D
100
AcDbEntity
  8
Layer_0
  6
ByLayer
 62
    7
370
   -1
100
AcDbPolyline
 90
   40
 70
    1
 43
0
 10
420.10001
 20
421.89999
 42
0.2170274000000412
 10
420.0245699999999
 20
421.86563
 42
0.2170179499999991
 10
420.00098
 20
421.78615
 10
420.5
 20
418.21692
 42
0.3740871300000017
 10
421.09421
 20
417.7
 10
423.29999
 20
417.7
 10
423.29999
 20
424.7
 42
-0.4142135600000058
 10
423.54999
 20
424.95
 10
424.45001
 20
424.95
 42
-0.4142135600000058
 10
424.70001
 20
424.7
 10
424.70001
 20
417.7
 10
426.90579
 20
417.7
 42
0.3740877999999986
 10
427.5
 20
418.21692
 10
427.9990199999999
 20
421.78615
 42
0.2170395099997612
 10
427.9754299999999
 20
421.86563
 42
0.2170339099999628
 10
427.89999
 20
421.8999899999999
 10
427.5
 20
421.89999
 10
427.5
 20
424.45
 42
-0.4142135600000058
 10
427.25
 20
424.7
 42
-0.4142135600000058
 10
427.5
 20
424.95
 42
-0.4142135600000058
 10
427.75
 20
424.7
 42
0.4012062199999984
 10
430.3028
 20
427.61954
 42
0.4012063300000001
 10
427.5
 20
430.3000000000001
 42
0.4142135600000224
 10
427.10001
 20
429.89999
 10
427.10001
 20
429.3
 42
0.414212299999977
 10
427.5
 20
428.8999900000001
 42
-0.414213559999987
 10
428.29999
 20
428.09999
 42
-0.4142141899999803
 10
427.5
 20
427.3
 10
420.5
 20
427.3
 42
-0.4142135599999928
 10
419.70001
 20
428.09999
 42
-0.4142129300000162
 10
420.5
 20
428.8999900000001
 42
0.4142135599999808
 10
420.89999
 20
429.3
 10
420.89999
 20
429.89999
 42
0.4142135600000224
 10
420.5
 20
430.3000000000001
 42
0.4012061500000091
 10
417.6972000000001
 20
427.61954
 42
0.4012062200000042
 10
420.25
 20
424.7
 42
-0.4142135600000058
 10
420.5
 20
424.95
 42
-0.4142135600000058
 10
420.75
 20
424.7
 42
-0.4142135600000058
 10
420.5
 20
424.45
 10
420.5
 20
421.89999
  0
LWPOLYLINE
  5
6E
100
AcDbEntity
  8
Layer_27
  6
ByLayer
 62
  138
370
   -1
100
AcDbPolyline
 90
  136
 70
    1
 43
0
 10
362.96326
 20
515.50001
 10
362.6644
 20
515.47972
 10
362.37192
 20
515.43369
 10
362.08743
 20
515.362
 10
361.81257
 20
515.26473
 10
361.54897
 20
515.14194
 10
361.29825
 20
514.99373
 10
361.06204
 20
514.82016
 10
360.84196
 20
514.62131
 10
360.64312
 20
514.4012300000001
 10
360.46955
 20
514.16502
 10
360.32135
 20
513.9143
 10
360.19857
 20
513.6506900000001
 10
360.1013
 20
513.37583
 10
360.02961
 20
513.09135
 10
359.98357
 20
512.79886
 10
359.96326
 20
512.50001
 10
359.96326
 20
419.5
 10
359.98357
 20
419.20115
 10
360.02961
 20
418.90866
 10
360.1013
 20
418.62418
 10
360.19857
 20
418.34932
 10
360.32135
 20
418.08571
 10
360.46955
 20
417.83499
 10
360.64312
 20
417.59878
 10
360.84196
 20
417.3787
 10
361.06204
 20
417.17985
 10
361.29825
 20
417.00628
 10
361.54897
 20
416.85806
 10
361.81257
 20
416.73528
 10
362.08743
 20
416.638
 10
362.37192
 20
416.56631
 10
362.6644
 20
416.52029
 10
362.96326
 20
416.5
 10
530.96326
 20
416.5
 10
531.26214
 20
416.52029
 10
531.55465
 20
416.56631
 10
531.83914
 20
416.638
 10
532.114
 20
416.73528
 10
532.3776
 20
416.85806
 10
532.62833
 20
417.00628
 10
532.86455
 20
417.17985
 10
533.08466
 20
417.3787
 10
533.2834800000001
 20
417.59878
 10
533.45703
 20
417.83499
 10
533.60523
 20
418.08571
 10
533.728
 20
418.34932
 10
533.82527
 20
418.62418
 10
533.8969499999999
 20
418.90866
 10
533.9429699999999
 20
419.20115
 10
533.96326
 20
419.5
 10
533.96326
 20
512.50001
 10
533.9835399999999
 20
512.79886
 10
534.02957
 20
513.09135
 10
534.10126
 20
513.37583
 10
534.19853
 20
513.6506900000001
 10
534.32132
 20
513.9143
 10
534.4695400000001
 20
514.16502
 10
534.64311
 20
514.4012300000001
 10
534.84196
 20
514.62131
 10
535.06204
 20
514.82016
 10
535.2982500000001
 20
514.99373
 10
535.5489700000001
 20
515.14194
 10
535.8125700000001
 20
515.26473
 10
536.08743
 20
515.362
 10
536.37192
 20
515.43369
 10
536.6644
 20
515.47972
 10
536.96326
 20
515.50001
 10
579.03674
 20
515.50001
 10
579.3356199999999
 20
515.47972
 10
579.6281
 20
515.43369
 10
579.91259
 20
515.362
 10
580.18745
 20
515.26473
 10
580.45105
 20
515.14194
 10
580.70178
 20
514.99373
 10
580.93799
 20
514.82016
 10
581.15807
 20
514.62131
 10
581.35691
 20
514.4012300000001
 10
581.53048
 20
514.16502
 10
581.6787
 20
513.9143
 10
581.80148
 20
513.6506900000001
 10
581.89876
 20
513.37583
 10
581.97045
 20
513.09135
 10
582.01647
 20
512.79886
 10
582.03676
 20
512.50001
 10
582.03674
 20
419.5
 10
582.01647
 20
419.20115
 10
581.97045
 20
418.90866
 10
581.89876
 20
418.62418
 10
581.80148
 20
418.34932
 10
581.6787
 20
418.08571
 10
581.53048
 20
417.83499
 10
581.35691
 20
417.59878
 10
581.15807
 20
417.3787
 10
580.93799
 20
417.17985
 10
580.70178
 20
417.00628
 10
580.45105
 20
416.85806
 10
580.18745
 20
416.73528
 10
579.91259
 20
416.638
 10
579.6281
 20
416.56631
 10
579.3356199999999
 20
416.52029
 10
579.03676
 20
416.5
 10
536.96326
 20
416.5
 10
536.6644
 20
416.52029
 10
536.37192
 20
416.56631
 10
536.08743
 20
416.638
 10
535.8125700000001
 20
416.73528
 10
535.5489700000001
 20
416.85806
 10
535.2982500000001
 20
417.00628
 10
535.06204
 20
417.17985
 10
534.84196
 20
417.3787
 10
534.64311
 20
417.59878
 10
534.4695400000001
 20
417.83499
 10
534.32132
 20
418.08571
 10
534.19853
 20
418.34932
 10
534.10126
 20
418.62418
 10
534.02957
 20
418.90866
 10
533.9835399999999
 20
419.20115
 10
533.96326
 20
419.5
 10
533.96326
 20
512.50001
 10
533.9429699999999
 20
512.79886
 10
533.8969499999999
 20
513.09135
 10
533.82527
 20
513.37583
 10
533.728
 20
513.6506900000001
 10
533.60523
 20
513.9143
 10
533.45703
 20
514.16502
 10
533.2834800000001
 20
514.4012300000001
 10
533.08466
 20
514.62131
 10
532.86455
 20
514.82016
 10
532.62833
 20
514.99373
 10
532.3776
 20
515.14194
 10
532.114
 20
515.26473
 10
531.83914
 20
515.362
 10
531.55465
 20
515.43369
 10
531.26214
 20
515.47972
 10
530.96326
 20
515.50001
  0
LWPOLYLINE
  5
6F
100
AcDbEntity
  8
Layer_27
  6
ByLayer
 62
  138
370
   -1
100
AcDbPolyline
 90
    8
 70
    1
 43
0
 10
410.04187
 20
439.50211
 10
412.6713
 20
440.59119
 10
412.6752
 20
440.59212
 10
415.39609
 20
434.02338
 10
415.41025
 20
433.98662
 10
412.77899
 20
432.89668
 10
412.77753
 20
432.89761
 10
410.06522
 20
439.44569
  0
LWPOLYLINE
  5
70
100
AcDbEntity
  8
Layer_27
  6
ByLayer
 62
  138
370
   -1
100
AcDbPolyline
 90
    8
 70
    1
 43
0
 10
380.14465
 20
453.5529
 10
418.3512
 20
453.5529
 10
418.40466
 20
453.55267
 10
418.40466
 20
450.895
 10
418.3912
 20
450.8929
 10
380.15814
 20
450.8929
 10
380.14465
 20
450.89343
 10
380.14465
 20
453.54712
  0
LWPOLYLINE
  5
71
100
AcDbEntity
  8
Layer_27
  6
ByLayer
 62
  138
370
   -1
100
AcDbPolyline
 90
    8
 70
    1
 43
0
 10
374.12964
 20
466.3479
 10
374.12964
 20
463.50189
 10
374.12903
 20
463.49791
 10
367.01904
 20
463.49791
 10
366.97968
 20
463.4989
 10
366.97968
 20
466.34689
 10
366.98108
 20
466.3479
 10
374.0686
 20
466.3479
  0
LWPOLYLINE
  5
72
100
AcDbEntity
  8
Layer_27
  6
ByLayer
 62
  138
370
   -1
100
AcDbPolyline
 90
    8
 70
    1
 43
0
 10
380.14465
 20
478.9529
 10
418.3512
 20
478.9529
 10
418.40466
 20
478.95267
 10
418.40466
 20
476.295
 10
418.3912
 20
476.29291
 10
380.15814
 20
476.29291
 10
380.14465
 20
476.29343
 10
380.14465
 20
478.94711
  0
LWPOLYLINE
  5
73
100
AcDbEntity
  8
Layer_27
  6
ByLayer
 62
  138
370
   -1
100
AcDbPolyline
 90
    8
 70
    1
 43
0
 10
412.67496
 20
489.25301
 10
410.04553
 20
490.34208
 10
410.04211
 20
490.34418
 10
412.763
 20
496.91302
 10
412.77899
 20
496.94902
 10
415.41025
 20
495.85909
 10
415.41061
 20
495.85739
 10
412.69833
 20
489.30942
  0
LWPOLYLINE
  5
74
100
AcDbEntity
  8
Layer_18
  6
ByLayer
 62
   13
370
   -1
100
AcDbPolyline
 90
   24
 70
    1
 43
0
 10
416.01877
 20
465.78891
 10
412.55466
 20
467.78891
 42
0.07886916000000543
 10
412.26257
 20
467.9010000000001
 42
0.07878524399999595
 10
411.95016
 20
467.9173999999998
 42
0.0788114079999985
 10
411.64795
 20
467.8364
 42
0.07903773800000113
 10
411.38556
 20
467.666
 42
0.07889003499999762
 10
411.1886600000001
 20
467.42291
 42
0.07863259400000168
 10
411.0764799999998
 20
467.1308
 42
0.05226929699999992
 10
411.05466
 20
466.92291
 10
411.05466
 20
462.92291
 42
0.07872106300000277
 10
411.10358
 20
462.61391
 42
0.0786299960000013
 10
411.24567
 20
462.33511
 42
0.07881888199999883
 10
411.46686
 20
462.11391
 42
0.07863411300000332
 10
411.74567
 20
461.9717999999999
 42
0.0787238829999992
 10
412.05466
 20
461.9229100000002
 42
0.0787210629999993
 10
412.36365
 20
461.9718
 42
0.05258153700000074
 10
412.55466
 20
462.0569
 10
416.01877
 20
464.0569
 42
0.07891308999999842
 10
416.2619599999999
 20
464.2538000000001
 42
0.07879977699999922
 10
416.43237
 20
464.5162
 42
0.07878752800000342
 10
416.5133700000001
 20
464.8183
 42
0.07877617100000382
 10
416.4969500000001
 20
465.1308
 42
0.07864049299999909
 10
416.3848599999999
 20
465.42291
 42
0.07860650299999819
 10
416.18796
 20
465.666
 42
0.05229383899999862
  0
LWPOLYLINE
  5
75
100
AcDbEntity
  8
Layer_0
  6
ByLayer
 62
    7
370
   -1
100
AcDbPolyline
 90
  595
 70
    1
 43
0
 10
492.30807
 20
499.19631
 10
492.30807
 20
499.19568
 10
492.30807
 20
499.19505
 10
492.30807
 20
499.19441
 10
492.30807
 20
499.19378
 10
492.30807
 20
499.19283
 10
492.30807
 20
499.19188
 10
492.30807
 20
499.19124
 10
492.30807
 20
499.19029
 10
492.30807
 20
499.18934
 10
492.30807
 20
499.18871
 42
0.000502969079999967
 10
492.30807
 20
499.18681
 10
492.30807
 20
499.18617
 10
492.30807
 20
499.18553
 10
492.30807
 20
499.18395
 10
492.30807
 20
499.18237
 10
492.30807
 20
499.18173
 10
492.30807
 20
499.1811
 42
0.0008360003799998621
 10
492.30807
 20
499.17983
 42
0.0004200707899999783
 10
492.30807
 20
499.1773
 10
492.30807
 20
499.17667
 10
492.30807
 20
499.17571
 10
492.30807
 20
499.17476
 10
492.30807
 20
499.17413
 10
492.30807
 20
499.17349
 10
492.30743
 20
499.17286
 10
492.30679
 20
499.17223
 10
492.30618
 20
499.17159
 10
492.30554
 20
499.17096
 10
492.3049
 20
499.17033
 10
492.30426
 20
499.16969
 10
492.30365
 20
499.16906
 10
492.30301
 20
499.16843
 10
492.30237
 20
499.16779
 10
492.30173
 20
499.16716
 10
492.30109
 20
499.16652
 10
492.30048
 20
499.16589
 10
492.29984
 20
499.16463
 10
492.29919
 20
499.16335
 10
492.29855
 20
499.16209
 10
492.29794
 20
499.16081
 42
0.2843123500030584
 10
492.2966599999999
 20
499.15829
 10
492.29602
 20
499.15702
 42
0.3441465900039834
 10
492.2928500000002
 20
499.15068
 42
0.2841032099943241
 10
492.29285
 20
499.14815
 10
492.29285
 20
499.14688
 10
492.29286
 20
499.14498
 10
492.2928600000001
 20
499.14308
 42
0.000391235070000022
 10
492.29285
 20
499.13927
 10
492.29285
 20
499.13801
 42
-0.0005208338899999711
 10
492.29285
 20
499.13547
 42
-0.2102308200001443
 10
492.27954
 20
499.09364
 10
492.27512
 20
499.0797
 10
492.27069
 20
499.06575
 10
492.26624
 20
499.05181
 10
492.26181
 20
499.03786
 10
492.25739
 20
499.02393
 10
492.25293
 20
499.00998
 10
492.2485
 20
498.99605
 10
492.24405
 20
498.9821
 10
492.23962
 20
498.96815
 10
492.23962
 20
498.96721
 10
492.23962
 20
498.96626
 42
-0.001415615000000174
 10
492.23962
 20
498.96309
 10
492.23962
 20
498.96245
 10
492.23962
 20
498.96181
 42
0.0006775086199999171
 10
492.23962
 20
498.96056
 10
492.23962
 20
498.95992
 10
492.23962
 20
498.95928
 42
0.0002021003399999998
 10
492.23962
 20
498.95612
 10
492.23962
 20
498.95485
 10
492.23962
 20
498.95358
 10
492.23962
 20
498.95294
 10
492.23898
 20
498.95231
 10
492.23834
 20
498.95168
 10
492.23773
 20
498.95104
 10
492.23709
 20
498.95041
 10
492.23645
 20
498.94978
 10
492.23581
 20
498.94914
 10
492.2352
 20
498.94851
 10
492.23456
 20
498.94788
 10
492.23392
 20
498.94724
 10
492.23328
 20
498.94661
 10
492.23267
 20
498.94598
 10
492.23203
 20
498.94534
 10
492.2313799999998
 20
498.94407
 42
0.0001583207000000651
 10
492.2300999999998
 20
498.94154
 10
492.22917
 20
498.93964
 10
492.22822
 20
498.93774
 10
492.22663
 20
498.93457
 10
492.22505
 20
498.9314
 10
492.22443
 20
498.93013
 10
492.22379
 20
498.92886
 10
492.22314
 20
498.9276
 10
492.2222
 20
498.9257
 10
492.22124
 20
498.92379
 10
492.22061
 20
498.92252
 10
492.21935
 20
498.91999
 10
492.21808
 20
498.91745
 10
492.21744
 20
498.91618
 10
492.2168
 20
498.91492
 10
492.21619
 20
498.91428
 10
492.21555
 20
498.91365
 10
492.2149
 20
498.91302
 10
492.21426
 20
498.91238
 10
492.21365
 20
498.91175
 10
492.21301
 20
498.91112
 10
492.21237
 20
498.91048
 10
492.21173
 20
498.90985
 10
492.21112
 20
498.90921
 10
492.21048
 20
498.90858
 10
492.20984
 20
498.90794
 10
492.2092
 20
498.90731
 10
492.20856
 20
498.90605
 10
492.20795
 20
498.90478
 10
492.20731
 20
498.90351
 10
492.20667
 20
498.90224
 10
492.20603
 20
498.90097
 10
492.2054
 20
498.89971
 42
0.00104004280000005
 10
492.20285
 20
498.89464
 10
492.20224
 20
498.89337
 10
492.2016
 20
498.89211
 10
492.20096
 20
498.89146
 10
492.20032
 20
498.89083
 10
492.19971
 20
498.8902
 10
492.19907
 20
498.88956
 10
492.19843
 20
498.88893
 10
492.19778
 20
498.8883
 10
492.19717
 20
498.88766
 10
492.19653
 20
498.88703
 10
492.19589
 20
498.8864
 10
492.19525
 20
498.88577
 10
492.19464
 20
498.88513
 10
492.194
 20
498.8845
 10
492.19336
 20
498.88387
 10
492.19272
 20
498.88322
 10
492.19208
 20
498.8826
 10
492.19147
 20
498.88196
 10
492.19083
 20
498.88133
 10
492.19019
 20
498.88069
 10
492.18954
 20
498.88006
 10
492.18893
 20
498.87943
 10
492.18829
 20
498.87879
 10
492.18765
 20
498.87816
 10
492.18701
 20
498.87753
 10
492.1864
 20
498.87689
 10
492.18576
 20
498.87563
 10
492.18512
 20
498.87436
 10
492.18448
 20
498.87309
 42
0.0001595213799999492
 10
492.18323
 20
498.87056
 10
492.18259
 20
498.86929
 10
492.1819499999999
 20
498.86801
 42
-0.1023853799996095
 10
492.1787699999999
 20
498.8616900000001
 10
492.17816
 20
498.86041
 10
492.1775200000001
 20
498.85915
 42
0.001375980400000201
 10
492.1756
 20
498.85535
 42
0.001037737899999982
 10
492.17307
 20
498.85027
 10
492.17245
 20
498.849
 10
492.17181
 20
498.84773
 10
492.17117
 20
498.84647
 10
492.17053
 20
498.84584
 10
492.16992
 20
498.84521
 10
492.16928
 20
498.84457
 10
492.16864
 20
498.84394
 10
492.168
 20
498.84331
 10
492.16736
 20
498.84267
 10
492.16675
 20
498.84204
 10
492.16611
 20
498.8414
 10
492.16547
 20
498.84077
 10
492.16483
 20
498.84013
 10
492.16422
 20
498.8395
 10
492.16357
 20
498.83887
 10
492.16293
 20
498.83823
 10
492.16229
 20
498.8376
 10
492.16168
 20
498.83697
 10
492.16104
 20
498.83633
 10
492.1604
 20
498.8357
 10
492.15976
 20
498.83507
 10
492.15915
 20
498.83443
 10
492.15851
 20
498.8338
 10
492.15787
 20
498.83316
 10
492.15723
 20
498.83253
 10
492.15659
 20
498.83189
 10
492.15598
 20
498.83126
 42
-0.0835063579998845
 10
492.15598
 20
498.82999
 10
492.15597
 20
498.82936
 10
492.15597
 20
498.82873
 10
492.15598
 20
498.82809
 10
492.15598
 20
498.82745
 42
0.0008407309700000692
 10
492.15598
 20
498.82619
 10
492.15597
 20
498.82492
 10
492.15597
 20
498.82366
 10
492.15533
 20
498.82302
 10
492.15469
 20
498.82239
 10
492.15405
 20
498.82175
 10
492.15344
 20
498.82112
 10
492.1528
 20
498.82049
 10
492.15216
 20
498.81985
 10
492.15152
 20
498.81922
 10
492.15091
 20
498.81859
 10
492.15027
 20
498.81796
 10
492.14963
 20
498.81732
 10
492.14899
 20
498.81668
 10
492.14838
 20
498.81606
 42
-0.3439626300087364
 10
492.14835
 20
498.81351
 10
492.14838
 20
498.81288
 10
492.14836
 20
498.81193
 10
492.14836
 20
498.81098
 10
492.14838
 20
498.81035
 10
492.14838
 20
498.80971
 10
492.14838
 20
498.80908
 10
492.14838
 20
498.80844
 10
492.14774
 20
498.80782
 10
492.14709
 20
498.80717
 10
492.14645
 20
498.80654
 10
492.14581
 20
498.80591
 10
492.1452
 20
498.80527
 10
492.14456
 20
498.80464
 10
492.14392
 20
498.80401
 10
492.14328
 20
498.80338
 10
492.14267
 20
498.80274
 10
492.14203
 20
498.80211
 10
492.14139
 20
498.80148
 10
492.14075
 20
498.80084
 10
492.14014
 20
498.80021
 10
492.1395
 20
498.79958
 10
492.13885
 20
498.79893
 10
492.13821
 20
498.79831
 10
492.13757
 20
498.79767
 10
492.13696
 20
498.79704
 10
492.13632
 20
498.7964
 10
492.13568
 20
498.79577
 10
492.13504
 20
498.79514
 10
492.13443
 20
498.7945
 10
492.13379
 20
498.79387
 10
492.13315
 20
498.79324
 10
492.1319
 20
498.79197
 10
492.13062
 20
498.7907
 10
492.12933
 20
498.78943
 10
492.12808
 20
498.78816
 10
492.1268
 20
498.7869
 10
492.12555
 20
498.78563
 10
492.12427
 20
498.78436
 10
492.12302
 20
498.7831
 10
492.12173
 20
498.78183
 10
492.12048
 20
498.78056
 10
492.1192
 20
498.7793
 10
492.11795
 20
498.77802
 10
492.30332
 20
498.56983
 10
492.41454
 20
498.41298
 10
492.41708
 20
498.41298
 10
492.41962
 20
498.41297
 10
492.42215
 20
498.41297
 10
492.42468
 20
498.41298
 10
492.42722
 20
498.41297
 10
492.42975
 20
498.41297
 10
492.43228
 20
498.41297
 10
492.43481
 20
498.41297
 10
492.43735
 20
498.41297
 10
492.43988
 20
498.41297
 10
492.44244
 20
498.41297
 10
492.44498
 20
498.4129699999999
 42
-0.00065639581999995
 10
492.4544700000001
 20
498.4243799999999
 42
-0.0003323992200000281
 10
492.46399
 20
498.43579
 42
-0.0002263865599999992
 10
492.4798299999999
 20
498.4548
 10
492.483
 20
498.4586
 42
-0.004567072999999822
 10
492.48679
 20
498.46368
 42
-0.0005171289999999427
 10
492.49442
 20
498.47382
 10
492.49631
 20
498.47635
 42
6.39303829999544e-05
 10
492.5020099999999
 20
498.48396
 10
492.50391
 20
498.48649
 10
492.5058
 20
498.48903
 10
492.51215
 20
498.496
 10
492.51849
 20
498.50297
 10
492.52481
 20
498.50994
 10
492.53116
 20
498.51691
 10
492.53751
 20
498.52388
 10
492.54382
 20
498.53085
 10
492.55017
 20
498.53783
 10
492.55652
 20
498.5448
 10
492.56284
 20
498.55177
 10
492.56918
 20
498.55874
 10
492.57553
 20
498.56571
 10
492.58185
 20
498.57269
 10
492.58313
 20
498.57395
 10
492.58438
 20
498.57522
 10
492.58566
 20
498.57648
 10
492.58691
 20
498.57776
 10
492.5882
 20
498.57903
 10
492.58948
 20
498.58029
 10
492.59073
 20
498.58156
 10
492.59201
 20
498.58282
 10
492.59326
 20
498.58409
 10
492.59454
 20
498.58536
 10
492.59579
 20
498.58662
 10
492.59708
 20
498.58789
 10
492.59833
 20
498.58916
 10
492.59961
 20
498.59043
 10
492.60086
 20
498.5917
 10
492.60214
 20
498.59296
 10
492.60339
 20
498.59423
 10
492.60468
 20
498.5955
 10
492.60596
 20
498.59677
 10
492.60721
 20
498.59804
 10
492.60849
 20
498.5993
 10
492.60974
 20
498.60057
 10
492.61102
 20
498.60184
 10
492.61227
 20
498.6031
 10
492.61356
 20
498.60437
 10
492.61481
 20
498.60564
 10
492.61609
 20
498.6069
 10
492.61734
 20
498.60818
 10
492.61862
 20
498.60944
 10
492.61987
 20
498.61071
 10
492.62115
 20
498.61198
 10
492.62241
 20
498.61324
 10
492.62369
 20
498.61452
 10
492.62497
 20
498.61578
 10
492.62622
 20
498.61705
 10
492.6275
 20
498.61832
 10
492.62939
 20
498.61958
 10
492.63129
 20
498.62085
 10
492.63321
 20
498.62212
 42
-0.003804934200000028
 10
492.63699
 20
498.62465
 10
492.63892
 20
498.62592
 10
492.64081
 20
498.62718
 42
-0.00380739130000004
 10
492.64459
 20
498.62972
 10
492.64651
 20
498.63099
 42
-0.2361039999946093
 10
492.6503
 20
498.63353
 10
492.65283
 20
498.63542
 10
492.6554
 20
498.63733
 10
492.6579
 20
498.63923
 10
492.66046
 20
498.64113
 42
-0.005508543899999939
 10
492.66806
 20
498.64684
 42
-0.0003398151100000194
 10
492.68073
 20
498.65634
 10
492.68326
 20
498.65824
 10
492.68579
 20
498.6601400000002
 42
-0.004529771300001292
 10
492.69086
 20
498.6639500000002
 10
492.69342
 20
498.66585
 10
492.69595
 20
498.66775
 42
0.03109866700000018
 10
492.70862
 20
498.67725
 10
492.71115
 20
498.67915
 42
-0.03549159299999365
 10
492.72064
 20
498.68486
 42
-0.006883796400000443
 10
492.73016
 20
498.69057
 10
492.73334
 20
498.69247
 10
492.7365
 20
498.69437
 10
492.73967
 20
498.69627
 10
492.74283
 20
498.6981699999999
 42
-0.005582971299999148
 10
492.74918
 20
498.7019700000001
 42
-5.739210100003968e-05
 10
492.75867
 20
498.7076700000001
 42
0.0001721766000000914
 10
492.76819
 20
498.7133799999999
 42
-0.006977439899999088
 10
492.77771
 20
498.7190899999998
 42
2.878853700001686e-05
 10
492.7871999999999
 20
498.72479
 10
492.78909
 20
498.73049
 42
0.0002609602299999968
 10
492.79291
 20
498.7419
 10
492.7948000000001
 20
498.7476
 42
-0.007927059799998807
 10
492.7986099999999
 20
498.75901
 42
0.0001949320399997789
 10
492.80243
 20
498.77042
 10
492.80432
 20
498.77612
 42
-0.0001461984899999755
 10
492.81003
 20
498.79324
 42
-0.000688476799999892
 10
492.7948
 20
498.81097
 42
-0.000622617750000131
 10
492.7872
 20
498.81985
 42
-0.0007386718100000582
 10
492.7757899999999
 20
498.83316
 42
0.132970969999872
 10
492.76819
 20
498.84203
 10
492.76437
 20
498.84647
 42
-0.0005884573900003141
 10
492.75677
 20
498.85535
 42
-0.0006786595399999459
 10
492.74536
 20
498.86865
 42
-0.0004797646100002208
 10
492.73776
 20
498.87753
 10
492.73398
 20
498.88197
 10
492.7301600000001
 20
498.8864
 42
0.000176261249999966
 10
492.7187500000001
 20
498.8997000000001
 10
492.71686
 20
498.90161
 10
492.71497
 20
498.90351
 10
492.71304
 20
498.90541
 10
492.71115
 20
498.90731
 10
492.70926
 20
498.90922
 10
492.70734
 20
498.91112
 10
492.70544
 20
498.91302
 10
492.70355
 20
498.91492
 10
492.70163
 20
498.91682
 10
492.69974
 20
498.91872
 10
492.69785
 20
498.92062
 10
492.69592
 20
498.92252
 10
492.69403
 20
498.92442
 10
492.69214
 20
498.92632
 10
492.69025
 20
498.92823
 10
492.68832
 20
498.93013
 10
492.68643
 20
498.93203
 10
492.68454
 20
498.93393
 10
492.68262
 20
498.93584
 10
492.68073
 20
498.93774
 10
492.67883
 20
498.93964
 10
492.67691
 20
498.94154
 10
492.67502
 20
498.94344
 10
492.67313
 20
498.94534
 10
492.66931
 20
498.94914
 10
492.66553
 20
498.95294
 10
492.66171
 20
498.95674
 10
492.65793
 20
498.96055
 10
492.65411
 20
498.96435
 10
492.6503
 20
498.96815
 10
492.64651
 20
498.97196
 10
492.6427
 20
498.97576
 10
492.63889
 20
498.97957
 10
492.6351
 20
498.98336
 10
492.63129
 20
498.98717
 10
492.6275
 20
498.99097
 10
492.62369
 20
498.99477
 10
492.61987
 20
498.99857
 10
492.61609
 20
499.00238
 10
492.61227
 20
499.00618
 10
492.60849
 20
499.00999
 10
492.60468
 20
499.01379
 10
492.60086
 20
499.01759
 10
492.59708
 20
499.02139
 10
492.59326
 20
499.02519
 10
492.58948
 20
499.029
 10
492.58566
 20
499.0328
 10
492.58185
 20
499.03661
 10
492.57806
 20
499.04041
 10
492.57425
 20
499.0442
 10
492.57047
 20
499.04801
 10
492.56665
 20
499.05181
 10
492.56284
 20
499.05562
 10
492.55905
 20
499.05942
 10
492.55524
 20
499.06322
 10
492.55142
 20
499.06702
 10
492.54764
 20
499.07082
 10
492.54382
 20
499.07462
 10
492.54004
 20
499.07843
 10
492.53622
 20
499.08223
 10
492.53241
 20
499.08604
 10
492.52863
 20
499.08984
 10
492.52481
 20
499.09364
 10
492.52103
 20
499.09744
 10
492.51721
 20
499.10124
 10
492.51343
 20
499.10505
 10
492.50961
 20
499.10885
 10
492.5058
 20
499.11266
 10
492.50201
 20
499.11646
 10
492.4982
 20
499.12026
 10
492.49438
 20
499.12406
 10
492.4906
 20
499.12786
 10
492.48679
 20
499.13167
 10
492.483
 20
499.13547
 10
492.47919
 20
499.13927
 10
492.47537
 20
499.14307
 10
492.47159
 20
499.14688
 10
492.46777
 20
499.15068
 10
492.46399
 20
499.15448
 10
492.46017
 20
499.15829
 10
492.45636
 20
499.16209
 10
492.45258
 20
499.16589
 10
492.44876
 20
499.16969
 10
492.44498
 20
499.1735
 10
492.44434
 20
499.17413
 10
492.4437
 20
499.17477
 10
492.44305
 20
499.1754
 10
492.44244
 20
499.17603
 10
492.4418
 20
499.17667
 10
492.44116
 20
499.1773
 10
492.44052
 20
499.17793
 10
492.43988
 20
499.17857
 10
492.43927
 20
499.1792
 10
492.43863
 20
499.17983
 10
492.43799
 20
499.18047
 10
492.43735
 20
499.18111
 10
492.43674
 20
499.18173
 10
492.4361
 20
499.18237
 10
492.43546
 20
499.18301
 10
492.43481
 20
499.18363
 10
492.4342
 20
499.18427
 10
492.43356
 20
499.1849
 10
492.43292
 20
499.18554
 10
492.43228
 20
499.18617
 10
492.43164
 20
499.18681
 10
492.43103
 20
499.18744
 10
492.43039
 20
499.18807
 10
492.42975
 20
499.18871
 10
492.4285
 20
499.18935
 10
492.42532
 20
499.19093
 10
492.42215
 20
499.19251
 10
492.42087
 20
499.19315
 10
492.41962
 20
499.19377
 10
492.41833
 20
499.19441
 10
492.41708
 20
499.19504
 10
492.41581
 20
499.19567
 10
492.41454
 20
499.19631
 42
0.0002401533000000186
 10
492.40948
 20
499.1988400000001
 10
492.4082
 20
499.19948
 10
492.40695
 20
499.20011
 10
492.40567
 20
499.20074
 42
0.0005977851000000447
 10
492.40314
 20
499.20201
 10
492.40186
 20
499.20265
 10
492.4006
 20
499.20328
 10
492.39935
 20
499.20392
 10
492.39807
 20
499.20455
 10
492.3968
 20
499.20519
 10
492.39554
 20
499.20582
 10
492.39426
 20
499.20645
 10
492.393
 20
499.20709
 10
492.39173
 20
499.20772
 10
492.39047
 20
499.20835
 10
492.38919
 20
499.20898
 10
492.38794
 20
499.20962
 10
492.38666
 20
499.21025
 10
492.38539
 20
499.21089
 10
492.38412
 20
499.21152
 10
492.38284
 20
499.21152
 10
492.38095
 20
499.21152
 10
492.37905
 20
499.21152
 10
492.37778
 20
499.21152
 10
492.37653
 20
499.21152
 42
-0.0002601345699999764
 10
492.37271
 20
499.21152
 10
492.37146
 20
499.21152
 10
492.37018
 20
499.21152
 10
492.36891
 20
499.21152
 42
0.02767630399995957
 10
492.367
 20
499.21152
 10
492.36636
 20
499.21152
 10
492.36543
 20
499.21152
 10
492.36448
 20
499.21152
 10
492.36383
 20
499.21152
 10
492.36322
 20
499.21152
 10
492.36258
 20
499.21152
 10
492.36194
 20
499.21152
 10
492.3613
 20
499.21152
 42
-0.2355972300013472
 10
492.36005
 20
499.21152
 10
492.35941
 20
499.21152
 10
492.35876
 20
499.21152
 42
-0.0006551190400001912
 10
492.35751
 20
499.21152
 10
492.35624
 20
499.21152
 10
492.35497
 20
499.21152
 10
492.35434
 20
499.21152
 10
492.3537
 20
499.21152
 42
-0.0009466729799998837
 10
492.35245
 20
499.21152
 10
492.35181
 20
499.21152
 10
492.35117
 20
499.21152
 10
492.35052
 20
499.21152
 10
492.3499
 20
499.21152
 10
492.34927
 20
499.21152
 42
-0.0002768465700001356
 10
492.3461
 20
499.21152
 10
492.34546
 20
499.21152
 10
492.34482
 20
499.21152
 10
492.34388
 20
499.21152
 10
492.34293
 20
499.21152
 10
492.34229
 20
499.21152
 10
492.34164
 20
499.21152
 42
-0.000953240420000155
 10
492.34039
 20
499.21152
 10
492.33975
 20
499.21152
 42
0.000953234970000081
 10
492.3385
 20
499.21152
 10
492.33786
 20
499.21152
 10
492.33722
 20
499.21152
 10
492.33658
 20
499.21152
 42
0.0008336480800000396
 10
492.33344
 20
499.21152
 10
492.33279
 20
499.21152
 42
0.2279168299996368
 10
492.3309
 20
499.21152
 10
492.33026
 20
499.21089
 10
492.32962
 20
499.21025
 10
492.32898
 20
499.20963
 10
492.32837
 20
499.20898
 10
492.32773
 20
499.20835
 10
492.32709
 20
499.20772
 10
492.32645
 20
499.20708
 10
492.32581
 20
499.20645
 10
492.3252
 20
499.20582
 10
492.32455
 20
499.20518
 10
492.32391
 20
499.20455
 10
492.32327
 20
499.20392
 10
492.32266
 20
499.20392
 42
0.08457984000049774
 10
492.32138
 20
499.20392
 10
492.32074
 20
499.20392
 42
0.1622482199995678
 10
492.31885
 20
499.20392
 10
492.31821
 20
499.20392
 10
492.31757
 20
499.20392
 10
492.31696
 20
499.20392
 10
492.31631
 20
499.20391
 10
492.31567
 20
499.20392
 10
492.31503
 20
499.20392
 42
0.2360382100016334
 10
492.31378
 20
499.20392
 10
492.31314
 20
499.20392
 42
0.3169555999946268
 10
492.31125
 20
499.20392
 10
492.31061
 20
499.20392
 10
492.30997
 20
499.20392
 42
-0.0006767543900002543
 10
492.30872
 20
499.20392
 10
492.30807
 20
499.20392
 10
492.30807
 20
499.20328
 10
492.30807
 20
499.20265
 42
0.0008415173999999157
 10
492.30807
 20
499.20139
 10
492.30807
 20
499.20074
 10
492.30807
 20
499.20011
 10
492.30807
 20
499.19949
 10
492.30807
 20
499.19884
 10
492.30807
 20
499.19821
 10
492.30807
 20
499.19759
 10
492.30807
 20
499.19695
  0
LWPOLYLINE
  5
76
100
AcDbEntity
  8
Layer_0
  6
ByLayer
 62
    7
370
   -1
100
AcDbPolyline
 90
 2037
 70
    1
 43
0
 10
488.90091
 20
495.46975
 10
488.9003
 20
495.47038
 10
488.89966
 20
495.47102
 10
488.89902
 20
495.47165
 10
488.89838
 20
495.47228
 10
488.89777
 20
495.47292
 10
488.89713
 20
495.47354
 10
488.89648
 20
495.47418
 10
488.89587
 20
495.47481
 10
488.89523
 20
495.47545
 10
488.89459
 20
495.47608
 10
488.89395
 20
495.47672
 10
488.89331
 20
495.47735
 10
488.8927
 20
495.47798
 10
488.89206
 20
495.47861
 10
488.89142
 20
495.47925
 10
488.89078
 20
495.47989
 10
488.89014
 20
495.48052
 10
488.88953
 20
495.48116
 10
488.88889
 20
495.48179
 10
488.88824
 20
495.48242
 10
488.8876
 20
495.48306
 10
488.88699
 20
495.48369
 10
488.88635
 20
495.48433
 10
488.88571
 20
495.48495
 10
488.88571
 20
495.4856
 10
488.88572
 20
495.48686
 10
488.88572
 20
495.48813
 42
-0.0007983781200000016
 10
488.88571
 20
495.4894
 10
488.88571
 20
495.49003
 10
488.88572
 20
495.4913
 10
488.88572
 20
495.49256
 10
488.88507
 20
495.49319
 10
488.88446
 20
495.49384
 10
488.88382
 20
495.49446
 10
488.88318
 20
495.4951
 10
488.88257
 20
495.49573
 10
488.88193
 20
495.49637
 10
488.88129
 20
495.49699
 10
488.88065
 20
495.49763
 10
488.88
 20
495.49826
 10
488.87939
 20
495.4989
 10
488.87875
 20
495.49953
 10
488.87811
 20
495.50017
 10
488.87683
 20
495.5008
 10
488.87558
 20
495.5014300000001
 42
0.0003805145299999634
 10
488.87051
 20
495.50397
 10
488.86923
 20
495.50461
 10
488.86798
 20
495.5052299999999
 42
0.06131139799988689
 10
488.86545
 20
495.5065099999999
 10
488.86417
 20
495.50714
 10
488.86292
 20
495.50777
 10
488.86227
 20
495.50841
 10
488.86163
 20
495.50903
 10
488.86099
 20
495.50967
 10
488.86035
 20
495.51031
 10
488.85974
 20
495.51094
 10
488.8591
 20
495.51157
 10
488.85846
 20
495.51221
 10
488.85782
 20
495.51284
 10
488.85721
 20
495.51347
 10
488.85657
 20
495.51411
 10
488.85593
 20
495.51474
 10
488.85529
 20
495.51538
 10
488.85529
 20
495.51696
 10
488.85529
 20
495.51855
 10
488.8553
 20
495.52013
 10
488.8553
 20
495.52171
 10
488.85529
 20
495.52235
 10
488.85529
 20
495.52298
 42
-0.2840302700026442
 10
488.85339
 20
495.52298
 10
488.85275
 20
495.52298
 42
0.0009310371499999524
 10
488.8515
 20
495.52298
 10
488.85086
 20
495.52298
 10
488.85022
 20
495.52299
 42
0.1084649700003532
 10
488.84833
 20
495.52298
 10
488.84769
 20
495.52298
 10
488.84705
 20
495.52361
 10
488.84644
 20
495.52425
 10
488.84579
 20
495.52489
 10
488.84515
 20
495.52552
 10
488.84451
 20
495.52615
 10
488.84387
 20
495.52679
 10
488.84326
 20
495.52742
 10
488.84262
 20
495.52805
 10
488.84198
 20
495.52869
 10
488.84134
 20
495.52933
 10
488.84073
 20
495.52995
 10
488.84009
 20
495.53059
 42
0.0004749836300000366
 10
488.83502
 20
495.53313
 10
488.83374
 20
495.53376
 10
488.83249
 20
495.53439
 10
488.83121
 20
495.53503
 10
488.82996
 20
495.53566
 10
488.82867
 20
495.53629
 10
488.82739
 20
495.53693
 10
488.82614
 20
495.53757
 10
488.82489
 20
495.53819
 10
488.82425
 20
495.53883
 10
488.82361
 20
495.53946
 10
488.82297
 20
495.5401
 10
488.82233
 20
495.54073
 10
488.82172
 20
495.54136
 10
488.82108
 20
495.542
 10
488.82043
 20
495.54263
 10
488.81979
 20
495.54327
 10
488.81918
 20
495.54389
 10
488.81854
 20
495.54453
 10
488.8179
 20
495.54517
 10
488.81726
 20
495.5458
 10
488.81601
 20
495.54643
 10
488.81473
 20
495.54707
 42
0.0003245122699999019
 10
488.80841
 20
495.5502299999998
 42
0.0002038597000000098
 10
488.80206
 20
495.5534000000001
 10
488.80142
 20
495.55341
 10
488.80078
 20
495.55341
 42
0.3442077799955879
 10
488.79825
 20
495.55341
 10
488.79762
 20
495.5534
 10
488.79699
 20
495.5534
 10
488.79636
 20
495.55341
 10
488.79572
 20
495.55341
 42
0.0009362726199998503
 10
488.79446
 20
495.5534099999999
 42
0.0004733826000000705
 10
488.7894
 20
495.55594
 42
0.0006864491199999275
 10
488.78558
 20
495.55785
 10
488.7843
 20
495.55847
 10
488.78305
 20
495.5591
 10
488.78114
 20
495.56006
 10
488.77924
 20
495.56101
 10
488.77798
 20
495.56165
 42
0.0007637412099999795
 10
488.77545
 20
495.56291
 10
488.77417
 20
495.56355
 10
488.77292
 20
495.56418
 10
488.77164
 20
495.56481
 42
-0.000669769289999955
 10
488.7691
 20
495.56608
 10
488.76782
 20
495.56671
 10
488.76657
 20
495.56734
 10
488.76532
 20
495.56798
 10
488.76404
 20
495.56861
 42
0.001156865400000148
 10
488.76151
 20
495.56989
 10
488.76022
 20
495.57051
 42
0.0003151260299999801
 10
488.75262
 20
495.57432
 42
0.0004877422399999272
 10
488.75009
 20
495.57558
 10
488.74881
 20
495.57622
 10
488.7482
 20
495.57622
 10
488.74756
 20
495.57622
 10
488.74692
 20
495.57622
 10
488.74629
 20
495.57622
 10
488.74567
 20
495.57622
 42
-0.0004332744800000592
 10
488.74249
 20
495.57622
 10
488.74185
 20
495.57622
 10
488.74121
 20
495.57622
 10
488.73995
 20
495.57622
 10
488.73868
 20
495.57622
 42
-0.000537633560000199
 10
488.73615
 20
495.57622
 42
0.0009286245100000131
 10
488.73489
 20
495.57622
 10
488.73425
 20
495.57622
 10
488.73361
 20
495.57622
 10
488.73236
 20
495.57685
 10
488.73108
 20
495.57748
 42
0.000401857220000029
 10
488.72473
 20
495.58066
 42
0.3731248199989838
 10
488.72095
 20
495.58256
 10
488.71967
 20
495.58319
 10
488.71841
 20
495.5838200000001
 42
0.0002258350199998853
 10
488.71207
 20
495.587
 10
488.71078
 20
495.58763
 10
488.70953
 20
495.58826
 10
488.70825
 20
495.5889
 42
0.0002462475100000838
 10
488.70319
 20
495.59143
 10
488.70129
 20
495.59143
 10
488.6994
 20
495.59143
 42
0.04499405600000034
 10
488.69559
 20
495.59143
 10
488.6937
 20
495.59143
 42
0.0004287575199999871
 10
488.68228
 20
495.59143
 10
488.68036
 20
495.59143
 10
488.67911
 20
495.59206
 10
488.67786
 20
495.5927
 10
488.67657
 20
495.59333
 10
488.67529
 20
495.59396
 10
488.67404
 20
495.5946
 10
488.67276
 20
495.59523
 10
488.67151
 20
495.5958699999999
 42
-0.0002203298700000438
 10
488.66644
 20
495.5984
 10
488.66516
 20
495.59904
 10
488.64996
 20
495.61362
 42
0.01066462399999997
 10
488.61954
 20
495.64276
 10
488.60431
 20
495.65734
 10
488.58911
 20
495.6719200000001
 42
-0.524657900001941
 10
488.55869
 20
495.70107
 10
488.54349
 20
495.71565
 10
488.52826
 20
495.73022
 42
0.03923572599999803
 10
488.49786
 20
495.75938
 10
488.48264
 20
495.77396
 10
488.48328
 20
495.77522
 42
-0.001034223399999984
 10
488.48581
 20
495.7803
 10
488.48645
 20
495.78156
 10
488.48709
 20
495.78282
 10
488.4877
 20
495.7841
 42
-7.913556299998057e-05
 10
488.49023
 20
495.78917
 42
0.2633632999996824
 10
488.49216
 20
495.79487
 10
488.4931
 20
495.79772
 10
488.49405
 20
495.80058
 10
488.495
 20
495.80343
 10
488.49595
 20
495.80628
 10
488.49658
 20
495.80818
 10
488.49722
 20
495.81008
 10
488.49786
 20
495.81198
 10
488.49847
 20
495.81325
 10
488.49911
 20
495.81451
 10
488.49976
 20
495.81578
 42
-8.187279099999664e-05
 10
488.5022900000001
 20
495.82085
 42
-7.868343799994639e-05
 10
488.50482
 20
495.82593
 10
488.50546
 20
495.82719
 42
-0.3442869400024248
 10
488.50546
 20
495.83099
 10
488.50546
 20
495.8329
 42
-0.0009812743399998409
 10
488.50546
 20
495.8443
 42
-0.0005211896399998541
 10
488.50546
 20
495.85001
 10
488.5061000000001
 20
495.85127
 42
6.266954599964839e-05
 10
488.50925
 20
495.8576199999999
 10
488.50989
 20
495.85888
 10
488.51053
 20
495.86015
 42
-0.001046567999999888
 10
488.51306
 20
495.86522
 42
-0.001354719099999972
 10
488.51495
 20
495.86902
 10
488.51559
 20
495.87029
 10
488.51655
 20
495.87219
 10
488.5175
 20
495.87409
 10
488.51813
 20
495.87537
 42
-0.0001042970899999626
 10
488.52002
 20
495.87916
 10
488.52066
 20
495.88043
 10
488.52193
 20
495.88297
 10
488.5231999999999
 20
495.8855
 42
0.01297668799999539
 10
488.5263699999999
 20
495.89184
 10
488.52701
 20
495.8931
 10
488.52765
 20
495.89437
 10
488.52826
 20
495.89565
 42
-0.1305227999999492
 10
488.53143
 20
495.90198
 10
488.53207
 20
495.90324
 10
488.53271
 20
495.90451
 10
488.53333
 20
495.90578
 10
488.53398
 20
495.90705
 10
488.53461
 20
495.90831
 10
488.53525
 20
495.90958
 10
488.53589
 20
495.91086
 42
-0.001114376899999991
 10
488.54095
 20
495.92099
 10
488.54156
 20
495.92226
 10
488.54221
 20
495.92352
 42
-0.0001562922099999676
 10
488.54349
 20
495.92606
 10
488.54413
 20
495.92732
 10
488.54474
 20
495.9286
 10
488.54538
 20
495.92987
 10
488.54602
 20
495.93113
 10
488.54665
 20
495.9324
 10
488.54727
 20
495.93367
 42
0.3441626199997038
 10
488.55045
 20
495.94
 10
488.55109
 20
495.94127
 10
488.55173
 20
495.94191
 10
488.55237
 20
495.94254
 10
488.55298
 20
495.94318
 10
488.55362
 20
495.9438
 10
488.55426
 20
495.94444
 10
488.5549
 20
495.94508
 10
488.55551
 20
495.94571
 10
488.55615
 20
495.94634
 10
488.55679
 20
495.94698
 10
488.55743
 20
495.94761
 10
488.55804
 20
495.94824
 10
488.55869
 20
495.94888
 10
488.55933
 20
495.95014
 10
488.55997
 20
495.95142
 10
488.56154
 20
495.95458
 10
488.56313
 20
495.95775
 10
488.56375
 20
495.95901
 10
488.56439
 20
495.96028
 10
488.56503
 20
495.96155
 10
488.56566
 20
495.96282
 10
488.5663
 20
495.96409
 10
488.56693
 20
495.96472
 10
488.56757
 20
495.96535
 10
488.56821
 20
495.96599
 10
488.56885
 20
495.96662
 10
488.56946
 20
495.96725
 10
488.5701
 20
495.96789
 10
488.57074
 20
495.96852
 10
488.57135
 20
495.96916
 10
488.57199
 20
495.96979
 10
488.57263
 20
495.97043
 10
488.57327
 20
495.97105
 10
488.57391
 20
495.97169
 42
4.536378600009469e-05
 10
488.58276
 20
495.97613
 42
-0.001259091799999941
 10
488.58658
 20
495.9780299999999
 10
488.58783
 20
495.97867
 10
488.58911
 20
495.97929
 10
488.58975
 20
495.98056
 10
488.59039
 20
495.9818300000001
 42
0.3442274999964146
 10
488.5916399999999
 20
495.98437
 10
488.59229
 20
495.98563
 10
488.59387
 20
495.9888
 10
488.59545
 20
495.99197
 10
488.59608
 20
495.99324
 10
488.59672
 20
495.99451
 10
488.59735
 20
495.99515
 10
488.59799
 20
495.99577
 10
488.59863
 20
495.99641
 10
488.59924
 20
495.99704
 10
488.59988
 20
495.99768
 10
488.60052
 20
495.99831
 10
488.60117
 20
495.99895
 10
488.60178
 20
495.99958
 10
488.60242
 20
496.00021
 10
488.60306
 20
496.00085
 10
488.6037
 20
496.00148
 10
488.60431
 20
496.00211
 10
488.60622
 20
496.00306
 10
488.60812
 20
496.00401
 10
488.60941
 20
496.00465
 10
488.61066
 20
496.00528
 10
488.61193
 20
496.00592
 10
488.6132
 20
496.00655
 10
488.61447
 20
496.00719
 42
-0.001033586800000004
 10
488.61954
 20
496.0097200000001
 42
0.4142315000002669
 10
488.62585
 20
496.01289
 10
488.62714
 20
496.01352
 10
488.62842
 20
496.01415
 10
488.62967
 20
496.01479
 10
488.63094
 20
496.01542
 10
488.63221
 20
496.01606
 10
488.63348
 20
496.01669
 10
488.63474
 20
496.01732
 10
488.63538
 20
496.01796
 10
488.63602
 20
496.01859
 10
488.63666
 20
496.01923
 10
488.63727
 20
496.01986
 10
488.63791
 20
496.02049
 10
488.63855
 20
496.02113
 10
488.63919
 20
496.02176
 10
488.63983
 20
496.02239
 10
488.64044
 20
496.02303
 10
488.64108
 20
496.02367
 10
488.64172
 20
496.02429
 10
488.64233
 20
496.02493
 42
-0.001027123899999996
 10
488.64743
 20
496.02747
 42
-0.001388018900000281
 10
488.65121
 20
496.0293699999999
 42
-0.001280590900000057
 10
488.65503
 20
496.0312699999999
 10
488.65629
 20
496.0319
 10
488.65756
 20
496.03254
 10
488.65881
 20
496.03316
 10
488.6601
 20
496.0338
 10
488.66389
 20
496.0357
 10
488.6677
 20
496.03761
 10
488.66898
 20
496.03824
 10
488.67023
 20
496.03887
 10
488.6715
 20
496.03951
 10
488.67277
 20
496.04014
 10
488.67404
 20
496.04014
 10
488.67529
 20
496.04015
 42
-0.0004424768199999609
 10
488.67786
 20
496.04014
 10
488.67974
 20
496.04014
 10
488.68165
 20
496.04014
 10
488.68292
 20
496.04015
 10
488.68417
 20
496.04014
 42
-0.0004454763000000555
 10
488.68671
 20
496.04013
 10
488.68799
 20
496.04014
 10
488.68924
 20
496.04077
 10
488.69241
 20
496.04235
 10
488.69558
 20
496.04394
 10
488.69684
 20
496.04458
 10
488.69812
 20
496.04521
 42
-0.2840942700010199
 10
488.70319
 20
496.04774
 10
488.70508
 20
496.04774
 10
488.707
 20
496.04774
 10
488.70889
 20
496.04774
 10
488.71078
 20
496.04774
 10
488.71271
 20
496.04774
 10
488.7146
 20
496.04774
 42
0.3441945700006435
 10
488.72031
 20
496.04774
 10
488.7222
 20
496.04774
 42
-0.001343755799999941
 10
488.72601
 20
496.04774
 10
488.74249
 20
496.03571
 10
488.75897
 20
496.02366
 42
-0.005512231399999966
 10
488.79193
 20
495.99957
 10
488.80841
 20
495.98753
 10
488.82489
 20
495.97549
 42
-0.02208148799999959
 10
488.85785
 20
495.95141
 10
488.8743
 20
495.93937
 10
488.89078
 20
495.92732
 10
488.90726
 20
495.91531
 10
488.92374
 20
495.90324
 10
488.92438
 20
495.90198
 42
-0.0003231362100000983
 10
488.92627
 20
495.89818
 10
488.92691
 20
495.8969
 10
488.92755
 20
495.89564
 10
488.92816
 20
495.89438
 10
488.9288
 20
495.89311
 42
0.0003260335000000596
 10
488.9307299999999
 20
495.88931
 10
488.93134
 20
495.88804
 10
488.93134
 20
495.88614
 10
488.93135
 20
495.88423
 10
488.93135
 20
495.88233
 10
488.93134
 20
495.88043
 10
488.93134
 20
495.87853
 42
0.0005240537600001585
 10
488.93134
 20
495.87473
 10
488.93134
 20
495.87283
 10
488.93134
 20
495.87093
 42
0.0003602171899996384
 10
488.93134
 20
495.86522
 10
488.93198
 20
495.86395
 10
488.93262
 20
495.86269
 10
488.93326
 20
495.86142
 42
-0.0005169603500000773
 10
488.93451
 20
495.85889
 10
488.93515
 20
495.85762
 10
488.9357900000002
 20
495.85635
 42
0.001033246199999877
 10
488.9370400000001
 20
495.85381
 10
488.93768
 20
495.85254
 10
488.93832
 20
495.85127
 10
488.93896
 20
495.85001
 42
-0.4876724299983016
 10
488.93896
 20
495.84621
 10
488.93896
 20
495.84494
 10
488.93895
 20
495.84367
 10
488.93895
 20
495.84177
 10
488.9389499999999
 20
495.83987
 42
-0.5576718699585052
 10
488.93896
 20
495.8373300000001
 10
488.93896
 20
495.83606
 10
488.93896
 20
495.8348
 10
488.94022
 20
495.83227
 10
488.94149
 20
495.82973
 10
488.94275
 20
495.82719
 42
-0.0001114137100000366
 10
488.94656
 20
495.81959
 42
-0.0001485440999999696
 10
488.95035
 20
495.81198
 10
488.95163
 20
495.80945
 10
488.95288
 20
495.80692
 10
488.95416
 20
495.80438
 10
488.95544
 20
495.80184
 10
488.9567
 20
495.79931
 10
488.95798
 20
495.79677
 10
488.95923
 20
495.79424
 42
0.0002436185999999956
 10
488.96176
 20
495.78917
 10
488.96304
 20
495.78664
 42
0.000220178080000105
 10
488.96686
 20
495.77902
 10
488.96811
 20
495.77649
 10
488.96939
 20
495.77396
 10
488.97064
 20
495.77142
 10
488.97189
 20
495.76889
 10
488.97318
 20
495.76635
 42
-0.0004878926399999777
 10
488.97699
 20
495.75874
 42
-0.000296755399999949
 10
488.97952
 20
495.75368
 10
488.98077
 20
495.75114
 10
488.98268
 20
495.74734
 10
488.98459
 20
495.74353
 10
488.98584
 20
495.74164
 10
488.98712
 20
495.73973
 10
488.9884
 20
495.73782
 10
488.98965
 20
495.73593
 10
488.99092
 20
495.73403
 10
488.99219
 20
495.73213
 10
488.99347
 20
495.73022
 42
0.0005540482300001229
 10
488.99725
 20
495.72452
 10
488.99853
 20
495.72262
 10
488.9998
 20
495.72072
 10
489.00107
 20
495.7200900000001
 42
-0.0002987636599998874
 10
489.00485
 20
495.71819
 10
489.0061299999999
 20
495.71755
 42
0.05162915300011144
 10
489.0112
 20
495.7150099999999
 10
489.01248
 20
495.71439
 10
489.01373
 20
495.71375
 10
489.01501
 20
495.71311
 10
489.01563
 20
495.71248
 10
489.01627
 20
495.71185
 10
489.01691
 20
495.71121
 10
489.01755
 20
495.71058
 10
489.01819
 20
495.70995
 10
489.0188
 20
495.70931
 10
489.01944
 20
495.70868
 10
489.02008
 20
495.70805
 10
489.02072
 20
495.70741
 10
489.02133
 20
495.70678
 10
489.02197
 20
495.70614
 10
489.02261
 20
495.70551
 10
489.02386
 20
495.70425
 10
489.02515
 20
495.70297
 10
489.02643
 20
495.70171
 10
489.02768
 20
495.70044
 10
489.02896
 20
495.69917
 10
489.03021
 20
495.69791
 10
489.03149
 20
495.69664
 10
489.03275
 20
495.69537
 10
489.03403
 20
495.6941
 10
489.03528
 20
495.69283
 10
489.03656
 20
495.69157
 10
489.03781
 20
495.6903
 10
489.03845
 20
495.68967
 10
489.03909
 20
495.68903
 10
489.03973
 20
495.6884
 10
489.04034
 20
495.68776
 10
489.04099
 20
495.68713
 10
489.04163
 20
495.68649
 10
489.04227
 20
495.68586
 10
489.04291
 20
495.68523
 10
489.04352
 20
495.68459
 10
489.04416
 20
495.68396
 10
489.0448
 20
495.68333
 10
489.04544
 20
495.68269
 10
489.04669
 20
495.68206
 10
489.04797
 20
495.68143
 10
489.04922
 20
495.68079
 10
489.05051
 20
495.68016
 42
0.04999843299992646
 10
489.05304
 20
495.67889
 10
489.05429
 20
495.6782499999999
 42
-0.0003196476400000306
 10
489.05811
 20
495.67635
 10
489.05939
 20
495.67572
 10
489.06064
 20
495.67509
 10
489.06189
 20
495.67445
 10
489.06317
 20
495.67382
 10
489.06445
 20
495.67319
 10
489.0657
 20
495.67255
 10
489.06699
 20
495.67192
 10
489.06824
 20
495.67129
 10
489.06951
 20
495.67065
 10
489.07078
 20
495.67002
 10
489.0720499999999
 20
495.66939
 42
0.5574661699806305
 10
489.07584
 20
495.6674800000001
 10
489.07775
 20
495.66748
 10
489.07965
 20
495.66748
 10
489.08092
 20
495.66748
 10
489.08218
 20
495.66748
 10
489.08345
 20
495.66748
 10
489.08472
 20
495.66748
 10
489.086
 20
495.66748
 42
0.06321897500011724
 10
489.08853
 20
495.66748
 42
0.0224301230000109
 10
489.09106
 20
495.66748
 10
489.09232
 20
495.66685
 10
489.0936
 20
495.66621
 10
489.09485
 20
495.66558
 10
489.09613
 20
495.66495
 10
489.09741
 20
495.66431
 10
489.09866
 20
495.66368
 10
489.09995
 20
495.66305
 10
489.1012
 20
495.66241
 10
489.10373
 20
495.66115
 10
489.10627
 20
495.65988
 10
489.1069
 20
495.65924
 10
489.10754
 20
495.65862
 10
489.10818
 20
495.65797
 10
489.1088
 20
495.65735
 10
489.10944
 20
495.65671
 10
489.11008
 20
495.65607
 10
489.11072
 20
495.65544
 10
489.11133
 20
495.65481
 10
489.11197
 20
495.65417
 10
489.11261
 20
495.65354
 10
489.11325
 20
495.65291
 10
489.11389
 20
495.65227
 10
489.11578
 20
495.65228
 42
-0.0001055297599999479
 10
489.12527
 20
495.65228
 42
-0.0005285404900000195
 10
489.13098
 20
495.65228
 10
489.13287
 20
495.65228
 10
489.1348
 20
495.65228
 10
489.13669
 20
495.6522800000001
 42
0.0002457670499999759
 10
489.14175
 20
495.6497400000001
 10
489.14493
 20
495.64816
 10
489.1481
 20
495.64657
 10
489.15
 20
495.64562
 10
489.1519
 20
495.64467
 42
-0.0003948365999999443
 10
489.1557
 20
495.64467
 10
489.15698
 20
495.64467
 10
489.15887
 20
495.64467
 10
489.16077
 20
495.64467
 42
-0.0003936888600000194
 10
489.16458
 20
495.64467
 42
-0.0002606878400000069
 10
489.16711
 20
495.64467
 10
489.16837
 20
495.64404
 10
489.16965
 20
495.6433999999999
 42
-0.0003075696200000276
 10
489.17346
 20
495.6414899999999
 10
489.17471
 20
495.64087
 10
489.17599
 20
495.64023
 10
489.17725
 20
495.6396
 10
489.17853
 20
495.63896
 10
489.17978
 20
495.63833
 10
489.18106
 20
495.6377
 10
489.18231
 20
495.63706
 42
-0.0002673672700000205
 10
489.18613
 20
495.63706
 10
489.18802
 20
495.63706
 10
489.18991
 20
495.63706
 42
-0.0001076182599999637
 10
489.19943
 20
495.63706
 10
489.20132
 20
495.63706
 10
489.20325
 20
495.63706
 10
489.20514
 20
495.63706
 42
0.00038874432999998
 10
489.20892
 20
495.63706
 42
0.0002617785500001508
 10
489.21149
 20
495.63707
 10
489.21274
 20
495.63706
 10
489.21401
 20
495.63706
 10
489.21591
 20
495.63706
 10
489.21781
 20
495.63706
 10
489.21909
 20
495.63706
 10
489.22034
 20
495.63706
 10
489.22226
 20
495.63706
 10
489.22415
 20
495.63706
 42
-0.001194035800000035
 10
489.23175
 20
495.63706
 10
489.23364
 20
495.63706
 42
0.2840669500000967
 10
489.24127
 20
495.63706
 10
489.24316
 20
495.63706
 10
489.24634
 20
495.63706
 10
489.24951
 20
495.6370600000001
 42
-0.0005721354700000204
 10
489.2621799999999
 20
495.63705
 42
-0.5575056300053215
 10
489.27484
 20
495.63706
 10
489.27802
 20
495.63706
 10
489.28119
 20
495.6370499999999
 42
-0.00308846150000003
 10
489.2926
 20
495.63896
 42
-0.003018619899999733
 10
489.30402
 20
495.6408599999999
 10
489.3078
 20
495.64149
 10
489.31161
 20
495.64214
 10
489.31543
 20
495.64276
 10
489.31921
 20
495.6434
 10
489.32303
 20
495.64404
 10
489.32681
 20
495.64467
 42
-5.19209649999785e-05
 10
489.32935
 20
495.64973
 10
489.33094
 20
495.65291
 10
489.33252
 20
495.65608
 42
-0.001384558699999866
 10
489.33441
 20
495.65988
 10
489.33505
 20
495.66051
 10
489.33569
 20
495.66115
 10
489.33633
 20
495.66178
 10
489.33694
 20
495.66241
 10
489.33759
 20
495.66305
 10
489.33823
 20
495.66368
 10
489.33887
 20
495.66431
 10
489.33948
 20
495.66495
 10
489.34012
 20
495.66559
 10
489.34076
 20
495.66621
 10
489.3414
 20
495.66685
 10
489.3420399999999
 20
495.66749
 42
2.629072899990706e-05
 10
489.3471099999998
 20
495.67509
 42
-0.0007503369700001548
 10
489.34964
 20
495.67889
 10
489.35089
 20
495.68079
 42
-0.001719748899999913
 10
489.3547100000001
 20
495.68649
 10
489.35599
 20
495.6884
 10
489.35724
 20
495.6903
 10
489.35852
 20
495.69093
 10
489.35977
 20
495.69157
 42
-0.0001752643400000379
 10
489.3623
 20
495.69283
 10
489.36359
 20
495.69347
 10
489.36485
 20
495.6941
 10
489.36611
 20
495.69474
 10
489.36737
 20
495.69537
 10
489.36865
 20
495.696
 42
-0.001489271800000074
 10
489.37244
 20
495.69791
 10
489.37403
 20
495.70107
 10
489.37562
 20
495.70424
 10
489.37657
 20
495.70615
 10
489.37752
 20
495.70805
 10
489.37817
 20
495.7093
 10
489.37878
 20
495.71058
 10
489.37943
 20
495.71185
 10
489.38007
 20
495.71312
 10
489.38132
 20
495.71439
 10
489.3826
 20
495.71565
 10
489.38385
 20
495.71692
 10
489.38513
 20
495.71819
 10
489.38638
 20
495.71945
 10
489.38766
 20
495.72072
 10
489.38892
 20
495.72199
 10
489.3902
 20
495.72326
 10
489.39145
 20
495.72453
 10
489.39273
 20
495.72579
 10
489.39398
 20
495.72706
 10
489.39526
 20
495.72833
 10
489.3959
 20
495.72896
 10
489.39655
 20
495.7296
 10
489.39716
 20
495.73022
 10
489.3978
 20
495.73087
 10
489.39844
 20
495.7315
 10
489.39908
 20
495.73213
 10
489.39969
 20
495.73277
 10
489.40033
 20
495.7334
 10
489.40097
 20
495.73403
 10
489.40161
 20
495.73466
 10
489.40222
 20
495.7353
 10
489.40286
 20
495.73593
 10
489.4035
 20
495.73657
 10
489.40414
 20
495.7372
 10
489.40479
 20
495.73784
 10
489.4054
 20
495.73846
 10
489.40604
 20
495.73911
 10
489.40668
 20
495.73973
 10
489.40732
 20
495.74037
 10
489.40793
 20
495.741
 10
489.40857
 20
495.74164
 10
489.40921
 20
495.74227
 10
489.40985
 20
495.7429
 10
489.41046
 20
495.74354
 10
489.41174
 20
495.74354
 10
489.41302
 20
495.74353
 10
489.41428
 20
495.74353
 42
-0.4874813100008646
 10
489.41681
 20
495.74353
 10
489.41809
 20
495.74354
 10
489.41935
 20
495.74353
 10
489.42062
 20
495.74354
 10
489.42188
 20
495.74353
 10
489.42316
 20
495.74353
 10
489.42442
 20
495.74353
 10
489.42569
 20
495.74354
 10
489.42633
 20
495.74417
 10
489.42694
 20
495.7448
 10
489.42758
 20
495.74544
 10
489.42822
 20
495.74607
 10
489.42886
 20
495.7467
 10
489.4295
 20
495.74734
 10
489.43011
 20
495.74797
 10
489.43076
 20
495.74861
 10
489.4314
 20
495.74924
 10
489.43204
 20
495.74988
 10
489.43265
 20
495.75051
 10
489.43329
 20
495.75114
 10
489.43457
 20
495.75177
 10
489.43582
 20
495.75241
 10
489.4371
 20
495.75304
 10
489.43835
 20
495.75368
 42
-0.0005202307100000147
 10
489.44724
 20
495.75812
 10
489.44849
 20
495.75874
 10
489.45041
 20
495.75875
 10
489.45231
 20
495.7587500000001
 42
0.02767428400000595
 10
489.45483
 20
495.7587399999998
 10
489.45674
 20
495.75875
 10
489.45865
 20
495.75874
 42
-0.0007836630299999949
 10
489.46118
 20
495.75874
 10
489.46245
 20
495.75874
 10
489.46372
 20
495.75874
 10
489.46436
 20
495.75938
 10
489.465
 20
495.76001
 10
489.46561
 20
495.76064
 10
489.46625
 20
495.76128
 10
489.46689
 20
495.76191
 10
489.46753
 20
495.76254
 10
489.46814
 20
495.76318
 10
489.46878
 20
495.76381
 10
489.46942
 20
495.76445
 10
489.47006
 20
495.76508
 10
489.4707
 20
495.76572
 10
489.47131
 20
495.7663499999999
 42
-0.0001647049100000821
 10
489.49667
 20
495.78916
 42
-0.0001902526100000198
 10
489.5220299999999
 20
495.81198
 42
-0.0001776419400000074
 10
489.54736
 20
495.83479
 10
489.54865
 20
495.8367
 10
489.5498999999999
 20
495.8386
 42
-0.002516727700000662
 10
489.55243
 20
495.8424
 10
489.55371
 20
495.8443
 10
489.55496
 20
495.84621
 10
489.55814
 20
495.85096
 10
489.56131
 20
495.85571
 10
489.56259
 20
495.8576
 10
489.56323
 20
495.85825
 10
489.56384
 20
495.85888
 10
489.56448
 20
495.85951
 10
489.56512
 20
495.86015
 10
489.56577
 20
495.86078
 10
489.56641
 20
495.86141
 10
489.56702
 20
495.86205
 10
489.56766
 20
495.86268
 10
489.5683
 20
495.86331
 10
489.56891
 20
495.86395
 10
489.56955
 20
495.86458
 10
489.57019
 20
495.8652200000001
 42
-0.0031012115000005
 10
489.57526
 20
495.8677500000002
 42
-0.09205619699977316
 10
489.5816
 20
495.87093
 10
489.58286
 20
495.87155
 10
489.58414
 20
495.87219
 10
489.58539
 20
495.87282
 10
489.58856
 20
495.87599
 10
489.59174
 20
495.87916
 10
489.59491
 20
495.88232
 10
489.59808
 20
495.8855
 10
489.60126
 20
495.88866
 10
489.60443
 20
495.89183
 10
489.60757
 20
495.895
 10
489.61075
 20
495.89817
 10
489.61392
 20
495.90134
 10
489.6171
 20
495.90451
 10
489.62027
 20
495.90768
 10
489.62341
 20
495.91084
 42
-0.0002048951099999213
 10
489.6386400000001
 20
495.9298699999999
 10
489.64117
 20
495.93303
 10
489.64371
 20
495.9362
 10
489.64625
 20
495.93938
 10
489.64877
 20
495.94254
 42
-0.002863212599999944
 10
489.65384
 20
495.94887
 10
489.65701
 20
495.95204
 10
489.66019
 20
495.95521
 10
489.66336
 20
495.95838
 10
489.66653
 20
495.96155
 10
489.66968
 20
495.96472
 10
489.67285
 20
495.96789
 10
489.67603
 20
495.97105
 10
489.6792
 20
495.97423
 10
489.68237
 20
495.97739
 10
489.68555
 20
495.98056
 10
489.68872
 20
495.98373
 10
489.69186
 20
495.9869
 10
489.69504
 20
495.99007
 10
489.69821
 20
495.99324
 10
489.70139
 20
495.99641
 10
489.70456
 20
495.99957
 10
489.70773
 20
496.00275
 10
489.71088
 20
496.00591
 10
489.71405
 20
496.00908
 10
489.71722
 20
496.01225
 10
489.7204
 20
496.01542
 10
489.72357
 20
496.01859
 10
489.72675
 20
496.02176
 10
489.72989
 20
496.02493
 10
489.73117
 20
496.02619
 10
489.73242
 20
496.02746
 10
489.7337
 20
496.02873
 10
489.73499
 20
496.03
 10
489.73624
 20
496.03127
 10
489.73752
 20
496.03253
 10
489.73877
 20
496.0338
 10
489.74005
 20
496.03506
 10
489.7413
 20
496.03633
 10
489.74258
 20
496.0376
 10
489.74384
 20
496.03886
 10
489.74512
 20
496.04014
 10
489.74701
 20
496.04204
 10
489.7489
 20
496.04394
 10
489.75082
 20
496.04584
 10
489.75272
 20
496.04774
 10
489.75461
 20
496.04964
 10
489.75653
 20
496.05154
 10
489.75842
 20
496.05344
 10
489.76031
 20
496.05534
 10
489.76221
 20
496.05725
 10
489.76413
 20
496.05915
 10
489.76602
 20
496.06105
 10
489.76791
 20
496.06295
 10
489.77045
 20
496.06549
 10
489.77301
 20
496.06802
 10
489.77554
 20
496.07056
 10
489.77808
 20
496.07309
 10
489.78061
 20
496.07562
 10
489.78314
 20
496.07816
 10
489.78568
 20
496.0807
 10
489.78821
 20
496.08324
 10
489.79074
 20
496.08577
 10
489.79327
 20
496.0883
 10
489.79581
 20
496.09084
 10
489.79834
 20
496.09337
 10
489.80151
 20
496.09654
 10
489.80469
 20
496.09971
 10
489.80786
 20
496.10287
 10
489.81104
 20
496.10605
 10
489.81421
 20
496.10921
 10
489.81735
 20
496.11238
 10
489.82053
 20
496.11555
 10
489.8237
 20
496.11873
 10
489.82687
 20
496.12189
 10
489.83005
 20
496.12506
 10
489.83319
 20
496.12823
 10
489.83636
 20
496.13139
 10
489.85413
 20
496.15168
 10
489.87186
 20
496.17197
 10
489.88962
 20
496.19225
 10
489.90735
 20
496.21252
 10
489.92511
 20
496.2328
 10
489.94284
 20
496.25308
 10
489.9606
 20
496.27337
 10
489.97833
 20
496.29365
 10
489.99609
 20
496.31393
 10
490.01382
 20
496.33421
 10
490.03159
 20
496.35449
 10
490.04932
 20
496.37477
 10
490.05884
 20
496.37477
 10
490.06833
 20
496.3747700000001
 42
-7.389890600003223e-05
 10
490.08734
 20
496.3747599999999
 10
490.09686
 20
496.37477
 10
490.10635
 20
496.37477
 10
490.11588
 20
496.37477
 10
490.12537
 20
496.37477
 10
490.13489
 20
496.37477
 10
490.14438
 20
496.37477
 10
490.1539
 20
496.37477
 10
490.16339
 20
496.37477
 10
490.17734
 20
496.35892
 42
0.02160942600000178
 10
490.20523
 20
496.32724
 10
490.21918
 20
496.31139
 10
490.23312
 20
496.29555
 42
0.02038389299999754
 10
490.26099
 20
496.26386
 10
490.2749299999999
 20
496.2480199999999
 42
-0.006577523899999632
 10
490.3028299999999
 20
496.21633
 10
490.31677
 20
496.20049
 10
490.33072
 20
496.18464
 42
-0.002268449499999865
 10
490.33072
 20
496.18337
 10
490.33072
 20
496.18274
 10
490.33072
 20
496.1821
 42
-0.4878519099917364
 10
490.33072
 20
496.17957
 42
0.002400941599999729
 10
490.33072
 20
496.17703
 10
490.31235
 20
496.15549
 10
490.29395
 20
496.13394
 10
490.27557
 20
496.11239
 10
490.2572
 20
496.09084
 10
490.23883
 20
496.06929
 10
490.22043
 20
496.04774
 10
490.20206
 20
496.0262
 10
490.18369
 20
496.00465
 10
490.16528
 20
495.9831
 10
490.14691
 20
495.96155
 10
490.12854
 20
495.94001
 10
490.11017
 20
495.91846
 10
490.1051
 20
495.91212
 10
490.10001
 20
495.90578
 10
490.09494
 20
495.89944
 10
490.08987
 20
495.8931
 10
490.08481
 20
495.88676
 10
490.07974
 20
495.88043
 10
490.07468
 20
495.87408
 10
490.06958
 20
495.86775
 42
0.0003866931400000893
 10
490.05945
 20
495.85508
 42
0.0007327660300000873
 10
490.0493200000001
 20
495.8424099999999
 42
0.0202852219999977
 10
490.03918
 20
495.8297299999999
 42
0.0006856368899999727
 10
490.02905
 20
495.8170499999999
 42
2.041473099995634e-05
 10
490.0188900000002
 20
495.8043699999999
 42
0.02095262000000028
 10
490.0087600000001
 20
495.7917
 42
0.0003603393899999648
 10
489.99863
 20
495.7790200000002
 42
1.022610400005627e-05
 10
489.98846
 20
495.76635
 42
0.0006045054200000581
 10
489.96567
 20
495.741
 42
0.0001597672800000278
 10
489.94284
 20
495.71564
 42
0.0004662469399999872
 10
489.92572
 20
495.69663
 10
489.92001
 20
495.6903
 10
489.91495
 20
495.68333
 10
489.90988
 20
495.67636
 10
489.90482
 20
495.66939
 42
0.0003676318900000097
 10
489.89468
 20
495.65544
 10
489.88962
 20
495.64847
 10
489.88452
 20
495.64149
 10
489.8794599999999
 20
495.63453
 42
1.52511820000368e-05
 10
489.8693199999999
 20
495.62058
 10
489.86426
 20
495.61362
 10
489.85919
 20
495.60664
 10
489.85349
 20
495.59967
 10
489.84778
 20
495.5927
 10
489.84207
 20
495.58572
 10
489.83636
 20
495.57875
 42
0.0002799960299999375
 10
489.8249499999999
 20
495.5648100000001
 42
0.02943586900001069
 10
489.81357
 20
495.55087
 42
0.0002597660699999857
 10
489.80215
 20
495.53693
 42
0.0002736562000000431
 10
489.79074
 20
495.52298
 10
489.79074
 20
495.52235
 10
489.79074
 20
495.52172
 10
489.79074
 20
495.52108
 10
489.79074
 20
495.52045
 42
0.001085979200000103
 10
489.79074
 20
495.51855
 42
0.00318164190000028
 10
489.79074
 20
495.51665
 10
489.79074
 20
495.51601
 10
489.79074
 20
495.51538
 10
489.79074
 20
495.51348
 10
489.79074
 20
495.51158
 42
0.002797111700000161
 10
489.79074
 20
495.50904
 10
489.79074
 20
495.50777
 10
489.79074
 20
495.50651
 42
-0.0006493507399999992
 10
489.79074
 20
495.50271
 42
0.002795636299999986
 10
489.79074
 20
495.50017
 10
489.79074
 20
495.49953
 10
489.79074
 20
495.4989
 42
0.003170892399999759
 10
489.79074
 20
495.49637
 10
489.79074
 20
495.49573
 10
489.79074
 20
495.4951
 10
489.79074
 20
495.49446
 42
-0.0005218322499999791
 10
489.79074
 20
495.49256
 10
489.79074
 20
495.49193
 10
489.79074
 20
495.49129
 10
489.79074
 20
495.48971
 10
489.79074
 20
495.48813
 10
489.79074
 20
495.4875
 10
489.79074
 20
495.48686
 42
0.003205208599999465
 10
489.79074
 20
495.48495
 10
489.79074
 20
495.48369
 10
489.79074
 20
495.48242
 42
0.0001626529200000337
 10
489.79074
 20
495.47862
 10
489.79074
 20
495.47736
 10
489.79074
 20
495.47608
 10
489.79074
 20
495.47482
 42
0.0001622314599997819
 10
489.79074
 20
495.47102
 10
489.79074
 20
495.46974
 10
489.7901
 20
495.46785
 10
489.78949
 20
495.46594
 10
489.78885
 20
495.46405
 10
489.78821
 20
495.46214
 10
489.78757
 20
495.46024
 10
489.78693
 20
495.45834
 10
489.78632
 20
495.45644
 10
489.78568
 20
495.45454
 10
489.78503
 20
495.45264
 10
489.78439
 20
495.45073
 10
489.78377
 20
495.44883
 10
489.78314
 20
495.44693
 10
489.78314
 20
495.44566
 10
489.78314
 20
495.44439
 10
489.78314
 20
495.44313
 10
489.78314
 20
495.44186
 10
489.78314
 20
495.4406
 10
489.78314
 20
495.43932
 10
489.78314
 20
495.43806
 10
489.78314
 20
495.43679
 10
489.78314
 20
495.43552
 10
489.78314
 20
495.43426
 42
-0.0002965584799999654
 10
489.78314
 20
495.43172
 10
489.7825
 20
495.43045
 10
489.78186
 20
495.42918
 10
489.78125
 20
495.42792
 10
489.78061
 20
495.42665
 10
489.77997
 20
495.42538
 10
489.77933
 20
495.42411
 10
489.77869
 20
495.42284
 42
-0.005404541900001014
 10
489.7755100000001
 20
495.41651
 10
489.77553
 20
495.41524
 10
489.77553
 20
495.41398
 10
489.77554
 20
495.4127
 10
489.77553
 20
495.41081
 10
489.77553
 20
495.4089
 10
489.77554
 20
495.40764
 10
489.77554
 20
495.40637
 10
489.77553
 20
495.4051
 10
489.77553
 20
495.40384
 10
489.77554
 20
495.40257
 10
489.77551
 20
495.40131
 10
489.7749
 20
495.40067
 10
489.77426
 20
495.40003
 10
489.77362
 20
495.3994
 10
489.77298
 20
495.39877
 10
489.77237
 20
495.39813
 10
489.77173
 20
495.3975
 10
489.77109
 20
495.39687
 10
489.77045
 20
495.39623
 10
489.76984
 20
495.3956
 10
489.7692
 20
495.39496
 10
489.76855
 20
495.39433
 10
489.76791
 20
495.39369
 10
489.76791
 20
495.39306
 42
0.003674760600000955
 10
489.76791
 20
495.3918
 10
489.76791
 20
495.39116
 10
489.76792
 20
495.38989
 10
489.76792
 20
495.38862
 10
489.76791
 20
495.38799
 10
489.76791
 20
495.38736
 10
489.76791
 20
495.38673
 10
489.76791
 20
495.38609
 10
489.7673
 20
495.38545
 10
489.76666
 20
495.38483
 10
489.76602
 20
495.38419
 10
489.76538
 20
495.38356
 10
489.76477
 20
495.38292
 10
489.76413
 20
495.38229
 10
489.76349
 20
495.38165
 10
489.76285
 20
495.38102
 10
489.76221
 20
495.38039
 10
489.7616
 20
495.37975
 10
489.76096
 20
495.37912
 10
489.76031
 20
495.37849
 10
489.75967
 20
495.37659
 10
489.75906
 20
495.37468
 10
489.75842
 20
495.37278
 42
-0.4142619299993191
 10
489.75653
 20
495.36708
 10
489.75589
 20
495.36517
 10
489.75525
 20
495.36328
 10
489.75461
 20
495.36137
 10
489.75397
 20
495.35947
 10
489.75336
 20
495.35757
 10
489.75272
 20
495.35567
 10
489.75208
 20
495.35377
 10
489.75146
 20
495.35186
 10
489.75082
 20
495.34996
 10
489.75018
 20
495.34807
 10
489.74954
 20
495.34616
 10
489.74891
 20
495.34426
 10
489.74828
 20
495.34236
 10
489.74765
 20
495.34046
 10
489.74701
 20
495.33855
 10
489.74637
 20
495.33665
 10
489.74576
 20
495.33475
 10
489.74512
 20
495.33286
 10
489.74448
 20
495.33095
 10
489.74384
 20
495.32906
 10
489.74319
 20
495.32715
 10
489.74258
 20
495.32525
 10
489.74194
 20
495.32334
 42
-0.2840716999994709
 10
489.74005
 20
495.31764
 10
489.73941
 20
495.31573
 10
489.73877
 20
495.31384
 10
489.73813
 20
495.31194
 10
489.73749
 20
495.31004
 10
489.7356
 20
495.30719
 10
489.7337000000001
 20
495.30433
 42
-0.1622941800003147
 10
489.72989
 20
495.29863
 10
489.72864
 20
495.29673
 10
489.72736
 20
495.29483
 10
489.7261
 20
495.29292
 10
489.72482
 20
495.29102
 10
489.72357
 20
495.28912
 10
489.72229
 20
495.28722
 10
489.72229
 20
495.28595
 10
489.72229
 20
495.28468
 10
489.72229
 20
495.28342
 10
489.72229
 20
495.28215
 10
489.72229
 20
495.28088
 10
489.72229
 20
495.27962
 10
489.72229
 20
495.27835
 10
489.72229
 20
495.27708
 42
0.03109079200000599
 10
489.72229
 20
495.27455
 10
489.72229
 20
495.27328
 10
489.72229
 20
495.27202
 10
489.72165
 20
495.27074
 10
489.72071
 20
495.26884
 10
489.71976
 20
495.26694
 10
489.71912
 20
495.26567
 10
489.71849
 20
495.2644
 10
489.71786
 20
495.26314
 10
489.71722
 20
495.26187
 10
489.71658
 20
495.2606
 42
-0.05987406099998526
 10
489.71469
 20
495.25681
 10
489.71341
 20
495.2549
 10
489.71216
 20
495.253
 10
489.71088
 20
495.2511
 10
489.7096299999999
 20
495.2491900000001
 42
0.1164482300004092
 10
489.7070899999999
 20
495.24539
 10
489.70581
 20
495.24349
 10
489.70456
 20
495.24159
 10
489.7032799999998
 20
495.2396900000001
 42
-7.327021899994378e-05
 10
489.7007399999998
 20
495.23589
 10
489.69946
 20
495.23398
 10
489.69946
 20
495.23335
 10
489.69946
 20
495.23271
 10
489.69946
 20
495.23209
 10
489.69946
 20
495.23145
 42
-0.2836430500036745
 10
489.69946
 20
495.23018
 10
489.69946
 20
495.22955
 42
-0.768977889989361
 10
489.69946
 20
495.22765
 10
489.69946
 20
495.22701
 10
489.69946
 20
495.22638
 10
489.69885
 20
495.22574
 10
489.69821
 20
495.22511
 10
489.69757
 20
495.22447
 10
489.69696
 20
495.22385
 10
489.69632
 20
495.22321
 10
489.69568
 20
495.22257
 10
489.69504
 20
495.22194
 10
489.6944
 20
495.22131
 10
489.69379
 20
495.22067
 10
489.69315
 20
495.22004
 10
489.6925
 20
495.21941
 10
489.69186
 20
495.21877
 10
489.69125
 20
495.21814
 10
489.69061
 20
495.2175
 10
489.68997
 20
495.21687
 10
489.68933
 20
495.21623
 10
489.68872
 20
495.21561
 10
489.68808
 20
495.21497
 10
489.68744
 20
495.21433
 10
489.6868
 20
495.2137
 10
489.68616
 20
495.21307
 10
489.68555
 20
495.21243
 10
489.68491
 20
495.2118
 10
489.68427
 20
495.21117
 42
-0.1164587300000601
 10
489.68427
 20
495.2061
 10
489.68427
 20
495.20483
 10
489.68427
 20
495.20357
 10
489.68427
 20
495.2023
 10
489.68427
 20
495.20103
 10
489.68427
 20
495.19976
 42
-0.1163937199998932
 10
489.68427
 20
495.19723
 10
489.68427
 20
495.19595
 10
489.68427
 20
495.19469
 10
489.68427
 20
495.19342
 10
489.68427
 20
495.19215
 10
489.68427
 20
495.19089
 10
489.68427
 20
495.18962
 10
489.68427
 20
495.18835
 10
489.68427
 20
495.18709
 10
489.68427
 20
495.18582
 42
0.2838924300006688
 10
489.68427
 20
495.18201
 10
489.68427
 20
495.18075
 10
489.68427
 20
495.18011
 42
-0.08058134299974824
 10
489.68427
 20
495.17821
 42
0.1164701399990325
 10
489.68427
 20
495.17694
 10
489.68427
 20
495.17632
 10
489.68427
 20
495.17567
 10
489.68427
 20
495.17505
 42
0.1162939599995486
 10
489.68427
 20
495.17314
 10
489.68427
 20
495.17188
 10
489.68427
 20
495.16997
 10
489.68427
 20
495.16807
 10
489.68427
 20
495.16681
 10
489.68427
 20
495.16554
 10
489.68427
 20
495.16428
 10
489.68427
 20
495.163
 10
489.68427
 20
495.16174
 10
489.68427
 20
495.16046
 10
489.68427
 20
495.15919
 10
489.68427
 20
495.15793
 10
489.68427
 20
495.1573
 42
0.2839023000007407
 10
489.68427
 20
495.15604
 10
489.68427
 20
495.1554
 10
489.68427
 20
495.15477
 42
0.2842677800009967
 10
489.68427
 20
495.15286
 10
489.68426
 20
495.15223
 10
489.68427
 20
495.1516
 10
489.68427
 20
495.15096
 10
489.68427
 20
495.15033
 10
489.68491
 20
495.14969
 10
489.68555
 20
495.14906
 10
489.68616
 20
495.14842
 10
489.6868
 20
495.1478
 10
489.68744
 20
495.14716
 10
489.68808
 20
495.14652
 10
489.68869
 20
495.14589
 10
489.68933
 20
495.14526
 10
489.68997
 20
495.14462
 10
489.69061
 20
495.14399
 10
489.69122
 20
495.14336
 10
489.69186
 20
495.14272
 42
0.2360588400027183
 10
489.6937899999999
 20
495.1389199999999
 10
489.6944
 20
495.13765
 10
489.69504
 20
495.13638
 42
-0.04938829400003627
 10
489.69693
 20
495.13258
 42
-0.04131396900001398
 10
489.69885
 20
495.12878
 10
489.69946
 20
495.12751
 10
489.7001
 20
495.12688
 10
489.70074
 20
495.12624
 10
489.70139
 20
495.12561
 10
489.70203
 20
495.12497
 10
489.70264
 20
495.12434
 10
489.70328
 20
495.1237
 10
489.70392
 20
495.12308
 10
489.70456
 20
495.12244
 10
489.70517
 20
495.12181
 10
489.70581
 20
495.12117
 10
489.70645
 20
495.12054
 10
489.70709
 20
495.1199
 10
489.7077
 20
495.11927
 10
489.70834
 20
495.11864
 10
489.70898
 20
495.118
 10
489.70963
 20
495.11737
 10
489.71024
 20
495.11674
 10
489.71088
 20
495.1161
 10
489.71152
 20
495.11547
 10
489.71216
 20
495.11484
 10
489.7128
 20
495.1142
 10
489.71341
 20
495.11357
 10
489.71405
 20
495.11293
 10
489.71469
 20
495.1123
 10
489.71533
 20
495.11166
 10
489.71594
 20
495.11103
 10
489.71658
 20
495.1104
 10
489.71722
 20
495.10976
 10
489.71786
 20
495.10913
 10
489.71848
 20
495.1085
 10
489.71912
 20
495.10786
 10
489.71976
 20
495.10722
 10
489.7204
 20
495.1066
 10
489.72104
 20
495.10596
 10
489.72165
 20
495.10533
 10
489.72229
 20
495.10469
 10
489.72357
 20
495.10406
 10
489.72546
 20
495.10311
 10
489.72736
 20
495.10216
 42
0.0009525802199999649
 10
489.72989
 20
495.10089
 10
489.73117
 20
495.10026
 10
489.73242
 20
495.09962
 10
489.7337
 20
495.09899
 42
0.001448735400000322
 10
489.73624
 20
495.0977199999999
 10
489.73752
 20
495.09709
 10
489.73813
 20
495.09645
 10
489.73877
 20
495.09583
 10
489.73941
 20
495.09518
 10
489.74005
 20
495.09456
 10
489.74066
 20
495.09392
 10
489.7413
 20
495.09329
 10
489.74194
 20
495.09265
 10
489.74258
 20
495.09203
 10
489.74319
 20
495.09138
 10
489.74384
 20
495.09075
 10
489.74448
 20
495.09012
 10
489.74512
 20
495.08949
 42
-0.06666812599997815
 10
489.74765
 20
495.08822
 10
489.7489
 20
495.08759
 42
0.07885194799961555
 10
489.75143
 20
495.08632
 10
489.75272
 20
495.08568
 10
489.75397
 20
495.08505
 10
489.75525
 20
495.08441
 42
-0.1164096700004228
 10
489.75906
 20
495.0825100000001
 10
489.76031
 20
495.08188
 10
489.7616
 20
495.08188
 10
489.76285
 20
495.08188
 10
489.76413
 20
495.08188
 10
489.76538
 20
495.08188
 10
489.76666
 20
495.08188
 10
489.76791
 20
495.08188
 10
489.7692
 20
495.08188
 10
489.77045
 20
495.08188
 42
0.4145575499958699
 10
489.77298
 20
495.08188
 10
489.77426
 20
495.08188
 10
489.77551
 20
495.08188
 10
489.77744
 20
495.08125
 10
489.77933
 20
495.08061
 10
489.78122
 20
495.07998
 42
0.002390777099999832
 10
489.78885
 20
495.07745
 10
489.79074
 20
495.07681
 10
489.79263
 20
495.07617
 10
489.79456
 20
495.07555
 10
489.79645
 20
495.07491
 10
489.79834
 20
495.07427
 10
489.79962
 20
495.07364
 10
489.80087
 20
495.07301
 42
-0.1375373499999454
 10
489.80341
 20
495.07174
 10
489.80469
 20
495.07111
 10
489.80594
 20
495.0704699999999
 42
-0.08064381899990586
 10
489.8097500000001
 20
495.06857
 42
0.1164065999990143
 10
489.81357
 20
495.06667
 42
-0.000887613460000032
 10
489.81735
 20
495.0616
 10
489.81927
 20
495.05907
 10
489.82117
 20
495.05653
 10
489.82306
 20
495.05399
 10
489.82495
 20
495.05146
 42
-0.0006585899100000035
 10
489.82877
 20
495.04639
 10
489.83066
 20
495.04385
 10
489.83258
 20
495.04132
 10
489.83447
 20
495.03878
 10
489.83636
 20
495.03625
 10
489.83765
 20
495.03561
 10
489.8389
 20
495.03498
 10
489.84018
 20
495.0343500000001
 42
0.03109691099996352
 10
489.84396
 20
495.03245
 10
489.84524
 20
495.03181
 10
489.84651
 20
495.03118
 10
489.84778
 20
495.03055
 10
489.84906
 20
495.02991
 42
0.0008257205399998334
 10
489.85159
 20
495.02864
 10
489.85284
 20
495.02737
 10
489.85413
 20
495.02611
 10
489.85538
 20
495.02484
 10
489.85666
 20
495.02357
 10
489.85791
 20
495.02231
 10
489.85919
 20
495.02104
 10
489.86044
 20
495.01977
 10
489.86172
 20
495.0185
 10
489.86298
 20
495.01723
 10
489.86426
 20
495.01597
 10
489.86551
 20
495.0147
 10
489.86679
 20
495.01343
 10
489.86932
 20
495.01089
 10
489.87186
 20
495.00836
 10
489.87439
 20
495.00583
 10
489.87692
 20
495.0033
 10
489.87946
 20
495.00076
 10
489.88199
 20
494.99822
 10
489.88455
 20
494.99568
 10
489.88708
 20
494.99315
 10
489.88962
 20
494.99062
 10
489.89215
 20
494.98808
 10
489.89468
 20
494.98555
 10
489.89722
 20
494.98302
 42
-6.459920000005673e-05
 10
489.90988
 20
494.9735
 10
489.91241
 20
494.9716
 10
489.91495
 20
494.9697
 10
489.91748
 20
494.9678
 10
489.92004
 20
494.9659
 10
489.92258
 20
494.964
 10
489.92511
 20
494.9621
 10
489.92764
 20
494.9602
 10
489.93018
 20
494.95766
 10
489.93271
 20
494.95512
 10
489.93524
 20
494.95259
 10
489.93777
 20
494.95006
 10
489.94031
 20
494.94753
 10
489.94284
 20
494.94498
 10
489.94537
 20
494.94245
 10
489.94791
 20
494.93991
 10
489.95044
 20
494.93738
 10
489.95297
 20
494.93484
 10
489.95551
 20
494.93231
 10
489.95807
 20
494.92978
 10
489.9606
 20
494.92787
 10
489.96313
 20
494.92597
 10
489.96567
 20
494.92407
 42
0.0004253027699998583
 10
489.97073
 20
494.92027
 42
0.0004246980500000239
 10
489.9758
 20
494.91647
 10
489.97833
 20
494.91457
 42
0.0199581889999958
 10
489.9834
 20
494.91077
 10
489.98593
 20
494.90886
 10
489.98846
 20
494.90696
 10
489.99164
 20
494.90506
 10
489.99481
 20
494.90315
 10
489.99799
 20
494.90125
 10
490.00116
 20
494.8993500000001
 42
0.007857219599999533
 10
490.00748
 20
494.8955500000001
 10
490.01065
 20
494.89365
 10
490.01382
 20
494.89175
 10
490.017
 20
494.88985
 10
490.02017
 20
494.88794
 42
0.0008318046200000504
 10
490.02649
 20
494.88415
 10
490.02777
 20
494.88287
 10
490.02905
 20
494.88161
 10
490.0303
 20
494.88034
 10
490.03159
 20
494.87907
 10
490.03284
 20
494.87781
 10
490.03412
 20
494.87654
 10
490.03537
 20
494.87527
 10
490.03665
 20
494.87401
 10
490.0379
 20
494.87274
 10
490.03918
 20
494.87148
 10
490.04044
 20
494.87021
 10
490.04172
 20
494.86893
 10
490.04361
 20
494.8683
 10
490.0455
 20
494.86767
 10
490.04742
 20
494.86703
 10
490.04932
 20
494.86639
 10
490.05121
 20
494.86577
 10
490.05313
 20
494.86513
 10
490.05502
 20
494.86449
 42
0.001117132999999939
 10
490.06262
 20
494.86196
 10
490.06451
 20
494.86133
 10
490.06769
 20
494.85942
 10
490.07086
 20
494.85753
 42
0.3312965799967353
 10
490.07721
 20
494.85373
 10
490.08038
 20
494.85182
 10
490.08353
 20
494.84992
 10
490.0867
 20
494.84802
 10
490.08987
 20
494.84612
 10
490.09305
 20
494.84422
 42
0.0006191180699997623
 10
490.10254
 20
494.83852
 10
490.10571
 20
494.83661
 42
-0.06969143399999926
 10
490.11206
 20
494.83281
 10
490.11523
 20
494.8309
 10
490.11841
 20
494.829
 10
490.12158
 20
494.8271
 10
490.12473
 20
494.8252
 10
490.1279
 20
494.8233000000001
 42
0.0003846150799996967
 10
490.13425
 20
494.8195000000001
 10
490.13742
 20
494.8176
 10
490.14059
 20
494.81569
 10
490.14374
 20
494.8138
 10
490.14691
 20
494.81189
 42
0.000462294240000109
 10
490.15326
 20
494.80809
 10
490.15643
 20
494.80619
 10
490.15961
 20
494.80429
 10
490.16278
 20
494.80238
 42
0.0005696070799998948
 10
490.17227
 20
494.79668
 10
490.17545
 20
494.79478
 10
490.17862
 20
494.79288
 10
490.18051
 20
494.79161
 42
0.0004078241400002163
 10
490.18433
 20
494.78908
 10
490.18622
 20
494.78781
 10
490.18811
 20
494.78654
 10
490.19
 20
494.78528
 10
490.19193
 20
494.78401
 42
0.0004723938800001424
 10
490.19571
 20
494.7814799999999
 10
490.19763
 20
494.7802
 10
490.19952
 20
494.77894
 10
490.20142
 20
494.77767
 10
490.20331
 20
494.77704
 10
490.20523
 20
494.77641
 10
490.20712
 20
494.77577
 42
-0.147992759999363
 10
490.21094
 20
494.7745
 10
490.21283
 20
494.77386
 10
490.21472
 20
494.77324
 10
490.21664
 20
494.7726
 10
490.21854
 20
494.77197
 10
490.22043
 20
494.77133
 42
-0.1790728700002018
 10
490.22424
 20
494.77007
 10
490.22803
 20
494.7688
 10
490.23184
 20
494.76753
 10
490.23566
 20
494.76627
 10
490.23944
 20
494.765
 42
-0.0001231830299999232
 10
490.25085
 20
494.7611900000001
 10
490.25467
 20
494.75993
 10
490.25845
 20
494.75865
 10
490.26227
 20
494.75739
 42
0.0009547483500000491
 10
490.26987
 20
494.75485
 10
490.27368
 20
494.75295
 10
490.27747
 20
494.75105
 10
490.28128
 20
494.74915
 42
0.1126612599998565
 10
490.29269
 20
494.74345
 10
490.29648
 20
494.74155
 42
0.1265192400000542
 10
490.31549
 20
494.73204
 10
490.31931
 20
494.73077
 10
490.32312
 20
494.7295100000002
 42
0.0007954174499998387
 10
490.33072
 20
494.7269700000002
 10
490.3345
 20
494.7257
 10
490.33832
 20
494.72443
 10
490.34213
 20
494.72317
 42
0.0007948938899998539
 10
490.34973
 20
494.72063
 10
490.35352
 20
494.71936
 10
490.35733
 20
494.71809
 10
490.36115
 20
494.71683
 10
490.36493
 20
494.71493
 42
0.1164338700000276
 10
490.37634
 20
494.70922
 10
490.38013
 20
494.70732
 42
0.001009879199999704
 10
490.39536
 20
494.6997200000001
 42
-0.3186908100004415
 10
490.40677
 20
494.69402
 42
0.0315878849999675
 10
490.4086600000001
 20
494.69021
 42
0.08056204299969609
 10
490.4118300000001
 20
494.68387
 42
0.7419130000376303
 10
490.41309
 20
494.6813399999999
 42
0.0003209139299999986
 10
490.41437
 20
494.6788
 10
490.41437
 20
494.6769
 42
0.0005870073899997495
 10
490.41437
 20
494.6731
 42
0.1164805100001044
 10
490.41437
 20
494.6693
 10
490.41437
 20
494.6674
 42
0.02168633000000328
 10
490.41437
 20
494.66359
 42
0.2841402499996999
 10
490.41437
 20
494.65788
 10
490.41437
 20
494.65599
 42
0.1480986800004028
 10
490.41437
 20
494.65345
 10
490.41437
 20
494.65218
 10
490.41437
 20
494.65092
 10
490.41437
 20
494.64964
 10
490.41437
 20
494.64775
 10
490.41437
 20
494.64585
 10
490.41437
 20
494.64458
 10
490.41437
 20
494.64331
 10
490.41437
 20
494.64204
 10
490.41437
 20
494.64078
 10
490.4143700000001
 20
494.63887
 42
0.03549029699996446
 10
490.4143700000001
 20
494.62936
 42
-0.1164311500003744
 10
490.41437
 20
494.62556
 10
490.41437
 20
494.62366
 10
490.41437
 20
494.62177
 10
490.41437
 20
494.61986
 10
490.41437
 20
494.61797
 42
-0.1164156100000349
 10
490.41183
 20
494.61289
 10
490.4111899999999
 20
494.61162
 42
-0.01721698699999081
 10
490.4092999999999
 20
494.60782
 42
0.4143114200161728
 10
490.40802
 20
494.60529
 42
-0.001130507699999905
 10
490.40677
 20
494.60275
 10
490.40677
 20
494.60149
 10
490.40677
 20
494.60022
 10
490.40677
 20
494.59895
 10
490.40677
 20
494.59768
 10
490.40677
 20
494.59641
 10
490.40677
 20
494.59515
 10
490.40677
 20
494.59387
 10
490.40677
 20
494.59261
 10
490.40676
 20
494.59134
 10
490.40677
 20
494.59007
 10
490.40677
 20
494.58881
 10
490.40677
 20
494.58754
 10
490.40613
 20
494.58691
 10
490.40549
 20
494.58627
 10
490.40488
 20
494.58563
 10
490.40424
 20
494.58501
 10
490.40359
 20
494.58437
 10
490.40295
 20
494.58374
 10
490.40234
 20
494.5831
 10
490.4017
 20
494.58247
 10
490.40106
 20
494.58183
 10
490.40042
 20
494.5812
 10
490.39978
 20
494.58057
 10
490.39917
 20
494.57993
 10
490.39853
 20
494.57867
 10
490.39758
 20
494.57677
 10
490.39662
 20
494.57486
 10
490.396
 20
494.57359
 10
490.39536
 20
494.57233
 10
490.3947099999999
 20
494.57106
 42
0.1164197099994266
 10
490.3934600000001
 20
494.5685300000001
 42
0.334957100006496
 10
490.39154
 20
494.56473
 10
490.38458
 20
494.56726
 10
490.37762
 20
494.56979
 10
490.37064
 20
494.57233
 10
490.36368
 20
494.57486
 10
490.35669
 20
494.57739
 10
490.34973
 20
494.5799299999998
 42
0.0002617245299999737
 10
490.32184
 20
494.59007
 10
490.31488
 20
494.59261
 10
490.30789
 20
494.59515
 10
490.30283
 20
494.59641
 10
490.29776
 20
494.59768
 10
490.29269
 20
494.59895
 10
490.2876
 20
494.60022
 10
490.28253
 20
494.60149
 10
490.27747
 20
494.60275
 10
490.2724
 20
494.60402
 10
490.26733
 20
494.60529
 10
490.26227
 20
494.60655
 42
-0.001108899599999721
 10
490.25214
 20
494.60909
 10
490.24707
 20
494.61035
 10
490.2439
 20
494.61099
 10
490.24072
 20
494.61162
 10
490.23755
 20
494.6122599999999
 42
0.008194092299999647
 10
490.21219
 20
494.6173199999999
 10
490.20901
 20
494.61796
 10
490.20648
 20
494.61859
 10
490.20396
 20
494.61923
 10
490.20142
 20
494.61986
 10
490.19888
 20
494.6205
 10
490.19635
 20
494.62112
 42
-0.1164236100014188
 10
490.19128
 20
494.6224
 10
490.18875
 20
494.62303
 10
490.18622
 20
494.62366
 10
490.18369
 20
494.6243
 42
-0.0004779211600001027
 10
490.17862
 20
494.62556
 10
490.17609
 20
494.6261999999999
 42
-0.0004135601499999112
 10
490.15833
 20
494.6306300000001
 42
-0.0003592714700001703
 10
490.14819
 20
494.63317
 10
490.14502
 20
494.6338
 42
-0.001047870699999976
 10
490.13867
 20
494.63507
 10
490.1355
 20
494.6357
 10
490.13232
 20
494.63634
 10
490.12918
 20
494.63698
 10
490.12601
 20
494.63761
 10
490.12283
 20
494.63824
 10
490.11966
 20
494.6388799999999
 42
-0.001347171600000037
 10
490.11017
 20
494.6407799999999
 10
490.10764
 20
494.64141
 10
490.1051
 20
494.64204
 10
490.10257
 20
494.64267
 42
-0.2841487300021469
 10
490.0974699999999
 20
494.6439399999999
 42
0.130522239999983
 10
490.08987
 20
494.6458400000001
 42
0.03109765500000086
 10
490.08228
 20
494.64775
 10
490.07974
 20
494.64838
 10
490.07721
 20
494.64902
 42
-0.0005178112000000334
 10
490.07214
 20
494.65028
 10
490.06961
 20
494.65092
 10
490.06708
 20
494.65155
 10
490.06451
 20
494.65218
 10
490.06198
 20
494.65282
 10
490.05945
 20
494.65346
 10
490.05692
 20
494.6540800000001
 42
0.02819030300000464
 10
490.04932
 20
494.65599
 10
490.04614
 20
494.65726
 10
490.04297
 20
494.6585200000001
 42
-0.0002804776000001081
 10
490.02713
 20
494.66486
 10
490.02396
 20
494.66612
 10
490.02078
 20
494.6674
 10
490.01764
 20
494.6686599999999
 42
-0.07399501999993502
 10
490.01129
 20
494.6712000000001
 10
490.00876
 20
494.67183
 42
-0.02767083499999583
 10
490.00369
 20
494.6731
 10
490.00116
 20
494.67374
 42
-0.05471664599995871
 10
489.99609
 20
494.675
 10
489.99353
 20
494.67563
 10
489.991
 20
494.67627
 42
2.126315299998001e-05
 10
489.98087
 20
494.6788000000001
 10
489.97833
 20
494.67944
 10
489.9758
 20
494.68007
 42
-0.009863605099998951
 10
489.97073
 20
494.68134
 10
489.9682
 20
494.68198
 42
0.02230163500000246
 10
489.9606
 20
494.6838700000001
 42
-0.0002408687500001257
 10
489.95044
 20
494.6864100000001
 10
489.9473
 20
494.68768
 10
489.94412
 20
494.68894
 10
489.94095
 20
494.69022
 10
489.93777
 20
494.69148
 10
489.9346
 20
494.69275
 10
489.93143
 20
494.69402
 10
489.92828
 20
494.69528
 10
489.92511
 20
494.69655
 10
489.92194
 20
494.69781
 10
489.91876
 20
494.69908
 10
489.91559
 20
494.70035
 10
489.91241
 20
494.70161
 10
489.90988
 20
494.70226
 10
489.90735
 20
494.70289
 10
489.90482
 20
494.70352
 42
-0.08061749800003176
 10
489.89722
 20
494.70542
 10
489.89468
 20
494.70605
 10
489.89215
 20
494.70669
 42
-0.00116233410000004
 10
489.88455
 20
494.70859
 10
489.88202
 20
494.70922
 10
489.87946
 20
494.71049
 42
-0.002028326399999725
 10
489.87439
 20
494.7130300000001
 10
489.87186
 20
494.71429
 10
489.86932
 20
494.71556
 10
489.86679
 20
494.71683
 10
489.86426
 20
494.71809
 10
489.86172
 20
494.7193600000002
 42
-0.0007408515599999283
 10
489.85413
 20
494.7231600000002
 10
489.85159
 20
494.72443
 10
489.84589
 20
494.7263300000001
 42
0.0212286160000009
 10
489.82877
 20
494.73204
 10
489.82306
 20
494.73394
 10
489.81735
 20
494.73584
 10
489.81165
 20
494.73775
 10
489.80594
 20
494.73965
 10
489.80023
 20
494.74155
 10
489.79456
 20
494.7434500000002
 42
6.498570400004123e-05
 10
489.78314
 20
494.7472500000002
 10
489.78061
 20
494.74852
 10
489.77808
 20
494.74979
 10
489.77551
 20
494.75105
 10
489.77298
 20
494.7523200000001
 42
0.008330587399999693
 10
489.76285
 20
494.75739
 10
489.76031
 20
494.75866
 10
489.75778
 20
494.75993
 10
489.75525
 20
494.76119
 10
489.75272
 20
494.76246
 10
489.74954
 20
494.76373
 42
-0.00215829999999995
 10
489.73688
 20
494.7688
 42
1.971381700005579e-05
 10
489.72736
 20
494.7726
 42
-0.001322104600000114
 10
489.72101
 20
494.7751299999999
 42
-0.001320507699999929
 10
489.71469
 20
494.7776700000001
 10
489.70963
 20
494.7802
 10
489.70456
 20
494.78275
 10
489.69946
 20
494.78528
 10
489.6944
 20
494.7878099999999
 42
-0.1200729200001157
 10
489.6741299999999
 20
494.79795
 42
-0.06132437300000296
 10
489.65891
 20
494.80556
 10
489.65384
 20
494.80809
 10
489.64813
 20
494.81062
 10
489.64243
 20
494.81316
 10
489.63672
 20
494.8157
 42
-0.0002163430700001436
 10
489.61963
 20
494.8233000000001
 10
489.61392
 20
494.82584
 42
0.000287944740000008
 10
489.60251
 20
494.8308999999998
 42
0.07299301499994508
 10
489.58539
 20
494.83852
 42
-0.3297992200005913
 10
489.57019
 20
494.84612
 10
489.56512
 20
494.84865
 10
489.56006
 20
494.85119
 42
0.02289903599999642
 10
489.5397599999999
 20
494.8613300000001
 42
-8.390199899991492e-05
 10
489.5245699999999
 20
494.8689299999999
 10
489.51886
 20
494.87147
 10
489.51315
 20
494.874
 10
489.50745
 20
494.87654
 42
-0.005766067699999934
 10
489.49603
 20
494.88161
 10
489.49033
 20
494.88414
 10
489.48462
 20
494.88667
 42
-0.4142258300001197
 10
489.47321
 20
494.89175
 10
489.46753
 20
494.89429
 10
489.46182
 20
494.89682
 10
489.45612
 20
494.89935
 10
489.45358
 20
494.90062
 10
489.45105
 20
494.90189
 10
489.44852
 20
494.90315
 42
-0.0001311875599999347
 10
489.44342
 20
494.9056899999999
 10
489.44089
 20
494.90696
 10
489.43835
 20
494.90823
 10
489.43582
 20
494.90949
 10
489.43329
 20
494.91076
 10
489.43076
 20
494.91203
 10
489.42822
 20
494.9133
 10
489.42569
 20
494.91457
 10
489.42252
 20
494.91647
 10
489.41934
 20
494.91837
 42
0.1164616999999745
 10
489.41302
 20
494.92217
 10
489.40985
 20
494.92407
 10
489.40668
 20
494.9259699999999
 42
0.006492726999998416
 10
489.40033
 20
494.9297799999999
 10
489.39716
 20
494.93167
 10
489.39401
 20
494.93358
 10
489.39084
 20
494.93548
 10
489.38766
 20
494.9373800000001
 42
-0.2162833699985919
 10
489.37753
 20
494.94245
 10
489.37244
 20
494.94498
 42
0.6682468699979902
 10
489.3623
 20
494.95006
 10
489.35724
 20
494.95259
 10
489.35217
 20
494.95512
 10
489.34711
 20
494.95766
 10
489.34204
 20
494.9602
 10
489.33698
 20
494.96273
 10
489.33188
 20
494.96527
 10
489.32681
 20
494.9678
 10
489.32111
 20
494.97097
 10
489.3097
 20
494.97731
 10
489.2983
 20
494.98364
 42
0.007870684400000156
 10
489.2869
 20
494.98998
 10
489.28119
 20
494.99316
 10
489.27548
 20
494.9963200000001
 42
0.05472292700005017
 10
489.25836
 20
495.0058300000001
 10
489.25583
 20
495.00773
 10
489.2533
 20
495.00963
 42
0.001114479299999859
 10
489.24823
 20
495.0134399999999
 10
489.2457
 20
495.01534
 10
489.24316
 20
495.01723
 10
489.24063
 20
495.01913
 10
489.2381
 20
495.02103
 42
0.001493716999999989
 10
489.23047
 20
495.02675
 10
489.22797
 20
495.02864
 10
489.22479
 20
495.02991
 10
489.22162
 20
495.03117
 42
0.1667807099999835
 10
489.19943
 20
495.04005
 10
489.19626
 20
495.04132
 10
489.19308
 20
495.04259
 10
489.18994
 20
495.04385
 10
489.18738
 20
495.0457499999999
 42
-0.1213715999998565
 10
489.18231
 20
495.04956
 10
489.17978
 20
495.05146
 10
489.17725
 20
495.05336
 10
489.17471
 20
495.05526
 10
489.17218
 20
495.05716
 42
-0.08993244500003376
 10
489.15952
 20
495.06667
 10
489.15759
 20
495.06857
 10
489.1557
 20
495.07047
 10
489.15381
 20
495.07237
 10
489.15192
 20
495.07427
 10
489.14999
 20
495.07617
 10
489.1481
 20
495.07808
 10
489.14621
 20
495.07998
 10
489.14429
 20
495.08188
 10
489.1424
 20
495.08378
 10
489.1405
 20
495.08568
 10
489.13858
 20
495.08759
 10
489.13669
 20
495.08949
 10
489.13289
 20
495.09139
 10
489.12908
 20
495.09329
 10
489.12656
 20
495.0945599999999
 42
0.0002755732299999159
 10
489.11896
 20
495.0983600000001
 42
0.1520908899997941
 10
489.11133
 20
495.10216
 42
0.001273885600000005
 10
489.10626
 20
495.1046999999999
 10
489.10373
 20
495.1066
 10
489.1012
 20
495.1085
 10
489.09866
 20
495.1104
 10
489.09613
 20
495.1123
 10
489.0936
 20
495.1142
 10
489.09106
 20
495.1161
 10
489.08853
 20
495.118
 10
489.086
 20
495.1199
 10
489.08347
 20
495.12181
 10
489.08093
 20
495.1237
 42
0.0002186676000000226
 10
489.07584
 20
495.12752
 10
489.07394
 20
495.12941
 10
489.07205
 20
495.13131
 10
489.07013
 20
495.13322
 10
489.06824
 20
495.13512
 10
489.06635
 20
495.13702
 10
489.06445
 20
495.13892
 10
489.06253
 20
495.14082
 10
489.06064
 20
495.14272
 10
489.05875
 20
495.14462
 10
489.05682
 20
495.14653
 10
489.05493
 20
495.14842
 10
489.05304
 20
495.15033
 10
489.05115
 20
495.15222
 10
489.04922
 20
495.15413
 10
489.04733
 20
495.15603
 10
489.04541
 20
495.15794
 10
489.04352
 20
495.15984
 10
489.04163
 20
495.16173
 10
489.03973
 20
495.16364
 10
489.03781
 20
495.16553
 10
489.03592
 20
495.16743
 10
489.03403
 20
495.16934
 10
489.0321
 20
495.17124
 10
489.03021
 20
495.17314
 10
489.02832
 20
495.17504
 10
489.02643
 20
495.17694
 10
489.02451
 20
495.17885
 10
489.02261
 20
495.18075
 10
489.02072
 20
495.18265
 10
489.0188
 20
495.18456
 10
489.01691
 20
495.18645
 10
489.01501
 20
495.18835
 10
489.01309
 20
495.19025
 10
489.0112
 20
495.19215
 10
489.00931
 20
495.19406
 10
489.00742
 20
495.19595
 10
489.00613
 20
495.19786
 10
489.00485
 20
495.19977
 42
-0.0004085758500002628
 10
489.00107
 20
495.20547
 42
-0.0003231476199999024
 10
488.9985399999998
 20
495.20927
 42
-0.0004089774900002438
 10
488.9947199999999
 20
495.21497
 10
488.99347
 20
495.21687
 10
488.99219
 20
495.21878
 10
488.99091
 20
495.22005
 10
488.98965
 20
495.22131
 10
488.9884
 20
495.22258
 10
488.98712
 20
495.22385
 10
488.98584
 20
495.22511
 10
488.98459
 20
495.22638
 10
488.98331
 20
495.22765
 10
488.98206
 20
495.22891
 10
488.98077
 20
495.23018
 10
488.97952
 20
495.23145
 10
488.97824
 20
495.23271
 10
488.97699
 20
495.23399
 10
488.97507
 20
495.23652
 10
488.97318
 20
495.23905
 42
-0.0006645566600000509
 10
488.96558
 20
495.24919
 10
488.96368
 20
495.25172
 10
488.96176
 20
495.25426
 42
-0.0001890500400001507
 10
488.95416
 20
495.2644
 10
488.95288
 20
495.26631
 42
-0.06132115899995595
 10
488.95038
 20
495.27011
 10
488.9491
 20
495.27201
 10
488.94719
 20
495.27486
 10
488.94529
 20
495.27771
 10
488.94403
 20
495.27962
 42
-0.1164431600002859
 10
488.9415
 20
495.28342
 42
-0.000282000780000144
 10
488.93896
 20
495.28722
 10
488.93832
 20
495.28912
 10
488.93768
 20
495.29102
 10
488.93704
 20
495.29292
 10
488.93643
 20
495.29483
 10
488.93579
 20
495.29672
 10
488.93515
 20
495.29863
 10
488.93451
 20
495.30053
 10
488.9339000000001
 20
495.30243
 42
-0.0002225183399999812
 10
488.9319800000001
 20
495.30814
 10
488.9313399999999
 20
495.31004
 42
0.02845600700001514
 10
488.9288
 20
495.3138400000001
 10
488.92755
 20
495.31573
 10
488.92627
 20
495.31764
 42
-0.0002843310599998837
 10
488.92374
 20
495.32144
 10
488.92249
 20
495.32335
 42
0.0002931519400000337
 10
488.91739
 20
495.33096
 10
488.91614
 20
495.33286
 10
488.9155
 20
495.33475
 10
488.91487
 20
495.33665
 10
488.91424
 20
495.33856
 10
488.9136
 20
495.34045
 10
488.91296
 20
495.34236
 10
488.91232
 20
495.34426
 10
488.91171
 20
495.34616
 10
488.91107
 20
495.34807
 10
488.91043
 20
495.34996
 10
488.90979
 20
495.35187
 10
488.90918
 20
495.35378
 10
488.90854
 20
495.35567
 10
488.90854
 20
495.3563
 10
488.90853
 20
495.35757
 10
488.90853
 20
495.35883
 10
488.90854
 20
495.35947
 10
488.90854
 20
495.36011
 10
488.90854
 20
495.36074
 10
488.90854
 20
495.36137
 10
488.90854
 20
495.362
 10
488.90854
 20
495.36264
 10
488.90854
 20
495.36327
 10
488.90918
 20
495.36391
 10
488.90979
 20
495.36455
 10
488.91043
 20
495.36517
 10
488.91107
 20
495.36581
 10
488.91171
 20
495.36644
 10
488.91232
 20
495.36708
 10
488.91296
 20
495.36771
 10
488.9136
 20
495.36835
 10
488.91425
 20
495.36898
 10
488.91486
 20
495.36961
 10
488.9155
 20
495.37025
 10
488.91614
 20
495.37088
 42
-0.00120632919999974
 10
488.91614
 20
495.37595
 10
488.91614
 20
495.37721
 10
488.91614
 20
495.37848
 10
488.91614
 20
495.38038
 10
488.91614
 20
495.38229
 10
488.91614
 20
495.38419
 10
488.91614
 20
495.38609
 10
488.91614
 20
495.38672
 10
488.91614
 20
495.38736
 42
-0.0007661582000001063
 10
488.91614
 20
495.38863
 10
488.91614
 20
495.38925
 10
488.91614
 20
495.39021
 10
488.91614
 20
495.39116
 10
488.91614
 20
495.3918
 42
0.04507058999990251
 10
488.91614
 20
495.39306
 10
488.91614
 20
495.39369
 10
488.91614
 20
495.39433
 42
-0.0007716078700001498
 10
488.91614
 20
495.3956
 10
488.91614
 20
495.39622
 10
488.91614
 20
495.39687
 10
488.91614
 20
495.39781
 10
488.91614
 20
495.39876
 10
488.91614
 20
495.3994
 10
488.91614
 20
495.40035
 10
488.91614
 20
495.4013
 10
488.91614
 20
495.40193
 42
-0.003727158799999104
 10
488.91614
 20
495.4032
 10
488.91614
 20
495.40384
 10
488.91614
 20
495.40446
 42
0.003263792100000209
 10
488.91614
 20
495.40701
 10
488.91614
 20
495.40764
 10
488.91614
 20
495.40826
 10
488.91614
 20
495.40891
 10
488.91614
 20
495.41017
 10
488.91614
 20
495.41144
 10
488.91614
 20
495.41271
 10
488.91614
 20
495.41398
 10
488.91614
 20
495.41524
 10
488.91614
 20
495.41651
 42
-0.5576967799998229
 10
488.91614
 20
495.42032
 42
-0.617944759996177
 10
488.91614
 20
495.42285
 10
488.91614
 20
495.42412
 10
488.91614
 20
495.42474
 10
488.91614
 20
495.42538
 10
488.91614
 20
495.42602
 10
488.91614
 20
495.42665
 42
-0.4139107999954872
 10
488.91614
 20
495.42855
 10
488.91614
 20
495.42919
 10
488.91614
 20
495.42982
 10
488.91614
 20
495.43045
 10
488.91614
 20
495.43109
 10
488.91614
 20
495.43172
 10
488.91614
 20
495.43267
 10
488.91614
 20
495.43362
 10
488.91614
 20
495.43425
 10
488.91614
 20
495.43489
 10
488.91614
 20
495.43552
 10
488.91614
 20
495.43616
 10
488.91614
 20
495.43678
 10
488.91614
 20
495.43742
 10
488.91614
 20
495.43806
 10
488.91614
 20
495.43869
 10
488.91614
 20
495.43932
 10
488.9155
 20
495.43996
 10
488.91486
 20
495.44059
 10
488.91425
 20
495.44123
 10
488.9136
 20
495.44186
 10
488.91296
 20
495.4425
 10
488.91235
 20
495.44312
 10
488.91171
 20
495.44376
 10
488.91107
 20
495.4444
 10
488.91043
 20
495.44503
 10
488.90979
 20
495.44566
 10
488.90918
 20
495.4463
 10
488.90854
 20
495.44693
 10
488.90854
 20
495.44757
 42
-0.41411834999627
 10
488.90854
 20
495.44946
 10
488.90854
 20
495.4501
 42
0.0008532437999997673
 10
488.90854
 20
495.45327
 10
488.90854
 20
495.4539
 10
488.90854
 20
495.45454
 42
-0.48870420000491
 10
488.90854
 20
495.4558
 10
488.90854
 20
495.45644
 10
488.90853
 20
495.45707
 10
488.90853
 20
495.45771
 10
488.90854
 20
495.45834
 10
488.90854
 20
495.45897
 10
488.90854
 20
495.45961
 42
-0.4897428500010062
 10
488.90854
 20
495.46088
 10
488.90854
 20
495.4615
 10
488.90854
 20
495.46214
 10
488.9079
 20
495.46214
 10
488.90726
 20
495.46214
 10
488.90662
 20
495.46214
 10
488.90601
 20
495.46214
 10
488.90536
 20
495.46214
 10
488.90378
 20
495.46214
 10
488.9022
 20
495.46214
 10
488.90155
 20
495.46214
 10
488.90094
 20
495.46214
 10
488.90094
 20
495.46278
 10
488.90094
 20
495.46341
 10
488.90094
 20
495.46404
 10
488.90093
 20
495.46467
 10
488.90093
 20
495.46531
 10
488.90094
 20
495.46594
 10
488.90094
 20
495.46658
 42
0.00042517062
  0
LWPOLYLINE
  5
77
100
AcDbEntity
  8
Layer_0
  6
ByLayer
 62
    7
370
   -1
100
AcDbPolyline
 90
  482
 70
    1
 43
0
 10
491.82134
 20
497.92624
 10
491.82134
 20
497.92434
 10
491.82134
 20
497.92243
 10
491.82135
 20
497.92053
 10
491.82135
 20
497.91863
 42
0.001594107499999866
 10
491.82135
 20
497.91293
 10
491.82135
 20
497.91103
 10
491.82135
 20
497.90913
 10
491.82134
 20
497.90627
 10
491.82134
 20
497.90342
 42
0.04003774600000058
 10
491.82895
 20
497.77413
 10
491.82513
 20
497.77032
 10
491.82135
 20
497.76653
 10
491.81754
 20
497.76273
 10
491.81372
 20
497.75892
 10
491.80994
 20
497.75512
 10
491.80612
 20
497.75131
 10
491.80234
 20
497.74751
 10
491.79852
 20
497.74371
 10
491.79471
 20
497.73991
 10
491.79092
 20
497.73611
 10
491.78711
 20
497.7323
 10
491.7833299999999
 20
497.7285
 42
0.006660263199999913
 10
491.7776200000001
 20
497.72089
 10
491.7757
 20
497.71836
 10
491.7738
 20
497.71583
 10
491.77191
 20
497.71329
 10
491.76999
 20
497.71075
 10
491.7681
 20
497.70822
 10
491.7662
 20
497.70569
 10
491.76428
 20
497.70316
 42
0.004565431699999838
 10
491.7605
 20
497.69808
 10
491.75604
 20
497.69301
 10
491.75162
 20
497.68794
 10
491.74719
 20
497.68287
 10
491.74274
 20
497.6778
 10
491.73831
 20
497.67273
 10
491.73389
 20
497.66766
 10
491.72943
 20
497.66259
 10
491.72501
 20
497.65752
 10
491.72058
 20
497.65245
 10
491.71613
 20
497.64738
 10
491.7117
 20
497.6423
 10
491.70724
 20
497.63724
 10
491.70535
 20
497.63534
 10
491.70346
 20
497.63344
 10
491.70157
 20
497.63154
 10
491.69965
 20
497.62964
 10
491.69775
 20
497.62773
 10
491.69586
 20
497.62583
 10
491.69394
 20
497.62393
 10
491.69205
 20
497.62202
 10
491.69016
 20
497.62012
 10
491.68823
 20
497.61823
 10
491.68634
 20
497.61633
 10
491.68445
 20
497.61443
 10
491.67938
 20
497.60935
 10
491.67432
 20
497.60428
 10
491.66922
 20
497.59921
 10
491.66415
 20
497.59415
 10
491.65909
 20
497.58907
 10
491.65402
 20
497.584
 10
491.64896
 20
497.57893
 10
491.64389
 20
497.57386
 10
491.63882
 20
497.56879
 10
491.63373
 20
497.56372
 10
491.62866
 20
497.55865
 10
491.6236
 20
497.55358
 10
491.6217
 20
497.55168
 10
491.61981
 20
497.54977
 10
491.61789
 20
497.54787
 10
491.616
 20
497.54597
 10
491.61411
 20
497.54408
 10
491.61218
 20
497.54218
 10
491.61029
 20
497.54027
 10
491.6084
 20
497.53838
 10
491.60648
 20
497.53647
 10
491.60458
 20
497.53457
 10
491.60269
 20
497.53267
 10
491.6008
 20
497.53076
 10
491.59824
 20
497.5276
 10
491.5957
 20
497.52442
 10
491.59318
 20
497.52126
 10
491.59064
 20
497.51809
 42
-0.0009492507900001417
 10
491.58304
 20
497.50858
 10
491.5805
 20
497.50542
 10
491.57797
 20
497.50225
 10
491.57544
 20
497.49908
 42
0.006360058199999324
 10
491.57037
 20
497.49274
 10
491.56784
 20
497.4902
 10
491.56531
 20
497.48767
 10
491.56274
 20
497.48513
 10
491.56021
 20
497.4826
 10
491.55768
 20
497.48006
 10
491.55515
 20
497.47753
 10
491.55261
 20
497.47499
 10
491.55008
 20
497.47246
 10
491.54755
 20
497.46992
 10
491.54501
 20
497.46739
 10
491.54248
 20
497.46485
 10
491.53995
 20
497.46232
 10
491.53552
 20
497.45724
 10
491.5310699999997
 20
497.45218
 42
-2.680650699991403e-05
 10
491.52219
 20
497.44204
 10
491.5177600000001
 20
497.4369699999999
 42
0.0001737232999999146
 10
491.49557
 20
497.41161
 42
0.01067501999999971
 10
491.4866899999995
 20
497.4014699999997
 42
8.47426329984326e-06
 10
491.46454
 20
497.37613
 42
0.0001895932799999548
 10
491.4467799999999
 20
497.3558400000001
 42
0.0002996061000000043
 10
491.43347
 20
497.34064
 42
0.0005002468899999595
 10
491.41129
 20
497.31528
 42
0.0003245773000000307
 10
491.39355
 20
497.295
 10
491.38689
 20
497.2874
 10
491.38023
 20
497.27979
 10
491.37579
 20
497.27535
 10
491.37137
 20
497.27092
 10
491.36691
 20
497.26648
 10
491.36249
 20
497.26205
 10
491.35806
 20
497.25761
 10
491.35361
 20
497.25317
 10
491.34918
 20
497.24873
 10
491.34476
 20
497.2443
 10
491.3403
 20
497.23986
 10
491.33588
 20
497.23543
 10
491.33142
 20
497.23099
 10
491.327
 20
497.22655
 10
491.31369
 20
497.21578
 10
491.30038
 20
497.20501
 10
491.28708
 20
497.19423
 10
491.27377
 20
497.18346
 10
491.26044
 20
497.17268
 10
491.24713
 20
497.16191
 10
491.23383
 20
497.15114
 10
491.22052
 20
497.14037
 10
491.20721
 20
497.12959
 10
491.19391
 20
497.11882
 10
491.1806
 20
497.10804
 10
491.1673
 20
497.09727
 10
491.16223
 20
497.09219
 10
491.15714
 20
497.08713
 10
491.15207
 20
497.08205
 10
491.147
 20
497.07699
 10
491.14194
 20
497.07191
 10
491.13687
 20
497.06685
 10
491.13181
 20
497.06178
 10
491.12674
 20
497.05671
 10
491.12164
 20
497.05164
 10
491.11658
 20
497.04657
 10
491.11151
 20
497.0415
 10
491.10645
 20
497.03642
 10
491.10138
 20
497.03136
 10
491.09631
 20
497.02628
 10
491.09125
 20
497.02122
 10
491.08615
 20
497.01614
 10
491.08109
 20
497.01108
 10
491.07602
 20
497.006
 10
491.07095
 20
497.00093
 10
491.06589
 20
496.99586
 10
491.06082
 20
496.9908
 10
491.05576
 20
496.98573
 10
491.05066
 20
496.98065
 10
491.04559
 20
496.97559
 10
491.04053
 20
496.97051
 10
491.03546
 20
496.96544
 10
491.0304
 20
496.96037
 10
491.02533
 20
496.95531
 10
491.02026
 20
496.95023
 10
491.0152
 20
496.94516
 10
491.0101
 20
496.94009
 10
491.00504
 20
496.93502
 10
490.99997
 20
496.92995
 10
490.9949
 20
496.92488
 10
490.98984
 20
496.91982
 10
490.98477
 20
496.91474
 10
490.97906
 20
496.90777
 10
490.97336
 20
496.9008
 10
490.96765
 20
496.89383
 10
490.96194
 20
496.88686
 10
490.95624
 20
496.87988
 10
490.95053
 20
496.87291
 10
490.94482
 20
496.86594
 10
490.93912
 20
496.85897
 10
490.93344
 20
496.852
 10
490.92773
 20
496.84503
 10
490.92203
 20
496.83805
 10
490.91632
 20
496.83109
 10
490.91125
 20
496.82538
 10
490.9061599999999
 20
496.8196800000001
 42
-0.03678612399998812
 10
490.89096
 20
496.80257
 42
0.0001803810200000005
 10
490.8707000000001
 20
496.7797499999999
 42
0.0005127712100000317
 10
490.8554700000001
 20
496.7626299999999
 42
0.0001248244699999949
 10
490.83011
 20
496.73412
 42
0.0005237240999999767
 10
490.80984
 20
496.7113000000001
 42
0.0003729058300000358
 10
490.79971
 20
496.69989
 10
490.79465
 20
496.69418
 42
0.01273659000000019
 10
490.7844799999999
 20
496.68279
 42
-0.03891871099997292
 10
490.77435
 20
496.6713700000001
 42
0.0007852695299999895
 10
490.76422
 20
496.65997
 42
-0.4021121399996327
 10
490.75406
 20
496.64856
 42
0.0001808032599999688
 10
490.7338
 20
496.62574
 10
490.73187
 20
496.62321
 10
490.72998
 20
496.62067
 10
490.72809
 20
496.61813
 10
490.72333
 20
496.6118
 10
490.71858
 20
496.60546
 42
0.00789425299999964
 10
490.71286
 20
496.59785
 10
490.71097
 20
496.59532
 42
0.1487398600000028
 10
490.44479
 20
496.81587
 10
490.44543
 20
496.81715
 10
490.44604
 20
496.81841
 42
0.2360535600020198
 10
490.44733
 20
496.82095
 10
490.44797
 20
496.82221
 10
490.44891
 20
496.82411
 10
490.44986
 20
496.82601
 42
-0.001116564900000043
 10
490.45239
 20
496.83109
 10
490.45367
 20
496.83235
 10
490.45493
 20
496.83362
 10
490.45621
 20
496.83488
 10
490.45746
 20
496.83615
 10
490.45874
 20
496.83742
 10
490.45999
 20
496.83868
 10
490.46127
 20
496.83996
 10
490.46252
 20
496.84122
 10
490.46381
 20
496.84249
 10
490.46506
 20
496.84376
 10
490.46634
 20
496.84502
 10
490.46759
 20
496.8463
 10
490.47269
 20
496.85263
 10
490.4777500000002
 20
496.85897
 42
-0.0002402980500000315
 10
490.4929500000002
 20
496.87798
 42
-0.0003788941100000812
 10
490.50311
 20
496.89066
 42
-0.007092539299999842
 10
490.51831
 20
496.90968
 10
490.52338
 20
496.91601
 10
490.52844
 20
496.92235
 10
490.53351
 20
496.92868
 10
490.53857
 20
496.93503
 10
490.54367
 20
496.94136
 10
490.54874
 20
496.9477
 10
490.5538
 20
496.95403
 10
490.55887
 20
496.96037
 10
490.56393
 20
496.96671
 10
490.569
 20
496.97305
 10
490.57407
 20
496.97939
 42
-0.00024001864999999
 10
490.58929
 20
496.9984
 42
-0.0006736745200000495
 10
490.59943
 20
497.01107
 42
-0.0003375118700000294
 10
490.60956
 20
497.02375
 42
-0.005324908799999378
 10
490.61972
 20
497.03642
 42
-0.00497239940000045
 10
490.6298499999999
 20
497.0491
 42
-0.005324106299999637
 10
490.63998
 20
497.0617799999999
 42
-0.0007028279599998274
 10
490.6501499999999
 20
497.0744500000001
 10
490.65267
 20
497.07762
 10
490.6552
 20
497.08079
 10
490.65775
 20
497.08395
 10
490.6602799999999
 20
497.08713
 42
-0.004263964300000163
 10
490.6704099999999
 20
497.0998
 10
490.67294
 20
497.10297
 10
490.67548
 20
497.10614
 42
7.436063399996128e-05
 10
490.68054
 20
497.11248
 10
490.6830699999999
 20
497.11565
 42
4.483502699976723e-05
 10
490.6881700000001
 20
497.1219899999999
 10
490.6906999999999
 20
497.1251500000001
 42
-0.002846053000000307
 10
490.6957699999999
 20
497.1314800000001
 10
490.6983
 20
497.13466
 10
490.70083
 20
497.13783
 10
490.70337
 20
497.141
 10
490.7059
 20
497.14417
 10
490.70844
 20
497.14734
 10
490.7109699999999
 20
497.15051
 42
-0.002845303300000435
 10
490.7160299999998
 20
497.15684
 10
490.71857
 20
497.16001
 10
490.7211
 20
497.16318
 42
-0.003321840300000022
 10
490.72873
 20
497.17268
 10
490.73126
 20
497.17586
 10
490.7338
 20
497.17902
 10
490.73633
 20
497.18219
 10
490.73886
 20
497.18536
 10
490.74139
 20
497.18853
 42
-0.003789376700000049
 10
490.74899
 20
497.1980399999998
 42
-1.406465500001822e-05
 10
490.7565900000001
 20
497.2075399999998
 10
490.75916
 20
497.2107099999999
 42
5.760782900021705e-05
 10
490.7718199999999
 20
497.22656
 10
490.77435
 20
497.22972
 10
490.77689
 20
497.2329
 10
490.77942
 20
497.23606
 10
490.7819500000001
 20
497.2392300000001
 42
-2.225556499991751e-05
 10
490.7870199999999
 20
497.2455699999999
 42
-0.002121627599999979
 10
490.79211
 20
497.2519
 10
490.79462
 20
497.25507
 42
-0.0005189119100000643
 10
490.8022500000001
 20
497.26458
 10
490.8035
 20
497.26585
 10
490.80478
 20
497.26712
 10
490.80603
 20
497.26839
 10
490.80731
 20
497.26965
 10
490.80856
 20
497.27092
 10
490.80984
 20
497.27219
 10
490.8111
 20
497.27345
 10
490.81238
 20
497.27472
 10
490.81366
 20
497.27599
 10
490.81491
 20
497.27725
 10
490.81619
 20
497.27853
 10
490.81744
 20
497.27979
 10
490.81808
 20
497.28043
 10
490.81873
 20
497.28106
 10
490.81934
 20
497.28169
 10
490.81998
 20
497.28233
 10
490.82062
 20
497.28296
 10
490.82126
 20
497.28359
 10
490.8219
 20
497.28423
 10
490.82251
 20
497.28487
 10
490.82315
 20
497.28549
 10
490.82379
 20
497.28613
 10
490.82443
 20
497.28677
 10
490.82504
 20
497.2874
 10
490.82568
 20
497.28803
 10
490.82632
 20
497.28867
 10
490.82697
 20
497.2893
 10
490.82758
 20
497.28993
 10
490.82822
 20
497.29057
 10
490.82886
 20
497.2912
 10
490.8295
 20
497.29183
 10
490.83014
 20
497.29247
 10
490.83075
 20
497.2931
 10
490.83139
 20
497.29373
 10
490.83203
 20
497.29437
 10
490.83267
 20
497.295
 42
-0.004382326300000212
 10
490.84152
 20
497.30641
 42
-0.0002968966999999976
 10
490.8504
 20
497.31782
 42
-0.000325400590000006
 10
490.85928
 20
497.32922
 42
-0.0003252965800000415
 10
490.86816
 20
497.34064
 42
-0.004396298900000073
 10
490.8770099999999
 20
497.35204
 42
-0.004383925600000608
 10
490.88589
 20
497.3634500000001
 10
490.9182
 20
497.40528
 10
490.9505399999998
 20
497.4471099999998
 42
4.099879900009265e-05
 10
490.99362
 20
497.5028799999997
 42
0.302920239999892
 10
491.0582899999999
 20
497.58653
 10
491.09061
 20
497.62836
 10
491.12293
 20
497.67019
 10
491.14447
 20
497.69808
 10
491.14828
 20
497.70315
 10
491.1520699999999
 20
497.70822
 42
-0.2253264400001256
 10
491.1673
 20
497.7284999999999
 10
491.17108
 20
497.73357
 42
0.0003448386100002827
 10
491.1825
 20
497.7487800000001
 42
0.000674783960000101
 10
491.1900900000001
 20
497.7589300000001
 42
1.281435199977007e-05
 10
491.1976899999999
 20
497.76843
 10
491.20024
 20
497.7716
 10
491.20278
 20
497.77476
 10
491.20532
 20
497.77794
 42
-0.003902904499999521
 10
491.21545
 20
497.79061
 42
-0.002121627599999979
 10
491.22052
 20
497.79694
 10
491.22305
 20
497.80012
 42
-0.1810871599998022
 10
491.22812
 20
497.80646
 10
491.2306799999999
 20
497.80962
 42
-0.3441759499988202
 10
491.23828
 20
497.8191400000001
 42
-0.002122848599999937
 10
491.2433500000001
 20
497.82547
 42
-0.0009702957000000038
 10
491.25095
 20
497.83498
 10
491.25284
 20
497.83688
 10
491.25476
 20
497.83878
 10
491.25665
 20
497.84068
 10
491.25854
 20
497.84258
 10
491.26047
 20
497.84448
 10
491.26236
 20
497.84638
 10
491.26425
 20
497.84828
 10
491.26614
 20
497.85018
 10
491.26807
 20
497.85208
 10
491.26996
 20
497.85399
 10
491.27185
 20
497.85589
 10
491.27377
 20
497.85779
 10
491.27692
 20
497.8616
 10
491.28009
 20
497.8653899999999
 42
-0.002905180199999865
 10
491.2864400000001
 20
497.8729999999999
 10
491.28961
 20
497.8768
 10
491.2927900000001
 20
497.8806099999999
 42
-0.003479472599999743
 10
491.3022800000001
 20
497.8920099999999
 42
-0.002920323899999983
 10
491.3086200000001
 20
497.89962
 10
491.3118
 20
497.90342
 10
491.31494
 20
497.90723
 42
-0.002329027699999983
 10
491.32129
 20
497.9148299999999
 10
491.32446
 20
497.91863
 10
491.32764
 20
497.92244
 42
-0.002901837700000064
 10
491.33398
 20
497.93004
 10
491.33713
 20
497.93385
 10
491.3403
 20
497.93764
 42
-0.003490317200000321
 10
491.34982
 20
497.9490500000001
 10
491.35043
 20
497.95033
 42
3.957574700020939e-05
 10
491.35361
 20
497.9566599999999
 10
491.35425
 20
497.95793
 10
491.35488
 20
497.95919
 42
-0.00208040010000014
 10
491.35614
 20
497.96172
 10
491.35678
 20
497.963
 10
491.35742
 20
497.96426
 42
-0.0001139644900000105
 10
491.35931
 20
497.96806
 10
491.35995
 20
497.96934
 42
-0.001942799399999961
 10
491.36124
 20
497.97187
 10
491.36185
 20
497.97313
 10
491.36249
 20
497.9744
 10
491.36312
 20
497.97567
 10
491.36376
 20
497.97694
 10
491.36438
 20
497.97821
 10
491.36502
 20
497.97948
 42
-0.00354193140000006
 10
491.37515
 20
497.99216
 10
491.3776899999999
 20
497.99532
 42
0.000511076480000099
 10
491.3853099999999
 20
498.0048300000001
 42
0.0004451021000001459
 10
491.39545
 20
498.0175
 10
491.39798
 20
498.02067
 10
491.40051
 20
498.02383
 10
491.40305
 20
498.02701
 42
0.0001059985300000129
 10
491.41571
 20
498.0428499999999
 10
491.41827
 20
498.04602
 10
491.42081
 20
498.04919
 10
491.42334
 20
498.05236
 10
491.42587
 20
498.05553
 10
491.42841
 20
498.05806
 10
491.43094
 20
498.0606
 10
491.43347
 20
498.06313
 10
491.436
 20
498.06567
 10
491.43854
 20
498.06821
 10
491.44107
 20
498.07074
 10
491.4436
 20
498.07327
 10
491.44614
 20
498.07581
 10
491.44867
 20
498.07835
 10
491.4512
 20
498.08088
 10
491.45374
 20
498.08341
 10
491.4563
 20
498.08595
 10
491.45944
 20
498.08912
 10
491.46262
 20
498.09229
 10
491.46579
 20
498.09546
 10
491.46896
 20
498.09863
 10
491.47214
 20
498.10179
 10
491.47531
 20
498.10497
 10
491.47845
 20
498.10813
 10
491.48163
 20
498.1113
 10
491.4848
 20
498.11447
 10
491.48798
 20
498.11764
 10
491.49115
 20
498.1208
 10
491.49432
 20
498.12398
 10
491.49747
 20
498.12714
 10
491.50064
 20
498.13031
 10
491.50381
 20
498.13348
 10
491.50699
 20
498.13665
 10
491.51016
 20
498.13982
 10
491.51334
 20
498.14299
 10
491.51648
 20
498.14616
 10
491.51965
 20
498.14932
 10
491.52283
 20
498.1525
 10
491.526
 20
498.15566
 10
491.52917
 20
498.15883
 10
491.53235
 20
498.162
 10
491.53488
 20
498.16454
 10
491.53741
 20
498.16707
 10
491.53995
 20
498.1696
 10
491.54248
 20
498.17214
 10
491.54501
 20
498.17467
 10
491.54755
 20
498.17722
 10
491.55008
 20
498.17975
 10
491.55261
 20
498.18228
 10
491.55515
 20
498.18481
 10
491.55768
 20
498.18736
 10
491.56021
 20
498.18989
 10
491.56274
 20
498.19242
 42
-0.0009288396700000074
 10
491.56656
 20
498.19749
 42
-0.001818472399999977
 10
491.57037
 20
498.20256
 10
491.57227
 20
498.20509
 10
491.57416
 20
498.20763
 42
-0.001823199299999879
 10
491.57797
 20
498.2127
 10
491.57986
 20
498.21523
 10
491.5817900000001
 20
498.21777
 42
-0.00182283680000006
 10
491.5855700000001
 20
498.22284
 10
491.58621
 20
498.22411
 10
491.58685
 20
498.22538
 10
491.58746
 20
498.22665
 10
491.5881
 20
498.22791
 10
491.58875
 20
498.22918
 10
491.58939
 20
498.23045
 42
-0.0001715796500000109
 10
491.59064
 20
498.23298
 10
491.59128
 20
498.23425
 10
491.59192
 20
498.23552
 10
491.59255
 20
498.23679
 10
491.59318
 20
498.23805
 10
491.68017
 20
498.13015
 10
491.74719
 20
498.04222
 10
491.79424
 20
497.97425
  0
LWPOLYLINE
  5
78
100
AcDbEntity
  8
Layer_0
  6
ByLayer
 62
    7
370
   -1
100
AcDbPolyline
 90
  301
 70
    1
 43
0
 10
490.01889
 20
496.50406
 10
490.0303
 20
496.50406
 10
490.04172
 20
496.50406
 10
490.05313
 20
496.50406
 10
490.06451
 20
496.50406
 42
-0.0003950218499999783
 10
490.08734
 20
496.50406
 10
490.11017
 20
496.50406
 10
490.13297
 20
496.50406
 42
-0.0008964419999999746
 10
490.15579
 20
496.50406
 10
490.16531
 20
496.50406
 10
490.1748
 20
496.50406
 10
490.18433
 20
496.50406
 10
490.19382
 20
496.50406
 10
490.2318
 20
496.50408
 10
490.26987
 20
496.50406
 10
490.28381
 20
496.48821
 10
490.29776
 20
496.47237
 10
490.31171
 20
496.45653
 10
490.32562
 20
496.44068
 10
490.3396
 20
496.42484
 10
490.35352
 20
496.409
 10
490.36746
 20
496.39315
 10
490.38141
 20
496.3773
 10
490.39536
 20
496.36147
 10
490.41616
 20
496.33816
 10
490.43718
 20
496.31393
 10
490.43719
 20
496.31266
 10
490.43719
 20
496.31139
 10
490.43718
 20
496.31013
 10
490.43718
 20
496.30886
 10
490.43719
 20
496.30759
 42
0.0002230152999997032
 10
490.43719
 20
496.30505
 10
490.43719
 20
496.30379
 10
490.43719
 20
496.30252
 10
490.43719
 20
496.30125
 10
490.43719
 20
496.29998
 10
490.43719
 20
496.29872
 10
490.43719
 20
496.28604
 10
490.4371899999999
 20
496.27336
 42
0.0002057048799996889
 10
490.4371899999999
 20
496.24802
 10
490.43719
 20
496.23534
 10
490.43719
 20
496.22266
 10
490.43719
 20
496.2099900000001
 42
2.607695000003575e-05
 10
490.43719
 20
496.18464
 10
490.43719
 20
496.17196
 10
490.43719
 20
496.15929
 10
490.43719
 20
496.14661
 10
490.43719
 20
496.13964
 10
490.43719
 20
496.13267
 10
490.43719
 20
496.12569
 10
490.43719
 20
496.11873
 10
490.43719
 20
496.11176
 10
490.43719
 20
496.10479
 10
490.43719
 20
496.09782
 10
490.43719
 20
496.09084
 10
490.43719
 20
496.08386
 10
490.43719
 20
496.0769
 10
490.43719
 20
496.06992
 10
490.43719
 20
496.06296
 10
490.42325
 20
496.04901
 10
490.4093
 20
496.03507
 10
490.39536
 20
496.02113
 10
490.38141
 20
496.00719
 10
490.36746
 20
495.99324
 10
490.35352
 20
495.9793
 10
490.33957
 20
495.96535
 10
490.32565
 20
495.95142
 10
490.31171
 20
495.93747
 10
490.29776
 20
495.92352
 10
490.28381
 20
495.90958
 10
490.26987
 20
495.89565
 10
490.26544
 20
495.89564
 10
490.26099
 20
495.89564
 42
-0.414196199999065
 10
490.25214
 20
495.89565
 10
490.24768
 20
495.89564
 10
490.24326
 20
495.89564
 10
490.23883
 20
495.89564
 10
490.23438
 20
495.89564
 10
490.22995
 20
495.89565
 10
490.22549
 20
495.89565
 10
490.22107
 20
495.89565
 10
490.2166399999999
 20
495.8956400000001
 42
0.0004791871599999886
 10
490.2090099999999
 20
495.8861299999999
 10
490.2064799999999
 20
495.88297
 42
1.028848800002866e-05
 10
490.1963499999999
 20
495.87029
 10
490.19382
 20
495.86712
 10
490.19128
 20
495.86395
 10
490.18875
 20
495.86079
 10
490.1862100000001
 20
495.85761
 42
0.0006761598799999855
 10
490.17609
 20
495.84494
 42
0.0003600486900000362
 10
490.16592
 20
495.83226
 10
490.16086
 20
495.82592
 10
490.15579
 20
495.8195900000001
 42
2.061515700005949e-05
 10
490.14566
 20
495.80692
 10
490.14056
 20
495.80058
 42
-0.0007139545600000689
 10
490.13043
 20
495.7879
 10
490.12537
 20
495.78156
 10
490.1203
 20
495.77522
 10
490.11523
 20
495.76889
 10
490.1101699999999
 20
495.76254
 42
0.000372495919999997
 10
490.1000399999999
 20
495.74987
 42
0.0003919257399999806
 10
490.08987
 20
495.7372
 42
0.0003814494600000817
 10
490.07974
 20
495.72452
 10
490.07468
 20
495.71819
 10
490.06961
 20
495.71185
 10
490.06451
 20
495.70551
 10
490.0594500000001
 20
495.69917
 42
0.0003767790199999667
 10
490.0493200000001
 20
495.68649
 10
490.04425
 20
495.68016
 10
490.03918
 20
495.67382
 10
490.03412
 20
495.66748
 10
490.02905
 20
495.66115
 10
490.02396
 20
495.65481
 10
490.01889
 20
495.64847
 10
490.01382
 20
495.64214
 10
490.00876
 20
495.63579
 10
490.00369
 20
495.62946
 10
490.00177
 20
495.62756
 10
489.99988
 20
495.62566
 10
489.99799
 20
495.62376
 10
489.99609
 20
495.62186
 10
489.99417
 20
495.61995
 10
489.99228
 20
495.61805
 10
489.99039
 20
495.61615
 10
489.98846
 20
495.61424
 10
489.98657
 20
495.61235
 10
489.98468
 20
495.61044
 10
489.98276
 20
495.60854
 10
489.98087
 20
495.60664
 42
0.06967298600000205
 10
490.14059
 20
495.58382
 42
0.2617454599999947
 10
490.66534
 20
495.87283
 10
493.98123
 20
495.87282
 42
0.2903445800000167
 10
494.66571
 20
495.42412
 42
0.2306502500000115
 10
495.25131
 20
495.70551
 10
495.25131
 20
495.70615
 10
495.25128
 20
495.70677
 10
495.25131
 20
495.70741
 42
0.001054709099999953
 10
495.25131
 20
495.70931
 10
495.2513
 20
495.70995
 10
495.2513
 20
495.71058
 10
495.25131
 20
495.71121
 10
495.25128
 20
495.71185
 42
0.001090497400000035
 10
495.25128
 20
495.71312
 10
495.25128
 20
495.71819
 42
-0.143096370000005
 10
495.25128
 20
495.75874
 10
495.25131
 20
495.76382
 10
495.25128
 20
495.76889
 10
495.25128
 20
495.77396
 42
0.2963292000000428
 10
495.1727
 20
495.77396
 10
495.13342
 20
495.77396
 10
495.09412
 20
495.77396
 10
495.05484
 20
495.77396
 10
495.01553
 20
495.77396
 10
494.97626
 20
495.77396
 10
494.93695
 20
495.77396
 10
494.89764
 20
495.77396
 10
494.85837
 20
495.77396
 42
-0.2564052399999696
 10
494.77979
 20
495.77396
 10
494.75314
 20
495.80818
 10
494.72653
 20
495.8424
 10
494.69992
 20
495.87663
 10
494.67331
 20
495.91085
 10
494.64667
 20
495.94508
 10
494.62006
 20
495.97929
 42
0.07012098099998051
 10
494.56683
 20
496.0477399999999
 42
-0.01077623899999982
 10
494.51358
 20
496.1162
 10
494.48695
 20
496.15048
 10
494.46035
 20
496.18464
 10
494.48697
 20
496.21823
 10
494.51358
 20
496.25182
 42
-0.06354024699999543
 10
494.56683
 20
496.319
 42
0.03753069099999779
 10
494.62006
 20
496.38618
 10
494.64664
 20
496.41978
 10
494.6733
 20
496.45336
 10
494.69992
 20
496.48695
 10
494.72653
 20
496.52054
 42
0.4179731500002557
 10
494.7797899999999
 20
496.58772
 10
494.81906
 20
496.58772
 10
494.85835
 20
496.5877
 10
494.89766
 20
496.58772
 10
494.93695
 20
496.58772
 10
494.97621
 20
496.58769
 10
495.01554
 20
496.58772
 42
0.001317263000000051
 10
495.09412
 20
496.58772
 10
495.13342
 20
496.58772
 42
-0.01549991400000006
 10
495.21201
 20
496.58772
 10
495.25131
 20
496.58772
 10
495.25131
 20
496.59342
 10
495.2512800000001
 20
496.59912
 42
-0.04499513099996473
 10
495.25131
 20
496.61053
 42
-0.0004434824299996108
 10
495.2513100000215
 20
496.6219400002316
 42
-2.66038939766844e-08
 10
495.2512800000259
 20
496.6447600002117
 10
495.2513
 20
496.65046
 10
495.2513
 20
496.65616
 42
0.2306520300000108
 10
494.66571
 20
496.93756
 42
0.2971330200000019
 10
493.9812299999999
 20
496.48885
 10
490.68054
 20
496.48885
 10
490.67865
 20
496.49202
 10
490.67676
 20
496.49519
 10
490.6748400000001
 20
496.49836
 42
0.0003974562299999674
 10
490.67105
 20
496.50469
 10
490.66913
 20
496.50786
 10
490.66724
 20
496.51103
 10
490.66534
 20
496.5142
 10
490.66345
 20
496.51736
 10
490.66153
 20
496.52054
 10
490.65964
 20
496.5237
 10
490.65775
 20
496.52688
 42
0.1389029500000006
 10
490.39154
 20
496.7474199999999
 42
0.1165574399999869
 10
490.14056
 20
496.8006600000001
 42
0.4142135600000568
 10
489.5245699999999
 20
496.18464
 42
0.08826222899999732
 10
489.55499
 20
495.98691
 10
489.55753
 20
495.98944
 10
489.56006
 20
495.99197
 10
489.56259
 20
495.99451
 10
489.56512
 20
495.99704
 10
489.56766
 20
495.99958
 10
489.57019
 20
496.00211
 10
489.57272
 20
496.00465
 10
489.57526
 20
496.00719
 10
489.57779
 20
496.00972
 10
489.58032
 20
496.01225
 10
489.58286
 20
496.01479
 10
489.58539
 20
496.01732
 10
489.58856
 20
496.02049
 10
489.59174
 20
496.02366
 10
489.59491
 20
496.02683
 10
489.59808
 20
496.03
 10
489.60126
 20
496.03317
 10
489.6044
 20
496.03634
 10
489.60757
 20
496.03951
 10
489.61075
 20
496.04268
 10
489.61392
 20
496.04585
 10
489.6171
 20
496.04901
 10
489.62027
 20
496.05219
 10
489.62341
 20
496.05535
 42
-0.0007467559000000153
 10
489.6285099999999
 20
496.0616800000001
 42
-0.00038965585999998
 10
489.63864
 20
496.0743600000001
 42
-0.0003852316699999628
 10
489.64877
 20
496.08704
 10
489.65131
 20
496.09021
 10
489.65384
 20
496.09338
 10
489.65512
 20
496.09464
 10
489.65637
 20
496.09592
 10
489.65765
 20
496.09718
 10
489.65891
 20
496.09845
 10
489.66019
 20
496.09972
 10
489.66144
 20
496.10098
 10
489.66272
 20
496.10225
 10
489.664
 20
496.10352
 10
489.66525
 20
496.10478
 10
489.66653
 20
496.10605
 10
489.66779
 20
496.10732
 10
489.66907
 20
496.10859
 10
489.67032
 20
496.10986
 10
489.6716
 20
496.11112
 10
489.67285
 20
496.11239
 10
489.67413
 20
496.11366
 10
489.67538
 20
496.11493
 10
489.67667
 20
496.1162
 10
489.67792
 20
496.11746
 10
489.6792
 20
496.11873
 10
489.68045
 20
496.12
 10
489.68173
 20
496.12126
 10
489.68298
 20
496.12253
 10
489.68427
 20
496.12379
 42
-0.002845303300000102
 10
489.68933
 20
496.13013
 42
-0.0006700313499999086
 10
489.69946
 20
496.14281
 42
-0.0003462070199999851
 10
489.70963
 20
496.15549
 10
489.71215
 20
496.15866
 10
489.71469
 20
496.16182
 42
0.0004265604899999167
 10
489.71976
 20
496.16816
 42
0.0002626777499998258
 10
489.73495
 20
496.18718
 10
489.7375
 20
496.19035
 10
489.74004
 20
496.19351
 10
489.74258
 20
496.19669
 10
489.74512
 20
496.19985
 10
489.75082
 20
496.20618
 42
-0.0002014352500000505
 10
489.7736200000002
 20
496.23154
 42
-0.0003021947200000354
 10
489.7907400000001
 20
496.25055
 42
-0.0001813427600000125
 10
489.81357
 20
496.2759
 10
489.81357
 20
496.27907
 10
489.81357
 20
496.28224
 10
489.81354
 20
496.28542
 42
-7.766383000001343e-05
 10
489.81357
 20
496.29808
 10
489.81356
 20
496.30442
 10
489.81356
 20
496.31076
 10
489.81354
 20
496.31393
 10
489.83005
 20
496.32977
 10
489.8464999999999
 20
496.3456100000001
 42
-0.000113144170000052
 10
489.8794600000001
 20
496.3772999999999
 10
489.89594
 20
496.39315
 10
489.91241
 20
496.409
 42
-8.721788599996627e-05
 10
489.94537
 20
496.44068
 10
489.96185
 20
496.45653
 10
489.9783300000001
 20
496.47237
 42
-0.0003704458700000136
 10
490.01129
 20
496.5040599999999
 42
-0.3442193099954505
 10
490.01318
 20
496.50406
 10
490.01382
 20
496.50406
 42
-0.2840617800001998
 10
490.01572
 20
496.50406
 42
0.001082162099999989
 10
490.01764
 20
496.50406
 10
490.01825
 20
496.50406
  0
LWPOLYLINE
  5
79
100
AcDbEntity
  8
Layer_0
  6
ByLayer
 62
    7
370
   -1
100
AcDbPolyline
 90
   20
 70
    1
 43
0
 10
462.12094
 20
476.01318
 42
-0.341932450000002
 10
466.62094
 20
477.94774
 42
-0.34193194
 10
469.62
 20
474.075
 10
469.62
 20
457.925
 42
-0.3419319099999998
 10
466.62094
 20
454.05226
 42
-0.3419311999999974
 10
462.12091
 20
455.98682
 42
0.3151123600000053
 10
458
 20
458.0000000000001
 10
447.5
 20
458
 42
0.4142135599999974
 10
443.5
 20
454
 10
443.5
 20
451.5
 42
0.4142136100000002
 10
473.5
 20
421.5
 10
502.5
 20
421.5
 42
0.41421358
 10
532.5
 20
451.5
 10
532.5
 20
480.5
 42
0.4142136100000002
 10
502.5
 20
510.5
 10
473.5
 20
510.5
 42
0.4142135100000005
 10
443.5
 20
480.5
 10
443.5
 20
477.99999
 42
0.4142131999999995
 10
447.5
 20
473.99999
 10
458
 20
473.9999999999999
 42
0.3151122899999985
  0
LWPOLYLINE
  5
7A
100
AcDbEntity
  8
Layer_0
  6
ByLayer
 62
    7
370
   -1
100
AcDbPolyline
 90
    6
 70
    1
 43
0
 10
515.12631
 20
480.39841
 42
-0.414213559999915
 10
514.84348
 20
480.3984100000002
 42
-0.4142135599998559
 10
514.84348
 20
480.6812399999999
 10
523.94196
 20
489.77972
 42
-0.4142135599999738
 10
524.22479
 20
489.7797199999999
 42
-0.4142135599998476
 10
524.22479
 20
489.49687
  0
LWPOLYLINE
  5
7B
100
AcDbEntity
  8
Layer_0
  6
ByLayer
 62
    7
370
   -1
100
AcDbPolyline
 90
    6
 70
    1
 43
0
 10
514.84348
 20
451.31876
 10
523.94196
 20
442.22029
 42
0.4142135599999741
 10
524.22479
 20
442.22029
 42
0.4142135600000578
 10
524.22479
 20
442.50313
 10
515.1263100000001
 20
451.60159
 42
0.4142135599999739
 10
514.84348
 20
451.6016099999998
 42
0.4142135599997883
  0
LWPOLYLINE
  5
7C
100
AcDbEntity
  8
Layer_0
  6
ByLayer
 62
    7
370
   -1
100
AcDbPolyline
 90
   16
 70
    1
 43
0
 10
516.82336
 20
445.37906
 10
512.86359
 20
449.33887
 42
-0.4142135599999739
 10
512.86359
 20
449.6217
 42
-0.414213559999915
 10
513.14642
 20
449.6216999999999
 10
522.2449
 20
440.52324
 42
-0.4142135599999652
 10
522.2449
 20
440.24039
 42
-0.4142135599999902
 10
521.96204
 20
440.24039
 10
518.80328
 20
443.39917
 10
510.60083
 20
435.19672
 10
513.75961
 20
432.03795
 42
-0.414213559999999
 10
513.75961
 20
431.7551099999998
 42
-0.4142135599999738
 10
513.4767800000001
 20
431.7551100000001
 10
504.3783
 20
440.85358
 42
-0.4142135599999739
 10
504.3783
 20
441.13641
 42
-0.4142135599999738
 10
504.66113
 20
441.13641
 10
508.62094
 20
437.17662
  0
LWPOLYLINE
  5
7D
100
AcDbEntity
  8
Layer_0
  6
ByLayer
 62
    7
370
   -1
100
AcDbPolyline
 90
   16
 70
    1
 43
0
 10
508.62094
 20
494.82338
 10
504.66113
 20
490.86359
 42
-0.4142135599999741
 10
504.3783
 20
490.86359
 42
-0.4142135599999739
 10
504.3783
 20
491.14642
 10
513.47678
 20
500.2448999999999
 42
-0.414213559999915
 10
513.75961
 20
500.2449
 42
-0.4142135599999652
 10
513.75961
 20
499.96205
 10
510.60083
 20
496.80328
 10
518.80328
 20
488.60085
 10
521.96204
 20
491.75962
 42
-0.4142135599999739
 10
522.24487
 20
491.75961
 42
-0.4142135599999741
 10
522.24487
 20
491.47678
 10
513.14642
 20
482.3783000000001
 42
-0.414213559999915
 10
512.86359
 20
482.3783
 42
-0.4142135599999651
 10
512.86359
 20
482.66115
 10
516.82336
 20
486.62094
  0
LWPOLYLINE
  5
7E
100
AcDbEntity
  8
Layer_0
  6
ByLayer
 62
    7
370
   -1
100
AcDbPolyline
 90
    6
 70
    1
 43
0
 10
502.68124
 20
492.84348
 42
-0.4142135599999741
 10
502.39841
 20
492.84348
 42
-0.4142135599999651
 10
502.39841
 20
493.12633
 10
511.49686
 20
502.22479
 42
-0.4142135599999738
 10
511.77969
 20
502.22479
 42
-0.4142135599999741
 10
511.77969
 20
501.94196
  0
LWPOLYLINE
  5
7F
100
AcDbEntity
  8
Layer_0
  6
ByLayer
 62
    7
370
   -1
100
AcDbPolyline
 90
    6
 70
    1
 43
0
 10
473.60159
 20
493.12632
 42
-0.414213559999999
 10
473.60159
 20
492.84348
 42
-0.4142135599999741
 10
473.31876
 20
492.84348
 10
464.22028
 20
501.94195
 42
-0.4142135599999739
 10
464.22028
 20
502.22478
 42
-0.4142135599999738
 10
464.50311
 20
502.22479
  0
LWPOLYLINE
  5
80
100
AcDbEntity
  8
Layer_0
  6
ByLayer
 62
    7
370
   -1
100
AcDbPolyline
 90
    6
 70
    1
 43
0
 10
502.39841
 20
438.87367
 10
511.49686
 20
429.77521
 42
0.4142135600000489
 10
511.77972
 20
429.77521
 42
0.4142135599999652
 10
511.77972
 20
430.05806
 10
502.68124
 20
439.15652
 42
0.4142135599999738
 10
502.39841
 20
439.15652
 42
0.4142135599999651
  0
LWPOLYLINE
  5
81
100
AcDbEntity
  8
Layer_0
  6
ByLayer
 62
    7
370
   -1
100
AcDbPolyline
 90
    6
 70
    1
 43
0
 10
473.31876
 20
439.15652
 42
-0.4142135599999738
 10
473.60159
 20
439.15652
 42
-0.4142135599999652
 10
473.60159
 20
438.87367
 10
464.50311
 20
429.77521
 42
-0.4142135599999741
 10
464.22028
 20
429.77521
 42
-0.4142135599999739
 10
464.22028
 20
430.05804
  0
LWPOLYLINE
  5
82
100
AcDbEntity
  8
Layer_0
  6
ByLayer
 62
    7
370
   -1
100
AcDbPolyline
 90
   16
 70
    1
 43
0
 10
467.37906
 20
437.17662
 10
471.33887
 20
441.13641
 42
-0.4142135599999738
 10
471.6217
 20
441.13641
 42
-0.4142135599999741
 10
471.6217
 20
440.85358
 10
462.52322
 20
431.7551
 42
-0.4142135599999741
 10
462.24039
 20
431.7551
 42
-0.4142135599999651
 10
462.24039
 20
432.03795
 10
465.39917
 20
435.19672
 10
457.19672
 20
443.39915
 10
454.03793
 20
440.24039
 42
-0.4142135599999741
 10
453.7551
 20
440.24039
 42
-0.4142135599999739
 10
453.7551
 20
440.52322
 10
462.85358
 20
449.6217
 42
-0.4142135599999738
 10
463.13641
 20
449.6217
 42
-0.4142135599999652
 10
463.13641
 20
449.33885
 10
459.17661
 20
445.37906
  0
LWPOLYLINE
  5
83
100
AcDbEntity
  8
Layer_0
  6
ByLayer
 62
    7
370
   -1
100
AcDbPolyline
 90
    9
 70
    1
 43
0
 10
478
 20
468
 10
478
 20
464
 42
-0.2679465999999944
 10
477.5
 20
463.13397
 42
-0.2679490399999948
 10
476.5
 20
463.13397
 10
473.03589
 20
465.13397
 42
-0.2679489900000016
 10
472.53589
 20
466
 42
-0.2679472900000035
 10
473.03589
 20
466.86603
 10
476.5
 20
468.86603
 42
-0.2679487900000062
 10
477.5
 20
468.86603
 42
-0.2679511999999951
  0
LWPOLYLINE
  5
84
100
AcDbEntity
  8
Layer_0
  6
ByLayer
 62
    7
370
   -1
100
AcDbPolyline
 90
   16
 70
    1
 43
0
 10
459.17661
 20
486.62094
 10
463.13641
 20
482.66114
 42
-0.4142135600000578
 10
463.13641
 20
482.3783
 42
-0.4142135599999741
 10
462.85358
 20
482.3783
 10
453.7551
 20
491.47676
 42
-0.4142135599999651
 10
453.7551
 20
491.75961
 42
-0.4142135599999738
 10
454.03793
 20
491.75961
 10
457.19672
 20
488.60084
 10
465.39914
 20
496.80328
 10
462.24039
 20
499.96205
 42
-0.4142135599999986
 10
462.24039
 20
500.24489
 42
-0.4142135599999738
 10
462.52322
 20
500.24489
 10
471.6217
 20
491.14642
 42
-0.4142135599999741
 10
471.6217
 20
490.86359
 42
-0.4142135599999738
 10
471.33887
 20
490.86358
 10
467.37906
 20
494.82338
  0
LWPOLYLINE
  5
85
100
AcDbEntity
  8
Layer_0
  6
ByLayer
 62
    7
370
   -1
100
AcDbPolyline
 90
    6
 70
    1
 43
0
 10
461.15652
 20
480.68124
 42
-0.4142135599999988
 10
461.15652
 20
480.3984
 42
-0.4142135599999902
 10
460.87366
 20
480.3984
 10
451.77521
 20
489.49687
 42
-0.4142135599999986
 10
451.77521
 20
489.77971
 42
-0.4142135599999738
 10
452.05804
 20
489.77971
  0
LWPOLYLINE
  5
86
100
AcDbEntity
  8
Layer_0
  6
ByLayer
 62
    7
370
   -1
100
AcDbPolyline
 90
    6
 70
    1
 43
0
 10
460.87366
 20
451.60159
 42
-0.4142135599999902
 10
461.15652
 20
451.60159
 42
-0.4142135599999741
 10
461.15652
 20
451.31876
 10
452.05804
 20
442.22028
 42
-0.4142135599999741
 10
451.77521
 20
442.22028
 42
-0.4142135599999651
 10
451.77521
 20
442.50313
  0
LWPOLYLINE
  5
87
100
AcDbEntity
  8
Layer_0
  6
ByLayer
 62
    7
370
   -1
100
AcDbPolyline
 90
  603
 70
    1
 43
0
 10
498.12608
 20
500.13936
 10
498.09756
 20
500.14435
 10
498.03481
 20
500.16788
 10
497.97207
 20
500.22278
 10
497.9435500000001
 20
500.32189
 42
-0.4142135599999219
 10
498.11847
 20
500.51962
 42
0.03577279700000011
 10
498.26297
 20
500.51962
 10
498.33521
 20
500.51956
 10
498.40747
 20
500.51962
 42
0.2191548199999684
 10
498.55197
 20
500.51962
 42
0.03235116300000018
 10
498.22495
 20
501.40944
 10
498.17932
 20
501.40627
 10
498.13367
 20
501.40309
 10
498.08804
 20
501.39993
 10
498.04242
 20
501.39676
 42
-0.04285126999999624
 10
497.95117
 20
501.39043
 10
497.90552
 20
501.38725
 10
497.85989
 20
501.38409
 10
497.81427
 20
501.38092
 10
497.76865
 20
501.37775
 10
497.72299
 20
501.37458
 10
497.67737
 20
501.37141
 10
497.64837
 20
501.37046
 10
497.5823
 20
501.38092
 10
497.51053
 20
501.42275
 10
497.46442
 20
501.51591
 10
497.46442
 20
501.62108
 10
497.49864
 20
501.68988
 10
497.54998
 20
501.72874
 10
497.60132
 20
501.74407
 10
497.83422
 20
501.78495
 10
498.02721
 20
501.82012
 42
0.02825696699999995
 10
497.57089
 20
502.59586
 10
497.55441
 20
502.59206
 42
-0.0198704589999997
 10
497.48849
 20
502.57684
 42
-0.03109800200000055
 10
497.45554
 20
502.56924
 42
-0.06132264999999314
 10
497.42261
 20
502.56163
 10
497.40613
 20
502.55783
 10
497.38965
 20
502.55402
 10
497.37317
 20
502.55022
 10
497.37317
 20
506.4441
 10
497.36088
 20
506.72223
 10
497.32487
 20
506.97724
 10
497.26633
 20
507.20845
 10
497.18647
 20
507.41519
 10
497.08652
 20
507.59681
 10
496.96769
 20
507.75262
 10
496.83119
 20
507.88196
 10
496.67823
 20
507.98416
 10
496.51003
 20
508.05856
 10
496.32781
 20
508.10448
 10
496.13278
 20
508.12125
 10
495.92614
 20
508.10822
 10
495.70913
 20
508.0647
 10
495.48295
 20
507.99004
 10
495.24881
 20
507.88356
 10
495.00793
 20
507.74459
 10
492.24722
 20
505.9953899999998
 42
0.01730140099999942
 10
491.93542
 20
506.0410199999998
 10
491.92084
 20
506.01187
 10
491.90625
 20
505.98271
 10
491.89169
 20
505.95356
 10
491.87711
 20
505.92441
 10
491.86255
 20
505.89526
 10
491.84796
 20
505.8661
 10
491.83337
 20
505.83694
 10
491.81882
 20
505.80779
 10
491.80423
 20
505.77864
 10
491.78964
 20
505.74949
 10
491.77509
 20
505.72034
 10
491.7605
 20
505.69118
 10
491.71581
 20
505.66268
 10
491.67113
 20
505.6341400000001
 42
0.1129840799999962
 10
491.61157
 20
505.59612
 42
0.02244332700000029
 10
491.552
 20
505.55809
 42
0.03908839700000289
 10
491.4626199999996
 20
505.5010499999996
 42
7.578227600036534e-06
 10
491.4030499999997
 20
505.4630199999995
 42
-0.3453179900000437
 10
491.327
 20
505.66837
 10
491.4021
 20
505.87846
 10
491.47149
 20
506.07145
 42
0.01337343600000007
 10
491.04559
 20
506.08665
 42
0.01208462200000005
 10
490.57407
 20
506.07144
 10
490.56076
 20
506.02771
 10
490.54745
 20
505.98398
 10
490.53415
 20
505.94025
 10
490.52084
 20
505.89652
 10
490.50754
 20
505.8528
 10
490.49423
 20
505.80907
 10
490.48093
 20
505.76534
 10
490.46762
 20
505.7216
 10
490.45428
 20
505.67787
 10
490.44098
 20
505.63414
 10
490.42767
 20
505.59042
 10
490.41437
 20
505.54668
 10
490.40106
 20
505.51436
 10
490.35353
 20
505.44781
 10
490.35921
 20
505.39709
 10
490.36493
 20
505.34641
 10
490.37064
 20
505.29572
 10
490.37634
 20
505.24501
 10
490.38205
 20
505.19431
 10
490.38776
 20
505.14361
 42
-0.03898443700000037
 10
490.41055
 20
504.9408
 10
490.41626
 20
504.8901
 10
490.42197
 20
504.8394
 10
490.40677
 20
504.8299
 10
490.39154
 20
504.82038
 10
490.37634
 20
504.81087
 10
490.36115
 20
504.80138
 10
490.34592
 20
504.79186
 10
490.33072
 20
504.78236
 10
490.31549
 20
504.77286
 10
490.30029
 20
504.76334
 10
490.28506
 20
504.75384
 10
490.26987
 20
504.74432
 10
490.25467
 20
504.73483
 10
490.23944
 20
504.72532
 10
490.23309
 20
504.78172
 10
490.22678
 20
504.83813
 10
490.22043
 20
504.89453
 10
490.21411
 20
504.95094
 10
490.20776
 20
505.00735
 10
490.20142
 20
505.06375
 10
490.19507
 20
505.12016
 10
490.18875
 20
505.17656
 10
490.1824
 20
505.23296
 10
490.17609
 20
505.28938
 10
490.16974
 20
505.34578
 10
490.16339
 20
505.4021799999999
 42
-0.3676114400000063
 10
490.03412
 20
505.59992
 10
490.07499
 20
505.82713
 10
490.11016
 20
506.02581
 42
0.02616115500000004
 10
489.22797
 20
505.8661
 10
489.22287
 20
505.82047
 10
489.2178
 20
505.77484
 10
489.21274
 20
505.7292
 10
489.20767
 20
505.68358
 10
489.20261
 20
505.63795
 10
489.19754
 20
505.59232
 10
489.19247
 20
505.54668
 10
489.18738
 20
505.50105
 10
489.18231
 20
505.45542
 10
489.17725
 20
505.40979
 10
489.17218
 20
505.36415
 10
489.16711
 20
505.31853
 10
489.16212
 20
505.29001
 10
489.13859
 20
505.22726
 10
489.08369
 20
505.16452
 10
488.98458
 20
505.1360000000001
 42
-0.4142135600000547
 10
488.78687
 20
505.31092
 10
488.78687
 20
505.34705
 10
488.78684
 20
505.38315
 10
488.78685
 20
505.4193
 10
488.78683
 20
505.45542
 10
488.78683
 20
505.49155
 10
488.78683
 20
505.52766
 10
488.78687
 20
505.5638
 10
488.78687
 20
505.59991
 10
488.78687
 20
505.63605
 10
488.78686
 20
505.67218
 10
488.78685
 20
505.7083
 10
488.78683
 20
505.74442
 42
0.03235374800000052
 10
487.89703
 20
505.4174
 10
487.90021
 20
505.37176
 10
487.90338
 20
505.32613
 10
487.90656
 20
505.28049
 10
487.90973
 20
505.23486
 10
487.91287
 20
505.18923
 10
487.91605
 20
505.14361
 10
487.91922
 20
505.09798
 10
487.92239
 20
505.05234
 10
487.92557
 20
505.00671
 10
487.92871
 20
504.96107
 10
487.93188
 20
504.91545
 10
487.93506
 20
504.86981
 10
487.93601
 20
504.84082
 10
487.92556
 20
504.77475
 10
487.88373
 20
504.70298
 10
487.79056
 20
504.65687
 42
-0.3952559200000282
 10
487.56241
 20
504.79376
 10
487.52153
 20
505.02667
 10
487.48635
 20
505.21966
 42
0.02825386399999992
 10
486.71063
 20
504.76335
 10
486.72141
 20
504.71898
 10
486.74286
 20
504.63037
 10
486.76449
 20
504.5415199999999
 42
-0.2457962199999236
 10
486.7968100000001
 20
504.40843
 10
486.81846
 20
504.31978
 10
486.83991
 20
504.23098
 10
486.84573
 20
504.20269
 10
486.84656
 20
504.13591
 10
486.81745
 20
504.05772
 10
486.73344
 20
503.99521
 10
486.63005
 20
503.97965
 10
486.55661
 20
504.00187
 10
486.50884
 20
504.04548
 10
486.48246
 20
504.09408
 42
-0.03998959700000052
 10
486.33035
 20
504.49716
 42
0.02710837499999992
 10
485.64587
 20
503.91155
 10
485.66428
 20
503.86973
 10
485.68265
 20
503.8279
 10
485.70102
 20
503.78607
 10
485.71942
 20
503.74424
 10
485.73779
 20
503.70242
 10
485.75616
 20
503.66058
 10
485.77454
 20
503.61876
 10
485.79291
 20
503.57692
 10
485.81131
 20
503.5351
 42
0.1795954400000278
 10
485.84805
 20
503.45144
 10
485.86642
 20
503.40961
 10
485.87606
 20
503.38216
 10
485.8864
 20
503.3155
 10
485.86965
 20
503.23315
 10
485.7979900000001
 20
503.1586399999999
 42
-0.4158700199999412
 10
485.53943
 20
503.21188
 42
-0.01387926899999979
 10
485.3188499999999
 20
503.58453
 42
0.02693198099999996
 10
484.74847
 20
502.89246
 10
484.7738
 20
502.85443
 10
484.79916
 20
502.81641
 10
484.82452
 20
502.77837
 10
484.84985
 20
502.74036
 10
484.87521
 20
502.70233
 10
484.90057
 20
502.6643
 10
484.92593
 20
502.62627
 10
484.95126
 20
502.58825
 10
484.97662
 20
502.55022
 10
485.00198
 20
502.51219
 10
485.02734
 20
502.47417
 10
485.05267
 20
502.43614
 10
485.0673
 20
502.41071
 10
485.08975
 20
502.34678
 10
485.08797
 20
502.26288
 10
485.02987
 20
502.17756
 42
-0.4125099999999768
 10
484.76367
 20
502.18517
 10
484.60872
 20
502.36009
 10
484.48229
 20
502.51219
 42
0.02826006999999993
 10
484.03357
 20
501.72885
 10
484.06525
 20
501.6959
 10
484.09695
 20
501.66294
 42
-0.001524371500000006
 10
484.1920200000001
 20
501.56408
 10
484.22369
 20
501.53112
 42
-0.06252790800000425
 10
484.28708
 20
501.4652
 10
484.31879
 20
501.43225
 10
484.35046
 20
501.39929
 10
484.38214
 20
501.36634
 10
484.41385
 20
501.33337
 10
484.43238
 20
501.31116
 10
484.46517
 20
501.25258
 10
484.47801
 20
501.16975
 10
484.43666
 20
501.0748
 42
-0.4059590200000074
 10
484.17047
 20
501.03677
 10
483.98319
 20
501.19459
 10
483.8358400000001
 20
501.31817
 42
0.02820329400000007
 10
483.53162
 20
500.47399
 10
483.53226
 20
500.46956
 10
483.5329
 20
500.46512
 10
483.53354
 20
500.46068
 10
483.53418
 20
500.45625
 10
483.53479
 20
500.4518100000001
 42
8.901533299995244e-05
 10
483.53668
 20
500.4385
 10
483.53732
 20
500.43407
 10
483.53796
 20
500.42963
 10
483.5386
 20
500.42519
 10
483.53925
 20
500.42075
 10
482.61139
 20
499.82755
 10
482.3828
 20
499.66801
 10
482.18467
 20
499.501
 10
482.01703
 20
499.32756
 10
481.87987
 20
499.14878
 10
481.77319
 20
498.96572
 10
481.69699
 20
498.77945
 10
481.65127
 20
498.59104
 10
481.63603
 20
498.40156
 10
481.65127
 20
498.21209
 10
481.69699
 20
498.02368
 10
481.77319
 20
497.83741
 10
481.87987
 20
497.65435
 10
482.01703
 20
497.47557
 10
482.18467
 20
497.30213
 10
482.38279
 20
497.13511
 10
482.6114
 20
496.97558
 10
484.14764
 20
495.98691
 10
484.064
 20
495.9869
 10
483.98034
 20
495.9869
 10
483.94421
 20
495.98691
 10
483.90808
 20
495.9869
 10
483.87198
 20
495.9869
 10
483.83585
 20
495.9868999999999
 42
0.008857282600000181
 10
483.76358
 20
495.9869100000001
 10
483.72748
 20
495.98691
 10
483.69135
 20
495.98691
 10
483.65521
 20
495.9869
 10
483.61908
 20
495.9869
 10
483.58298
 20
495.9869
 10
483.54684
 20
495.9869
 42
0.03235544599999987
 10
483.87387
 20
495.09709
 10
483.91949
 20
495.10026
 10
483.96501
 20
495.1034
 10
484.01076
 20
495.1066000000002
 42
-0.08181273000003188
 10
484.10202
 20
495.1129300000002
 10
484.14761
 20
495.11612
 10
484.19329
 20
495.11927
 10
484.23892
 20
495.12244
 10
484.28458
 20
495.12563
 10
484.33018
 20
495.1287799999999
 42
0.02622524600000242
 10
484.42145
 20
495.1351199999999
 10
484.45044
 20
495.13606
 10
484.51651
 20
495.12561
 10
484.58828
 20
495.08378
 10
484.63439
 20
494.99062
 42
-0.3952592599999883
 10
484.4975
 20
494.76246
 10
484.26744
 20
494.72158
 10
484.0716
 20
494.68641
 42
0.02825482800000018
 10
484.52792
 20
493.91068
 10
484.5723
 20
493.92145
 10
484.61664
 20
493.93222
 10
484.66101
 20
493.94299
 10
484.70538
 20
493.95377
 10
484.74973
 20
493.96455
 10
484.7941
 20
493.97532
 10
484.83847
 20
493.98609
 10
484.88284
 20
493.99686
 10
484.92719
 20
494.00764
 10
484.97156
 20
494.01842
 10
485.01593
 20
494.02919
 10
485.06027
 20
494.03996
 10
485.08856
 20
494.04579
 10
485.15535
 20
494.04662
 10
485.23354
 20
494.0175
 10
485.29604
 20
493.93349
 10
485.31161
 20
493.83011
 10
485.28939
 20
493.75667
 10
485.24578
 20
493.7089
 10
485.19718
 20
493.68251
 42
-0.04000472600000003
 10
484.7941
 20
493.53041
 42
0.02710981500000028
 10
485.3797
 20
492.84594
 10
485.42154
 20
492.86432
 10
485.46338
 20
492.8827
 10
485.50519
 20
492.90108
 10
485.54703
 20
492.91946
 10
485.58884
 20
492.93784
 10
485.63068
 20
492.95621
 10
485.67252
 20
492.97459
 10
485.71432
 20
492.99297
 10
485.75616
 20
493.01135
 10
485.79797
 20
493.02974
 10
485.83981
 20
493.04811
 10
485.88165
 20
493.0665
 10
485.9091
 20
493.07612
 10
485.97577
 20
493.08646
 10
486.05812
 20
493.0697
 10
486.1326199999999
 20
492.99804
 42
-0.4158828200000571
 10
486.0793800000001
 20
492.7394699999999
 42
-0.01382332699999985
 10
485.70673
 20
492.5189100000002
 42
0.02693519199999994
 10
486.3988
 20
491.94852
 10
486.43683
 20
491.97388
 10
486.47485
 20
491.99922
 10
486.51288
 20
492.02457
 10
486.5509
 20
492.04993
 10
486.58891
 20
492.07521
 10
486.62696
 20
492.10063
 42
-0.01887620100000009
 10
486.703
 20
492.15133
 42
-0.08778835999999572
 10
486.77905
 20
492.20203
 42
0.0775335020000051
 10
486.8551
 20
492.25273
 10
486.88055
 20
492.26735
 10
486.94448
 20
492.28981
 10
487.02838
 20
492.28803
 10
487.1137
 20
492.22992
 42
-0.4125183400000592
 10
487.10608
 20
491.96373
 10
486.93117
 20
491.80878
 10
486.77907
 20
491.6823400000001
 42
0.02825544899999972
 10
487.56241
 20
491.2336300000001
 10
487.59537
 20
491.26532
 10
487.62833
 20
491.297
 10
487.66129
 20
491.3287
 10
487.69421
 20
491.36038
 10
487.72717
 20
491.39207
 10
487.76013
 20
491.42376
 10
487.79309
 20
491.45544
 10
487.82605
 20
491.48714
 10
487.85901
 20
491.51883
 10
487.89192
 20
491.55045
 10
487.92492
 20
491.58221
 10
487.95789
 20
491.61389
 10
487.9801
 20
491.63243
 10
488.03868
 20
491.66523
 10
488.12151
 20
491.67806
 10
488.2164599999999
 20
491.6367099999999
 42
-0.4059608499998161
 10
488.25449
 20
491.37052
 10
488.10333
 20
491.18325
 10
487.98069
 20
491.0359
 42
0.02821189199999998
 10
488.82489
 20
490.73169
 10
488.85211
 20
490.76845
 10
488.87939
 20
490.80521
 10
488.90662
 20
490.84196
 10
488.9339
 20
490.87872
 10
488.96112
 20
490.91548
 10
488.98837
 20
490.95224
 10
489.01563
 20
490.989
 42
0.01310626199999963
 10
489.07013
 20
491.06252
 42
0.1385021700000119
 10
489.12463
 20
491.13603
 10
489.15189
 20
491.17279
 10
489.17079
 20
491.19525
 10
489.2232
 20
491.23839
 10
489.3027
 20
491.26584
 10
489.40287
 20
491.24124
 42
-0.4125606100000166
 10
489.48654
 20
490.99026
 10
489.3715
 20
490.78682
 10
489.27358
 20
490.61761
 42
0.03323799100000002
 10
490.16339
 20
490.4655
 10
490.18367
 20
490.50605
 10
490.20396
 20
490.54662
 10
490.22424
 20
490.58719
 42
0.02787978199999956
 10
490.2648
 20
490.66831
 10
490.2851
 20
490.70887
 10
490.30536
 20
490.74944
 10
490.32573
 20
490.79
 10
490.34592
 20
490.83055
 10
490.36621
 20
490.87111
 10
490.38648
 20
490.9116
 10
490.40676
 20
490.95224
 10
490.42114
 20
490.97743
 10
490.46475
 20
491.02829
 10
490.53831
 20
491.06774
 10
490.64253
 20
491.05871
 10
490.73331
 20
491.00476
 10
490.77562
 20
490.94083
 10
490.7837
 20
490.8769
 10
490.77182
 20
490.82295
 10
490.69671
 20
490.61285
 10
490.62732
 20
490.41987
 42
0.01337594999999987
 10
491.05322
 20
490.40466
 42
0.01207827800000001
 10
491.52472
 20
490.41987
 10
491.53806
 20
490.4636
 10
491.55136
 20
490.50733
 10
491.56467
 20
490.55106
 10
491.57797
 20
490.59479
 10
491.59128
 20
490.63852
 10
491.60458
 20
490.68225
 10
491.61789
 20
490.72598
 10
491.6312
 20
490.76971
 10
491.64453
 20
490.81344
 10
491.65784
 20
490.85718
 10
491.67114
 20
490.9009
 10
491.68445
 20
490.94463
 10
491.69775
 20
490.97695
 10
491.74529
 20
491.0435
 42
-0.0003105588399999843
 10
491.7453
 20
491.0473
 10
491.7453
 20
491.04921
 10
491.7453
 20
491.0511
 10
491.7453
 20
491.05301
 10
491.74527
 20
491.05491
 10
491.7453
 20
491.05681
 42
0.000204081590000178
 10
491.7453
 20
491.06061
 42
-0.1988644699997335
 10
491.7453
 20
491.06441
 10
491.7453
 20
491.06631
 10
491.77191
 20
491.0492
 10
491.7985200000001
 20
491.0321000000001
 42
0.02666718399999767
 10
491.85175
 20
490.99787
 10
491.87839
 20
490.98076
 10
491.90497
 20
490.96368
 10
491.93161
 20
490.94653
 10
491.95822
 20
490.92943
 10
491.9848
 20
490.91232
 10
492.01147
 20
490.8952
 10
492.03809
 20
490.87808
 10
492.0647
 20
490.86098
 10
492.02763
 20
490.62997
 10
491.99626
 20
490.45029
 42
0.01949234299999999
 10
492.56665
 20
490.54155
 10
495.01553
 20
488.99009
 10
495.25641
 20
488.85113
 10
495.49051
 20
488.7447
 10
495.71658
 20
488.67018
 10
495.93339
 20
488.62694
 10
496.13969
 20
488.61436
 10
496.33421
 20
488.63181
 10
496.51573
 20
488.67867
 10
496.68298
 20
488.75433
 10
496.83473
 20
488.85814
 10
496.96973
 20
488.98949
 10
497.08672
 20
489.14776
 10
497.18445
 20
489.33232
 10
497.2617
 20
489.54255
 10
497.31719
 20
489.77782
 10
497.34969
 20
490.03752
 10
497.35795
 20
490.321
 10
497.35794
 20
494.29854
 42
0.02492320000000006
 10
497.60892
 20
494.00194
 42
0.0282541749999997
 10
498.0576199999999
 20
494.78528
 10
498.02594
 20
494.81824
 10
497.99426
 20
494.85119
 10
497.96255
 20
494.88414
 10
497.93088
 20
494.9171
 10
497.8992
 20
494.95006
 10
497.86749
 20
494.98301
 10
497.83582
 20
495.01597
 10
497.80414
 20
495.04893
 10
497.77243
 20
495.08188
 10
497.74075
 20
495.11484
 10
497.70905
 20
495.1478
 10
497.67737
 20
495.18075
 10
497.65883
 20
495.20297
 10
497.62603
 20
495.26155
 10
497.6132
 20
495.34438
 10
497.65455
 20
495.43933
 42
-0.4059578300001205
 10
497.92075
 20
495.47736
 10
498.10801
 20
495.3262
 10
498.25537
 20
495.20356
 42
0.02820905299999948
 10
498.55957
 20
496.04774
 42
-0.08551580200000501
 10
498.48605
 20
496.10225
 10
498.44931
 20
496.1295
 10
498.41254
 20
496.15675
 10
498.37513
 20
496.18421
 10
498.33902
 20
496.21126
 10
498.30228
 20
496.23851
 42
-0.02816512799999975
 10
498.22876
 20
496.29301
 10
498.19199
 20
496.32027
 10
498.15524
 20
496.34752
 10
498.11847
 20
496.37477
 10
498.09601
 20
496.39367
 10
498.05288
 20
496.44607
 10
498.02543
 20
496.52557
 10
498.05003
 20
496.62574
 42
-0.4125638399999974
 10
498.30099
 20
496.7094
 10
498.50444
 20
496.59152
 10
498.6736500000001
 20
496.49645
 42
0.03179232500000004
 10
498.8257399999999
 20
497.38627
 10
498.78519
 20
497.40655
 10
498.74463
 20
497.42683
 10
498.70407
 20
497.44711
 10
498.66351
 20
497.46739
 10
498.62296
 20
497.48767
 10
498.5824
 20
497.50795
 10
498.54184
 20
497.52824
 10
498.50127
 20
497.54851
 10
498.46069
 20
497.56879
 10
498.42014
 20
497.58907
 10
498.37958
 20
497.60935
 10
498.33902
 20
497.62964
 10
498.31383
 20
497.64401
 10
498.26297
 20
497.68763
 10
498.22352
 20
497.76118
 10
498.23255
 20
497.8654
 10
498.2865
 20
497.95618
 10
498.35043
 20
497.99849
 10
498.41436
 20
498.00657
 10
498.46831
 20
497.99468
 10
498.67841
 20
497.91958
 10
498.8713900000001
 20
497.85018
 42
0.01337092200000028
 10
498.8866
 20
498.27608
 42
0.01208047499999999
 10
498.8714
 20
498.7476
 10
498.82767
 20
498.76028
 10
498.78394
 20
498.77296
 42
0.01165968299999944
 10
498.69647
 20
498.7982999999999
 10
498.65274
 20
498.81098
 10
498.60901
 20
498.82365
 42
0.2274566099999082
 10
498.52155
 20
498.84901
 10
498.47781
 20
498.86168
 10
498.43408
 20
498.87436
 10
498.39035
 20
498.88703
 10
498.34662
 20
498.89971
 10
498.31431
 20
498.91302
 10
498.24776
 20
498.96055
 10
498.17487
 20
498.95232
 10
498.10199
 20
498.94408
 10
498.02911
 20
498.93583
 10
497.95624
 20
498.9276
 10
497.88333
 20
498.91936
 10
497.81046
 20
498.91112
 10
497.73758
 20
498.90288
 10
497.6647
 20
498.89464
 10
497.5918
 20
498.8864
 10
497.51892
 20
498.87816
 10
497.44604
 20
498.86992
 10
497.37317
 20
498.86168
 10
497.3732
 20
498.95657
 10
497.37316
 20
499.05181
 10
497.44297
 20
499.05931
 10
497.51259
 20
499.06702
 10
497.58231
 20
499.07463
 10
497.65201
 20
499.08223
 10
497.72174
 20
499.08984
 10
497.79144
 20
499.09744
 42
0.2593055000000588
 10
497.93088
 20
499.1126599999999
 10
498.00058
 20
499.12026
 10
498.07031
 20
499.12787
 10
498.14001
 20
499.13547
 10
498.20975
 20
499.14307
 42
-0.3676040999999869
 10
498.40747
 20
499.27236
 10
498.63468
 20
499.23149
 10
498.83336
 20
499.19631
 42
0.02615610000000001
 10
498.67365
 20
500.07852
 10
498.62794
 20
500.08356
 10
498.58239
 20
500.08866
 42
-0.02753017900000075
 10
498.49112
 20
500.0988
 10
498.4455
 20
500.10387
 10
498.39987
 20
500.10894
 10
498.35425
 20
500.11401
 10
498.30859
 20
500.11908
 10
498.26297
 20
500.12415
 10
498.21735
 20
500.12923
 10
498.17169
 20
500.13429
  0
LWPOLYLINE
  5
88
100
AcDbEntity
  8
Layer_0
  6
ByLayer
 62
    7
370
   -1
100
AcDbPolyline
 90
  110
 70
    1
 43
0
 10
490.09495
 20
483.13405
 10
490.1026
 20
483.29164
 10
490.1262
 20
483.42793
 10
490.16674
 20
483.543
 10
490.22519
 20
483.63695
 10
490.30254
 20
483.70987
 10
490.39975
 20
483.76184
 10
490.51783
 20
483.79296
 10
490.65774
 20
483.80331
 10
490.79463
 20
483.79284
 10
490.90586
 20
483.76089
 10
490.9957
 20
483.70666
 10
491.06842
 20
483.62935
 10
491.12831
 20
483.52815
 10
491.17965
 20
483.40226
 10
491.2267
 20
483.25088
 10
491.27376
 20
483.07321
 10
491.33233
 20
482.86183
 10
491.39723
 20
482.67833
 10
491.47336
 20
482.52283
 10
491.56561
 20
482.3954
 10
491.67891
 20
482.29613
 10
491.81813
 20
482.22511
 10
491.9882
 20
482.18243
 10
492.194
 20
482.16819
 10
492.43277
 20
482.18327
 10
492.64116
 20
482.22891
 10
492.81871
 20
482.30575
 10
492.96498
 20
482.41441
 10
493.07952
 20
482.55551
 10
493.16188
 20
482.72967
 10
493.21163
 20
482.93752
 10
493.22831
 20
483.17969
 10
493.21405
 20
483.49102
 10
493.18268
 20
483.80522
 10
493.16592
 20
483.94021
 10
493.15131
 20
484.04811
 10
493.14097
 20
484.11964
 10
493.13705
 20
484.14555
 10
493.11169
 20
484.14365
 10
493.08633
 20
484.14175
 10
493.06097
 20
484.13985
 10
493.03564
 20
484.13795
 10
493.01028
 20
484.13605
 10
492.98492
 20
484.13415
 10
492.95959
 20
484.13225
 10
492.93423
 20
484.13034
 10
492.90887
 20
484.12844
 10
492.88354
 20
484.12653
 10
492.85818
 20
484.12463
 10
492.83282
 20
484.12273
 10
492.83578
 20
484.09532
 10
492.84353
 20
484.0203
 10
492.85449
 20
483.90857
 10
492.86706
 20
483.77099
 10
492.89059
 20
483.46179
 10
492.90128
 20
483.17969
 10
492.89062
 20
483.0281
 10
492.85874
 20
482.89817
 10
492.80583
 20
482.78946
 10
492.73207
 20
482.70151
 10
492.63762
 20
482.63388
 10
492.52268
 20
482.58612
 10
492.38742
 20
482.5578
 10
492.23202
 20
482.54845
 10
492.09137
 20
482.55915
 10
491.97522
 20
482.59123
 10
491.88029
 20
482.64471
 10
491.80328
 20
482.71957
 10
491.68979
 20
482.93347
 10
491.60839
 20
483.23292
 10
491.5489
 20
483.45315
 10
491.48184
 20
483.64574
 10
491.40319
 20
483.81018
 10
491.30894
 20
483.94591
 10
491.19508
 20
484.05242
 10
491.05761
 20
484.12915
 10
490.8925
 20
484.17559
 10
490.69576
 20
484.19118
 10
490.46997
 20
484.17419
 10
490.27688
 20
484.12369
 10
490.1157
 20
484.04038
 10
489.98563
 20
483.925
 10
489.88585
 20
483.77824
 10
489.81558
 20
483.60083
 10
489.774
 20
483.39346
 10
489.76032
 20
483.15687
 10
489.77577
 20
482.85623
 10
489.80975
 20
482.56556
 10
489.82791
 20
482.44314
 10
489.84374
 20
482.3462
 10
489.85494
 20
482.28242
 10
489.85919
 20
482.25945
 10
489.88455
 20
482.26072
 10
489.90988
 20
482.26199
 10
489.93524
 20
482.26326
 10
489.9606
 20
482.26453
 10
489.98593
 20
482.26579
 10
490.01129
 20
482.26706
 10
490.03665
 20
482.26833
 10
490.06198
 20
482.26959
 10
490.08734
 20
482.27086
 10
490.1127
 20
482.27213
 10
490.13806
 20
482.27339
 10
490.16339
 20
482.27467
 10
490.16046
 20
482.29818
 10
490.1527
 20
482.36295
 10
490.14174
 20
482.46035
 10
490.12917
 20
482.58172
 10
490.10565
 20
482.86181
  0
LWPOLYLINE
  5
89
100
AcDbEntity
  8
Layer_0
  6
ByLayer
 62
    7
370
   -1
100
AcDbPolyline
 90
   35
 70
    1
 43
0
 10
489.80594
 20
479.24017
 10
493.17508
 20
479.24017
 10
493.17508
 20
477.5442
 42
0.02103081099999914
 10
493.12057
 20
477.5442100000001
 42
0.3027773100005911
 10
493.06607
 20
477.5442
 10
493.03878
 20
477.54422
 10
493.01156
 20
477.5442100000001
 42
0.01404860300000053
 10
492.95706
 20
477.5442
 10
492.92981
 20
477.5442100000001
 42
0.003898339500000089
 10
492.87531
 20
477.5442
 10
492.84805
 20
477.54421
 10
492.84805
 20
477.65449
 10
492.84805
 20
477.76476
 10
492.84805
 20
477.87504
 10
492.84805
 20
477.98531
 10
492.84805
 20
478.09559
 10
492.84805
 20
478.20586
 10
492.84805
 20
478.31614
 10
492.84805
 20
478.42641
 10
492.84805
 20
478.53669
 10
492.84805
 20
478.64697
 10
492.84805
 20
478.75724
 10
492.84805
 20
478.86752
 10
489.80594
 20
478.86752
 10
489.80594
 20
478.89857
 10
489.80594
 20
478.92963
 10
489.80594
 20
478.96068
 10
489.80594
 20
478.99174
 10
489.80594
 20
479.0228
 10
489.80594
 20
479.05385
 10
489.80594
 20
479.0849
 10
489.80594
 20
479.11596
 10
489.80594
 20
479.14701
 10
489.80594
 20
479.17807
 10
489.80594
 20
479.20912
  0
LWPOLYLINE
  5
8A
100
AcDbEntity
  8
Layer_0
  6
ByLayer
 62
    7
370
   -1
100
AcDbPolyline
 90
   40
 70
    1
 43
0
 10
489.80594
 20
480.06915
 10
489.80594
 20
480.03619
 10
489.80594
 20
480.00323
 10
489.80597
 20
479.97028
 10
489.80597
 20
479.93732
 10
489.80594
 20
479.90436
 10
489.80595
 20
479.87141
 10
489.80594
 20
479.83846
 10
489.80597
 20
479.8055
 10
489.80594
 20
479.77254
 10
489.80594
 20
479.73959
 10
489.80597
 20
479.70663
 10
489.80594
 20
479.67368
 10
491.7605
 20
480.64714
 10
493.17508
 20
480.64714
 42
-0.02088833000000005
 10
493.17508
 20
480.70672
 10
493.17508
 20
480.7365
 10
493.17508
 20
480.7663
 10
493.17508
 20
480.79608
 10
493.17508
 20
480.82587
 10
493.17508
 20
480.85565
 10
493.17508
 20
480.88544
 10
493.17508
 20
480.91523
 10
493.17508
 20
480.94502
 10
493.17508
 20
480.97481
 10
493.17508
 20
481.00459
 10
491.7605
 20
481.00459
 10
489.80594
 20
481.98566
 10
489.80594
 20
481.95207
 10
489.80597
 20
481.91849
 10
489.80594
 20
481.8849
 10
489.80594
 20
481.8513
 10
489.80597
 20
481.81772
 10
489.80594
 20
481.78413
 10
489.80594
 20
481.75053
 10
489.80594
 20
481.71695
 10
489.80594
 20
481.68336
 10
489.80597
 20
481.64977
 42
-0.04307448000000157
 10
489.80594
 20
481.58259
 10
491.35742
 20
480.82967
  0
LWPOLYLINE
  5
8B
100
AcDbEntity
  8
Layer_0
  6
ByLayer
 62
    7
370
   -1
100
AcDbPolyline
 90
   68
 70
    1
 43
0
 10
493.17508
 20
486.57922
 42
-0.001854762400000066
 10
493.17508
 20
486.64133
 10
493.17508
 20
486.67239
 42
-0.0207882739999995
 10
493.17508
 20
486.7345
 10
493.17507
 20
486.76556
 10
493.17507
 20
486.79661
 42
-0.01303244300000009
 10
493.17508
 20
486.85872
 10
493.17508
 20
486.88977
 42
-0.9186933999999977
 10
493.17508
 20
486.95188
 10
489.80594
 20
486.07728
 10
489.80594
 20
486.01581
 10
489.80594
 20
485.95433
 10
489.80594
 20
485.89285
 10
489.80597
 20
485.83138
 10
489.806
 20
485.76985
 10
489.80595
 20
485.70843
 10
489.80589
 20
485.64688
 10
489.80595
 20
485.58548
 10
489.80594
 20
485.524
 10
489.80594
 20
485.46252
 10
489.80594
 20
485.40105
 10
489.80597
 20
485.33957
 10
493.17508
 20
484.47258
 10
493.17508
 20
484.50363
 10
493.17508
 20
484.53468
 42
0.5126676800000611
 10
493.17508
 20
484.59679
 42
-0.009040219999999643
 10
493.17508
 20
484.65891
 10
493.17508
 20
484.68996
 10
493.17508
 20
484.72102
 10
493.17508
 20
484.75207
 10
493.17508
 20
484.78313
 10
493.17508
 20
484.81418
 10
493.17508
 20
484.84523
 10
493.10345
 20
484.86488
 10
493.03183
 20
484.88452
 10
492.96024
 20
484.90417
 10
492.88861
 20
484.92383
 10
492.8175
 20
484.9433
 10
492.74538
 20
484.96311
 10
492.67377
 20
484.98276
 10
492.60214
 20
485.00241
 10
492.53052
 20
485.02205
 10
492.45892
 20
485.0417
 10
492.3873
 20
485.06135
 10
492.31567
 20
485.08099
 10
492.31567
 20
485.1862
 10
492.31567
 20
485.2914
 10
492.31567
 20
485.39661
 10
492.31567
 20
485.50182
 10
492.31567
 20
485.60703
 10
492.31567
 20
485.71223
 10
492.31567
 20
485.81744
 10
492.31567
 20
485.92264
 10
492.31567
 20
486.02785
 10
492.31567
 20
486.13306
 10
492.31579
 20
486.23793
 10
492.31568
 20
486.34346
 10
492.38704
 20
486.36289
 10
492.45891
 20
486.38276
 10
492.5307
 20
486.4021
 10
492.60214
 20
486.42205
 10
492.67377
 20
486.4417
 10
492.74536
 20
486.46134
 10
492.81699
 20
486.48099
 10
492.88861
 20
486.50064
 10
492.96024
 20
486.52029
 10
493.03183
 20
486.53993
 10
493.10345
 20
486.55958
  0
LWPOLYLINE
  5
8C
100
AcDbEntity
  8
Layer_0
  6
ByLayer
 62
    7
370
   -1
100
AcDbPolyline
 90
   80
 70
    1
 43
0
 10
484.7789
 20
486.1001
 10
484.7789
 20
486.1546
 10
484.7789
 20
486.20911
 10
484.7789
 20
486.26361
 10
484.7789
 20
486.31812
 10
484.7789
 20
486.37262
 10
484.7789
 20
486.42712
 10
484.7789
 20
486.48163
 10
484.7789
 20
486.53613
 10
484.7789
 20
486.59064
 10
484.7789
 20
486.64514
 10
484.7789
 20
486.69965
 10
484.7789
 20
486.75415
 10
488.14801
 20
486.75415
 10
488.14801
 20
486.72499
 10
488.14801
 20
486.69584
 10
488.14801
 20
486.66669
 10
488.14801
 20
486.63753
 10
488.14801
 20
486.60838
 10
488.14801
 20
486.57923
 10
488.14801
 20
486.55008
 10
488.14801
 20
486.52092
 10
488.14801
 20
486.49177
 10
488.14801
 20
486.46262
 10
488.14801
 20
486.43346
 10
488.14801
 20
486.40431
 10
485.11353
 20
486.40431
 10
485.11353
 20
486.39796
 10
485.11353
 20
486.39163
 10
485.11353
 20
486.3853
 10
485.11353
 20
486.37895
 10
485.11353
 20
486.37262
 10
485.11353
 20
486.36628
 10
485.11353
 20
486.35994
 10
485.11353
 20
486.35361
 10
485.11353
 20
486.34727
 10
485.11353
 20
486.34093
 10
485.11353
 20
486.33459
 10
485.11353
 20
486.32825
 10
488.02634
 20
485.47647
 42
-0.08453826299999163
 10
488.02634
 20
485.39915
 10
488.02634
 20
485.36049
 10
488.02634
 20
485.32183
 10
488.02634
 20
485.28317
 10
488.02634
 20
485.24451
 10
488.02629
 20
485.20589
 10
488.02633
 20
485.16719
 10
488.02634
 20
485.12852
 10
488.02634
 20
485.08987
 10
488.02634
 20
485.05121
 10
488.02634
 20
485.01255
 10
485.1135300000001
 20
484.15315
 42
0.0003420222299999577
 10
485.11353
 20
484.13034
 42
2.053050799976993e-05
 10
485.11353
 20
484.1075300000002
 10
485.11353
 20
484.10182
 42
-0.0002545307300000989
 10
485.11353
 20
484.09041
 10
485.11353
 20
484.08472
 10
488.14801
 20
484.08471
 42
0.04622879600000198
 10
488.14801
 20
484.02513
 10
488.14801
 20
483.99535
 42
-0.1344909399999756
 10
488.14801
 20
483.93578
 42
-0.2180764699999725
 10
488.14801
 20
483.8762
 10
488.14803
 20
483.84643
 10
488.14801
 20
483.81663
 42
-0.02239556699999992
 10
488.14801
 20
483.75705
 10
488.14801
 20
483.72726
 10
484.7789
 20
483.72726
 10
484.7789
 20
483.78177
 10
484.7789
 20
483.83627
 10
484.7789
 20
483.89078
 10
484.7789
 20
483.94528
 10
484.7789
 20
483.99979
 10
484.7789
 20
484.05429
 10
484.7789
 20
484.1088
 10
484.7789
 20
484.1633
 10
484.7789
 20
484.2178
 10
484.7789
 20
484.27231
 10
484.7789
 20
484.32681
 10
484.7789
 20
484.38132
 10
487.66888
 20
485.24071
  0
LWPOLYLINE
  5
8D
100
AcDbEntity
  8
Layer_0
  6
ByLayer
 62
    7
370
   -1
100
AcDbPolyline
 90
   69
 70
    1
 43
0
 10
492.14836
 20
474.99645
 10
492.40624
 20
475.01296
 10
492.62714
 20
475.06288
 10
492.81185
 20
475.14685
 10
492.96117
 20
475.26549
 10
493.07592
 20
475.41942
 10
493.15689
 20
475.60927
 10
493.20489
 20
475.83566
 10
493.22071
 20
476.09921
 10
493.20489
 20
476.36026
 10
493.15689
 20
476.58476
 10
493.07592
 20
476.77326
 10
492.96118
 20
476.92628
 10
492.81185
 20
477.04437
 10
492.62714
 20
477.12806
 10
492.40624
 20
477.17788
 10
492.14836
 20
477.19437
 10
489.80594
 20
477.19437
 10
489.80597
 20
477.16331
 10
489.80594
 20
477.13226
 10
489.80597
 20
477.1012
 10
489.80597
 20
477.07014
 10
489.80595
 20
477.03908
 10
489.8059500000001
 20
477.00804
 42
0.002844828999999835
 10
489.8059700000001
 20
476.94593
 10
489.80593
 20
476.91487
 10
489.80595
 20
476.88382
 10
489.80597
 20
476.85277
 10
489.80594
 20
476.82172
 10
489.80595
 20
476.82108
 10
489.80595
 20
476.82044
 10
489.80594
 20
476.81981
 42
0.0007082164100000133
 10
489.80594
 20
476.81854
 10
489.80595
 20
476.81759
 10
489.80595
 20
476.81664
 10
489.80597
 20
476.81601
 10
489.80597
 20
476.81537
 10
489.80595
 20
476.81474
 10
489.80595
 20
476.8141
 10
492.17117
 20
476.8141
 10
492.35071
 20
476.80334
 10
492.50225
 20
476.77073
 10
492.62705
 20
476.71585
 10
492.72636
 20
476.63823
 10
492.80144
 20
476.53745
 10
492.85351
 20
476.41305
 10
492.88385
 20
476.26458
 10
492.89368
 20
476.09161
 10
492.88385
 20
475.91645
 10
492.85351
 20
475.76696
 10
492.80143
 20
475.64242
 10
492.72636
 20
475.54213
 10
492.62705
 20
475.46536
 10
492.50225
 20
475.41141
 10
492.35071
 20
475.37957
 10
492.17118
 20
475.36911
 10
489.80594
 20
475.36911
 10
489.80594
 20
475.33806
 10
489.80594
 20
475.307
 10
489.80594
 20
475.27595
 10
489.80594
 20
475.24489
 10
489.80594
 20
475.21384
 10
489.80594
 20
475.18279
 10
489.80594
 20
475.15173
 10
489.80594
 20
475.12067
 10
489.80597
 20
475.08961
 10
489.80594
 20
475.05856
 10
489.80596
 20
475.02751
 10
489.80595
 20
474.99645
  0
LWPOLYLINE
  5
8E
100
AcDbEntity
  8
Layer_0
  6
ByLayer
 62
    7
370
   -1
100
AcDbPolyline
 90
   82
 70
    1
 43
0
 10
489.80594
 20
473.6047
 42
0.02179126499999988
 10
489.80594
 20
473.71497
 42
0.002272119200000223
 10
489.80594
 20
473.82525
 42
0.006074220500000278
 10
489.80594
 20
473.93552
 10
489.80594
 20
473.99066
 10
489.80594
 20
474.04581
 10
489.80594
 20
474.10094
 10
489.80597
 20
474.15608
 10
489.80594
 20
474.21121
 10
489.80597
 20
474.26636
 10
493.17508
 20
474.26635
 10
493.17508
 20
474.2372
 10
493.17508
 20
474.20805
 10
493.17508
 20
474.17889
 10
493.17508
 20
474.14973
 10
493.17508
 20
474.12058
 10
493.17508
 20
474.09143
 10
493.17508
 20
474.06228
 10
493.17508
 20
474.03313
 10
493.17508
 20
474.00397
 10
493.17508
 20
473.97482
 10
493.17508
 20
473.94566
 10
493.17508
 20
473.91651
 10
490.14059
 20
473.91651
 10
490.14059
 20
473.91017
 10
490.14059
 20
473.90384
 10
490.14059
 20
473.89749
 10
490.14056
 20
473.89116
 10
490.14059
 20
473.88483
 10
490.14059
 20
473.87849
 10
490.14059
 20
473.87215
 10
490.14059
 20
473.86581
 10
490.14059
 20
473.85947
 10
490.14059
 20
473.85313
 10
490.14059
 20
473.8468
 10
490.14059
 20
473.84045
 10
493.05338
 20
472.98106
 10
493.05338
 20
472.94304
 10
493.05338
 20
472.90501
 10
493.05338
 20
472.86699
 10
493.05338
 20
472.82896
 10
493.05338
 20
472.79094
 10
493.05338
 20
472.75291
 10
493.05338
 20
472.71489
 10
493.05338
 20
472.67686
 10
493.05338
 20
472.63883
 10
493.05338
 20
472.60081
 10
493.0534
 20
472.56282
 10
493.05339
 20
472.52475
 10
490.14059
 20
471.65776
 10
490.14059
 20
471.65205
 42
0.0003106001099998304
 10
490.14059
 20
471.64064
 10
490.14059
 20
471.63495
 10
490.14059
 20
471.62924
 42
0.0001871205799996228
 10
490.14059
 20
471.61783
 10
490.14059
 20
471.61212
 42
0.0001459671199999862
 10
490.14059
 20
471.60071
 10
490.14059
 20
471.59502
 10
490.14059
 20
471.58931
 10
493.17508
 20
471.58931
 10
493.17508
 20
471.56015
 10
493.17508
 20
471.53101
 10
493.17508
 20
471.50185
 10
493.17508
 20
471.47269
 10
493.17508
 20
471.44354
 10
493.17508
 20
471.4144
 10
493.17508
 20
471.38524
 10
493.17508
 20
471.35608
 10
493.17508
 20
471.32693
 10
493.17508
 20
471.29778
 10
493.17508
 20
471.26862
 10
493.17508
 20
471.23947
 10
489.80597
 20
471.23947
 10
489.8059400000001
 20
471.29333
 42
0.1233839500000571
 10
489.8059700000002
 20
471.40108
 42
0.1227686800000213
 10
489.8059400000001
 20
471.50882
 10
489.80594
 20
471.5627
 42
0.1225620599999969
 10
489.80594
 20
471.67044
 10
489.80594
 20
471.7243
 42
-0.004764224099999999
 10
489.80597
 20
471.83205
 10
489.80594
 20
471.88591
 10
492.69595
 20
472.75291
  0
LWPOLYLINE
  5
8F
100
AcDbEntity
  8
Layer_0
  6
ByLayer
 62
    7
370
   -1
100
AcDbPolyline
 90
   76
 70
    1
 43
0
 10
486.44443
 20
479.1337
 10
484.7789
 20
478.22868
 10
484.7789
 20
478.26353
 10
484.7789
 20
478.2984
 10
484.7789
 20
478.33325
 10
484.7789
 20
478.36811
 10
484.7789
 20
478.40296
 10
484.7789
 20
478.43782
 10
484.7789
 20
478.47268
 10
484.7789
 20
478.50754
 10
484.7789
 20
478.5424
 10
484.7789
 20
478.57726
 10
484.7789
 20
478.61211
 10
484.7789
 20
478.64697
 10
486.31516
 20
479.46073
 10
486.31705
 20
479.49875
 10
486.31894
 20
479.53678
 10
486.32086
 20
479.57481
 10
486.32275
 20
479.61283
 10
486.32465
 20
479.65086
 10
486.32657
 20
479.68889
 10
486.32846
 20
479.72691
 10
486.33035
 20
479.76494
 10
486.33228
 20
479.80296
 10
486.33417
 20
479.84099
 10
486.33606
 20
479.87901
 10
486.33795
 20
479.91704
 10
484.7789
 20
479.91704
 10
484.7789
 20
479.94746
 10
484.7789
 20
479.97788
 10
484.7789
 20
480.0083
 10
484.7789
 20
480.03873
 10
484.7789
 20
480.06915
 10
484.7789
 20
480.09956
 10
484.7789
 20
480.12999
 10
484.7789
 20
480.16041
 10
484.7789
 20
480.19083
 10
484.7789
 20
480.22125
 42
-0.3020308600000619
 10
484.7789
 20
480.28209
 10
488.14801
 20
480.2821
 10
488.14801
 20
480.25167
 10
488.14801
 20
480.22125
 10
488.14801
 20
480.19083
 10
488.14801
 20
480.16041
 10
488.14801
 20
480.12999
 10
488.14801
 20
480.09956
 10
488.14801
 20
480.06915
 10
488.14801
 20
480.03873
 10
488.14801
 20
480.0083
 10
488.14801
 20
479.97788
 10
488.14801
 20
479.94746
 10
488.14801
 20
479.91704
 10
486.6649800000001
 20
479.91704
 42
0.1505216499999074
 10
486.66245
 20
479.83972
 10
486.66119
 20
479.80106
 10
486.65991
 20
479.76241
 10
486.65866
 20
479.72374
 42
-0.1178810300000164
 10
486.65613
 20
479.64642
 10
486.65485
 20
479.60776
 10
486.65356
 20
479.56911
 10
486.65231
 20
479.53044
 10
486.65105
 20
479.49177
 10
486.64978
 20
479.45312
 10
488.14801
 20
478.59373
 10
488.14801
 20
478.55888
 10
488.14801
 20
478.52402
 10
488.14799
 20
478.48914
 10
488.14801
 20
478.4543
 10
488.14801
 20
478.41944
 10
488.14801
 20
478.38459
 10
488.14799
 20
478.34969
 10
488.14801
 20
478.31487
 10
488.14801
 20
478.28001
 10
488.14799
 20
478.24519
 10
488.14801
 20
478.2103
 10
488.14801
 20
478.17545
  0
LWPOLYLINE
  5
90
100
AcDbEntity
  8
Layer_0
  6
ByLayer
 62
    7
370
   -1
100
AcDbPolyline
 90
   85
 70
    1
 43
0
 10
486.59656
 20
477.36168
 10
486.59656
 20
477.25838
 10
486.59656
 20
477.15508
 10
486.59656
 20
477.05177
 10
486.59656
 20
476.94846
 10
486.59656
 20
476.84516
 10
486.59656
 20
476.74186
 10
486.59656
 20
476.63855
 10
486.59656
 20
476.53525
 10
486.59656
 20
476.43195
 10
486.59656
 20
476.32864
 10
486.59656
 20
476.22533
 10
486.59653
 20
476.12203
 10
486.56927
 20
476.12203
 10
486.54205
 20
476.12203
 10
486.51477
 20
476.12202
 10
486.48755
 20
476.12203
 10
486.46027
 20
476.12202
 10
486.43304
 20
476.12203
 10
486.40576
 20
476.12202
 10
486.37854
 20
476.12203
 42
0.05330129999999762
 10
486.32404
 20
476.12202
 42
-0.01031620399999988
 10
486.26953
 20
476.12202
 10
486.26953
 20
476.22533
 10
486.26953
 20
476.32864
 10
486.26953
 20
476.43195
 10
486.26953
 20
476.53525
 10
486.26953
 20
476.63855
 42
0.0473527419999988
 10
486.26953
 20
476.84515
 10
486.26953
 20
476.94846
 10
486.26953
 20
477.05177
 10
486.26953
 20
477.15508
 10
486.26953
 20
477.25838
 10
486.26953
 20
477.36168
 10
486.1737
 20
477.36196
 10
486.07685
 20
477.36168
 10
485.98053
 20
477.36168
 10
485.88355
 20
477.36183
 10
485.78785
 20
477.36168
 10
485.69153
 20
477.36168
 10
485.59481
 20
477.36157
 10
485.4988499999997
 20
477.3616799999999
 42
-0.0001407342600000408
 10
485.3061799999997
 20
477.3616799999999
 10
485.20984
 20
477.36168
 10
485.11353
 20
477.36168
 10
485.11353
 20
475.84824
 10
485.08563
 20
475.84824
 10
485.05774
 20
475.84824
 10
485.02988
 20
475.84824
 10
485.00198
 20
475.84824
 10
484.97409
 20
475.84824
 10
484.9462
 20
475.84824
 10
484.91833
 20
475.84824
 10
484.89044
 20
475.84824
 10
484.86255
 20
475.84824
 10
484.83466
 20
475.84824
 10
484.80676
 20
475.84824
 10
484.7789
 20
475.84824
 10
484.7789
 20
477.72673
 10
488.14801
 20
477.72674
 10
488.14801
 20
475.84824
 10
488.12012
 20
475.84824
 10
488.09225
 20
475.84824
 10
488.06436
 20
475.84824
 10
488.03647
 20
475.84824
 10
488.00858
 20
475.84824
 10
487.98071
 20
475.84824
 10
487.95282
 20
475.84824
 10
487.92493
 20
475.84824
 10
487.89703
 20
475.84824
 10
487.86914
 20
475.84824
 10
487.84128
 20
475.84824
 10
487.81339
 20
475.84824
 10
487.81339
 20
477.36168
 10
487.71198
 20
477.36168
 10
487.61057
 20
477.36169
 10
487.50916
 20
477.36168
 10
487.40778
 20
477.36168
 10
487.30637
 20
477.36168
 10
487.20496
 20
477.36168
 10
487.10355
 20
477.36168
 10
487.00217
 20
477.36168
 10
486.90076
 20
477.36168
 10
486.79935
 20
477.36168
 10
486.69794
 20
477.36168
  0
LWPOLYLINE
  5
91
100
AcDbEntity
  8
Layer_0
  6
ByLayer
 62
    7
370
   -1
100
AcDbPolyline
 90
  110
 70
    1
 43
0
 10
485.06789
 20
470.66147
 10
485.07554
 20
470.81906
 10
485.09915
 20
470.95534
 10
485.13968
 20
471.07041
 10
485.19813
 20
471.16437
 10
485.27548
 20
471.23728
 10
485.3727
 20
471.28926
 10
485.49077
 20
471.32038
 10
485.63068
 20
471.33073
 10
485.76757
 20
471.32026
 10
485.8788
 20
471.28831
 10
485.96864
 20
471.23407
 10
486.04136
 20
471.15676
 10
486.10125
 20
471.05556
 10
486.15259
 20
470.92967
 10
486.19965
 20
470.7783
 10
486.2467
 20
470.60063
 10
486.30527
 20
470.38924
 10
486.37017
 20
470.20575
 10
486.4463
 20
470.05024
 10
486.53855
 20
469.92281
 10
486.65184
 20
469.82354
 10
486.79107
 20
469.75253
 10
486.96113
 20
469.70985
 10
487.16694
 20
469.69561
 10
487.40571
 20
469.71068
 10
487.6141
 20
469.75633
 10
487.79165
 20
469.83317
 10
487.93792
 20
469.94182
 10
488.05246
 20
470.08292
 10
488.13482
 20
470.25709
 10
488.18457
 20
470.46494
 10
488.20125
 20
470.7071
 10
488.18699
 20
471.01844
 10
488.15562
 20
471.33263
 10
488.13886
 20
471.46763
 10
488.12425
 20
471.57552
 10
488.11391
 20
471.64706
 10
488.10999
 20
471.67297
 10
488.08463
 20
471.67107
 10
488.0593
 20
471.66916
 10
488.03394
 20
471.66727
 10
488.00858
 20
471.66536
 10
487.98325
 20
471.66345
 10
487.95789
 20
471.66156
 10
487.93253
 20
471.65965
 10
487.90717
 20
471.65776
 10
487.88184
 20
471.65585
 10
487.85648
 20
471.65396
 10
487.83112
 20
471.65205
 10
487.80579
 20
471.65015
 10
487.80872
 20
471.62273
 10
487.81647
 20
471.54772
 10
487.82743
 20
471.43599
 10
487.84
 20
471.29841
 10
487.86353
 20
470.98921
 10
487.87422
 20
470.7071
 10
487.86356
 20
470.55552
 10
487.83168
 20
470.42559
 10
487.77877
 20
470.31687
 10
487.70501
 20
470.22892
 10
487.61057
 20
470.16129
 10
487.49563
 20
470.11354
 10
487.36037
 20
470.08521
 10
487.20496
 20
470.07587
 10
487.06431
 20
470.08656
 10
486.94817
 20
470.11865
 10
486.85323
 20
470.17212
 10
486.77622
 20
470.24699
 10
486.66273
 20
470.46088
 10
486.58133
 20
470.76034
 10
486.52184
 20
470.98056
 10
486.45478
 20
471.17316
 10
486.37613
 20
471.33759
 10
486.28188
 20
471.47333
 10
486.16802
 20
471.57983
 10
486.03055
 20
471.65657
 10
485.86545
 20
471.703
 10
485.66871
 20
471.7186
 10
485.44291
 20
471.7016
 10
485.24982
 20
471.6511
 10
485.08864
 20
471.5678
 10
484.95856
 20
471.45241
 10
484.85879
 20
471.30566
 10
484.78852
 20
471.12824
 10
484.74694
 20
470.92088
 10
484.73326
 20
470.68429
 10
484.74871
 20
470.38364
 10
484.7827
 20
470.09298
 10
484.80085
 20
469.97055
 10
484.81668
 20
469.87361
 10
484.82788
 20
469.80983
 10
484.83213
 20
469.78687
 10
484.85748
 20
469.78813
 10
484.88284
 20
469.7894
 10
484.90817
 20
469.79068
 10
484.93353
 20
469.79193
 10
484.95889
 20
469.79321
 10
484.98425
 20
469.79448
 10
485.00958
 20
469.79575
 10
485.03494
 20
469.79701
 10
485.06027
 20
469.79828
 10
485.08563
 20
469.79955
 10
485.11099
 20
469.80081
 10
485.13635
 20
469.80208
 10
485.1334
 20
469.82559
 10
485.12565
 20
469.89037
 10
485.11468
 20
469.98777
 10
485.10212
 20
470.10914
 10
485.07859
 20
470.38923
  0
LWPOLYLINE
  5
92
100
AcDbEntity
  8
Layer_0
  6
ByLayer
 62
    7
370
   -1
100
AcDbPolyline
 90
   70
 70
    1
 43
0
 10
486.78667
 20
473.70356
 10
486.67188
 20
473.48087
 10
486.48437
 20
473.30239
 10
486.35665
 20
473.23462
 10
486.20274
 20
473.18379
 10
486.01994
 20
473.15186
 10
485.8056
 20
473.14078
 10
485.55874
 20
473.1571
 10
485.34798
 20
473.20578
 10
485.17233
 20
473.28636
 10
485.03082
 20
473.3984
 10
484.92246
 20
473.54146
 10
484.84627
 20
473.71509
 10
484.80128
 20
473.91884
 10
484.7865
 20
474.15227
 10
484.78644
 20
474.24532
 10
484.7865
 20
474.33733
 10
484.7865
 20
474.42986
 10
484.7865
 20
474.5224
 10
484.7865
 20
474.61493
 42
-0.1871973800000089
 10
484.7865
 20
474.79999
 10
484.7865
 20
474.89252
 10
484.7865
 20
474.98505
 10
484.78631
 20
475.07771
 10
484.7865
 20
475.1701
 10
484.7865
 20
475.26263
 10
488.15561
 20
475.26263
 10
488.15561
 20
475.23158
 42
0.04840925700000197
 10
488.15561
 20
475.16947
 10
488.1556
 20
475.1384
 10
488.15562
 20
475.10736
 10
488.15561
 20
475.07631
 42
0.02353897699999912
 10
488.15561
 20
475.0142
 42
-0.3039175399998681
 10
488.15561
 20
474.95209
 42
0.1303166399999479
 10
488.1556100000001
 20
474.88998
 10
488.04788
 20
474.88998
 10
487.94012
 20
474.88998
 10
487.8324
 20
474.88998
 10
487.72467
 20
474.88998
 10
487.61691
 20
474.88998
 10
487.50919
 20
474.88998
 10
487.40143
 20
474.88998
 10
487.2937
 20
474.88998
 10
487.18594
 20
474.88998
 10
487.07822
 20
474.88998
 10
486.97046
 20
474.88998
 10
486.86273
 20
474.88998
 10
486.86273
 20
474.8209
 10
486.86273
 20
474.75182
 10
486.86273
 20
474.68274
 10
486.86273
 20
474.61366
 10
486.86273
 20
474.54458
 10
486.86273
 20
474.47549
 10
486.86273
 20
474.40642
 10
486.86263
 20
474.33727
 10
486.86273
 20
474.26825
 10
486.86273
 20
474.19917
 10
486.86273
 20
474.13009
 10
486.86273
 20
474.061
 10
488.14801
 20
473.4602
 10
488.14801
 20
473.42661
 10
488.14801
 20
473.39302
 42
-0.01512038199999971
 10
488.14801
 20
473.32584
 10
488.14801
 20
473.29225
 10
488.14799
 20
473.25861
 10
488.14801
 20
473.22507
 10
488.14801
 20
473.19147
 42
0.07430025500000344
 10
488.14801
 20
473.1243
 10
488.14801
 20
473.09071
 10
488.14801
 20
473.05712
  0
LWPOLYLINE
  5
93
100
AcDbEntity
  8
Layer_0
  6
ByLayer
 62
    7
370
   -1
100
AcDbPolyline
 90
   44
 70
    1
 43
0
 10
484.7713
 20
472.23576
 10
484.86383
 20
472.23639
 10
484.95636
 20
472.23702
 10
485.04889
 20
472.23766
 10
485.14142
 20
472.2383
 10
485.23395
 20
472.23892
 10
485.32648
 20
472.23956
 10
485.41901
 20
472.24019
 10
485.51154
 20
472.24082
 10
485.60406
 20
472.24146
 10
485.69659
 20
472.2421
 10
485.78912
 20
472.24272
 10
485.88165
 20
472.24336
 10
485.88165
 20
472.26997
 10
485.88165
 20
472.2966
 10
485.88165
 20
472.32321
 10
485.88165
 20
472.34984
 10
485.88165
 20
472.37645
 10
485.88165
 20
472.40307
 10
485.88165
 20
472.42969
 10
485.88165
 20
472.45631
 10
485.88165
 20
472.48293
 10
485.88165
 20
472.50954
 42
0.02758529299999854
 10
485.88165
 20
472.56277
 10
485.78912
 20
472.56404
 10
485.69659
 20
472.56532
 10
485.60406
 20
472.56658
 10
485.51154
 20
472.56785
 10
485.41901
 20
472.56911
 10
485.32648
 20
472.57039
 10
485.23395
 20
472.57166
 10
485.14142
 20
472.57292
 10
485.04889
 20
472.57419
 10
484.95636
 20
472.57545
 10
484.86383
 20
472.57672
 10
484.7713
 20
472.57799
 10
484.7713
 20
472.54947
 10
484.7713
 20
472.52095
 10
484.7713
 20
472.49243
 10
484.7713
 20
472.46391
 10
484.77127
 20
472.43537
 10
484.77129
 20
472.40687
 42
-0.1152540000000178
 10
484.7713
 20
472.34983
 42
0.04960870500000183
 10
484.7713000000001
 20
472.29279
 42
0.2403604199999099
  0
LWPOLYLINE
  5
94
100
AcDbEntity
  8
Layer_0
  6
ByLayer
 62
    7
370
   -1
100
AcDbPolyline
 90
   66
 70
    1
 43
0
 10
488.14801
 20
481.14148
 10
488.07639
 20
481.16113
 10
488.00479
 20
481.18077
 10
487.93317
 20
481.20042
 10
487.86154
 20
481.22008
 10
487.78992
 20
481.23972
 10
487.71832
 20
481.25936
 10
487.6467
 20
481.27901
 10
487.57507
 20
481.29866
 10
487.50348
 20
481.3183
 10
487.43185
 20
481.33795
 10
487.36023
 20
481.3576
 10
487.2886
 20
481.37724
 42
0.0002448129499997411
 10
487.2886
 20
481.6928599999999
 10
487.28832
 20
481.79895
 10
487.28862
 20
481.90327
 10
487.2886
 20
482.00848
 42
-0.01181416099999973
 10
487.28864
 20
482.21889
 10
487.28864
 20
482.3241
 10
487.28871
 20
482.42973
 10
487.28862
 20
482.53451
 10
487.2886
 20
482.63971
 10
487.36023
 20
482.65936
 10
487.43185
 20
482.67901
 10
487.50348
 20
482.69865
 10
487.57507
 20
482.7183
 10
487.6467
 20
482.73795
 10
487.71832
 20
482.7576
 10
487.78992
 20
482.77724
 10
487.86154
 20
482.79689
 10
487.93317
 20
482.81654
 10
488.00479
 20
482.83618
 10
488.07639
 20
482.85583
 10
488.14801
 20
482.87547
 10
488.14801
 20
482.90652
 10
488.14801
 20
482.93758
 10
488.14801
 20
482.96864
 10
488.14801
 20
482.99969
 10
488.14801
 20
483.03075
 10
488.14801
 20
483.0618
 42
0.4334344999999443
 10
488.14801
 20
483.12392
 42
0.004166305299999713
 10
488.14801
 20
483.18602
 42
0.4953254499998685
 10
488.14801
 20
483.24813
 10
484.7789
 20
482.37353
 10
484.7789
 20
482.31206
 10
484.7789
 20
482.25058
 10
484.7789
 20
482.1891
 42
0.04521904799999888
 10
484.7789
 20
482.06615
 42
0.05733326499999808
 10
484.7789
 20
481.94321
 10
484.7789
 20
481.88172
 10
484.7789
 20
481.82025
 10
484.7789
 20
481.75877
 10
484.7789
 20
481.6973
 10
484.7789
 20
481.63583
 10
488.14801
 20
480.76883
 10
488.14801
 20
480.79989
 10
488.14801
 20
480.83094
 10
488.14803
 20
480.86204
 10
488.14801
 20
480.89305
 10
488.14801
 20
480.9241
 10
488.14799
 20
480.95517
 10
488.14801
 20
480.98621
 10
488.14799
 20
481.01723
 10
488.14801
 20
481.04832
 10
488.14801
 20
481.07937
 10
488.14801
 20
481.11043
  0
LWPOLYLINE
  5
95
100
AcDbEntity
  8
Layer_0
  6
ByLayer
 62
    7
370
   -1
100
AcDbPolyline
 90
   84
 70
    1
 43
0
 10
483.68375
 20
468.97311
 10
483.69513
 20
468.97311
 42
0.1544538700001067
 10
483.71796
 20
468.97311
 10
483.72937
 20
468.97311
 42
-0.07669021200002589
 10
483.7522
 20
468.97311
 42
-0.2728708599997891
 10
483.77499
 20
468.97311
 10
483.78641
 20
468.97311
 42
-0.1005453099999879
 10
483.80923
 20
468.97311
 10
483.82062
 20
468.97311
 10
483.82064
 20
468.98832
 10
483.8206300000001
 20
469.00353
 42
0.1370123899999394
 10
483.82065
 20
469.03395
 42
-0.05451440699998321
 10
483.8206200000001
 20
469.06436
 42
0.09086397199999069
 10
483.82062
 20
469.09479
 42
-0.05876988699997666
 10
483.8206500000001
 20
469.12521
 42
-0.2572948400000318
 10
483.82062
 20
469.15564
 42
0.01724791100000017
 10
483.93344
 20
469.15564
 42
0.008361466400000024
 10
484.04626
 20
469.15564
 10
484.10266
 20
469.15564
 10
484.15906
 20
469.15564
 10
484.21548
 20
469.15564
 10
484.27188
 20
469.15564
 10
484.32828
 20
469.15564
 10
484.3847
 20
469.15564
 10
484.4411
 20
469.15564
 10
484.4975
 20
469.15564
 10
484.4975
 20
469.1683
 10
484.4975
 20
469.18098
 10
484.4975
 20
469.19366
 10
484.4975
 20
469.20633
 10
484.4975
 20
469.21901
 10
484.4975
 20
469.23169
 10
484.4975
 20
469.24435
 10
484.4975
 20
469.25703
 10
484.4975
 20
469.26971
 10
484.4975
 20
469.28238
 10
484.4975
 20
469.29506
 10
484.4975
 20
469.30774
 10
484.4411
 20
469.30774
 10
484.38467
 20
469.30774
 10
484.32828
 20
469.30774
 10
484.27188
 20
469.30774
 10
484.21548
 20
469.30774
 10
484.15906
 20
469.30774
 10
484.10266
 20
469.30774
 10
484.04626
 20
469.30774
 10
483.98984
 20
469.30774
 10
483.93344
 20
469.30774
 10
483.87704
 20
469.30774
 10
483.82062
 20
469.30774
 10
483.8206500000001
 20
469.32549
 42
0.1354347500001458
 10
483.8206200000001
 20
469.36098
 10
483.82062
 20
469.37872
 10
483.82062
 20
469.39646
 10
483.82063
 20
469.41421
 10
483.82062
 20
469.43195
 10
483.82062
 20
469.44971
 10
483.82062
 20
469.46744
 10
483.82062
 20
469.4852
 10
483.82062
 20
469.50293
 10
483.82062
 20
469.52069
 10
483.80923
 20
469.52069
 10
483.79782
 20
469.52069
 10
483.78641
 20
469.52069
 10
483.77499
 20
469.52069
 10
483.76361
 20
469.52069
 10
483.7522
 20
469.52069
 10
483.74078
 20
469.52069
 10
483.72937
 20
469.52069
 10
483.71796
 20
469.52069
 10
483.70654
 20
469.52069
 10
483.69513
 20
469.52069
 10
483.68375
 20
469.52069
 10
483.68375
 20
469.47505
 10
483.68375
 20
469.42941
 10
483.68375
 20
469.38379
 10
483.68375
 20
469.33817
 10
483.68375
 20
469.29253
 10
483.68375
 20
469.24689
 10
483.68375
 20
469.20126
 10
483.68375
 20
469.15564
 10
483.68375
 20
469.11
 10
483.68375
 20
469.06438
 10
483.68375
 20
469.01874
  0
LWPOLYLINE
  5
96
100
AcDbEntity
  8
Layer_0
  6
ByLayer
 62
    7
370
   -1
100
AcDbPolyline
 90
  145
 70
    1
 43
0
 10
484.45947
 20
468.56242
 10
484.45947
 20
468.55292
 10
484.45947
 20
468.54341
 42
2.674104499993525e-05
 10
484.45947
 20
468.5244
 10
484.45947
 20
468.51489
 10
484.45947
 20
468.50539
 10
484.45947
 20
468.49588
 10
484.45947
 20
468.48637
 42
2.6727311999966e-05
 10
484.45947
 20
468.46736
 10
484.45947
 20
468.45786
 10
484.45947
 20
468.44835
 10
484.41193
 20
468.43314
 10
484.36441
 20
468.41792
 10
484.31686
 20
468.40271
 10
484.26935
 20
468.38751
 10
484.2218
 20
468.3723
 10
484.17429
 20
468.35709
 10
484.12674
 20
468.34187
 10
484.07922
 20
468.32666
 10
484.03168
 20
468.31145
 10
483.98413
 20
468.29623
 10
483.93661
 20
468.28104
 10
483.88907
 20
468.26582
 42
0.001726577300000041
 10
483.99176
 20
468.26582
 10
484.04309
 20
468.26582
 10
484.09442
 20
468.26581
 10
484.14575
 20
468.26582
 10
484.19708
 20
468.26582
 10
484.24841
 20
468.26582
 10
484.29977
 20
468.26582
 10
484.3511
 20
468.26582
 10
484.40244
 20
468.26582
 10
484.45377
 20
468.26582
 10
484.5051
 20
468.26582
 10
484.5051
 20
468.25378
 10
484.5051
 20
468.24173
 42
-0.1989123900001104
 10
484.5051
 20
468.21765
 10
484.5051
 20
468.20561
 10
484.5051
 20
468.19357
 10
484.5051
 20
468.18152
 10
484.5051
 20
468.16949
 10
484.5051
 20
468.15744
 10
484.5051
 20
468.1454
 10
484.5051
 20
468.13336
 10
484.5051
 20
468.12132
 10
484.43665
 20
468.12132
 10
484.36823
 20
468.12132
 10
484.29957
 20
468.12126
 10
484.23132
 20
468.12132
 10
484.16287
 20
468.12132
 42
-0.01379926600000009
 10
484.02597
 20
468.12132
 10
483.9575199999999
 20
468.1213200000001
 42
-0.0005039921499997879
 10
483.82062
 20
468.1213200000001
 10
483.7522
 20
468.12132
 10
483.68375
 20
468.12132
 10
483.68375
 20
468.1378
 10
483.68375
 20
468.15427
 10
483.68375
 20
468.17076
 10
483.68375
 20
468.18723
 10
483.68375
 20
468.2037
 10
483.68375
 20
468.22018
 10
483.68375
 20
468.23666
 10
483.68375
 20
468.25314
 10
483.68375
 20
468.26962
 10
483.68375
 20
468.2861
 10
483.68375
 20
468.30258
 10
483.68375
 20
468.31906
 10
483.73126
 20
468.3349
 10
483.77881
 20
468.35074
 10
483.82632
 20
468.36659
 10
483.87387
 20
468.38243
 10
483.92139
 20
468.39828
 10
483.96893
 20
468.41412
 10
484.01648
 20
468.42996
 10
484.064
 20
468.44582
 10
484.11154
 20
468.46165
 10
484.15906
 20
468.47751
 10
484.2066
 20
468.49335
 10
484.25412
 20
468.50919
 10
484.2066
 20
468.5244
 10
484.15906
 20
468.53961
 10
484.11154
 20
468.55482
 10
484.064
 20
468.57004
 10
484.01648
 20
468.58524
 10
483.96893
 20
468.60045
 10
483.92139
 20
468.61566
 10
483.87387
 20
468.63087
 10
483.82632
 20
468.64609
 10
483.77881
 20
468.66129
 10
483.73126
 20
468.6765
 10
483.68375
 20
468.69171
 10
483.68375
 20
468.70819
 10
483.68375
 20
468.72467
 10
483.68375
 20
468.74115
 10
483.68375
 20
468.75763
 10
483.68375
 20
468.77411
 10
483.68375
 20
468.79059
 10
483.68375
 20
468.80707
 10
483.68375
 20
468.82353
 10
483.68375
 20
468.84001
 10
483.68375
 20
468.85649
 10
483.68375
 20
468.87297
 10
483.68375
 20
468.88945
 10
483.7522
 20
468.8888200000002
 42
0.0191729259999989
 10
483.88907
 20
468.8875400000002
 10
483.95752
 20
468.88692
 10
484.02597
 20
468.88628
 10
484.09442
 20
468.88565
 10
484.16287
 20
468.88501
 10
484.23132
 20
468.88438
 10
484.29977
 20
468.88374
 42
-0.03371057500000016
 10
484.43665
 20
468.88248
 10
484.5051
 20
468.88184
 10
484.5051
 20
468.86981
 10
484.5051
 20
468.85776
 10
484.5051
 20
468.84572
 10
484.5051
 20
468.83368
 10
484.5051
 20
468.82164
 10
484.5051
 20
468.8096
 10
484.5051
 20
468.79755
 10
484.5051
 20
468.78551
 10
484.5051
 20
468.77347
 42
0.1262341800000388
 10
484.5051
 20
468.74939
 10
484.5051
 20
468.73734
 10
484.45377
 20
468.73735
 42
-0.05394503199999936
 10
484.3511
 20
468.73734
 10
484.29977
 20
468.73735
 10
484.24841
 20
468.73735
 42
-0.04742295200000116
 10
484.14575
 20
468.73735
 10
484.09442
 20
468.73734
 10
484.043
 20
468.73729
 10
483.99175
 20
468.73734
 10
483.94043
 20
468.73734
 10
483.8891
 20
468.73735
 10
483.93661
 20
468.72276
 10
483.98413
 20
468.70819
 10
484.03168
 20
468.6936
 10
484.07922
 20
468.67905
 10
484.12674
 20
468.66446
 10
484.17429
 20
468.64989
 10
484.2218
 20
468.63531
 10
484.26935
 20
468.62073
 10
484.31686
 20
468.60616
 10
484.36441
 20
468.59158
 10
484.41193
 20
468.577
  0
LWPOLYLINE
  5
97
100
AcDbEntity
  8
Layer_0
  6
ByLayer
 62
    7
370
   -1
100
AcDbPolyline
 90
   27
 70
    1
 43
0
 10
495.47946
 20
507.00688
 10
483.00687
 20
499.01379
 10
482.8247
 20
498.86994
 10
482.69458
 20
498.71005
 10
482.61651
 20
498.53947
 10
482.59048
 20
498.36354
 10
482.61651
 20
498.18761
 10
482.69458
 20
498.01702
 10
482.8247
 20
497.85714
 10
483.00687
 20
497.71329
 10
495.47186
 20
489.70499
 10
495.67722
 20
489.59907
 10
495.86851
 20
489.54788
 10
496.04162
 20
489.5491
 10
496.19245
 20
489.60041
 10
496.31689
 20
489.69948
 10
496.41086
 20
489.84401
 10
496.47024
 20
490.03168
 10
496.49095
 20
490.26016
 10
496.49097
 20
506.45171
 10
496.47026
 20
506.68019
 10
496.41098
 20
506.86786
 10
496.31729
 20
507.01239
 10
496.1934
 20
507.11146
 10
496.04347
 20
507.16277
 10
495.87172
 20
507.16398
 10
495.68232
 20
507.1128
  0
LWPOLYLINE
  5
98
100
AcDbEntity
  8
Layer_0
  6
ByLayer
 62
    7
370
   -1
100
AcDbPolyline
 90
   25
 70
    1
 43
0
 10
491.98865
 20
485.15704
 10
490.14059
 20
485.63618
 10
490.14059
 20
485.64822
 10
490.14059
 20
485.66026
 10
490.14059
 20
485.6723
 42
0.01019870900000042
 10
490.14059
 20
485.69638
 10
490.14059
 20
485.70843
 10
490.14059
 20
485.72047
 10
490.14059
 20
485.73251
 10
490.14059
 20
485.74455
 10
490.14059
 20
485.75659
 10
490.14059
 20
485.76863
 10
490.14059
 20
485.78068
 10
491.98865
 20
486.26741
 10
491.98865
 20
486.17488
 10
491.98865
 20
486.08235
 10
491.98865
 20
485.98982
 10
491.98865
 20
485.89729
 10
491.98881
 20
485.80432
 10
491.98866
 20
485.71223
 10
491.98865
 20
485.6197
 10
491.98865
 20
485.52717
 10
491.98865
 20
485.43464
 10
491.98865
 20
485.34211
 10
491.98865
 20
485.24958
  0
LWPOLYLINE
  5
99
100
AcDbEntity
  8
Layer_0
  6
ByLayer
 62
    7
370
   -1
100
AcDbPolyline
 90
   39
 70
    1
 43
0
 10
485.10592
 20
474.88998
 10
485.10599
 20
474.82858
 10
485.10592
 20
474.76703
 10
485.10593
 20
474.70555
 42
-0.007457760199999627
 10
485.10593
 20
474.5826
 10
485.10593
 20
474.52113
 10
485.10589
 20
474.45978
 10
485.10592
 20
474.39817
 10
485.10593
 20
474.3367
 42
-0.02934935300000023
 10
485.10593
 20
474.21375
 10
485.10593
 20
474.15227
 10
485.11664
 20
474.00069
 10
485.14893
 20
473.87076
 10
485.20297
 20
473.76204
 10
485.27894
 20
473.67409
 10
485.377
 20
473.60646
 10
485.49735
 20
473.55871
 10
485.64016
 20
473.53038
 10
485.8056
 20
473.52104
 10
485.9789
 20
473.53038
 10
486.12823
 20
473.55871
 10
486.25385
 20
473.60646
 10
486.35603
 20
473.67409
 10
486.43504
 20
473.76204
 10
486.49114
 20
473.87076
 10
486.52461
 20
474.00069
 10
486.5357
 20
474.15227
 10
486.53571
 20
474.21375
 10
486.53571
 20
474.27522
 10
486.53571
 20
474.3367
 10
486.53571
 20
474.39818
 10
486.53571
 20
474.45966
 10
486.53571
 20
474.52113
 10
486.53571
 20
474.5826
 10
486.53571
 20
474.64407
 10
486.53571
 20
474.70555
 10
486.53571
 20
474.76703
 10
486.53571
 20
474.82851
 10
486.53571
 20
474.88998
  0
LWPOLYLINE
  5
9A
100
AcDbEntity
  8
Layer_0
  6
ByLayer
 62
    7
370
   -1
100
AcDbPolyline
 90
   24
 70
    1
 43
0
 10
486.96161
 20
481.45329
 10
485.11353
 20
481.93243
 42
0.08061042100002525
 10
485.11353
 20
481.95651
 10
485.11353
 20
481.96855
 10
485.11353
 20
481.98059
 10
485.11353
 20
481.99263
 10
485.11353
 20
482.00468
 10
485.11353
 20
482.01672
 10
485.11353
 20
482.02876
 10
485.11353
 20
482.0408
 10
485.11353
 20
482.05284
 10
485.11353
 20
482.06488
 10
485.11353
 20
482.07693
 10
486.96161
 20
482.56366
 10
486.96161
 20
482.47113
 10
486.96161
 20
482.3786
 10
486.96161
 20
482.28607
 10
486.96173
 20
482.19315
 10
486.96159
 20
482.10101
 10
486.96161
 20
482.00848
 10
486.9616100000001
 20
481.91595
 42
0.0008945235499999442
 10
486.9616100000001
 20
481.73089
 10
486.96161
 20
481.63836
 10
486.96161
 20
481.54583
  0
LWPOLYLINE
  5
9B
100
AcDbEntity
  8
Layer_0
  6
ByLayer
 62
    7
370
   -1
100
AcDbPolyline
 90
   75
 70
    1
 43
0
 10
490.66534
 20
500.18499
 10
491.2273
 20
499.54164
 10
491.76145
 20
498.93393
 10
491.98623
 20
498.68043
 10
492.16583
 20
498.48023
 10
492.2347
 20
498.40474
 10
492.2875
 20
498.34812
 10
492.32263
 20
498.31222
 10
492.33849
 20
498.29889
 10
492.4155
 20
498.28986
 10
492.54384
 20
498.26657
 10
492.68929
 20
498.21761
 10
492.81762
 20
498.13158
 42
-0.1989077600000077
 10
492.95453
 20
497.85018
 42
-0.06061479299999981
 10
492.9393
 20
497.75893
 10
492.91364
 20
497.64865
 10
492.89367
 20
497.60682
 10
492.87338
 20
497.62773
 10
492.85312
 20
497.64865
 10
492.83282
 20
497.66956
 10
492.81256
 20
497.69048
 10
492.79227
 20
497.71139
 10
492.772
 20
497.73231
 10
492.75171
 20
497.75322
 10
492.73145
 20
497.77413
 10
492.71115
 20
497.79504
 42
-0.02252993599999986
 10
492.6503
 20
497.85779
 42
0.3196382400000229
 10
492.3461
 20
497.65245
 10
492.36575
 20
497.6309
 10
492.38538
 20
497.60936
 10
492.40503
 20
497.58781
 10
492.42468
 20
497.56626
 10
492.44434
 20
497.54471
 10
492.46399
 20
497.52316
 10
492.48361
 20
497.50161
 10
492.50327
 20
497.48006
 10
492.52292
 20
497.45851
 10
492.54257
 20
497.43697
 10
492.56223
 20
497.41542
 10
492.58185
 20
497.39387
 10
492.58122
 20
497.38626
 10
492.58059
 20
497.37866
 42
0.1099430000000377
 10
492.57932
 20
497.36345
 10
492.5787
 20
497.35585
 10
492.57806
 20
497.34824
 10
492.57742
 20
497.34064
 42
-0.002283040299999697
 10
492.5748899999999
 20
497.31021
 10
492.57425
 20
497.30261
 10
492.53492
 20
497.29988
 10
492.425
 20
497.30356
 10
492.27373
 20
497.3486
 10
492.11034
 20
497.46992
 10
492.01824
 20
497.60884
 10
491.9782
 20
497.73706
 10
491.96809
 20
497.84959
 10
491.96584
 20
497.94145
 10
491.94231
 20
497.98812
 10
491.89598
 20
498.05813
 10
491.82899
 20
498.14915
 10
491.7435
 20
498.25885
 10
491.52561
 20
498.52499
 10
491.2595
 20
498.83792
 10
490.65144
 20
499.52964
 10
490.05692
 20
500.18499
 10
490.10769
 20
500.18501
 10
490.15833
 20
500.18499
 10
490.20901
 20
500.18499
 10
490.25974
 20
500.18499
 10
490.31042
 20
500.18499
 10
490.36115
 20
500.185
 10
490.41183
 20
500.18499
 10
490.46252
 20
500.185
 10
490.5132
 20
500.18498
 10
490.56394
 20
500.18499
 10
490.61465
 20
500.18499
  0
LWPOLYLINE
  5
9C
100
AcDbEntity
  8
Layer_0
  6
ByLayer
 62
    7
370
   -1
100
AcDbPolyline
 90
   63
 70
    1
 43
0
 10
488.59671
 20
500.49681
 42
-0.0001051625200000147
 10
488.65756
 20
500.50568
 10
488.68799
 20
500.51012
 42
-8.01917449999921e-05
 10
488.74881
 20
500.51898
 42
0.01049841599999984
 10
488.87051
 20
500.53673
 10
488.90094
 20
500.5411700000001
 42
-0.0001034354700000897
 10
488.96176
 20
500.5500400000001
 10
489.06824
 20
500.4892
 10
492.6351
 20
500.4891999999999
 42
7.389236100020662e-06
 10
492.6351
 20
500.5120200000004
 10
492.65696
 20
500.64986
 10
492.69594
 20
500.70215
 10
492.69656
 20
500.70215
 42
-0.03508804199990128
 10
492.69785
 20
500.70215
 10
492.69849
 20
500.70215
 10
492.6991
 20
500.70215
 10
492.69974
 20
500.70215
 42
-0.1622510800011012
 10
492.70163
 20
500.70215
 10
492.70227
 20
500.70215
 42
0.0008560859700001807
 10
492.70355
 20
500.70215
 42
-0.2925355800000419
 10
492.7415800000001
 20
500.6717300000001
 42
0.1703091799999691
 10
492.90887
 20
500.60328
 42
-0.06666423100000307
 10
493.02295
 20
500.6413
 10
493.99548
 20
500.70215
 10
494.9623
 20
500.76299
 10
495.07602
 20
500.75693
 10
495.21042
 20
500.71451
 10
495.32913
 20
500.63358
 10
495.3958
 20
500.51202
 42
-0.06220993500000095
 10
495.40341
 20
500.41315
 42
-0.08255926199997793
 10
495.3957799999999
 20
500.3371
 10
495.33139
 20
500.21423
 10
495.21707
 20
500.12985
 10
495.08565
 20
500.08256
 10
494.9699
 20
500.07091
 10
493.99643
 20
500.10514
 10
493.02296
 20
500.13936
 42
-0.1164562899999875
 10
492.90887
 20
500.16978
 42
0.1988969999999822
 10
492.74918
 20
500.09373
 42
-0.4387604200000412
 10
492.72635
 20
500.06331
 10
492.67978
 20
500.1156
 10
492.65031
 20
500.2534400000001
 42
8.129513299993709e-05
 10
492.6427
 20
500.3523099999999
 10
489.07584
 20
500.35231
 10
488.96176
 20
500.30667
 10
488.93134
 20
500.31111
 10
488.90092
 20
500.31554
 10
488.87051
 20
500.31998
 10
488.84009
 20
500.32442
 10
488.80964
 20
500.32887
 10
488.77924
 20
500.33329
 10
488.7488099999994
 20
500.3377300000002
 42
-1.402821399979365e-05
 10
488.6879900000004
 20
500.3466000000001
 10
488.65756
 20
500.35104
 42
-0.2102305400000037
 10
488.59671
 20
500.35991
 10
488.59671
 20
500.37132
 10
488.59671
 20
500.38273
 42
-0.0004131724500000626
 10
488.59671
 20
500.40555
 10
488.59672
 20
500.42265
 10
488.59672
 20
500.43977
 42
-0.0007125039899999075
 10
488.59671
 20
500.46259
 10
488.59671
 20
500.47399
 10
488.59671
 20
500.4854
  0
LWPOLYLINE
  5
9D
100
AcDbEntity
  8
Layer_0
  6
ByLayer
 62
    7
370
   -1
100
AcDbPolyline
 90
  117
 70
    1
 43
0
 10
489.82877
 20
501.18888
 10
489.82876
 20
501.18983
 10
489.82877
 20
501.19078
 10
489.82877
 20
501.19142
 10
489.82877
 20
501.19205
 10
489.82877
 20
501.19269
 10
489.82877
 20
501.19332
 10
489.82877
 20
501.19395
 10
489.82877
 20
501.1949
 10
489.82877
 20
501.19585
 10
489.8287700000001
 20
501.1964899999996
 42
-3.022622100000844e-05
 10
489.8439599999997
 20
501.3790099999996
 42
0.1754436999999632
 10
489.75272
 20
501.6528
 10
489.59158
 20
501.78399
 10
489.4447
 20
501.83533
 10
489.33775
 20
501.84103
 10
489.2963999999998
 20
501.83533
 42
-0.1002276399998287
 10
489.2944899999998
 20
501.8049
 42
0.000506805289999976
 10
489.29324
 20
501.78462
 10
489.2926
 20
501.77449
 10
489.2919600000001
 20
501.76434
 42
3.712912800009942e-05
 10
489.2906800000002
 20
501.7440599999999
 10
489.29007
 20
501.73392
 10
489.28943
 20
501.72379
 10
489.28879
 20
501.71365
 10
489.30716
 20
501.69273
 10
489.32556
 20
501.67181
 10
489.34393
 20
501.6509
 10
489.3623
 20
501.62999
 10
489.38068
 20
501.60908
 10
489.39908
 20
501.58816
 10
489.41745
 20
501.56725
 10
489.43582
 20
501.54633
 10
489.45422
 20
501.52541
 10
489.4726
 20
501.5045
 10
489.49097
 20
501.48359
 10
489.50934
 20
501.46268
 42
-3.241911800014865e-05
 10
489.5036299999999
 20
501.44936
 42
-0.1703105499999179
 10
489.4998499999999
 20
501.4404900000001
 10
489.49699
 20
501.43383
 10
489.49414
 20
501.42718
 10
489.49225
 20
501.42274
 10
489.49033
 20
501.4183
 10
489.48843
 20
501.41387
 10
489.48653
 20
501.40943
 42
0.0002449914500000141
 10
489.4751299999999
 20
501.39423
 10
489.47131
 20
501.38915
 10
489.46753
 20
501.38409
 10
489.46371
 20
501.37901
 10
489.4599000000001
 20
501.37395
 42
3.668913800006551e-05
 10
489.44849
 20
501.3587299999999
 10
489.4447
 20
501.35367
 10
489.44089
 20
501.34859
 42
-0.09903673199999428
 10
489.36484
 20
501.29536
 42
-0.1426976000000044
 10
489.19754
 20
501.28775
 10
489.17725
 20
501.30994
 10
489.15698
 20
501.33212
 42
-0.05314533300000634
 10
489.11639
 20
501.37648
 42
-0.03689870999999278
 10
489.0758400000001
 20
501.42085
 42
-0.03553356999999724
 10
489.03528
 20
501.46521
 10
489.01489
 20
501.48744
 10
488.99472
 20
501.50957
 42
0.02311954699999861
 10
488.95416
 20
501.5539400000001
 42
0.2661306600007102
 10
488.93896
 20
501.53112
 10
488.93704
 20
501.52541
 42
0.0005782829400000369
 10
488.93326
 20
501.51401
 10
488.93134
 20
501.5083
 42
-5.289871799978647e-05
 10
488.92755
 20
501.49689
 10
488.92563
 20
501.4912
 10
488.92374
 20
501.48549
 10
488.92184
 20
501.47978
 10
488.91995
 20
501.47408
 10
488.91803
 20
501.46838
 10
488.91614
 20
501.46268
 42
0.06577523499999936
 10
488.90094
 20
501.32578
 10
488.90094
 20
501.32324
 10
488.90094
 20
501.32071
 10
488.90094
 20
501.31818
 10
488.90094
 20
501.31564
 10
488.90094
 20
501.3131
 10
488.90094
 20
501.31056
 10
488.90094
 20
501.30803
 10
488.90094
 20
501.3055
 10
488.90094
 20
501.30296
 10
488.90094
 20
501.30043
 10
488.90094
 20
501.29789
 10
488.90094
 20
501.29536
 42
0.1836988999999964
 10
489.05304
 20
500.96072
 10
489.16437
 20
500.87481
 10
489.28214
 20
500.83239
 10
489.38992
 20
500.81421
 10
489.47132
 20
500.80102
 10
489.52646
 20
500.75824
 10
489.63864
 20
500.6413
 42
0.8807688400372795
 10
489.63864
 20
500.64005
 10
489.63864
 20
500.6394
 10
489.63864
 20
500.63877
 10
489.63863
 20
500.63814
 10
489.63864
 20
500.6375
 10
489.63864
 20
500.63687
 42
-0.3440383099960785
 10
489.63864
 20
500.6356
 10
489.63864
 20
500.63496
 42
0.04521230300010125
 10
489.63864
 20
500.63371
 10
489.6925
 20
500.6337
 10
489.74637
 20
500.6337
 10
489.80023
 20
500.6337
 10
489.85413
 20
500.6337
 10
489.90799
 20
500.6337
 42
0.001995171999999945
 10
490.01572
 20
500.6337100000002
 10
490.06961
 20
500.6337
 10
490.12347
 20
500.6337
 10
490.17734
 20
500.6337
 10
490.23105
 20
500.63374
 10
490.28508
 20
500.6337
 10
490.10148
 20
500.85307
 10
489.9571
 20
501.02537
 10
489.86263
 20
501.14064
  0
LWPOLYLINE
  5
9E
100
AcDbEntity
  8
Layer_0
  6
ByLayer
 62
    7
370
   -1
100
AcDbPolyline
 90
    8
 70
    1
 43
0
 10
493.95081
 20
496.19985
 42
0.2462750699999519
 10
493.91278
 20
496.2683000000001
 42
0.176032410000158
 10
493.87476
 20
496.2759
 10
491.04559
 20
496.2759
 42
0.4141841300000554
 10
490.96954
 20
496.19984
 42
0.4141945200000042
 10
491.04559
 20
496.12379
 10
493.8747599999999
 20
496.12379
 42
4.433410199995734e-05
 10
493.9127799999999
 20
496.13141
 42
0.2462738000001782
  0
LWPOLYLINE
  5
9F
100
AcDbEntity
  8
Layer_0
  6
ByLayer
 62
    7
370
   -1
100
AcDbPolyline
 90
   60
 70
    1
 43
0
 10
540.25
 20
512.03831
 42
0.2240967900000171
 10
540.29193
 20
511.87283
 42
0.2240904999999816
 10
540.44629
 20
511.79999
 10
540.75
 20
511.79999
 10
540.75
 20
508.99999
 10
537.95001
 20
508.99999
 10
537.95001
 20
504.59999
 10
540.75
 20
504.59999
 10
540.75
 20
501.79999
 10
539.25
 20
501.79999
 10
539.25
 20
485.79999
 10
536.45001
 20
485.79999
 10
536.45001
 20
482.99999
 10
539.25
 20
482.99999
 10
539.25
 20
480.19999
 10
538.94629
 20
480.19999
 42
0.2240941200000014
 10
538.79193
 20
480.1271400000001
 42
0.224099130000054
 10
538.7499999999999
 20
479.96168
 10
539.25
 20
477.39999
 10
542.04999
 20
477.39999
 10
542.04999
 20
491.39999
 42
-0.4142135600000397
 10
542.5
 20
491.84999
 42
-0.4142135600000395
 10
542.95001
 20
491.39999
 10
542.95001
 20
477.39999
 10
551.04999
 20
477.39999
 10
551.04999
 20
491.39999
 42
-0.4142135600000397
 10
551.5
 20
491.84999
 42
-0.4142135600000395
 10
551.95001
 20
491.39999
 10
551.95001
 20
477.39999
 10
554.75
 20
477.39999
 10
555.2500000000001
 20
479.96168
 42
0.2240991300000537
 10
555.20807
 20
480.1271400000001
 42
0.2240941200000046
 10
555.05371
 20
480.1999900000001
 10
554.75
 20
480.19999
 10
554.75
 20
482.99999
 10
557.54999
 20
482.99999
 10
557.54999
 20
485.79999
 10
554.75
 20
485.79999
 10
554.75
 20
501.79999
 10
553.25
 20
501.79999
 10
553.25
 20
504.59999
 10
556.04999
 20
504.59999
 10
556.04999
 20
508.99999
 10
553.25
 20
508.99999
 10
553.25
 20
511.79999
 10
553.55371
 20
511.79999
 42
0.2240908800000244
 10
553.70807
 20
511.87283
 42
0.2240968400000287
 10
553.7500000000001
 20
512.03831
 10
553.25
 20
514.59999
 10
550.45001
 20
514.59999
 10
550.45001
 20
496.40001
 42
-0.4142135600000026
 10
550
 20
495.95001
 42
-0.4142135600000026
 10
549.54999
 20
496.40001
 10
549.54999
 20
514.60001
 10
544.45001
 20
514.60001
 10
544.45001
 20
496.40001
 42
-0.4142135600000026
 10
544
 20
495.95001
 42
-0.4142135600000026
 10
543.54999
 20
496.40001
 10
543.54999
 20
514.59999
 10
540.75
 20
514.59999
  0
LWPOLYLINE
  5
A0
100
AcDbEntity
  8
Layer_0
  6
ByLayer
 62
    7
370
   -1
100
AcDbPolyline
 90
   60
 70
    1
 43
0
 10
540.25
 20
474.03831
 42
0.2240967900000171
 10
540.29193
 20
473.87283
 42
0.2240904999999816
 10
540.44629
 20
473.79999
 10
540.75
 20
473.79999
 10
540.75
 20
470.99998
 10
537.95001
 20
470.99998
 10
537.95001
 20
466.59999
 10
540.75
 20
466.59999
 10
540.75
 20
463.79999
 10
539.25
 20
463.79999
 10
539.25
 20
447.79999
 10
536.45001
 20
447.79999
 10
536.45001
 20
444.99998
 10
539.25
 20
444.99998
 10
539.25
 20
442.2
 10
538.94629
 20
442.2
 42
0.2240941200000046
 10
538.79193
 20
442.12715
 42
0.2240991300000021
 10
538.75
 20
441.96167
 10
539.25
 20
439.39999
 10
542.04999
 20
439.39999
 10
542.04999
 20
453.39999
 42
-0.4142135600000397
 10
542.5
 20
453.84999
 42
-0.4142135600000395
 10
542.95001
 20
453.39999
 10
542.95001
 20
439.39999
 10
551.04999
 20
439.39999
 10
551.04999
 20
453.39999
 42
-0.4142135600000397
 10
551.5
 20
453.84999
 42
-0.4142135600000395
 10
551.95001
 20
453.39999
 10
551.95001
 20
439.39999
 10
554.75
 20
439.39999
 10
555.25
 20
441.96167
 42
0.2240991300000024
 10
555.20807
 20
442.12715
 42
0.2240941200000046
 10
555.05371
 20
442.2
 10
554.75
 20
442.2
 10
554.75
 20
444.99998
 10
557.54999
 20
444.99998
 10
557.54999
 20
447.79999
 10
554.75
 20
447.79999
 10
554.75
 20
463.79999
 10
553.25
 20
463.79999
 10
553.25
 20
466.59999
 10
556.04999
 20
466.59999
 10
556.04999
 20
470.99998
 10
553.25
 20
470.99998
 10
553.25
 20
473.79999
 10
553.55371
 20
473.79999
 42
0.2240908800000244
 10
553.70807
 20
473.87283
 42
0.2240968400000287
 10
553.7500000000001
 20
474.03831
 10
553.25
 20
476.59999
 10
550.45001
 20
476.59999
 10
550.45001
 20
458.40001
 42
-0.4142135600000026
 10
550
 20
457.95001
 42
-0.4142135600000026
 10
549.54999
 20
458.40001
 10
549.54999
 20
476.60001
 10
544.45001
 20
476.60001
 10
544.45001
 20
458.40001
 42
-0.4142135600000026
 10
544
 20
457.95001
 42
-0.4142135600000026
 10
543.54999
 20
458.40001
 10
543.54999
 20
476.59999
 10
540.75
 20
476.59999
  0
LWPOLYLINE
  5
A1
100
AcDbEntity
  8
Layer_0
  6
ByLayer
 62
    7
370
   -1
100
AcDbPolyline
 90
   60
 70
    1
 43
0
 10
562.25
 20
474.03831
 42
0.2240967900000171
 10
562.29193
 20
473.87283
 42
0.2240904999999816
 10
562.44629
 20
473.79999
 10
562.75
 20
473.79999
 10
562.75
 20
470.99998
 10
559.95001
 20
470.99998
 10
559.95001
 20
466.59999
 10
562.75
 20
466.59999
 10
562.75
 20
463.79999
 10
561.25
 20
463.79999
 10
561.25
 20
447.79999
 10
558.45001
 20
447.79999
 10
558.45001
 20
444.99998
 10
561.25
 20
444.99998
 10
561.25
 20
442.2
 10
560.94629
 20
442.2
 42
0.2240941200000046
 10
560.79193
 20
442.12715
 42
0.2240991300000021
 10
560.75
 20
441.96167
 10
561.25
 20
439.39999
 10
564.04999
 20
439.39999
 10
564.04999
 20
453.39999
 42
-0.4142135600000397
 10
564.5
 20
453.84999
 42
-0.4142135600000395
 10
564.95001
 20
453.39999
 10
564.95001
 20
439.39999
 10
573.04999
 20
439.39999
 10
573.04999
 20
453.39999
 42
-0.4142135600000397
 10
573.5
 20
453.84999
 42
-0.4142135600000395
 10
573.95001
 20
453.39999
 10
573.95001
 20
439.39999
 10
576.75
 20
439.39999
 10
577.25
 20
441.96167
 42
0.2240991300000024
 10
577.20807
 20
442.12715
 42
0.2240941200000046
 10
577.05371
 20
442.2
 10
576.75
 20
442.2
 10
576.75
 20
444.99998
 10
579.54999
 20
444.99998
 10
579.54999
 20
447.79999
 10
576.75
 20
447.79999
 10
576.75
 20
463.79999
 10
575.25
 20
463.79999
 10
575.25
 20
466.59999
 10
578.04999
 20
466.59999
 10
578.04999
 20
470.99998
 10
575.25
 20
470.99998
 10
575.25
 20
473.79999
 10
575.55371
 20
473.79999
 42
0.2240908800000244
 10
575.70807
 20
473.87283
 42
0.2240968400000287
 10
575.7500000000001
 20
474.03831
 10
575.25
 20
476.59999
 10
572.45001
 20
476.59999
 10
572.45001
 20
458.40001
 42
-0.4142135600000026
 10
572
 20
457.95001
 42
-0.4142135600000026
 10
571.54999
 20
458.40001
 10
571.54999
 20
476.60001
 10
566.45001
 20
476.60001
 10
566.45001
 20
458.40001
 42
-0.4142135600000026
 10
566
 20
457.95001
 42
-0.4142135600000026
 10
565.54999
 20
458.40001
 10
565.54999
 20
476.59999
 10
562.75
 20
476.59999
  0
LWPOLYLINE
  5
A2
100
AcDbEntity
  8
Layer_0
  6
ByLayer
 62
    7
370
   -1
100
AcDbPolyline
 90
   60
 70
    1
 43
0
 10
573.0383
 20
434.75
 42
0.2240967900000039
 10
572.87283
 20
434.70807
 42
0.2240904999999888
 10
572.79999
 20
434.5537
 10
572.79999
 20
434.25
 10
570
 20
434.25
 10
570
 20
437.04999
 10
565.59998
 20
437.04999
 10
565.59998
 20
434.25
 10
562.79999
 20
434.25
 10
562.79999
 20
435.75
 10
546.79999
 20
435.75
 10
546.79999
 20
438.54999
 10
544
 20
438.54999
 10
544
 20
435.75
 10
541.19998
 20
435.75
 10
541.1999799999999
 20
436.0537
 42
0.2240941200000387
 10
541.1271400000001
 20
436.2080700000001
 42
0.2240991300001036
 10
540.96167
 20
436.2500000000001
 10
538.39999
 20
435.75
 10
538.39999
 20
432.95
 10
552.39999
 20
432.95
 42
-0.414213560000024
 10
552.8499799999998
 20
432.5
 42
-0.4142135599999392
 10
552.39999
 20
432.04999
 10
538.39999
 20
432.04999
 10
538.39999
 20
423.95
 10
552.39999
 20
423.95
 42
-0.414213560000024
 10
552.8499799999998
 20
423.5
 42
-0.4142135599999392
 10
552.39999
 20
423.04999
 10
538.39999
 20
423.04999
 10
538.39999
 20
420.25
 10
540.96167
 20
419.7500000000002
 42
0.2240991300000192
 10
541.1271400000001
 20
419.7919199999998
 42
0.2240941199999986
 10
541.1999799999999
 20
419.94629
 10
541.19998
 20
420.25
 10
544
 20
420.25
 10
544
 20
417.45
 10
546.79999
 20
417.45
 10
546.79999
 20
420.25
 10
562.79999
 20
420.25
 10
562.79999
 20
421.75
 10
565.59998
 20
421.75
 10
565.59998
 20
418.95
 10
570
 20
418.95
 10
570
 20
421.75
 10
572.79999
 20
421.75
 10
572.79999
 20
421.44629
 42
0.2240908799999645
 10
572.87283
 20
421.2919199999999
 42
0.2240968400000191
 10
573.0383
 20
421.25
 10
575.59998
 20
421.75
 10
575.59998
 20
424.54999
 10
557.39999
 20
424.54999
 42
-0.4142135599999869
 10
556.9500099999999
 20
425
 42
-0.4142135600000715
 10
557.39999
 20
425.45
 10
575.60001
 20
425.45
 10
575.60001
 20
430.54999
 10
557.39999
 20
430.54999
 42
-0.4142135599999869
 10
556.9500099999999
 20
431
 42
-0.4142135600000715
 10
557.39999
 20
431.45
 10
575.59998
 20
431.45
 10
575.59998
 20
434.25
  0
LWPOLYLINE
  5
A3
100
AcDbEntity
  8
Layer_0
  6
ByLayer
 62
    7
370
   -1
100
AcDbPolyline
 90
   62
 70
    0
 43
0
 10
578.04999
 20
507
 10
578.04999
 20
504.59999
 10
575.25
 20
504.59999
 10
575.25
 20
501.79999
 10
576.75
 20
501.79999
 10
576.75
 20
485.79999
 10
579.54999
 20
485.79999
 10
579.54999
 20
482.99999
 10
576.75
 20
482.99999
 10
576.75
 20
480.19999
 10
577.05371
 20
480.19999
 42
-0.224190030000002
 10
577.20807
 20
480.1271400000001
 42
-0.2240949400000664
 10
577.2500000000001
 20
479.96168
 10
576.75
 20
477.39999
 10
573.95001
 20
477.39999
 10
573.95001
 20
491.39999
 42
0.4142135600000395
 10
573.5
 20
491.84999
 42
0.4142135600000397
 10
573.04999
 20
491.39999
 10
573.04999
 20
477.39999
 10
564.95001
 20
477.39999
 10
564.95001
 20
491.39999
 42
0.4142135600000395
 10
564.5
 20
491.84999
 42
0.4142135600000397
 10
564.04999
 20
491.39999
 10
564.04999
 20
477.39999
 10
561.25
 20
477.39999
 10
560.7499999999999
 20
479.96168
 42
-0.2240949400000662
 10
560.79193
 20
480.1271400000001
 42
-0.2240865100000375
 10
560.94629
 20
480.19999
 10
561.25
 20
480.19999
 10
561.25
 20
482.99999
 10
558.45001
 20
482.99999
 10
558.45001
 20
485.79999
 10
561.25
 20
485.79999
 10
561.25
 20
501.79999
 10
562.75
 20
501.79999
 10
562.75
 20
504.59999
 10
559.95001
 20
504.59999
 10
559.95001
 20
508.99999
 10
562.75
 20
508.99999
 10
562.75
 20
511.79999
 10
562.44629
 20
511.79999
 42
-0.2240651900000001
 10
562.29193
 20
511.87283
 42
-0.2240672099999989
 10
562.25
 20
512.03831
 10
562.75
 20
514.59999
 10
565.54999
 20
514.59999
 10
565.54999
 20
496.40001
 42
0.4142135600000026
 10
566
 20
495.95001
 42
0.4142135600000026
 10
566.45001
 20
496.40001
 10
566.45001
 20
514.60001
 10
571.54999
 20
514.60001
 10
571.54999
 20
496.40001
 42
0.4142135600000026
 10
572
 20
495.95001
 42
0.4142135600000026
 10
572.45001
 20
496.40001
 10
572.45001
 20
514.59999
 10
575.25
 20
514.59999
 10
575.75
 20
512.03831
 42
-0.2240672099999992
 10
575.70807
 20
511.87283
 42
-0.2241687199999843
 10
575.55371
 20
511.79999
 10
575.25
 20
511.79999
 10
575.25
 20
508.99999
 10
578.04999
 20
508.99999
 10
578.04999
 20
507.16614
  0
LWPOLYLINE
  5
A4
100
AcDbEntity
  8
Layer_0
  6
ByLayer
 62
    7
370
   -1
100
AcDbPolyline
 90
    2
 70
    0
 43
0
 10
578.04999
 20
507
 10
578.04999
 20
507.16614
  0
ENDBLK
  5
52
330
50
100
AcDbEntity
  8
0
100
AcDbBlockEnd
  0
BLOCK
  5
54
330
53
100
AcDbEntity
  8
0
100
AcDbBlockBegin
  2
plate_bottom
 70
    0
 10
0
 20
0
  3
plate_bottom
  1

  0
LWPOLYLINE
  5
A5
100
AcDbEntity
  8
Layer_0
  6
ByLayer
 62
    7
370
   -1
100
AcDbPolyline
 90
  595
 70
    1
 43
0
 10
19.77218000000001
 20
33.19630999999998
 10
19.77218000000001
 20
33.19567999999998
 10
19.77218000000001
 20
33.19504999999998
 10
19.77218000000001
 20
33.19441
 10
19.77218000000001
 20
33.19378
 10
19.77218000000001
 20
33.19283000000001
 10
19.77218000000001
 20
33.19188000000003
 10
19.77218000000001
 20
33.19123999999999
 10
19.77218000000001
 20
33.19029
 10
19.77218000000001
 20
33.18934000000002
 10
19.77218
 20
33.18871000000001
 42
0.0005029690799996339
 10
19.77218000000001
 20
33.18680999999998
 10
19.77218000000001
 20
33.18617
 10
19.77218000000001
 20
33.18553000000003
 10
19.77218000000001
 20
33.18394999999998
 10
19.77218000000001
 20
33.18236999999999
 10
19.77218000000001
 20
33.18173000000002
 10
19.77218
 20
33.18110000000001
 42
0.0008360003799998621
 10
19.77217999999998
 20
33.17982999999998
 42
0.0004200707899998673
 10
19.77218000000001
 20
33.1773
 10
19.77218000000001
 20
33.17667
 10
19.77218000000001
 20
33.17570999999998
 10
19.77218000000001
 20
33.17475999999999
 10
19.77218000000001
 20
33.17412999999999
 10
19.77218000000001
 20
33.17349000000002
 10
19.77154000000003
 20
33.17286000000001
 10
19.7709
 20
33.17223000000001
 10
19.77029
 20
33.17158999999998
 10
19.76965000000003
 20
33.17095999999998
 10
19.76900999999999
 20
33.17032999999998
 10
19.76837000000002
 20
33.16969
 10
19.76776000000002
 20
33.16906
 10
19.76711999999999
 20
33.16843
 10
19.76648000000002
 20
33.16779000000002
 10
19.76584000000004
 20
33.16716000000002
 10
19.76520000000001
 20
33.16651999999999
 10
19.76459000000001
 20
33.16588999999999
 10
19.76395000000004
 20
33.16462999999999
 10
19.76330000000003
 20
33.16334999999998
 10
19.76266
 20
33.16208999999998
 10
19.76205
 20
33.16081000000003
 42
0.2843123500028089
 10
19.76076999999994
 20
33.15829000000002
 10
19.76013
 20
33.15702000000002
 42
0.3441465900002866
 10
19.7569600000001
 20
33.15068
 42
0.2841032099977414
 10
19.75696000000001
 20
33.14814999999999
 10
19.75696000000001
 20
33.14688000000001
 10
19.75697000000004
 20
33.14497999999998
 10
19.75697000000009
 20
33.14308
 42
0.000391235070000022
 10
19.75696000000006
 20
33.13927000000001
 10
19.75695999999998
 20
33.13801000000001
 42
-0.0005208338899999711
 10
19.75696000000005
 20
33.13547000000001
 42
-0.2102308200001457
 10
19.74365000000002
 20
33.09363999999999
 10
19.73923000000003
 20
33.0797
 10
19.73480000000002
 20
33.06574999999998
 10
19.73035
 20
33.05180999999999
 10
19.72592000000004
 20
33.03786000000002
 10
19.72150000000001
 20
33.02393000000001
 10
19.71704000000001
 20
33.00997999999998
 10
19.71261
 20
32.99605000000003
 10
19.70816000000003
 20
32.9821
 10
19.70373000000002
 20
32.96814999999998
 10
19.70373000000002
 20
32.96721000000002
 10
19.70373000000002
 20
32.96625999999998
 42
-0.001415615000000174
 10
19.70373000000002
 20
32.96309000000002
 10
19.70373000000002
 20
32.96244999999999
 10
19.70373000000004
 20
32.96181000000001
 42
0.0006775086199999171
 10
19.70373000000002
 20
32.96055999999999
 10
19.70373000000002
 20
32.95992000000001
 10
19.70373000000004
 20
32.95927999999998
 42
0.0002021003399999998
 10
19.70373000000002
 20
32.95612
 10
19.70373000000002
 20
32.95485000000002
 10
19.70373000000002
 20
32.95357999999999
 10
19.70373000000002
 20
32.95294000000001
 10
19.70309000000005
 20
32.95231000000001
 10
19.70245000000001
 20
32.95168000000001
 10
19.70184000000002
 20
32.95103999999998
 10
19.70120000000004
 20
32.95040999999998
 10
19.70056000000001
 20
32.94977999999998
 10
19.69992000000003
 20
32.94914
 10
19.69931000000004
 20
32.94851
 10
19.69867000000001
 20
32.94788
 10
19.69803000000003
 20
32.94724000000002
 10
19.69739
 20
32.94661000000002
 10
19.69678
 20
32.94598000000002
 10
19.69614000000003
 20
32.94533999999999
 10
19.69548999999997
 20
32.94407000000004
 42
0.0001583207000000651
 10
19.69420999999996
 20
32.94153999999997
 10
19.69328000000003
 20
32.93964
 10
19.69233000000004
 20
32.93774000000002
 10
19.69074000000002
 20
32.93457000000001
 10
19.68916000000003
 20
32.9314
 10
19.68854
 20
32.93013000000002
 10
19.68790000000003
 20
32.92885999999999
 10
19.68725000000002
 20
32.92759999999998
 10
19.68631000000001
 20
32.92570000000001
 10
19.68535000000004
 20
32.92379
 10
19.68472000000004
 20
32.92252000000002
 10
19.68346000000004
 20
32.91998999999998
 10
19.68219000000001
 20
32.91744999999997
 10
19.68155000000003
 20
32.91618
 10
19.68091
 20
32.91492
 10
19.6803
 20
32.91428000000002
 10
19.67966000000003
 20
32.91365000000002
 10
19.67901000000002
 20
32.91302000000002
 10
19.67837000000004
 20
32.91237999999998
 10
19.67775999999999
 20
32.91174999999998
 10
19.67712000000002
 20
32.91111999999998
 10
19.67648000000004
 20
32.91048000000001
 10
19.67584000000001
 20
32.90985000000001
 10
19.67523000000001
 20
32.90920999999997
 10
19.67459000000004
 20
32.90857999999997
 10
19.67395
 20
32.90794
 10
19.67331000000003
 20
32.90731
 10
19.67267
 20
32.90604999999999
 10
19.67206
 20
32.90478000000002
 10
19.67142000000003
 20
32.90350999999998
 10
19.67077999999999
 20
32.90224000000001
 10
19.67014000000002
 20
32.90096999999997
 10
19.66951000000001
 20
32.89971000000003
 42
0.00104004280000005
 10
19.66696000000003
 20
32.89463999999998
 10
19.66635000000004
 20
32.89337
 10
19.66571
 20
32.89211
 10
19.66507000000003
 20
32.89146
 10
19.66443
 20
32.89082999999999
 10
19.66382
 20
32.89019999999999
 10
19.66318000000003
 20
32.88956000000002
 10
19.66253999999999
 20
32.88893000000002
 10
19.66189000000004
 20
32.88830000000002
 10
19.66128000000005
 20
32.88765999999998
 10
19.66064000000001
 20
32.88702999999998
 10
19.66000000000004
 20
32.88639999999998
 10
19.65936000000001
 20
32.88576999999998
 10
19.65875000000001
 20
32.88513
 10
19.65811000000004
 20
32.8845
 10
19.65747
 20
32.88387
 10
19.65683000000003
 20
32.88321999999999
 10
19.65619
 20
32.88260000000002
 10
19.65558
 20
32.88195999999999
 10
19.65494000000002
 20
32.88132999999999
 10
19.65429999999999
 20
32.88069000000002
 10
19.65365000000004
 20
32.88006000000001
 10
19.65304000000005
 20
32.87943000000001
 10
19.65240000000001
 20
32.87878999999998
 10
19.65176000000004
 20
32.87815999999998
 10
19.65112000000001
 20
32.87752999999998
 10
19.65051000000001
 20
32.87689
 10
19.64987000000004
 20
32.87563
 10
19.64923
 20
32.87436000000002
 10
19.64859000000004
 20
32.87308999999998
 42
0.0001595213799999492
 10
19.64734
 20
32.87056000000001
 10
19.64670000000002
 20
32.86928999999998
 10
19.64605999999994
 20
32.86801000000004
 42
-0.1023853799996432
 10
19.64287999999994
 20
32.86169000000007
 10
19.64227000000001
 20
32.86041
 10
19.64162999999999
 20
32.85915000000002
 42
0.00137598040000009
 10
19.63970999999994
 20
32.85534999999999
 42
0.001037737899999982
 10
19.63718000000001
 20
32.85027000000002
 10
19.63656000000005
 20
32.84899999999999
 10
19.63592000000001
 20
32.84773000000001
 10
19.63528000000004
 20
32.84647000000001
 10
19.63464
 20
32.84584000000001
 10
19.63403000000001
 20
32.84521000000001
 10
19.63339000000003
 20
32.84456999999998
 10
19.63275
 20
32.84393999999998
 10
19.63211000000003
 20
32.84330999999997
 10
19.63146999999999
 20
32.84267
 10
19.63086
 20
32.84204
 10
19.63022000000002
 20
32.84140000000002
 10
19.62958000000005
 20
32.84077000000002
 10
19.62894000000001
 20
32.84012999999999
 10
19.62833000000002
 20
32.83949999999999
 10
19.62768000000001
 20
32.83886999999999
 10
19.62704000000004
 20
32.83823000000001
 10
19.6264
 20
32.83760000000001
 10
19.62579000000001
 20
32.83697000000001
 10
19.62515000000003
 20
32.83632999999998
 10
19.62451
 20
32.83569999999997
 10
19.62387000000003
 20
32.83506999999997
 10
19.62326000000003
 20
32.83443
 10
19.62262
 20
32.8338
 10
19.62198000000002
 20
32.83316000000002
 10
19.62134000000005
 20
32.83253000000002
 10
19.62070000000001
 20
32.83188999999999
 10
19.62009000000002
 20
32.83125999999999
 42
-0.08350635799988047
 10
19.62009000000002
 20
32.82999000000001
 10
19.62008000000004
 20
32.82936000000001
 10
19.62008000000004
 20
32.82873000000001
 10
19.62009000000002
 20
32.82808999999997
 10
19.62009
 20
32.82745
 42
0.0008407309699999582
 10
19.62009000000002
 20
32.82619
 10
19.62008000000004
 20
32.82492000000002
 10
19.62008000000004
 20
32.82366000000002
 10
19.61944000000001
 20
32.82301999999999
 10
19.61880000000004
 20
32.82238999999998
 10
19.61816
 20
32.82175000000001
 10
19.61755000000001
 20
32.82112000000001
 10
19.61691000000003
 20
32.82049000000001
 10
19.61627
 20
32.81984999999997
 10
19.61563000000002
 20
32.81921999999997
 10
19.61502000000003
 20
32.81858999999997
 10
19.61438
 20
32.81796000000003
 10
19.61374000000002
 20
32.81732
 10
19.61310000000005
 20
32.81668000000002
 10
19.61249000000003
 20
32.81606000000002
 42
-0.3439626300085372
 10
19.61246000000001
 20
32.81351000000001
 10
19.61248999999999
 20
32.81288000000001
 10
19.61247000000004
 20
32.81193000000002
 10
19.61247000000004
 20
32.81097999999997
 10
19.61248999999999
 20
32.81035000000003
 10
19.61248999999999
 20
32.80971
 10
19.61248999999999
 20
32.80907999999999
 10
19.61248999999999
 20
32.80844000000002
 10
19.61185000000002
 20
32.80781999999999
 10
19.61120000000001
 20
32.80716999999999
 10
19.61056000000004
 20
32.80653999999998
 10
19.60992
 20
32.80590999999998
 10
19.60931000000001
 20
32.80527000000001
 10
19.60867000000003
 20
32.80464000000001
 10
19.60803
 20
32.80401000000001
 10
19.60739000000002
 20
32.80338
 10
19.60678000000003
 20
32.80273999999997
 10
19.60614
 20
32.80211000000003
 10
19.60550000000002
 20
32.80148000000003
 10
19.60486000000004
 20
32.80083999999999
 10
19.60424999999999
 20
32.80020999999999
 10
19.60361000000002
 20
32.79957999999999
 10
19.60296000000001
 20
32.79892999999998
 10
19.60232000000003
 20
32.79831000000001
 10
19.60168
 20
32.79766999999998
 10
19.60107000000001
 20
32.79703999999998
 10
19.60043000000003
 20
32.79640000000001
 10
19.59979
 20
32.79577
 10
19.59915000000002
 20
32.79514
 10
19.59854000000003
 20
32.79450000000003
 10
19.5979
 20
32.79387000000003
 10
19.59726000000002
 20
32.79324000000003
 10
19.59600999999999
 20
32.79196999999999
 10
19.59473000000004
 20
32.79070000000002
 10
19.59344
 20
32.78942999999998
 10
19.59219000000003
 20
32.78816
 10
19.59091000000002
 20
32.7869
 10
19.58965999999999
 20
32.78563000000003
 10
19.58838000000004
 20
32.78435999999999
 10
19.58713000000002
 20
32.78309999999999
 10
19.58584000000003
 20
32.78183000000001
 10
19.58459000000001
 20
32.78055999999998
 10
19.58331
 20
32.77929999999998
 10
19.58206000000003
 20
32.77802000000003
 10
19.76743
 20
32.56983000000002
 10
19.87865000000001
 20
32.41298
 10
19.88119000000002
 20
32.41298
 10
19.88373000000003
 20
32.41296999999997
 10
19.88626000000001
 20
32.41296999999997
 10
19.88879000000004
 20
32.41298
 10
19.89133
 20
32.41296999999997
 10
19.89386000000003
 20
32.41296999999997
 10
19.89639000000001
 20
32.41296999999997
 10
19.89892000000005
 20
32.41296999999997
 10
19.90146
 20
32.41296999999997
 10
19.90399000000004
 20
32.41296999999997
 10
19.90655
 20
32.41296999999997
 10
19.90909000000001
 20
32.41296999999997
 42
-0.00065639581999995
 10
19.91858000000007
 20
32.42437999999996
 42
-0.0003323992200000281
 10
19.92810000000005
 20
32.43578999999998
 42
-0.0002263865599999992
 10
19.94393999999996
 20
32.45480000000003
 10
19.94711000000003
 20
32.45859999999998
 42
-0.004567072999999822
 10
19.95090000000001
 20
32.46368
 42
-0.0005171289999999427
 10
19.95853000000001
 20
32.47381999999999
 10
19.96042000000003
 20
32.47635000000001
 42
6.39303829999544e-05
 10
19.96611999999999
 20
32.48396000000001
 10
19.96802000000004
 20
32.48649
 10
19.96991000000004
 20
32.48903000000001
 10
19.97626000000004
 20
32.49599999999998
 10
19.98260000000001
 20
32.50297
 10
19.98892000000002
 20
32.50993999999997
 10
19.99527000000002
 20
32.51691
 10
20.00162000000002
 20
32.52388000000002
 10
20.00793
 20
32.53084999999999
 10
20.01428
 20
32.53782999999999
 10
20.02063
 20
32.54480000000001
 10
20.02695000000001
 20
32.55176999999998
 10
20.03329000000004
 20
32.55874
 10
20.03964000000003
 20
32.56571000000002
 10
20.04595999999999
 20
32.57269000000002
 10
20.04724
 20
32.57395000000002
 10
20.04849000000003
 20
32.57522
 10
20.04977000000004
 20
32.57648
 10
20.05102000000001
 20
32.57776000000001
 10
20.05230999999999
 20
32.57902999999999
 10
20.05359
 20
32.58028999999999
 10
20.05484000000003
 20
32.58156000000002
 10
20.05612000000004
 20
32.58282000000003
 10
20.05737000000001
 20
32.58409
 10
20.05865000000001
 20
32.58535999999998
 10
20.05990000000004
 20
32.58661999999998
 10
20.06119000000002
 20
32.58789000000002
 10
20.06244
 20
32.58915999999999
 10
20.06372
 20
32.59043000000003
 10
20.06497000000003
 20
32.5917
 10
20.06625000000004
 20
32.59296000000001
 10
20.06750000000001
 20
32.59422999999998
 10
20.06878999999999
 20
32.59550000000002
 10
20.07007
 20
32.59676999999999
 10
20.07132000000003
 20
32.59804000000003
 10
20.07260000000004
 20
32.59930000000003
 10
20.07385000000001
 20
32.60057
 10
20.07513000000002
 20
32.60183999999998
 10
20.07638000000004
 20
32.60309999999998
 10
20.07767000000003
 20
32.60437000000002
 10
20.07892
 20
32.60563999999999
 10
20.0802
 20
32.6069
 10
20.08145000000003
 20
32.60818
 10
20.08273000000004
 20
32.60944000000001
 10
20.08398000000001
 20
32.61070999999998
 10
20.08526000000002
 20
32.61198000000002
 10
20.08652000000002
 20
32.61324000000002
 10
20.08780000000003
 20
32.61452000000003
 10
20.08908000000004
 20
32.61577999999997
 10
20.09033000000001
 20
32.61705000000001
 10
20.09161000000002
 20
32.61831999999998
 10
20.09350000000002
 20
32.61957999999998
 10
20.0954
 20
32.62085000000002
 10
20.09732000000004
 20
32.62212
 42
-0.003804934200000028
 10
20.10110000000005
 20
32.62464999999997
 10
20.10303
 20
32.62592000000001
 10
20.10492
 20
32.62718000000002
 42
-0.00380739130000004
 10
20.10870000000001
 20
32.62972000000002
 10
20.11062000000002
 20
32.63098999999998
 42
-0.2361039999982584
 10
20.11441000000003
 20
32.63352999999995
 10
20.11694000000001
 20
32.63542000000001
 10
20.11951000000001
 20
32.63733000000002
 10
20.12201
 20
32.63923
 10
20.12457000000002
 20
32.64112999999997
 42
-0.005508543899999939
 10
20.13217000000004
 20
32.64684
 42
-0.0003398151100000194
 10
20.14484
 20
32.65634
 10
20.14737000000004
 20
32.65823999999998
 10
20.1499
 20
32.66014000000004
 42
-0.004529771300000515
 10
20.15497000000001
 20
32.66395000000006
 10
20.15753000000002
 20
32.66584999999998
 10
20.16006
 20
32.66775000000001
 42
0.03109866700000085
 10
20.17273000000002
 20
32.67725000000002
 10
20.17526
 20
32.67914999999998
 42
-0.03549159299999476
 10
20.18475000000001
 20
32.68486000000004
 42
-0.006883796400000443
 10
20.19427000000003
 20
32.69056999999998
 10
20.19745000000002
 20
32.69247000000001
 10
20.20061
 20
32.69436999999999
 10
20.20378000000001
 20
32.69627000000003
 10
20.20694000000006
 20
32.69816999999998
 42
-0.00558297129999937
 10
20.21329000000005
 20
32.70196999999997
 42
-5.739210100003968e-05
 10
20.22278000000002
 20
32.70767
 42
0.0001721766000000914
 10
20.23230000000003
 20
32.71337999999997
 42
-0.006977439899999643
 10
20.2418199999999
 20
32.71908999999991
 42
2.878853700023891e-05
 10
20.25130999999997
 20
32.72479
 10
20.25320000000001
 20
32.73048999999996
 42
0.0002609602299999968
 10
20.25702000000003
 20
32.74189999999998
 10
20.25891000000003
 20
32.74759999999998
 42
-0.007927059799999917
 10
20.26271999999999
 20
32.75901000000001
 42
0.0001949320399997789
 10
20.26654000000003
 20
32.77041999999998
 10
20.26843000000004
 20
32.77611999999998
 42
-0.0001461984899999755
 10
20.27413999999997
 20
32.79324000000001
 42
-0.000688476799999892
 10
20.25891000000003
 20
32.81097
 42
-0.000622617749999909
 10
20.25131
 20
32.81984999999997
 42
-0.0007386718100002803
 10
20.23989999999995
 20
32.83316
 42
0.1329709699997159
 10
20.23230000000002
 20
32.84202999999997
 10
20.22848000000002
 20
32.84647000000002
 42
-0.00058845738999987
 10
20.22088000000002
 20
32.85534999999997
 42
-0.0006786595399999459
 10
20.20947
 20
32.86864999999999
 42
-0.0004797646100002208
 10
20.20187
 20
32.87752999999998
 10
20.19808999999999
 20
32.88197000000002
 10
20.19427000000006
 20
32.8864
 42
0.000176261249999966
 10
20.18286000000002
 20
32.8997
 10
20.18097000000002
 20
32.90161000000001
 10
20.17908000000001
 20
32.90350999999998
 10
20.17715
 20
32.90541000000002
 10
20.17525999999999
 20
32.90731
 10
20.17336999999999
 20
32.90922
 10
20.17145000000001
 20
32.91111999999998
 10
20.16955000000003
 20
32.91302000000002
 10
20.16766000000003
 20
32.91492
 10
20.16574000000004
 20
32.91681999999997
 10
20.16385000000004
 20
32.91872000000001
 10
20.16196000000004
 20
32.92061999999999
 10
20.16003000000002
 20
32.92252000000002
 10
20.15814000000002
 20
32.92442
 10
20.15625000000001
 20
32.92631999999998
 10
20.15436000000001
 20
32.92822999999999
 10
20.15243
 20
32.93013000000002
 10
20.15053999999999
 20
32.93203
 10
20.14865000000005
 20
32.93392999999998
 10
20.14673000000001
 20
32.93583999999998
 10
20.14484
 20
32.93774000000002
 10
20.14294000000002
 20
32.93964
 10
20.14102000000004
 20
32.94153999999997
 10
20.13913000000004
 20
32.94344000000001
 10
20.13724000000003
 20
32.94533999999999
 10
20.13342000000002
 20
32.94914
 10
20.12964000000001
 20
32.95294000000001
 10
20.12582000000005
 20
32.95674000000002
 10
20.12204000000004
 20
32.96055000000001
 10
20.11822000000002
 20
32.96435000000002
 10
20.11441000000003
 20
32.96814999999998
 10
20.11062
 20
32.97196000000002
 10
20.10681000000001
 20
32.97575999999998
 10
20.10300000000002
 20
32.97957000000002
 10
20.09921000000004
 20
32.98336
 10
20.0954
 20
32.98716999999999
 10
20.09161000000002
 20
32.99097
 10
20.08780000000003
 20
32.99477000000002
 10
20.08398000000001
 20
32.99856999999997
 10
20.0802
 20
33.00238000000002
 10
20.07638000000004
 20
33.00617999999997
 10
20.07260000000004
 20
33.00999000000002
 10
20.06878999999999
 20
33.01378999999997
 10
20.06497000000003
 20
33.01758999999998
 10
20.06119000000002
 20
33.02139
 10
20.05737000000001
 20
33.02519000000001
 10
20.05359
 20
33.029
 10
20.04977000000004
 20
33.03280000000001
 10
20.04595999999999
 20
33.03661
 10
20.04217000000001
 20
33.04041000000001
 10
20.03836000000003
 20
33.04419999999999
 10
20.03458000000002
 20
33.04800999999998
 10
20.03076
 20
33.05180999999999
 10
20.02695000000001
 20
33.05561999999998
 10
20.02316000000003
 20
33.05941999999999
 10
20.01935000000005
 20
33.06322
 10
20.01553000000003
 20
33.06702000000001
 10
20.01175000000002
 20
33.07082000000003
 10
20.00793
 20
33.07461999999998
 10
20.00415
 20
33.07843000000003
 10
20.00033000000003
 20
33.08222999999998
 10
19.99652000000005
 20
33.08604000000003
 10
19.99274000000004
 20
33.08983999999998
 10
19.98892000000002
 20
33.09363999999999
 10
19.98514000000002
 20
33.09744000000001
 10
19.98132
 20
33.10124000000002
 10
19.97754000000005
 20
33.10505000000001
 10
19.97372000000003
 20
33.10885000000002
 10
19.96991000000004
 20
33.11266000000001
 10
19.96612
 20
33.11646000000002
 10
19.96231000000002
 20
33.12025999999997
 10
19.95849
 20
33.12405999999999
 10
19.95470999999999
 20
33.12786
 10
19.9509
 20
33.13166999999999
 10
19.94711000000002
 20
33.13547
 10
19.94330000000004
 20
33.13927000000001
 10
19.93948000000002
 20
33.14307000000002
 10
19.93570000000001
 20
33.14688000000001
 10
19.93187999999999
 20
33.15068000000002
 10
19.92810000000004
 20
33.15447999999998
 10
19.92428000000002
 20
33.15829000000002
 10
19.92047000000004
 20
33.16208999999998
 10
19.91669000000003
 20
33.16588999999999
 10
19.91287000000001
 20
33.16969
 10
19.90909000000001
 20
33.17349999999999
 10
19.90845000000003
 20
33.17412999999999
 10
19.90781
 20
33.17477000000002
 10
19.90716000000005
 20
33.17540000000002
 10
19.90655
 20
33.17603000000003
 10
19.90591000000002
 20
33.17667
 10
19.90527000000004
 20
33.1773
 10
19.90463000000001
 20
33.17793
 10
19.90399000000004
 20
33.17856999999998
 10
19.90338000000004
 20
33.17919999999998
 10
19.90274000000001
 20
33.17982999999998
 10
19.90210000000003
 20
33.18047000000001
 10
19.90146
 20
33.18110999999999
 10
19.90085000000001
 20
33.18173000000002
 10
19.90021000000003
 20
33.18236999999999
 10
19.89957
 20
33.18301000000002
 10
19.89892000000005
 20
33.18362999999999
 10
19.89831
 20
33.18427000000003
 10
19.89767000000002
 20
33.18490000000003
 10
19.89703000000004
 20
33.18554
 10
19.89639000000001
 20
33.18617
 10
19.89575000000004
 20
33.18680999999998
 10
19.89514000000004
 20
33.18743999999998
 10
19.89450000000001
 20
33.18806999999998
 10
19.89386000000003
 20
33.18871000000001
 10
19.89261
 20
33.18934999999999
 10
19.88943000000002
 20
33.19092999999998
 10
19.88626000000001
 20
33.19251000000003
 10
19.88498
 20
33.19315
 10
19.88373000000003
 20
33.19376999999997
 10
19.88244000000005
 20
33.19441
 10
19.88119000000002
 20
33.19504000000001
 10
19.87992000000004
 20
33.19567000000001
 10
19.87865000000002
 20
33.19631000000001
 42
0.0002401533000000186
 10
19.87358999999999
 20
33.19884000000002
 10
19.87231000000004
 20
33.19947999999999
 10
19.87106000000001
 20
33.20011
 10
19.86978
 20
33.20074
 42
0.0005977851000001557
 10
19.86725000000003
 20
33.20200999999998
 10
19.86597000000002
 20
33.20265000000001
 10
19.86471000000002
 20
33.20328000000001
 10
19.86346000000005
 20
33.20391999999998
 10
19.86218000000004
 20
33.20454999999998
 10
19.86091
 20
33.20519000000002
 10
19.85965
 20
33.20582000000002
 10
19.85836999999999
 20
33.20645000000002
 10
19.85710999999999
 20
33.20708999999999
 10
19.85584000000001
 20
33.20771999999999
 10
19.85458000000001
 20
33.20835
 10
19.8533
 20
33.20898
 10
19.85205000000003
 20
33.20961999999997
 10
19.85077000000003
 20
33.21024999999997
 10
19.84949999999999
 20
33.21089000000001
 10
19.84823000000002
 20
33.21152000000001
 10
19.84695000000001
 20
33.21152000000001
 10
19.84506
 20
33.21152000000001
 10
19.84316000000003
 20
33.21152000000001
 10
19.84188999999999
 20
33.21152000000001
 10
19.84064000000002
 20
33.21152000000001
 42
-0.0002601345699999764
 10
19.83682
 20
33.21152000000001
 10
19.83557000000003
 20
33.21152000000001
 10
19.83429000000002
 20
33.21152000000001
 10
19.83302000000005
 20
33.21151999999999
 42
0.02767630399995957
 10
19.83111000000004
 20
33.21152000000001
 10
19.83047000000001
 20
33.21152000000001
 10
19.82954000000002
 20
33.21152000000001
 10
19.82859000000003
 20
33.21152000000001
 10
19.82794000000003
 20
33.21152000000001
 10
19.82733000000003
 20
33.21152000000001
 10
19.82669
 20
33.21152000000001
 10
19.82605000000002
 20
33.21152000000001
 10
19.82541000000005
 20
33.21152000000001
 42
-0.2355972300007504
 10
19.82416000000002
 20
33.21152
 10
19.82352000000004
 20
33.21152000000001
 10
19.82287000000004
 20
33.21151999999999
 42
-0.0006551190400001912
 10
19.82162000000001
 20
33.21152000000001
 10
19.82035000000003
 20
33.21152000000001
 10
19.81908
 20
33.21152000000001
 10
19.81845
 20
33.21152000000001
 10
19.81781000000002
 20
33.21152000000001
 42
-0.0009466729799998837
 10
19.81656
 20
33.21152000000001
 10
19.81592000000002
 20
33.21152000000001
 10
19.81528000000004
 20
33.21152000000001
 10
19.81463000000004
 20
33.21152000000001
 10
19.81401000000001
 20
33.21152000000001
 10
19.81338000000001
 20
33.21151999999998
 42
-0.0002768465700001356
 10
19.81021
 20
33.21152000000001
 10
19.80957000000002
 20
33.21152000000001
 10
19.80893000000005
 20
33.21152000000001
 10
19.80799000000003
 20
33.21152000000001
 10
19.80704000000004
 20
33.21152000000001
 10
19.80640000000001
 20
33.21152000000001
 10
19.80575
 20
33.21151999999999
 42
-0.000953240420000155
 10
19.80450000000003
 20
33.21152000000001
 10
19.80386
 20
33.21152000000004
 42
0.000953234970000081
 10
19.80261000000003
 20
33.21152000000001
 10
19.80197
 20
33.21152000000001
 10
19.80133000000002
 20
33.21152000000001
 10
19.80069000000005
 20
33.21152
 42
0.0008336480800000396
 10
19.79755000000002
 20
33.21152000000001
 10
19.79690000000001
 20
33.21152000000001
 42
0.2279168299996664
 10
19.79501
 20
33.21152000000001
 10
19.79437000000003
 20
33.21089000000001
 10
19.79373
 20
33.21024999999997
 10
19.79309000000002
 20
33.20963
 10
19.79248000000003
 20
33.20898
 10
19.79183999999999
 20
33.20835
 10
19.79120000000002
 20
33.20771999999999
 10
19.79056000000004
 20
33.20708000000002
 10
19.78992000000001
 20
33.20645000000002
 10
19.78931000000001
 20
33.20582000000002
 10
19.78866000000001
 20
33.20517999999998
 10
19.78802000000003
 20
33.20454999999998
 10
19.78738
 20
33.20391999999998
 10
19.78677000000001
 20
33.20392
 42
0.08457984000057144
 10
19.78549
 20
33.20391999999998
 10
19.78485000000002
 20
33.20391999999998
 42
0.1622482199996642
 10
19.78296000000002
 20
33.20391999999998
 10
19.78232000000004
 20
33.20391999999998
 10
19.78168000000001
 20
33.20391999999998
 10
19.78107000000001
 20
33.20391999999998
 10
19.78042000000001
 20
33.20391000000001
 10
19.77978000000003
 20
33.20391999999998
 10
19.77913999999999
 20
33.20391999999998
 42
0.236038210002233
 10
19.77789000000003
 20
33.20391999999998
 10
19.77724999999998
 20
33.20391999999996
 42
0.3169555999924792
 10
19.77535999999999
 20
33.20391999999998
 10
19.77472000000002
 20
33.20391999999998
 10
19.77408000000004
 20
33.20392000000001
 42
-0.0006767543900000323
 10
19.77283000000001
 20
33.20391999999998
 10
19.77218000000001
 20
33.20391999999998
 10
19.77218000000001
 20
33.20328000000001
 10
19.77217999999999
 20
33.20265000000001
 42
0.0008415173999995827
 10
19.77218000000001
 20
33.20139
 10
19.77218000000001
 20
33.20074
 10
19.77218000000001
 20
33.20011
 10
19.77218000000001
 20
33.19949000000003
 10
19.77218000000001
 20
33.19884000000002
 10
19.77218000000001
 20
33.19821000000002
 10
19.77218000000001
 20
33.19758999999999
 10
19.77218000000001
 20
33.19695000000002
  0
LWPOLYLINE
  5
A6
100
AcDbEntity
  8
Layer_0
  6
ByLayer
 62
    7
370
   -1
100
AcDbPolyline
 90
 2037
 70
    1
 43
0
 10
16.36502000000003
 20
29.46974999999998
 10
16.36441000000003
 20
29.47037999999998
 10
16.36377
 20
29.47102000000001
 10
16.36313000000003
 20
29.47165000000001
 10
16.36248999999999
 20
29.47228000000001
 10
16.36188
 20
29.47291999999999
 10
16.36124000000002
 20
29.47354000000001
 10
16.36059000000002
 20
29.47417999999999
 10
16.35998000000002
 20
29.47480999999999
 10
16.35934000000005
 20
29.47545000000002
 10
16.35870000000001
 20
29.47608000000002
 10
16.35806000000004
 20
29.47672
 10
16.35742
 20
29.47735
 10
16.35681000000001
 20
29.47798
 10
16.35617000000003
 20
29.47861
 10
16.35553
 20
29.47924999999998
 10
16.35489000000003
 20
29.47989000000001
 10
16.35424999999999
 20
29.48052000000001
 10
16.35364
 20
29.48115999999999
 10
16.35300000000002
 20
29.48178999999999
 10
16.35235000000002
 20
29.48241999999999
 10
16.35171000000004
 20
29.48306000000002
 10
16.35110000000005
 20
29.48369000000002
 10
16.35046000000001
 20
29.48433
 10
16.34982000000004
 20
29.48495000000003
 10
16.34982000000004
 20
29.48559999999998
 10
16.34983000000001
 20
29.48685999999998
 10
16.34982999999998
 20
29.48813000000001
 42
-0.0007983781200000016
 10
16.34982000000004
 20
29.48939999999999
 10
16.34982000000004
 20
29.49002999999999
 10
16.34983000000001
 20
29.49130000000002
 10
16.34983000000001
 20
29.49256000000003
 10
16.34918
 20
29.49319000000003
 10
16.34857000000001
 20
29.49383999999998
 10
16.34793000000003
 20
29.49446
 10
16.34729
 20
29.49509999999998
 10
16.34668000000001
 20
29.49572999999998
 10
16.34604000000003
 20
29.49637000000001
 10
16.3454
 20
29.49698999999998
 10
16.34476000000002
 20
29.49763000000002
 10
16.34411000000001
 20
29.49826000000002
 10
16.34350000000002
 20
29.49889999999999
 10
16.34286000000004
 20
29.49952999999999
 10
16.34222000000001
 20
29.50017000000003
 10
16.34094
 20
29.50080000000003
 10
16.33969000000004
 20
29.50143000000003
 42
0.0003805145299999634
 10
16.33462000000004
 20
29.50396999999998
 10
16.33334000000004
 20
29.50461000000001
 10
16.33208999999998
 20
29.50522999999995
 42
0.06131139799975661
 10
16.32956000000003
 20
29.50650999999993
 10
16.32828000000002
 20
29.50713999999999
 10
16.32702999999999
 20
29.50776999999999
 10
16.32638000000004
 20
29.50841000000003
 10
16.32574000000001
 20
29.50903
 10
16.32510000000003
 20
29.50967000000003
 10
16.32446
 20
29.51031
 10
16.32385000000001
 20
29.51094000000001
 10
16.32321000000003
 20
29.51157000000001
 10
16.32257
 20
29.51220999999998
 10
16.32193000000002
 20
29.51283999999998
 10
16.32132000000003
 20
29.51346999999998
 10
16.32068
 20
29.51411000000002
 10
16.32004000000002
 20
29.51474000000002
 10
16.31940000000004
 20
29.51537999999999
 10
16.31940000000004
 20
29.51695999999998
 10
16.31940000000004
 20
29.51855
 10
16.31941000000002
 20
29.52012999999999
 10
16.31941000000002
 20
29.52170999999998
 10
16.31940000000004
 20
29.52235000000002
 10
16.31940000000004
 20
29.52298000000002
 42
-0.2840302700027506
 10
16.31750000000001
 20
29.52298000000002
 10
16.31686000000003
 20
29.52298000000001
 42
0.0009310371499999524
 10
16.31561000000001
 20
29.52298000000002
 10
16.31497000000003
 20
29.52298000000002
 10
16.31433
 20
29.52299
 42
0.1084649700003938
 10
16.31244
 20
29.52298000000002
 10
16.31180000000002
 20
29.52298000000002
 10
16.31116000000004
 20
29.52361000000002
 10
16.31054999999999
 20
29.52424999999999
 10
16.30990000000004
 20
29.52489000000003
 10
16.30926000000001
 20
29.52551999999997
 10
16.30862000000003
 20
29.52614999999997
 10
16.30798
 20
29.52679000000001
 10
16.30737000000001
 20
29.52742000000001
 10
16.30673000000003
 20
29.52805000000001
 10
16.30609
 20
29.52868999999998
 10
16.30545000000002
 20
29.52933000000002
 10
16.30484000000003
 20
29.52994999999999
 10
16.3042
 20
29.53059000000003
 42
0.0004749836300000366
 10
16.29913000000001
 20
29.53313000000003
 10
16.29785
 20
29.53375999999997
 10
16.29660000000003
 20
29.53438999999997
 10
16.29532000000002
 20
29.53503000000001
 10
16.29407000000005
 20
29.53566000000001
 10
16.29278000000001
 20
29.53629000000001
 10
16.2915
 20
29.53692999999998
 10
16.29025000000003
 20
29.53757000000002
 10
16.289
 20
29.53818999999999
 10
16.28836000000003
 20
29.53883000000002
 10
16.28771999999999
 20
29.53946000000002
 10
16.28708000000002
 20
29.5401
 10
16.28644000000004
 20
29.54073
 10
16.28583000000005
 20
29.54136
 10
16.28519000000001
 20
29.54199999999997
 10
16.28454000000001
 20
29.54262999999997
 10
16.28390000000003
 20
29.54327000000001
 10
16.28329000000004
 20
29.54388999999998
 10
16.28265
 20
29.54453000000001
 10
16.28201000000003
 20
29.54516999999998
 10
16.28137
 20
29.54579999999999
 10
16.28012000000003
 20
29.54642999999999
 10
16.27884
 20
29.54706999999999
 42
0.0003245122699999019
 10
16.27252
 20
29.55022999999995
 42
0.0002038597000001208
 10
16.26617
 20
29.55340000000001
 10
16.26553000000003
 20
29.55340999999999
 10
16.26488999999998
 20
29.55340999999997
 42
0.3442077799951706
 10
16.26236000000002
 20
29.55340999999999
 10
16.26173000000001
 20
29.55340000000001
 10
16.26110000000001
 20
29.55340000000001
 10
16.26047000000001
 20
29.55340999999999
 10
16.25983000000004
 20
29.55341
 42
0.0009362726199999613
 10
16.25857000000001
 20
29.55340999999995
 42
0.0004733826000001815
 10
16.25351000000001
 20
29.55593999999994
 42
0.0006864491200000386
 10
16.24969
 20
29.55784999999997
 10
16.24840999999999
 20
29.55847
 10
16.24716000000002
 20
29.5591
 10
16.24525000000001
 20
29.56006000000002
 10
16.24335000000004
 20
29.56101000000001
 10
16.24209000000003
 20
29.56164999999998
 42
0.0007637412099999795
 10
16.23956
 20
29.56290999999999
 10
16.23828000000005
 20
29.56355000000002
 10
16.23703000000002
 20
29.56418000000002
 10
16.23575
 20
29.56481000000001
 42
-0.000669769289999955
 10
16.23321
 20
29.56608
 10
16.23192999999999
 20
29.56671
 10
16.23068000000002
 20
29.56734
 10
16.22942999999999
 20
29.56797999999998
 10
16.22815000000006
 20
29.56861000000001
 42
0.001156865400000148
 10
16.22562000000001
 20
29.56989000000004
 10
16.22433000000001
 20
29.57051
 42
0.0003151260299999801
 10
16.21673
 20
29.57432
 42
0.0004877422400000382
 10
16.21420000000002
 20
29.57558
 10
16.21292000000001
 20
29.57621999999998
 10
16.21231000000002
 20
29.57621999999998
 10
16.21167000000004
 20
29.57621999999998
 10
16.21103000000001
 20
29.57621999999998
 10
16.21040000000001
 20
29.57621999999998
 10
16.20978000000004
 20
29.57622
 42
-0.0004332744800000592
 10
16.20659999999999
 20
29.57621999999998
 10
16.20596000000002
 20
29.57621999999998
 10
16.20532000000004
 20
29.57621999999998
 10
16.20406000000004
 20
29.57621999999998
 10
16.20279000000001
 20
29.57621999999999
 42
-0.000537633560000199
 10
16.20026000000003
 20
29.57621999999999
 42
0.0009286245100000131
 10
16.19900000000003
 20
29.57621999999998
 10
16.19835999999999
 20
29.57621999999998
 10
16.19772000000002
 20
29.57621999999998
 10
16.19647000000005
 20
29.57684999999998
 10
16.19519000000004
 20
29.57747999999999
 42
0.000401857220000029
 10
16.18884000000004
 20
29.58066000000002
 42
0.3731248199989659
 10
16.18506000000004
 20
29.58256
 10
16.18378000000003
 20
29.58319
 10
16.18252000000005
 20
29.58382000000005
 42
0.0002258350199998853
 10
16.17618
 20
29.58700000000005
 10
16.17489000000002
 20
29.58762999999999
 10
16.17363999999999
 20
29.58825999999999
 10
16.17236000000004
 20
29.58890000000002
 42
0.0002462475099999728
 10
16.16730000000003
 20
29.59143
 10
16.16539999999999
 20
29.59143
 10
16.16351000000004
 20
29.59143
 42
0.04499405600000368
 10
16.1597
 20
29.59143
 10
16.15781
 20
29.59143000000001
 42
0.0004287575199999871
 10
16.14639000000001
 20
29.59143
 10
16.14447000000003
 20
29.59143
 10
16.14322
 20
29.59206
 10
16.14197000000003
 20
29.59269999999998
 10
16.14068000000005
 20
29.59332999999998
 10
16.13940000000004
 20
29.59395999999998
 10
16.13815000000001
 20
29.59460000000001
 10
16.13687
 20
29.59523000000002
 10
16.13562000000001
 20
29.59586999999996
 42
-0.0002203298700000438
 10
16.13055000000004
 20
29.59839999999997
 10
16.12927000000003
 20
29.59904
 10
16.11407000000003
 20
29.61362000000002
 42
0.01066462399999997
 10
16.08364999999999
 20
29.64276000000001
 10
16.06842000000002
 20
29.65733999999998
 10
16.05322000000002
 20
29.67192000000004
 42
-0.5246579000000482
 10
16.02279999999998
 20
29.70107000000002
 10
16.00760000000004
 20
29.71564999999998
 10
15.99237
 20
29.73021999999997
 42
0.03923572599999803
 10
15.96197000000002
 20
29.75938000000003
 10
15.94675000000002
 20
29.77395999999999
 10
15.94739000000003
 20
29.77521999999998
 42
-0.001034223399999984
 10
15.94992000000003
 20
29.78030000000001
 10
15.95056000000001
 20
29.78156000000001
 10
15.95120000000004
 20
29.78282000000002
 10
15.95181000000003
 20
29.78410000000003
 42
-7.913556299998057e-05
 10
15.95434000000003
 20
29.78917
 42
0.263363299999672
 10
15.95626999999998
 20
29.79487
 10
15.95721000000005
 20
29.79772000000003
 10
15.95816000000003
 20
29.80058000000002
 10
15.95911000000002
 20
29.80342999999999
 10
15.96006000000001
 20
29.80628000000002
 10
15.96069000000001
 20
29.80817999999999
 10
15.96133000000005
 20
29.81008000000003
 10
15.96197000000002
 20
29.81198000000001
 10
15.96258000000002
 20
29.81324999999998
 10
15.96321999999999
 20
29.81450999999998
 10
15.96387000000005
 20
29.81577999999999
 42
-8.187279099999664e-05
 10
15.96640000000009
 20
29.82084999999995
 42
-7.868343799994639e-05
 10
15.96893000000001
 20
29.82593000000004
 10
15.96957000000002
 20
29.82718999999995
 42
-0.3442869400021753
 10
15.96957000000005
 20
29.83098999999999
 10
15.96957000000004
 20
29.8329
 42
-0.0009812743399997298
 10
15.96957000000003
 20
29.84429999999998
 42
-0.0005211896399998541
 10
15.96957000000005
 20
29.85001
 10
15.97021000000002
 20
29.85126999999999
 42
6.266954600009248e-05
 10
15.97336000000004
 20
29.85762
 10
15.974
 20
29.85888
 10
15.97464000000005
 20
29.86014999999997
 42
-0.001046567999999888
 10
15.97717000000002
 20
29.86522000000002
 42
-0.001354719099999972
 10
15.97906000000002
 20
29.86901999999998
 10
15.97969999999999
 20
29.87029000000001
 10
15.98066000000001
 20
29.87218999999999
 10
15.98161
 20
29.87409000000002
 10
15.98224
 20
29.87536999999998
 42
-0.0001042970899999626
 10
15.98413000000001
 20
29.87916000000001
 10
15.98477000000004
 20
29.88042999999999
 10
15.98604000000002
 20
29.88297
 10
15.98730999999998
 20
29.88549999999999
 42
0.01297668799999828
 10
15.99048000000001
 20
29.89184
 10
15.99112000000004
 20
29.8931
 10
15.99176000000001
 20
29.89436999999998
 10
15.99237000000002
 20
29.89564999999999
 42
-0.1305227999999477
 10
15.99554000000002
 20
29.90197999999998
 10
15.99618
 20
29.90323999999998
 10
15.99682000000003
 20
29.90451000000002
 10
15.99744
 20
29.90577999999999
 10
15.99809
 20
29.90705000000003
 10
15.99872000000001
 20
29.90830999999997
 10
15.99936000000004
 20
29.90958000000001
 10
16.00000000000001
 20
29.91086000000002
 42
-0.001114376899999991
 10
16.00506000000003
 20
29.92099000000002
 10
16.00567000000002
 20
29.92225999999999
 10
16.00632000000003
 20
29.92352
 42
-0.0001562922099999676
 10
16.00760000000004
 20
29.92606000000001
 10
16.00824000000001
 20
29.92732000000001
 10
16.00885000000001
 20
29.92860000000002
 10
16.00949000000004
 20
29.92986999999999
 10
16.01013000000002
 20
29.93113
 10
16.01076000000002
 20
29.93239999999997
 10
16.01138000000005
 20
29.93367
 42
0.3441626199994833
 10
16.01456000000003
 20
29.94
 10
16.01520000000001
 20
29.94126999999997
 10
16.01584000000004
 20
29.94191000000001
 10
16.01648000000002
 20
29.94254000000001
 10
16.01709000000001
 20
29.94317999999998
 10
16.01773000000004
 20
29.94380000000001
 10
16.01837000000002
 20
29.94443999999999
 10
16.01900999999999
 20
29.94508000000002
 10
16.01962000000005
 20
29.94571000000002
 10
16.02026000000002
 20
29.94634000000002
 10
16.0209
 20
29.94698
 10
16.02154000000003
 20
29.94761
 10
16.02215000000002
 20
29.94824
 10
16.02280000000003
 20
29.94887999999997
 10
16.02344000000001
 20
29.95013999999998
 10
16.02408000000004
 20
29.95141999999998
 10
16.02565
 20
29.95458000000002
 10
16.02724000000002
 20
29.95774999999998
 10
16.02786000000005
 20
29.95900999999998
 10
16.02850000000002
 20
29.96028000000001
 10
16.02914
 20
29.96154999999999
 10
16.02977
 20
29.96282000000002
 10
16.03041000000003
 20
29.96409
 10
16.03104000000003
 20
29.96472
 10
16.03168000000001
 20
29.96535
 10
16.03232000000004
 20
29.96598999999998
 10
16.03296000000002
 20
29.96661999999998
 10
16.03357000000001
 20
29.96724999999998
 10
16.03421000000004
 20
29.96789000000001
 10
16.03485000000002
 20
29.96852000000001
 10
16.03546000000001
 20
29.96915999999999
 10
16.03610000000005
 20
29.96978999999999
 10
16.03674000000002
 20
29.97043000000002
 10
16.03738
 20
29.97104999999999
 10
16.03801999999996
 20
29.97169000000002
 42
4.536378600009469e-05
 10
16.04686999999998
 20
29.97613000000004
 42
-0.001259091799999941
 10
16.05069000000005
 20
29.97802999999999
 10
16.05194000000002
 20
29.97867000000002
 10
16.05322000000002
 20
29.97928999999999
 10
16.05386
 20
29.98056000000003
 10
16.05450000000002
 20
29.98183000000003
 42
0.3442274999952413
 10
16.05575
 20
29.98437000000001
 10
16.05640000000001
 20
29.98563000000001
 10
16.05798
 20
29.98880000000003
 10
16.05956000000005
 20
29.99196999999998
 10
16.06018999999999
 20
29.99324000000001
 10
16.06083000000002
 20
29.99450999999999
 10
16.06146000000003
 20
29.99515000000002
 10
16.0621
 20
29.99576999999999
 10
16.06274000000003
 20
29.99641000000003
 10
16.06335000000003
 20
29.99704000000003
 10
16.06399
 20
29.99768
 10
16.06463000000004
 20
29.99831
 10
16.06528000000004
 20
29.99894999999998
 10
16.06589000000004
 20
29.99957999999998
 10
16.06653000000001
 20
30.00020999999998
 10
16.06717000000005
 20
30.00085000000001
 10
16.06781000000002
 20
30.00148000000002
 10
16.06842000000002
 20
30.00211000000002
 10
16.07033000000003
 20
30.00306
 10
16.07223
 20
30.00400999999999
 10
16.07352000000004
 20
30.00465000000003
 10
16.07477000000002
 20
30.00528000000003
 10
16.07603999999999
 20
30.00592
 10
16.07731000000003
 20
30.00655
 10
16.07857999999998
 20
30.00719000000002
 42
-0.001033586800000115
 10
16.08365
 20
30.00972000000009
 42
0.4142315000001962
 10
16.08996000000003
 20
30.01289000000003
 10
16.09125000000002
 20
30.01352000000003
 10
16.09253000000002
 20
30.01414999999997
 10
16.09378
 20
30.01479
 10
16.09505000000003
 20
30.01542000000001
 10
16.09632000000001
 20
30.01605999999998
 10
16.09759000000004
 20
30.01668999999998
 10
16.09885000000004
 20
30.01731999999998
 10
16.09949000000002
 20
30.01796000000002
 10
16.10012999999999
 20
30.01859000000002
 10
16.10077000000003
 20
30.01922999999999
 10
16.10138000000002
 20
30.01985999999999
 10
16.10202
 20
30.02049
 10
16.10266000000003
 20
30.02113000000003
 10
16.1033
 20
30.02175999999997
 10
16.10394000000004
 20
30.02238999999997
 10
16.10455000000003
 20
30.02303000000001
 10
16.10519000000001
 20
30.02366999999998
 10
16.10583000000004
 20
30.02429000000001
 10
16.10644000000004
 20
30.02492999999998
 42
-0.001027123899999996
 10
16.11154000000001
 20
30.02746999999999
 42
-0.001388018900000059
 10
16.11532000000001
 20
30.02936999999997
 42
-0.001280590900000057
 10
16.11914000000003
 20
30.03127000000001
 10
16.12040000000003
 20
30.03190000000001
 10
16.12167000000001
 20
30.03253999999998
 10
16.12292000000004
 20
30.03316000000001
 10
16.12421000000002
 20
30.03379999999999
 10
16.128
 20
30.03570000000002
 10
16.13181000000004
 20
30.03760999999997
 10
16.13309
 20
30.03823999999997
 10
16.13434000000002
 20
30.03886999999997
 10
16.13561
 20
30.03951000000001
 10
16.13688000000003
 20
30.04014000000001
 10
16.13815000000001
 20
30.04014000000001
 10
16.13940000000004
 20
30.04014999999997
 42
-0.0004424768199999609
 10
16.14197000000003
 20
30.04014000000002
 10
16.14385
 20
30.04014000000001
 10
16.14576000000001
 20
30.04014000000001
 10
16.14703000000004
 20
30.04014999999998
 10
16.14828000000001
 20
30.04013999999999
 42
-0.0004454763000000555
 10
16.15082000000002
 20
30.04012999999998
 10
16.15210000000003
 20
30.04014000000001
 10
16.15335
 20
30.04077000000001
 10
16.15652000000001
 20
30.04235
 10
16.15969000000003
 20
30.04394000000002
 10
16.16095000000003
 20
30.04458
 10
16.16223
 20
30.04521000000002
 42
-0.2840942700010433
 10
16.16730000000003
 20
30.04773999999998
 10
16.16919000000003
 20
30.04773999999998
 10
16.17111000000001
 20
30.04773999999998
 10
16.17300000000002
 20
30.04773999999998
 10
16.17489000000002
 20
30.04773999999998
 10
16.17682000000003
 20
30.04773999999998
 10
16.17871000000002
 20
30.04773999999996
 42
0.3441945700005275
 10
16.18442
 20
30.04773999999998
 10
16.18631000000001
 20
30.04773999999996
 42
-0.001343755799999941
 10
16.19011999999999
 20
30.04773999999998
 10
16.20659999999999
 20
30.03570999999999
 10
16.22308
 20
30.02366000000001
 42
-0.005512231399999966
 10
16.25604
 20
29.99957000000001
 10
16.27252
 20
29.98752999999999
 10
16.289
 20
29.97548999999997
 42
-0.0220814879999997
 10
16.32196
 20
29.95141000000001
 10
16.33841000000002
 20
29.93937
 10
16.35489000000003
 20
29.92732000000001
 10
16.37137000000003
 20
29.91530999999998
 10
16.38785000000003
 20
29.90323999999998
 10
16.38848999999998
 20
29.90197999999997
 42
-0.0003231362100000983
 10
16.39038000000001
 20
29.89818000000002
 10
16.39102000000004
 20
29.89690000000002
 10
16.39166000000002
 20
29.89564000000001
 10
16.39227000000001
 20
29.89438000000001
 10
16.39291000000003
 20
29.89310999999998
 42
0.0003260335000000596
 10
16.39484
 20
29.88931000000002
 10
16.39545
 20
29.88803999999999
 10
16.39545
 20
29.88614000000001
 10
16.39546000000003
 20
29.88423
 10
16.39546000000003
 20
29.88233000000002
 10
16.39545
 20
29.88042999999999
 10
16.39545
 20
29.87853000000001
 42
0.0005240537599999365
 10
16.39545
 20
29.87473
 10
16.39545
 20
29.87283000000002
 10
16.39545000000002
 20
29.87092999999999
 42
0.0003602171899996384
 10
16.39545
 20
29.86522000000002
 10
16.39609000000003
 20
29.86394999999999
 10
16.39673000000001
 20
29.86268999999999
 10
16.39737000000003
 20
29.86142000000001
 42
-0.0005169603500000773
 10
16.39862000000002
 20
29.85888999999997
 10
16.39926000000004
 20
29.85762
 10
16.39990000000003
 20
29.85635000000003
 42
0.001033246199999877
 10
16.40115000000004
 20
29.85381000000001
 10
16.40179000000002
 20
29.85253999999998
 10
16.40243
 20
29.85127
 10
16.40307000000004
 20
29.85001000000001
 42
-0.4876724299984253
 10
16.40307000000003
 20
29.84620999999999
 10
16.40307000000003
 20
29.84494000000001
 10
16.40306
 20
29.84366999999997
 10
16.40306
 20
29.84177
 10
16.40305999999999
 20
29.83987000000001
 42
-0.5576718699827051
 10
16.40307000000003
 20
29.83733000000007
 10
16.40307000000003
 20
29.83605999999997
 10
16.40307000000003
 20
29.83479999999997
 10
16.40433000000003
 20
29.83226999999999
 10
16.40560000000001
 20
29.82972999999998
 10
16.40686000000006
 20
29.82719000000001
 42
-0.0001114137100000366
 10
16.41067000000007
 20
29.81959000000002
 42
-0.0001485440999999696
 10
16.41446000000003
 20
29.81198000000001
 10
16.41574000000004
 20
29.80945000000003
 10
16.41699000000001
 20
29.80691999999999
 10
16.41827000000002
 20
29.80437999999998
 10
16.41955000000003
 20
29.80184000000003
 10
16.42081000000003
 20
29.79930999999999
 10
16.42209000000004
 20
29.79676999999998
 10
16.42334
 20
29.79424
 42
0.0002436186000002176
 10
16.42587000000005
 20
29.78917000000001
 10
16.42715
 20
29.78663999999998
 42
0.0002201780799996609
 10
16.43097000000002
 20
29.77902000000001
 10
16.43222000000004
 20
29.77649000000002
 10
16.4335
 20
29.77395999999999
 10
16.43475000000002
 20
29.77141999999998
 10
16.43599999999999
 20
29.76889
 10
16.43729000000003
 20
29.76634999999998
 42
-0.0004878926399999777
 10
16.44110000000001
 20
29.75873999999999
 42
-0.000296755399999949
 10
16.44363
 20
29.75367999999997
 10
16.44488000000003
 20
29.75114000000002
 10
16.44679000000004
 20
29.74734000000001
 10
16.44870000000004
 20
29.74353000000002
 10
16.44995000000002
 20
29.74164000000002
 10
16.45123000000002
 20
29.73973000000001
 10
16.45251000000003
 20
29.73782
 10
16.45376
 20
29.73593
 10
16.45503000000004
 20
29.73403000000002
 10
16.45630000000001
 20
29.73212999999998
 10
16.45758000000002
 20
29.73021999999997
 42
0.0005540482299999009
 10
16.46136000000003
 20
29.72451999999998
 10
16.46264000000004
 20
29.72262000000001
 10
16.46391000000001
 20
29.72071999999997
 10
16.46518000000007
 20
29.72009000000007
 42
-0.0002987636599998874
 10
16.46896
 20
29.71819000000005
 10
16.47023999999997
 20
29.71754999999996
 42
0.05162915300011856
 10
16.47530999999999
 20
29.71500999999995
 10
16.47659
 20
29.71438999999998
 10
16.47784000000003
 20
29.71375
 10
16.47912000000004
 20
29.71310999999997
 10
16.47974000000001
 20
29.71248000000003
 10
16.48038000000004
 20
29.71185000000003
 10
16.48102000000002
 20
29.71120999999999
 10
16.48166000000005
 20
29.71057999999999
 10
16.48230000000002
 20
29.70994999999999
 10
16.48291000000002
 20
29.70931000000002
 10
16.48354999999999
 20
29.70868000000002
 10
16.48419000000003
 20
29.70805000000001
 10
16.48483
 20
29.70740999999998
 10
16.48544
 20
29.70677999999998
 10
16.48608000000003
 20
29.70614
 10
16.48672000000001
 20
29.70551
 10
16.48797000000003
 20
29.70425
 10
16.48926000000002
 20
29.70296999999999
 10
16.49054000000002
 20
29.70170999999999
 10
16.49178999999999
 20
29.70044000000001
 10
16.49307
 20
29.69916999999998
 10
16.49432000000003
 20
29.69790999999998
 10
16.49560000000004
 20
29.69664
 10
16.49686000000004
 20
29.69537000000003
 10
16.49813999999999
 20
29.69409999999999
 10
16.49939000000002
 20
29.69283000000001
 10
16.50067000000003
 20
29.69157000000001
 10
16.50192
 20
29.69029999999998
 10
16.50256000000003
 20
29.68966999999998
 10
16.50320000000001
 20
29.68903
 10
16.50384000000004
 20
29.6884
 10
16.50445000000003
 20
29.68776000000003
 10
16.50510000000004
 20
29.68713000000002
 10
16.50574000000002
 20
29.68648999999999
 10
16.50637999999999
 20
29.68585999999999
 10
16.50702000000003
 20
29.68522999999999
 10
16.50763000000002
 20
29.68459000000001
 10
16.50827
 20
29.68396000000001
 10
16.50891000000003
 20
29.68333000000001
 10
16.50955
 20
29.68268999999998
 10
16.51080000000003
 20
29.68205999999998
 10
16.51208000000004
 20
29.68142999999998
 10
16.51333000000001
 20
29.68079
 10
16.51462
 20
29.68016000000002
 42
0.0499984329999209
 10
16.51715000000003
 20
29.67889000000002
 10
16.51839999999999
 20
29.67824999999997
 42
-0.0003196476400000306
 10
16.52222000000002
 20
29.67635000000001
 10
16.52350000000003
 20
29.67572000000001
 10
16.52475
 20
29.67509000000001
 10
16.52600000000002
 20
29.67444999999998
 10
16.52728000000003
 20
29.67381999999998
 10
16.52856000000004
 20
29.67318999999998
 10
16.52981000000001
 20
29.67255
 10
16.5311
 20
29.67192
 10
16.53235000000002
 20
29.67129
 10
16.53362
 20
29.67065000000002
 10
16.53489000000003
 20
29.67002000000002
 10
16.53615999999998
 20
29.66939000000002
 42
0.5574661700017781
 10
16.53995000000005
 20
29.66748000000001
 10
16.54186
 20
29.66748000000001
 10
16.54376000000003
 20
29.66748000000001
 10
16.54503000000001
 20
29.66748000000001
 10
16.54629000000001
 20
29.66748000000001
 10
16.54756000000005
 20
29.66748000000001
 10
16.54883000000002
 20
29.66748000000001
 10
16.55011000000003
 20
29.66747999999999
 42
0.06321897500010475
 10
16.55264000000001
 20
29.66748
 42
0.02243012300001401
 10
16.55517000000005
 20
29.66748
 10
16.55642999999999
 20
29.66685000000001
 10
16.55771
 20
29.66620999999998
 10
16.55896000000003
 20
29.66557999999998
 10
16.56024000000004
 20
29.66494999999998
 10
16.56152000000004
 20
29.66431
 10
16.56277000000001
 20
29.66368
 10
16.56406
 20
29.66305
 10
16.56531000000003
 20
29.66241000000002
 10
16.56784
 20
29.66115000000002
 10
16.57038000000001
 20
29.65987999999999
 10
16.57101000000002
 20
29.65924000000001
 10
16.57164999999999
 20
29.65861999999998
 10
16.57229000000002
 20
29.65796999999998
 10
16.57290999999999
 20
29.65735000000001
 10
16.57355000000003
 20
29.65670999999998
 10
16.57419
 20
29.65607
 10
16.57483000000003
 20
29.65544
 10
16.57544000000003
 20
29.65481
 10
16.57608
 20
29.65417000000002
 10
16.57672000000004
 20
29.65354000000002
 10
16.57736000000001
 20
29.65291000000002
 10
16.57800000000005
 20
29.65226999999999
 10
16.57988999999999
 20
29.65228
 42
-0.0001055297599999479
 10
16.58938000000002
 20
29.65228000000003
 42
-0.0005285404900000195
 10
16.59509000000004
 20
29.65228000000002
 10
16.59698000000004
 20
29.65228000000002
 10
16.59891
 20
29.65228000000002
 10
16.60080000000004
 20
29.65228000000008
 42
0.000245767050000198
 10
16.60586000000002
 20
29.64974000000007
 10
16.60904000000001
 20
29.64816000000002
 10
16.61221000000002
 20
29.64657
 10
16.61411
 20
29.64562000000001
 10
16.61601000000003
 20
29.64466999999999
 42
-0.0003948365999999443
 10
16.61981000000004
 20
29.64467000000002
 10
16.62109
 20
29.64467000000002
 10
16.62298
 20
29.64467000000002
 10
16.62488000000003
 20
29.64467000000001
 42
-0.0003936888600000194
 10
16.62869000000002
 20
29.64467000000003
 42
-0.0002606878400000069
 10
16.63122
 20
29.64467000000002
 10
16.63248
 20
29.64404000000002
 10
16.63376
 20
29.64339999999996
 42
-0.0003075696200000276
 10
16.63757
 20
29.64148999999998
 10
16.63882000000002
 20
29.64087000000001
 10
16.64010000000003
 20
29.64022999999997
 10
16.64136000000003
 20
29.63959999999997
 10
16.64264000000004
 20
29.63896
 10
16.64389000000001
 20
29.63833
 10
16.64517000000002
 20
29.6377
 10
16.64641999999999
 20
29.63706000000004
 42
-0.0002673672700000205
 10
16.65024000000001
 20
29.63706000000002
 10
16.65213000000001
 20
29.63706000000002
 10
16.65402000000002
 20
29.63706000000004
 42
-0.0001076182599999637
 10
16.66354000000003
 20
29.63706000000002
 10
16.66543000000003
 20
29.63706000000002
 10
16.66736000000004
 20
29.63706000000002
 10
16.66924999999999
 20
29.63706000000003
 42
0.00038874432999998
 10
16.67303
 20
29.63706000000002
 42
0.0002617785500001508
 10
16.67560000000005
 20
29.63706999999999
 10
16.67685000000002
 20
29.63706000000002
 10
16.67811999999999
 20
29.63706000000002
 10
16.68002000000003
 20
29.63706000000002
 10
16.68192000000001
 20
29.63706000000002
 10
16.68320000000001
 20
29.63706000000002
 10
16.68445000000004
 20
29.63706000000002
 10
16.68637000000003
 20
29.63706000000002
 10
16.68826000000003
 20
29.63706
 42
-0.001194035800000035
 10
16.69586
 20
29.63706000000002
 10
16.69774999999999
 20
29.63706000000001
 42
0.2840669500001992
 10
16.70538000000001
 20
29.63706000000002
 10
16.70727000000001
 20
29.63706000000002
 10
16.71044999999999
 20
29.63706000000002
 10
16.71362000000001
 20
29.63706000000008
 42
-0.0005721354700000204
 10
16.72629000000003
 20
29.63705000000004
 42
-0.5575056299992692
 10
16.73895
 20
29.63706000000002
 10
16.74213000000005
 20
29.63706000000002
 10
16.74529999999999
 20
29.63705000000004
 42
-0.003088461500000141
 10
16.75671000000001
 20
29.63896000000005
 42
-0.003018619899999955
 10
16.76813
 20
29.64085999999998
 10
16.77191000000001
 20
29.64148999999998
 10
16.77571999999999
 20
29.64213999999998
 10
16.77954000000001
 20
29.64276000000001
 10
16.78332000000002
 20
29.64339999999999
 10
16.78714000000004
 20
29.64404000000002
 10
16.79092000000002
 20
29.64467000000003
 42
-5.19209649999785e-05
 10
16.79346
 20
29.64972999999998
 10
16.79505000000002
 20
29.65291000000002
 10
16.79663000000002
 20
29.65607999999997
 42
-0.001384558699999866
 10
16.79852000000001
 20
29.65987999999999
 10
16.79916000000004
 20
29.66050999999999
 10
16.79980000000002
 20
29.66115000000002
 10
16.80043999999999
 20
29.66178000000002
 10
16.80105000000005
 20
29.66241000000002
 10
16.8017
 20
29.66305
 10
16.80234000000003
 20
29.66368
 10
16.80298000000001
 20
29.66431
 10
16.80359
 20
29.66494999999998
 10
16.80423000000003
 20
29.66559000000001
 10
16.80487000000001
 20
29.66620999999998
 10
16.80551000000004
 20
29.66685000000001
 10
16.80614999999992
 20
29.66748999999998
 42
2.629072899990706e-05
 10
16.81121999999986
 20
29.67508999999999
 42
-0.0007503369700000438
 10
16.81374999999998
 20
29.67889000000002
 10
16.81500000000002
 20
29.68079
 42
-0.001719748899999913
 10
16.81882000000003
 20
29.68648999999999
 10
16.82010000000004
 20
29.6884
 10
16.82135000000001
 20
29.69029999999998
 10
16.82263000000002
 20
29.69092999999998
 10
16.82388000000003
 20
29.69157000000004
 42
-0.0001752643400000379
 10
16.82641000000002
 20
29.69283000000001
 10
16.82770000000001
 20
29.69346999999999
 10
16.82896000000001
 20
29.69409999999999
 10
16.83022000000001
 20
29.69474000000002
 10
16.83148000000001
 20
29.69537000000003
 10
16.83276000000001
 20
29.69600000000005
 42
-0.001489271800000074
 10
16.83655
 20
29.69790999999998
 10
16.83814000000002
 20
29.70107000000002
 10
16.83973000000005
 20
29.70424000000003
 10
16.84068000000003
 20
29.70614999999998
 10
16.84163000000002
 20
29.70805000000001
 10
16.84228000000003
 20
29.70929999999998
 10
16.84289000000003
 20
29.71057999999999
 10
16.84354000000003
 20
29.71185000000003
 10
16.84418000000001
 20
29.71312
 10
16.84543000000004
 20
29.71438999999998
 10
16.84671000000004
 20
29.71564999999998
 10
16.84796000000001
 20
29.71692000000002
 10
16.84924000000002
 20
29.71818999999999
 10
16.85048999999999
 20
29.71944999999999
 10
16.85177
 20
29.72071999999997
 10
16.85303
 20
29.72199000000001
 10
16.85431000000001
 20
29.72325999999998
 10
16.85556000000004
 20
29.72453000000002
 10
16.85683999999999
 20
29.72579000000002
 10
16.85809000000002
 20
29.72705999999999
 10
16.85937000000003
 20
29.72833000000003
 10
16.86001
 20
29.72895999999997
 10
16.86066000000001
 20
29.7296
 10
16.86127
 20
29.73021999999997
 10
16.86191000000004
 20
29.73086999999998
 10
16.86255000000001
 20
29.73149999999998
 10
16.86319000000005
 20
29.73212999999998
 10
16.86380000000004
 20
29.73277000000002
 10
16.86444000000002
 20
29.73340000000002
 10
16.86507999999999
 20
29.73403000000002
 10
16.86572000000002
 20
29.73466000000002
 10
16.86633000000002
 20
29.7353
 10
16.86696999999999
 20
29.73593
 10
16.86761000000003
 20
29.73656999999997
 10
16.86825
 20
29.73719999999997
 10
16.86890000000001
 20
29.73784000000001
 10
16.86951000000001
 20
29.73845999999998
 10
16.87015000000004
 20
29.73910999999998
 10
16.87079000000001
 20
29.73973000000001
 10
16.87143000000005
 20
29.74036999999998
 10
16.87204000000004
 20
29.74099999999999
 10
16.87268000000002
 20
29.74164000000002
 10
16.87331999999999
 20
29.74227000000002
 10
16.87396000000003
 20
29.74290000000002
 10
16.87457000000002
 20
29.74354
 10
16.87585000000003
 20
29.74354
 10
16.87713000000004
 20
29.74353000000002
 10
16.87839000000004
 20
29.74353000000002
 42
-0.4874813100012864
 10
16.88092000000002
 20
29.74353000000002
 10
16.88220000000003
 20
29.74354
 10
16.88346000000003
 20
29.74353000000002
 10
16.88473
 20
29.74354
 10
16.88599000000001
 20
29.74353000000002
 10
16.88727000000002
 20
29.74353000000002
 10
16.88853000000002
 20
29.74353000000002
 10
16.88979999999999
 20
29.74354
 10
16.89044000000003
 20
29.74417
 10
16.89105000000002
 20
29.7448
 10
16.89169
 20
29.74543999999997
 10
16.89233000000003
 20
29.74606999999997
 10
16.89297000000001
 20
29.74669999999998
 10
16.89361000000004
 20
29.74734000000001
 10
16.89422000000003
 20
29.74797000000001
 10
16.89487000000004
 20
29.74860999999999
 10
16.89551000000002
 20
29.74923999999999
 10
16.89614999999999
 20
29.74988000000002
 10
16.89676000000004
 20
29.75051000000002
 10
16.89740000000002
 20
29.75114000000002
 10
16.89868000000003
 20
29.75177000000002
 10
16.89993
 20
29.75241
 10
16.90121000000001
 20
29.75304
 10
16.90246000000004
 20
29.75367999999996
 42
-0.0005202307100000147
 10
16.91135000000004
 20
29.75812000000002
 10
16.91260000000001
 20
29.75873999999999
 10
16.91452
 20
29.75875000000002
 10
16.91642000000003
 20
29.75874999999999
 42
0.0276742840000404
 10
16.91894000000003
 20
29.75873999999993
 10
16.92085000000004
 20
29.75875000000002
 10
16.92276
 20
29.75873999999999
 42
-0.0007836630299999949
 10
16.92529000000003
 20
29.75873999999999
 10
16.92656000000001
 20
29.75873999999999
 10
16.92783000000004
 20
29.75873999999999
 10
16.92847000000002
 20
29.75938000000002
 10
16.92910999999999
 20
29.76001000000002
 10
16.92972000000005
 20
29.76064000000002
 10
16.93036000000002
 20
29.76128
 10
16.931
 20
29.76191
 10
16.93164000000003
 20
29.76254
 10
16.93225000000002
 20
29.76317999999998
 10
16.93289
 20
29.76380999999998
 10
16.93353000000003
 20
29.76445000000001
 10
16.93417000000001
 20
29.76508000000001
 10
16.93481000000004
 20
29.76571999999999
 10
16.93542000000006
 20
29.76634999999996
 42
-0.0001647049100000821
 10
16.96078
 20
29.78915999999997
 42
-0.0001902526100000198
 10
16.98613999999998
 20
29.81198000000001
 42
-0.0001776419400000074
 10
17.01147000000005
 20
29.83479000000001
 10
17.01276000000003
 20
29.83670000000001
 10
17.01400999999997
 20
29.8386
 42
-0.002516727700000218
 10
17.01653999999998
 20
29.8424
 10
17.01782000000004
 20
29.84429999999998
 10
17.01907000000001
 20
29.84620999999999
 10
17.02225
 20
29.85095999999999
 10
17.02542000000001
 20
29.85570999999999
 10
17.02670000000002
 20
29.85759999999999
 10
17.02734
 20
29.85825
 10
17.02795000000005
 20
29.85888
 10
17.02859000000002
 20
29.85951
 10
17.02923
 20
29.86014999999998
 10
17.02988000000001
 20
29.86077999999998
 10
17.03052000000004
 20
29.86140999999998
 10
17.03113000000003
 20
29.86205000000001
 10
17.03177000000001
 20
29.86268000000001
 10
17.03241000000004
 20
29.86331000000001
 10
17.03302000000004
 20
29.86394999999999
 10
17.03366000000001
 20
29.86457999999999
 10
17.03430000000003
 20
29.86522000000005
 42
-0.003101211500000278
 10
17.03937000000004
 20
29.86775000000004
 42
-0.09205619699989845
 10
17.04571
 20
29.87092999999999
 10
17.04697
 20
29.87155000000001
 10
17.04825000000001
 20
29.87218999999999
 10
17.04950000000004
 20
29.87281999999999
 10
17.05266999999999
 20
29.87599
 10
17.05585000000004
 20
29.87916000000001
 10
17.05902000000005
 20
29.88231999999999
 10
17.06219
 20
29.88549999999998
 10
17.06537000000004
 20
29.88866000000002
 10
17.06854
 20
29.89183000000003
 10
17.07168000000003
 20
29.89499999999998
 10
17.07486000000002
 20
29.89816999999999
 10
17.07803000000003
 20
29.90134
 10
17.08121000000001
 20
29.90451000000002
 10
17.08438000000002
 20
29.90768000000003
 10
17.08752
 20
29.91084
 42
-0.0002048951099999213
 10
17.10275000000003
 20
29.92986999999999
 10
17.10528000000001
 20
29.93302999999997
 10
17.10782000000002
 20
29.93619999999999
 10
17.11036000000003
 20
29.93938000000003
 10
17.11288000000004
 20
29.94254
 42
-0.002863212599999944
 10
17.11795000000002
 20
29.94887
 10
17.12112000000003
 20
29.95204000000001
 10
17.12430000000002
 20
29.95521000000002
 10
17.12747000000003
 20
29.95837999999998
 10
17.13064000000004
 20
29.96154999999999
 10
17.13379000000005
 20
29.96472
 10
17.13696
 20
29.96789000000001
 10
17.14014000000005
 20
29.97104999999999
 10
17.14331
 20
29.97422999999998
 10
17.14648000000001
 20
29.97739000000001
 10
17.14966
 20
29.98056000000003
 10
17.15283000000001
 20
29.98372999999998
 10
17.15597000000004
 20
29.98689999999999
 10
17.15915000000003
 20
29.99007
 10
17.16232000000004
 20
29.99324000000001
 10
17.16550000000002
 20
29.99641000000003
 10
17.16867000000003
 20
29.99957000000001
 10
17.17184000000005
 20
30.00274999999999
 10
17.17498999999999
 20
30.00590999999997
 10
17.17816000000001
 20
30.00907999999998
 10
17.18133000000002
 20
30.01224999999999
 10
17.18451
 20
30.01542000000001
 10
17.18768000000001
 20
30.01859000000002
 10
17.19086
 20
30.02175999999997
 10
17.19400000000003
 20
30.02492999999998
 10
17.19528000000004
 20
30.02618999999999
 10
17.19653000000001
 20
30.02746000000002
 10
17.19781000000002
 20
30.02873
 10
17.1991
 20
30.02999999999997
 10
17.20035000000003
 20
30.03127000000001
 10
17.20163000000004
 20
30.03253000000001
 10
17.20288000000001
 20
30.03379999999999
 10
17.20416000000002
 20
30.03505999999999
 10
17.20541000000004
 20
30.03633000000002
 10
17.20668999999999
 20
30.0376
 10
17.20795
 20
30.03886
 10
17.20923000000001
 20
30.04014000000001
 10
17.21112000000001
 20
30.04203999999999
 10
17.21301000000001
 20
30.04394000000002
 10
17.21493
 20
30.04584
 10
17.21683000000003
 20
30.04773999999998
 10
17.21872000000003
 20
30.04964000000001
 10
17.22064000000002
 20
30.05153999999999
 10
17.22253000000002
 20
30.05344000000002
 10
17.22442000000002
 20
30.05534
 10
17.22632
 20
30.05725000000001
 10
17.22824000000004
 20
30.05914999999999
 10
17.23013000000005
 20
30.06105000000002
 10
17.23201999999999
 20
30.06295
 10
17.23456
 20
30.06549000000001
 10
17.23712000000002
 20
30.06801999999999
 10
17.23965
 20
30.07056
 10
17.24219000000001
 20
30.07308999999998
 10
17.24472000000004
 20
30.07562000000001
 10
17.24725000000002
 20
30.07816000000003
 10
17.24979000000003
 20
30.08069999999998
 10
17.25232000000001
 20
30.08323999999999
 10
17.25485000000005
 20
30.08577000000002
 10
17.25738000000003
 20
30.0883
 10
17.25992000000004
 20
30.09084000000001
 10
17.26245000000002
 20
30.09336999999999
 10
17.26562000000003
 20
30.09654
 10
17.26880000000001
 20
30.09971000000002
 10
17.27197000000002
 20
30.10287
 10
17.27515000000001
 20
30.10604999999998
 10
17.27832000000002
 20
30.10921000000002
 10
17.28146
 20
30.11237999999997
 10
17.28464000000004
 20
30.11554999999998
 10
17.28780999999999
 20
30.11873000000003
 10
17.29098
 20
30.12189000000001
 10
17.29416000000005
 20
30.12506000000002
 10
17.29730000000002
 20
30.12822999999997
 10
17.30047000000003
 20
30.13139000000001
 10
17.31824000000002
 20
30.15168
 10
17.33597000000005
 20
30.17196999999999
 10
17.35373
 20
30.19225
 10
17.37146000000003
 20
30.21251999999998
 10
17.38922000000004
 20
30.2328
 10
17.40695000000001
 20
30.25308000000001
 10
17.42471000000002
 20
30.27337
 10
17.44244000000005
 20
30.29365000000001
 10
17.4602
 20
30.31393000000003
 10
17.47793000000003
 20
30.33420999999998
 10
17.49570000000001
 20
30.35449
 10
17.51343000000004
 20
30.37477000000001
 10
17.52294999999999
 20
30.37477000000001
 10
17.53244
 20
30.37477000000004
 42
-7.389890600003223e-05
 10
17.55144999999998
 20
30.37476000000002
 10
17.56097000000001
 20
30.37477000000001
 10
17.57046000000004
 20
30.37477000000001
 10
17.57999000000002
 20
30.37477000000001
 10
17.58947999999999
 20
30.37477000000001
 10
17.599
 20
30.37477000000001
 10
17.60849000000003
 20
30.37477000000001
 10
17.61801000000004
 20
30.37477000000001
 10
17.62750000000001
 20
30.37477000000001
 10
17.64145000000001
 20
30.35891999999999
 42
0.02160942600000178
 10
17.66933999999999
 20
30.32724000000002
 10
17.68329000000001
 20
30.31139000000002
 10
17.69723000000002
 20
30.29555000000001
 42
0.02038389299999888
 10
17.72510000000001
 20
30.26386000000002
 10
17.73903999999995
 20
30.24801999999995
 42
-0.006577523899999632
 10
17.76693999999993
 20
30.21632999999997
 10
17.78088000000004
 20
30.20049
 10
17.79483000000001
 20
30.18464
 42
-0.002268449499999865
 10
17.79483
 20
30.18337000000002
 10
17.79483
 20
30.18274000000002
 10
17.79482999999999
 20
30.18209999999998
 42
-0.4878519099919728
 10
17.79483000000001
 20
30.17957000000001
 42
0.002400941599999507
 10
17.79483
 20
30.17703
 10
17.77646
 20
30.15548999999999
 10
17.75806000000001
 20
30.13394
 10
17.73968000000004
 20
30.11239
 10
17.72131000000003
 20
30.09084000000001
 10
17.70294000000003
 20
30.06929000000002
 10
17.68454000000004
 20
30.04773999999998
 10
17.66617000000004
 20
30.02620000000002
 10
17.64780000000003
 20
30.00465000000003
 10
17.62939000000001
 20
29.98309999999998
 10
17.61102000000001
 20
29.96154999999999
 10
17.59265000000001
 20
29.94000999999997
 10
17.57428
 20
29.91845999999998
 10
17.56921000000001
 20
29.91212000000002
 10
17.56412000000002
 20
29.90577999999999
 10
17.55905000000003
 20
29.89944000000003
 10
17.55398000000004
 20
29.8931
 10
17.54892000000002
 20
29.88675999999998
 10
17.54385000000003
 20
29.88042999999999
 10
17.53879000000002
 20
29.87407999999999
 10
17.53369000000002
 20
29.86774999999998
 42
0.0003866931400000893
 10
17.52356000000003
 20
29.85508
 42
0.0007327660300000873
 10
17.51343000000008
 20
29.84240999999994
 42
0.02028522199999426
 10
17.50329000000008
 20
29.82972999999991
 42
0.0006856368899999727
 10
17.49315999999999
 20
29.81705000000001
 42
2.041473099995634e-05
 10
17.48300000000006
 20
29.80437000000005
 42
0.02095262000000151
 10
17.47287000000003
 20
29.79169999999998
 42
0.0003603393899999648
 10
17.46274000000005
 20
29.77902000000012
 42
1.022610400005627e-05
 10
17.45256999999998
 20
29.76635000000002
 42
0.0006045054200000581
 10
17.42977999999999
 20
29.74100000000001
 42
0.0001597672800000278
 10
17.40694999999997
 20
29.71564000000001
 42
0.0004662469399999872
 10
17.38983000000002
 20
29.69663000000003
 10
17.38412000000001
 20
29.69029999999998
 10
17.37906
 20
29.68333000000001
 10
17.37399000000001
 20
29.67635999999999
 10
17.36892999999999
 20
29.66939000000002
 42
0.0003676318900000097
 10
17.35879000000001
 20
29.65544
 10
17.35373
 20
29.64846999999997
 10
17.34863000000003
 20
29.64148999999998
 10
17.34356999999994
 20
29.63453000000004
 42
1.52511820000368e-05
 10
17.33342999999996
 20
29.62058000000007
 10
17.32837000000002
 20
29.61362000000003
 10
17.32330000000003
 20
29.60664000000003
 10
17.31760000000004
 20
29.59967
 10
17.31189000000002
 20
29.59269999999998
 10
17.30618
 20
29.58571999999998
 10
17.30047000000003
 20
29.57875000000001
 42
0.0002799960299999375
 10
17.28905999999998
 20
29.56481000000007
 42
0.02943586900001158
 10
17.27768000000003
 20
29.55087000000001
 42
0.0002597660699999857
 10
17.26626000000001
 20
29.53692999999998
 42
0.0002736562000000431
 10
17.25485000000005
 20
29.52298000000002
 10
17.25485000000005
 20
29.52235000000002
 10
17.25485000000005
 20
29.52172000000002
 10
17.25485000000005
 20
29.52107999999998
 10
17.25485000000002
 20
29.52044999999998
 42
0.001085979200000103
 10
17.25485000000003
 20
29.51855
 42
0.003181641900000058
 10
17.25485000000005
 20
29.51665000000003
 10
17.25485000000005
 20
29.51600999999999
 10
17.25485000000005
 20
29.51537999999999
 10
17.25485000000005
 20
29.51348000000002
 10
17.25485000000002
 20
29.51157999999998
 42
0.002797111700000161
 10
17.25485000000005
 20
29.50904000000003
 10
17.25485000000005
 20
29.50776999999999
 10
17.25485000000004
 20
29.50650999999999
 42
-0.0006493507399999992
 10
17.25485000000005
 20
29.50270999999998
 42
0.002795636299999875
 10
17.25485000000005
 20
29.50017000000003
 10
17.25485000000005
 20
29.49952999999999
 10
17.25485000000005
 20
29.49889999999999
 42
0.003170892399999759
 10
17.25485000000005
 20
29.49637000000001
 10
17.25485000000005
 20
29.49572999999998
 10
17.25485000000005
 20
29.49509999999998
 10
17.25485000000006
 20
29.49446
 42
-0.0005218322499999791
 10
17.25485000000005
 20
29.49256000000003
 10
17.25485000000005
 20
29.49193000000002
 10
17.25485000000005
 20
29.49128999999999
 10
17.25485000000005
 20
29.48971
 10
17.25485000000005
 20
29.48813000000001
 10
17.25485000000005
 20
29.48750000000001
 10
17.25485000000007
 20
29.48685999999998
 42
0.003205208599999465
 10
17.25485000000005
 20
29.48495000000003
 10
17.25485000000005
 20
29.48369000000002
 10
17.25485000000002
 20
29.48241999999999
 42
0.0001626529199998117
 10
17.25485000000005
 20
29.47861999999999
 10
17.25485000000005
 20
29.47735999999998
 10
17.25485000000005
 20
29.47608000000002
 10
17.25485000000007
 20
29.47482000000002
 42
0.0001622314599998929
 10
17.25485000000005
 20
29.47102000000001
 10
17.25485000000005
 20
29.46974
 10
17.25421000000001
 20
29.46785
 10
17.25360000000002
 20
29.46593999999999
 10
17.25296000000004
 20
29.46404999999999
 10
17.25232000000001
 20
29.46213999999998
 10
17.25168000000004
 20
29.46024
 10
17.25104
 20
29.45834000000002
 10
17.25043000000001
 20
29.45643999999999
 10
17.24979000000003
 20
29.45454000000001
 10
17.24914000000003
 20
29.45263999999997
 10
17.24849999999999
 20
29.45073000000002
 10
17.24788000000002
 20
29.44882999999999
 10
17.24725000000002
 20
29.44693000000001
 10
17.24725000000002
 20
29.44565999999998
 10
17.24725000000002
 20
29.44439
 10
17.24725000000002
 20
29.44313
 10
17.24725000000002
 20
29.44186000000002
 10
17.24725000000002
 20
29.44060000000002
 10
17.24725000000002
 20
29.43932000000001
 10
17.24725000000002
 20
29.43806000000001
 10
17.24725000000002
 20
29.43678999999997
 10
17.24725000000002
 20
29.43552
 10
17.24725
 20
29.43425999999999
 42
-0.0002965584799999654
 10
17.24725000000002
 20
29.43171999999998
 10
17.24661000000005
 20
29.43045000000001
 10
17.24597000000001
 20
29.42917999999997
 10
17.24536000000002
 20
29.42791999999997
 10
17.24472000000004
 20
29.42665
 10
17.24408000000001
 20
29.42538000000002
 10
17.24344000000004
 20
29.42410999999998
 10
17.24280000000003
 20
29.42283999999999
 42
-0.005404541900000569
 10
17.23962000000007
 20
29.41651000000002
 10
17.23964000000002
 20
29.41523999999998
 10
17.23964000000002
 20
29.41397999999998
 10
17.23965
 20
29.41269999999997
 10
17.23964000000002
 20
29.41081000000003
 10
17.23964000000002
 20
29.40890000000002
 10
17.23965
 20
29.40764000000001
 10
17.23965
 20
29.40636999999998
 10
17.23964000000002
 20
29.4051
 10
17.23964000000002
 20
29.40384
 10
17.23965
 20
29.40257000000003
 10
17.23962000000002
 20
29.40131000000002
 10
17.23901000000002
 20
29.40066999999999
 10
17.23837000000005
 20
29.40003000000002
 10
17.23773000000001
 20
29.39940000000001
 10
17.23709000000004
 20
29.39877000000001
 10
17.23648000000004
 20
29.39812999999998
 10
17.23584000000001
 20
29.39749999999998
 10
17.23520000000003
 20
29.39686999999998
 10
17.23456
 20
29.39623
 10
17.23395000000001
 20
29.3956
 10
17.23331000000003
 20
29.39496000000003
 10
17.23266000000002
 20
29.39433000000002
 10
17.23201999999999
 20
29.39368999999999
 10
17.23201999999996
 20
29.39305999999999
 42
0.003674760600000622
 10
17.23202
 20
29.39179999999999
 10
17.23201999999999
 20
29.39116000000001
 10
17.23203000000002
 20
29.38988999999998
 10
17.23203000000002
 20
29.38862
 10
17.23201999999999
 20
29.38799
 10
17.23201999999999
 20
29.38736
 10
17.23201999999999
 20
29.38673
 10
17.23201999999999
 20
29.38609000000002
 10
17.23141
 20
29.38544999999999
 10
17.23077000000002
 20
29.38483000000002
 10
17.23013000000005
 20
29.38418999999999
 10
17.22949000000001
 20
29.38355999999999
 10
17.22888000000002
 20
29.38292000000001
 10
17.22824000000004
 20
29.38229000000001
 10
17.22760000000001
 20
29.38164999999998
 10
17.22696000000003
 20
29.38101999999998
 10
17.22632
 20
29.38038999999998
 10
17.22571000000001
 20
29.37975
 10
17.22507000000003
 20
29.37912
 10
17.22442000000002
 20
29.37849
 10
17.22378000000005
 20
29.37659000000002
 10
17.22317
 20
29.37468000000001
 10
17.22253000000001
 20
29.37277999999997
 42
-0.4142619299991019
 10
17.22064000000002
 20
29.36707999999999
 10
17.22000000000004
 20
29.36516999999998
 10
17.21936000000001
 20
29.36327999999997
 10
17.21872000000003
 20
29.36137000000002
 10
17.21808
 20
29.35946999999999
 10
17.21747000000001
 20
29.35757000000001
 10
17.21683000000003
 20
29.35566999999998
 10
17.21619
 20
29.35377
 10
17.21557000000003
 20
29.35185999999999
 10
17.21493
 20
29.34996000000001
 10
17.21429000000002
 20
29.34807000000001
 10
17.21365000000004
 20
29.34616
 10
17.21302000000004
 20
29.34426000000002
 10
17.21239000000004
 20
29.34235999999999
 10
17.21176000000004
 20
29.34046000000001
 10
17.21112000000001
 20
29.33855
 10
17.21048000000003
 20
29.33665000000002
 10
17.20987000000004
 20
29.33474999999999
 10
17.20923000000001
 20
29.33285999999998
 10
17.20859000000003
 20
29.33094999999997
 10
17.20795
 20
29.32906000000003
 10
17.20730000000005
 20
29.32715000000002
 10
17.20668999999999
 20
29.32524999999998
 10
17.20605000000001
 20
29.32333999999997
 42
-0.2840716999995145
 10
17.20416000000002
 20
29.31763999999998
 10
17.20352000000004
 20
29.31572999999997
 10
17.20288000000001
 20
29.31384000000003
 10
17.20224000000003
 20
29.31193999999999
 10
17.2016
 20
29.31004000000001
 10
17.19971
 20
29.30718999999999
 10
17.19781000000006
 20
29.30432999999998
 42
-0.1622941800005571
 10
17.19400000000003
 20
29.29863
 10
17.19275
 20
29.29673000000003
 10
17.19147
 20
29.29482999999999
 10
17.19020999999999
 20
29.29291999999998
 10
17.18893000000004
 20
29.29102
 10
17.18768000000001
 20
29.28912000000003
 10
17.18640000000001
 20
29.28721999999999
 10
17.18640000000001
 20
29.28595000000001
 10
17.18640000000001
 20
29.28467999999998
 10
17.18640000000001
 20
29.28341999999998
 10
17.18640000000001
 20
29.28215
 10
17.18640000000001
 20
29.28088000000002
 10
17.18640000000001
 20
29.27962000000002
 10
17.18640000000001
 20
29.27834999999999
 10
17.1864
 20
29.27708000000001
 42
0.03109079199999733
 10
17.18640000000001
 20
29.27454999999998
 10
17.18640000000001
 20
29.27328
 10
17.18640000000001
 20
29.27202
 10
17.18576000000003
 20
29.27073999999999
 10
17.18482000000002
 20
29.26884000000001
 10
17.18387000000003
 20
29.26693999999998
 10
17.18322999999999
 20
29.26567
 10
17.18259999999999
 20
29.26440000000002
 10
17.18196999999999
 20
29.26314000000002
 10
17.18133000000002
 20
29.26186999999999
 10
17.18069000000003
 20
29.26060000000001
 42
-0.05987406099998637
 10
17.17880000000004
 20
29.25680999999997
 10
17.17752000000003
 20
29.25490000000002
 10
17.17627
 20
29.25299999999999
 10
17.17498999999999
 20
29.25110000000001
 10
17.17373999999998
 20
29.24919000000004
 42
0.1164482300006611
 10
17.17119999999996
 20
29.24538999999999
 10
17.16992
 20
29.24349000000001
 10
17.16867000000003
 20
29.24158999999997
 10
17.16738999999998
 20
29.23969000000002
 42
-7.327021900016583e-05
 10
17.16484999999994
 20
29.23589000000002
 10
17.16357000000001
 20
29.23397999999997
 10
17.16357000000001
 20
29.23334999999997
 10
17.16357000000001
 20
29.23271
 10
17.16357000000001
 20
29.23209000000003
 10
17.16357000000002
 20
29.23145
 42
-0.2836430500022667
 10
17.16357000000001
 20
29.23018000000002
 10
17.16357000000001
 20
29.22955000000004
 42
-0.7689778899884476
 10
17.16357000000001
 20
29.22765000000004
 10
17.16357000000001
 20
29.22701000000001
 10
17.16357000000001
 20
29.22638000000001
 10
17.16296000000001
 20
29.22573999999997
 10
17.16232000000004
 20
29.22510999999997
 10
17.16168
 20
29.22447
 10
17.16107000000001
 20
29.22385000000003
 10
17.16043000000003
 20
29.22320999999999
 10
17.15979
 20
29.22257000000002
 10
17.15915000000003
 20
29.22194000000002
 10
17.15850999999999
 20
29.22131000000002
 10
17.1579
 20
29.22066999999998
 10
17.15726000000002
 20
29.22003999999998
 10
17.15661000000001
 20
29.21940999999998
 10
17.15597000000004
 20
29.21877000000001
 10
17.15536000000004
 20
29.21814000000001
 10
17.15472000000001
 20
29.21749999999997
 10
17.15408000000004
 20
29.21686999999997
 10
17.15344
 20
29.21623
 10
17.15283000000001
 20
29.21561000000003
 10
17.15219000000003
 20
29.21496999999999
 10
17.15155
 20
29.21433000000002
 10
17.15091000000002
 20
29.21370000000002
 10
17.15026999999999
 20
29.21307000000002
 10
17.14966
 20
29.21242999999998
 10
17.14902000000002
 20
29.21179999999998
 10
17.14838000000005
 20
29.21116999999998
 42
-0.1164587300000642
 10
17.14838000000005
 20
29.20609999999999
 10
17.14838000000005
 20
29.20483000000002
 10
17.14838000000005
 20
29.20357000000001
 10
17.14838000000005
 20
29.20229999999998
 10
17.14838000000005
 20
29.20103
 10
17.14838000000004
 20
29.19976000000002
 42
-0.1163937199999126
 10
17.14838000000005
 20
29.19722999999999
 10
17.14838000000005
 20
29.19594999999998
 10
17.14838000000005
 20
29.19468999999998
 10
17.14838000000005
 20
29.19342
 10
17.14838000000005
 20
29.19215000000003
 10
17.14838000000005
 20
29.19089000000002
 10
17.14838000000005
 20
29.18961999999999
 10
17.14838000000005
 20
29.18835000000001
 10
17.14838000000005
 20
29.18709000000001
 10
17.14838000000005
 20
29.18581999999997
 42
0.2838924300007746
 10
17.14838000000005
 20
29.18200999999999
 10
17.14838000000005
 20
29.18074999999999
 10
17.14838000000003
 20
29.18011000000001
 42
-0.08058134299976835
 10
17.14838000000007
 20
29.17820999999998
 42
0.1164701399990501
 10
17.14838000000005
 20
29.17694
 10
17.14838000000005
 20
29.17631999999998
 10
17.14838000000005
 20
29.17567000000003
 10
17.14838000000007
 20
29.17505
 42
0.1162939599995485
 10
17.14838000000005
 20
29.17313999999999
 10
17.14838000000005
 20
29.17187999999999
 10
17.14838000000005
 20
29.16996999999998
 10
17.14838000000005
 20
29.16807
 10
17.14838000000005
 20
29.16681
 10
17.14838000000005
 20
29.16554000000002
 10
17.14838000000005
 20
29.16428000000002
 10
17.14838000000005
 20
29.16300000000001
 10
17.14838000000005
 20
29.16174000000001
 10
17.14838000000005
 20
29.16046
 10
17.14838000000005
 20
29.15919000000002
 10
17.14838000000005
 20
29.15793000000002
 10
17.14838000000004
 20
29.15730000000002
 42
0.2839022999994786
 10
17.14838000000005
 20
29.15604000000002
 10
17.14838000000005
 20
29.15539999999999
 10
17.14838000000003
 20
29.15477
 42
0.2842677800015112
 10
17.14838000000005
 20
29.15285999999998
 10
17.14837000000001
 20
29.15222999999997
 10
17.14838000000005
 20
29.15159999999997
 10
17.14838000000005
 20
29.15096
 10
17.14838000000005
 20
29.15033
 10
17.14902000000002
 20
29.14969000000002
 10
17.14966
 20
29.14906000000002
 10
17.15026999999999
 20
29.14841999999999
 10
17.15091000000002
 20
29.14780000000002
 10
17.15155
 20
29.14715999999999
 10
17.15219000000003
 20
29.14652000000001
 10
17.15280000000003
 20
29.14589000000001
 10
17.15344
 20
29.14526000000001
 10
17.15408000000004
 20
29.14461999999997
 10
17.15472000000001
 20
29.14398999999997
 10
17.15533000000001
 20
29.14335999999997
 10
17.15597000000001
 20
29.14272
 42
0.2360588400021703
 10
17.15789999999994
 20
29.13891999999993
 10
17.15850999999999
 20
29.13765000000001
 10
17.15915000000004
 20
29.13637999999998
 42
-0.04938829400003616
 10
17.16104000000003
 20
29.13258000000002
 42
-0.04131396900001776
 10
17.16296000000001
 20
29.12878000000001
 10
17.16357000000001
 20
29.12750999999997
 10
17.16421000000004
 20
29.12688000000003
 10
17.16485000000002
 20
29.12624
 10
17.16550000000002
 20
29.12560999999999
 10
17.16614
 20
29.12497000000002
 10
17.16674999999999
 20
29.12434000000002
 10
17.16739000000003
 20
29.12369999999999
 10
17.16803
 20
29.12308000000002
 10
17.16867000000003
 20
29.12243999999998
 10
17.16928000000003
 20
29.12180999999998
 10
17.16992
 20
29.12117000000001
 10
17.17056000000004
 20
29.12054000000001
 10
17.17120000000001
 20
29.11989999999997
 10
17.17181000000001
 20
29.11926999999997
 10
17.17245000000004
 20
29.11864000000003
 10
17.17309000000002
 20
29.11799999999999
 10
17.17374000000002
 20
29.11736999999999
 10
17.17435000000002
 20
29.11673999999999
 10
17.17498999999999
 20
29.11610000000002
 10
17.17563000000003
 20
29.11547000000002
 10
17.17627
 20
29.11484000000002
 10
17.17691000000003
 20
29.11419999999998
 10
17.17752000000003
 20
29.11356999999998
 10
17.17816000000001
 20
29.11293000000001
 10
17.17880000000004
 20
29.1123
 10
17.17944000000001
 20
29.11165999999997
 10
17.18005000000001
 20
29.11103000000003
 10
17.18069000000004
 20
29.11040000000003
 10
17.18133000000002
 20
29.10975999999999
 10
17.18196999999999
 20
29.10912999999999
 10
17.18259000000002
 20
29.10849999999999
 10
17.18322999999999
 20
29.10786000000002
 10
17.18387000000003
 20
29.10721999999998
 10
17.18451
 20
29.10660000000001
 10
17.18515000000004
 20
29.10595999999998
 10
17.18576000000003
 20
29.10532999999998
 10
17.18640000000001
 20
29.10469000000001
 10
17.18768000000001
 20
29.10406
 10
17.18957000000002
 20
29.10311000000002
 10
17.19147
 20
29.10216000000003
 42
0.0009525802199999649
 10
17.19400000000003
 20
29.10088999999999
 10
17.19528000000004
 20
29.10025999999999
 10
17.19653000000001
 20
29.09962000000002
 10
17.19781
 20
29.09898999999998
 42
0.001448735399999878
 10
17.20035000000003
 20
29.09771999999992
 10
17.20163000000004
 20
29.09708999999998
 10
17.20224000000003
 20
29.09645
 10
17.20288000000001
 20
29.09582999999998
 10
17.20352000000004
 20
29.09518000000003
 10
17.20416000000002
 20
29.09456
 10
17.20477000000001
 20
29.09392000000003
 10
17.20541000000004
 20
29.09329000000002
 10
17.20605000000002
 20
29.09264999999999
 10
17.20668999999999
 20
29.09203000000002
 10
17.20730000000005
 20
29.09138000000002
 10
17.20795
 20
29.09075000000001
 10
17.20859000000003
 20
29.09012000000001
 10
17.20923000000001
 20
29.08949000000001
 42
-0.06666812599998094
 10
17.21176000000004
 20
29.08821999999998
 10
17.21301000000002
 20
29.08759
 42
0.07885194799982558
 10
17.21554000000005
 20
29.08632
 10
17.21683000000003
 20
29.08568000000002
 10
17.21808
 20
29.08505000000002
 10
17.21936000000002
 20
29.08441000000002
 42
-0.1164096700004767
 10
17.22317000000005
 20
29.08251000000007
 10
17.22442000000002
 20
29.08188000000001
 10
17.22571000000001
 20
29.08188000000001
 10
17.22696000000003
 20
29.08188000000001
 10
17.22824000000004
 20
29.08188000000001
 10
17.22949000000001
 20
29.08188000000001
 10
17.23077000000002
 20
29.08188000000001
 10
17.23201999999999
 20
29.08188000000001
 10
17.23331000000003
 20
29.08188000000001
 10
17.23456
 20
29.08188000000001
 42
0.4145575499958689
 10
17.23709000000004
 20
29.08188000000001
 10
17.23837000000005
 20
29.08188000000001
 10
17.23962000000002
 20
29.08188000000001
 10
17.24155000000003
 20
29.08125000000001
 10
17.24344000000004
 20
29.08060999999998
 10
17.24533000000004
 20
29.07997999999998
 42
0.00239077709999961
 10
17.25296000000004
 20
29.07745
 10
17.25485000000005
 20
29.07681000000002
 10
17.25673999999999
 20
29.07616999999999
 10
17.25867000000001
 20
29.07555000000002
 10
17.26056000000001
 20
29.07490999999999
 10
17.26245000000002
 20
29.07427000000001
 10
17.26373000000002
 20
29.07364000000001
 10
17.26497999999999
 20
29.07301
 42
-0.1375373499999398
 10
17.26752
 20
29.07173999999998
 10
17.26880000000001
 20
29.07110999999998
 10
17.27005000000005
 20
29.07047000000003
 42
-0.08064381900019583
 10
17.27386000000004
 20
29.06857000000004
 42
0.1164065999998646
 10
17.27768000000002
 20
29.06666999999997
 42
-0.000887613460000032
 10
17.28146
 20
29.0616
 10
17.28338000000004
 20
29.05907000000002
 10
17.28528000000001
 20
29.05653000000001
 10
17.28717000000002
 20
29.05399
 10
17.28906000000002
 20
29.05146000000002
 42
-0.0006585899100000035
 10
17.29288000000004
 20
29.04638999999997
 10
17.29477000000004
 20
29.04385000000002
 10
17.29669000000003
 20
29.04131999999998
 10
17.29858000000003
 20
29.03877999999997
 10
17.30047000000003
 20
29.03625
 10
17.30176000000002
 20
29.03561000000002
 10
17.30301000000004
 20
29.03498000000002
 10
17.30429
 20
29.03435000000003
 42
0.03109691099998442
 10
17.30807
 20
29.03244999999998
 10
17.30935000000001
 20
29.03181000000001
 10
17.31062000000004
 20
29.03118000000001
 10
17.31189000000002
 20
29.03055000000001
 10
17.31317000000003
 20
29.02990999999998
 42
0.0008257205399998334
 10
17.31570000000001
 20
29.02864
 10
17.31695000000003
 20
29.02737000000002
 10
17.31824000000002
 20
29.02611000000002
 10
17.31949000000004
 20
29.02483999999998
 10
17.32077
 20
29.02357000000001
 10
17.32202000000002
 20
29.02231
 10
17.32330000000003
 20
29.02104000000003
 10
17.32455
 20
29.01976999999999
 10
17.32583000000001
 20
29.01850000000002
 10
17.32709000000001
 20
29.01722999999998
 10
17.32837000000002
 20
29.01596999999998
 10
17.32961999999999
 20
29.0147
 10
17.3309
 20
29.01343000000003
 10
17.33343000000004
 20
29.01089000000002
 10
17.33597000000005
 20
29.00835999999998
 10
17.33850000000002
 20
29.00583
 10
17.34103
 20
29.00330000000002
 10
17.34357000000001
 20
29.00076000000001
 10
17.34609999999999
 20
28.99822
 10
17.34866000000001
 20
28.99567999999999
 10
17.35119000000005
 20
28.99315000000001
 10
17.35373
 20
28.99061999999998
 10
17.35626000000003
 20
28.98808000000002
 10
17.35879000000001
 20
28.98554999999999
 10
17.36133000000001
 20
28.98302000000002
 42
-6.459920000005673e-05
 10
17.37399
 20
28.9735
 10
17.37652000000004
 20
28.97160000000002
 10
17.37906
 20
28.96969999999999
 10
17.38159000000003
 20
28.96780000000001
 10
17.38414999999999
 20
28.96589999999998
 10
17.38669
 20
28.964
 10
17.38922000000004
 20
28.96210000000002
 10
17.39175000000002
 20
28.96019999999999
 10
17.39429000000003
 20
28.95765999999998
 10
17.39682000000001
 20
28.95512000000002
 10
17.39935000000004
 20
28.95258999999999
 10
17.40188000000002
 20
28.95006000000001
 10
17.40442000000003
 20
28.94752999999997
 10
17.40695000000001
 20
28.94497999999999
 10
17.40948000000004
 20
28.94245000000001
 10
17.41202
 20
28.93991
 10
17.41455000000003
 20
28.93738000000002
 10
17.41708000000001
 20
28.93484000000001
 10
17.41962000000002
 20
28.93230999999997
 10
17.42218000000004
 20
28.92977999999999
 10
17.42471000000002
 20
28.92786999999998
 10
17.42724
 20
28.92597000000001
 10
17.42978000000002
 20
28.92406999999998
 42
0.0004253027699998583
 10
17.43483999999999
 20
28.92027
 42
0.0004246980500000239
 10
17.43991
 20
28.91647
 10
17.44244000000006
 20
28.91457000000004
 42
0.01995818899999625
 10
17.44751000000004
 20
28.91077000000001
 10
17.45004000000002
 20
28.90886
 10
17.45256999999999
 20
28.90696000000003
 10
17.45575000000004
 20
28.90505999999999
 10
17.45891999999999
 20
28.90314999999998
 10
17.46210000000004
 20
28.90125
 10
17.46527000000007
 20
28.89935000000006
 42
0.007857219599998645
 10
17.47159000000001
 20
28.89555000000007
 10
17.47476000000002
 20
28.89364999999998
 10
17.47793000000003
 20
28.89175
 10
17.48111000000002
 20
28.88985000000002
 10
17.48428000000002
 20
28.88794000000001
 42
0.0008318046200000504
 10
17.49060000000004
 20
28.88414999999998
 10
17.49187999999999
 20
28.88287000000003
 10
17.49316
 20
28.88161000000002
 10
17.49441000000003
 20
28.88033999999999
 10
17.49570000000001
 20
28.87907000000001
 10
17.49695000000004
 20
28.87781000000001
 10
17.49822999999999
 20
28.87653999999998
 10
17.49948000000002
 20
28.87527
 10
17.50076000000003
 20
28.87401
 10
17.50201
 20
28.87274000000002
 10
17.50329000000001
 20
28.87148000000002
 10
17.50455000000001
 20
28.87020999999999
 10
17.50583000000002
 20
28.86892999999998
 10
17.50772000000002
 20
28.86829999999998
 10
17.50961000000002
 20
28.86766999999998
 10
17.51153000000001
 20
28.86703
 10
17.51343000000004
 20
28.86639000000002
 10
17.51532000000005
 20
28.86577
 10
17.51724000000003
 20
28.86513000000002
 10
17.51913000000003
 20
28.86448999999998
 42
0.001117132999999939
 10
17.52673
 20
28.86196000000001
 10
17.52862
 20
28.86133000000001
 10
17.53180000000005
 20
28.85942
 10
17.53497000000002
 20
28.85753
 42
0.3312965799993991
 10
17.54132
 20
28.85372999999998
 10
17.54449000000001
 20
28.85181999999998
 10
17.54764000000002
 20
28.84992
 10
17.55081000000003
 20
28.84802000000002
 10
17.55398000000004
 20
28.84611999999998
 10
17.55716000000002
 20
28.84421999999999
 42
0.0006191180699997623
 10
17.56665
 20
28.83852000000002
 10
17.56982000000001
 20
28.83661
 42
-0.06969143399998988
 10
17.57617
 20
28.83280999999999
 10
17.57934000000002
 20
28.83089999999999
 10
17.58252
 20
28.82900000000001
 10
17.58569000000001
 20
28.82709999999997
 10
17.58884000000002
 20
28.8252
 10
17.59201000000006
 20
28.82330000000005
 42
0.0003846150799996967
 10
17.59836000000004
 20
28.81950000000006
 10
17.60153000000004
 20
28.81760000000003
 10
17.60469999999999
 20
28.81569000000002
 10
17.60785
 20
28.81380000000001
 10
17.61102
 20
28.81188999999999
 42
0.000462294240000109
 10
17.61737000000001
 20
28.80808999999999
 10
17.62054000000002
 20
28.80619000000002
 10
17.62372000000001
 20
28.80428999999998
 10
17.62689000000001
 20
28.80238000000001
 42
0.0005696070799998948
 10
17.63638000000005
 20
28.79667999999998
 10
17.63956000000003
 20
28.79478
 10
17.64273000000004
 20
28.79288000000003
 10
17.64462000000004
 20
28.79160999999998
 42
0.0004078241400002163
 10
17.64844000000001
 20
28.78908000000001
 10
17.65033000000001
 20
28.78780999999998
 10
17.65222000000001
 20
28.78654
 10
17.65411000000002
 20
28.78528
 10
17.65604000000001
 20
28.78400999999999
 42
0.0004723938800001424
 10
17.65982000000004
 20
28.78147999999993
 10
17.66174000000002
 20
28.78019999999998
 10
17.66363000000003
 20
28.77893999999998
 10
17.66553
 20
28.77767
 10
17.66742000000001
 20
28.77704
 10
17.66933999999999
 20
28.77641
 10
17.67122999999999
 20
28.77576999999999
 42
-0.1479927599993783
 10
17.67505000000001
 20
28.77449999999999
 10
17.67694000000002
 20
28.77386000000001
 10
17.67883000000002
 20
28.77323999999999
 10
17.68075
 20
28.77260000000001
 10
17.68265000000004
 20
28.77197000000001
 10
17.68454000000004
 20
28.77132999999997
 42
-0.1790728700001695
 10
17.68835000000003
 20
28.77006999999998
 10
17.69214000000001
 20
28.7688
 10
17.69595
 20
28.76753000000002
 10
17.69977000000002
 20
28.76627000000002
 10
17.70355000000003
 20
28.76500000000001
 42
-0.0001231830299999232
 10
17.71496000000003
 20
28.76119
 10
17.71878
 20
28.75993
 10
17.72256
 20
28.75864999999999
 10
17.72638000000002
 20
28.75739
 42
0.0009547483500000491
 10
17.73398000000005
 20
28.75484999999998
 10
17.73779000000003
 20
28.75295
 10
17.74158000000001
 20
28.75105000000002
 10
17.74539
 20
28.74914999999998
 42
0.1126612599999289
 10
17.75680000000001
 20
28.74345
 10
17.76058999999998
 20
28.74155
 42
0.1265192400000531
 10
17.77960000000003
 20
28.73203999999998
 10
17.78341999999999
 20
28.73077000000001
 10
17.78723000000004
 20
28.72951
 42
0.0007954174499998387
 10
17.79483
 20
28.72696999999999
 10
17.79861000000001
 20
28.72570000000002
 10
17.80243000000003
 20
28.72442999999998
 10
17.80624000000001
 20
28.72316999999997
 42
0.0007948938899998539
 10
17.81384000000004
 20
28.72063000000002
 10
17.81763000000002
 20
28.71935999999999
 10
17.82144000000001
 20
28.71809000000002
 10
17.82526000000003
 20
28.71683000000002
 10
17.82904000000003
 20
28.71492999999997
 42
0.1164338700000276
 10
17.84045000000005
 20
28.70922000000002
 10
17.84424000000004
 20
28.70732
 42
0.001009879199999927
 10
17.85947000000001
 20
28.69971999999997
 42
-0.3186908099993908
 10
17.87088000000004
 20
28.69402000000003
 42
0.03158788499997373
 10
17.87277000000002
 20
28.69020999999998
 42
0.08056204299996247
 10
17.87594000000005
 20
28.68387
 42
0.7419130000036724
 10
17.87720000000001
 20
28.68133999999997
 42
0.0003209139299999986
 10
17.87848000000004
 20
28.67880000000002
 10
17.87848000000002
 20
28.67689999999999
 42
0.0005870073899999715
 10
17.87848000000004
 20
28.67309999999998
 42
0.1164805100001104
 10
17.87848000000004
 20
28.66930000000002
 10
17.87848000000003
 20
28.66739999999999
 42
0.0216863300000025
 10
17.87848000000004
 20
28.66359
 42
0.2841402499997356
 10
17.87848000000004
 20
28.65787999999998
 10
17.87848000000003
 20
28.65598999999998
 42
0.1480986800004392
 10
17.87848000000004
 20
28.65345000000002
 10
17.87848000000004
 20
28.65217999999999
 10
17.87848000000004
 20
28.65091999999999
 10
17.87848000000004
 20
28.64963999999998
 10
17.87848000000004
 20
28.64774999999997
 10
17.87848000000004
 20
28.64585
 10
17.87848000000004
 20
28.64458000000002
 10
17.87848000000004
 20
28.64330999999999
 10
17.87848000000004
 20
28.64204000000001
 10
17.87848000000004
 20
28.64078000000001
 10
17.87848000000002
 20
28.63887
 42
0.03549029700000959
 10
17.87848000000007
 20
28.62936000000003
 42
-0.1164311500003614
 10
17.87848000000004
 20
28.62556000000001
 10
17.87848000000004
 20
28.62365999999997
 10
17.87848000000004
 20
28.62177000000003
 10
17.87848000000004
 20
28.61986000000002
 10
17.87848000000004
 20
28.61797000000001
 42
-0.1164156100000498
 10
17.87594000000003
 20
28.61288999999999
 10
17.87529999999997
 20
28.61162000000003
 42
-0.01721698699999103
 10
17.87340999999993
 20
28.60782000000003
 42
0.4143114200060122
 10
17.87213000000004
 20
28.60529000000002
 42
-0.001130507700000127
 10
17.87088000000001
 20
28.60275000000001
 10
17.87088000000001
 20
28.60149000000001
 10
17.87088000000001
 20
28.60021999999998
 10
17.87088000000001
 20
28.59895
 10
17.87088000000001
 20
28.59768000000003
 10
17.87088000000001
 20
28.59640999999999
 10
17.87088000000001
 20
28.59514999999999
 10
17.87088000000001
 20
28.59386999999998
 10
17.87088000000001
 20
28.59260999999998
 10
17.87087000000004
 20
28.59134
 10
17.87088000000001
 20
28.59007000000003
 10
17.87088000000001
 20
28.58881000000002
 10
17.87088000000001
 20
28.58753999999999
 10
17.87024000000004
 20
28.58690999999999
 10
17.86960000000001
 20
28.58627000000001
 10
17.86899000000001
 20
28.58562999999998
 10
17.86835000000004
 20
28.58501000000001
 10
17.86770000000003
 20
28.58436999999998
 10
17.86706
 20
28.58373999999998
 10
17.86645
 20
28.5831
 10
17.86581000000002
 20
28.58247
 10
17.86516999999999
 20
28.58183000000002
 10
17.86453000000002
 20
28.58120000000002
 10
17.86389000000004
 20
28.58057000000002
 10
17.86328000000005
 20
28.57992999999999
 10
17.86264000000001
 20
28.57866999999999
 10
17.86169000000002
 20
28.57677000000001
 10
17.86073
 20
28.57486
 10
17.86011000000003
 20
28.57359000000002
 10
17.85947
 20
28.57233000000002
 10
17.85882000000003
 20
28.57105999999996
 42
0.1164197099990347
 10
17.85757000000007
 20
28.56853000000003
 42
0.3349571000028008
 10
17.85565000000004
 20
28.56473
 10
17.84869000000005
 20
28.56725999999998
 10
17.84173
 20
28.56979000000001
 10
17.83475
 20
28.57233000000002
 10
17.82779000000001
 20
28.57486
 10
17.82080000000003
 20
28.57738999999998
 10
17.81384000000006
 20
28.57993000000002
 42
0.0002617245299999737
 10
17.78595000000004
 20
28.59007000000008
 10
17.77899000000004
 20
28.59260999999998
 10
17.77200000000001
 20
28.59514999999999
 10
17.76693999999999
 20
28.59640999999999
 10
17.76187
 20
28.59768000000003
 10
17.75680000000001
 20
28.59895
 10
17.75171000000002
 20
28.60021999999998
 10
17.74664000000003
 20
28.60149000000001
 10
17.74158000000001
 20
28.60275000000001
 10
17.73651000000002
 20
28.60401999999999
 10
17.73144000000003
 20
28.60529000000002
 10
17.72638000000002
 20
28.60655000000002
 42
-0.001108899599999943
 10
17.71625000000002
 20
28.60908999999998
 10
17.71118000000003
 20
28.61034999999998
 10
17.70801000000002
 20
28.61099000000002
 10
17.70483000000003
 20
28.61162000000002
 10
17.70166000000001
 20
28.61225999999996
 42
0.008194092299999647
 10
17.67630000000004
 20
28.61731999999995
 10
17.67312
 20
28.61795999999998
 10
17.67059000000002
 20
28.61858999999998
 10
17.66807000000001
 20
28.61923000000002
 10
17.66553
 20
28.61986000000002
 10
17.66298999999999
 20
28.62049999999999
 10
17.66046000000001
 20
28.62112
 42
-0.1164236100002708
 10
17.65539000000003
 20
28.62239999999997
 10
17.65286000000005
 20
28.62303000000003
 10
17.65033000000001
 20
28.62365999999997
 10
17.64780000000004
 20
28.62430000000002
 42
-0.0004779211600001027
 10
17.64273000000004
 20
28.62556000000001
 10
17.6402
 20
28.62620000000003
 42
-0.0004135601499999112
 10
17.62243999999997
 20
28.63063000000004
 42
-0.0003592714700001703
 10
17.61230000000002
 20
28.63317000000001
 10
17.60913000000001
 20
28.63380000000003
 42
-0.001047870699999976
 10
17.60278000000001
 20
28.63506999999998
 10
17.59961
 20
28.63569999999999
 10
17.59643000000001
 20
28.63634000000002
 10
17.59329000000004
 20
28.63697999999999
 10
17.59012000000003
 20
28.63761
 10
17.58694000000004
 20
28.63824
 10
17.58377000000002
 20
28.63887999999995
 42
-0.001347171600000037
 10
17.57428
 20
28.64078000000001
 10
17.57175000000002
 20
28.64141000000001
 10
17.56921000000001
 20
28.64204000000001
 10
17.56668000000003
 20
28.64267000000001
 42
-0.284148730001714
 10
17.56157999999994
 20
28.64393999999992
 42
0.1305222399998485
 10
17.55398000000005
 20
28.64584000000005
 42
0.03109765500001708
 10
17.54639000000005
 20
28.64775000000003
 10
17.54385000000003
 20
28.64837999999997
 10
17.54132
 20
28.64902
 42
-0.0005178112000000334
 10
17.53625000000001
 20
28.65028000000001
 10
17.53372000000003
 20
28.65091999999999
 10
17.53119
 20
28.65154999999999
 10
17.52862
 20
28.65217999999999
 10
17.52609000000002
 20
28.65282000000002
 10
17.52356000000005
 20
28.65346
 10
17.52103000000002
 20
28.65408000000006
 42
0.02819030300001553
 10
17.51343000000004
 20
28.65599000000003
 10
17.51025
 20
28.65726000000001
 10
17.50708000000006
 20
28.65852000000005
 42
-0.0002804776000003302
 10
17.49124
 20
28.66486000000003
 10
17.48807000000001
 20
28.66611999999998
 10
17.48489000000002
 20
28.66739999999999
 10
17.48174999999999
 20
28.66866
 42
-0.07399501999993725
 10
17.47539999999999
 20
28.6712
 10
17.47287000000002
 20
28.67183000000001
 42
-0.02767083499999428
 10
17.46780000000003
 20
28.67309999999998
 10
17.46527000000005
 20
28.67374000000003
 42
-0.05471664599996339
 10
17.4602
 20
28.67500000000001
 10
17.45764000000004
 20
28.67563000000001
 10
17.45510999999999
 20
28.67627000000002
 42
2.126315299998001e-05
 10
17.44498
 20
28.67880000000007
 10
17.44244000000005
 20
28.67944
 10
17.43991000000002
 20
28.68007000000001
 42
-0.009863605099998951
 10
17.43484000000002
 20
28.68133999999998
 10
17.43231000000004
 20
28.68198000000001
 42
0.02230163500000091
 10
17.42471000000001
 20
28.68387000000002
 42
-0.0002408687499999036
 10
17.41455000000003
 20
28.68641000000002
 10
17.41141
 20
28.68768
 10
17.40823000000002
 20
28.68894
 10
17.40506000000001
 20
28.69022000000001
 10
17.40188000000002
 20
28.69148000000001
 10
17.39871000000001
 20
28.69274999999999
 10
17.39554
 20
28.69402000000002
 10
17.39238999999999
 20
28.69528000000003
 10
17.38922000000004
 20
28.69655
 10
17.38605000000003
 20
28.69781
 10
17.38287000000004
 20
28.69907999999998
 10
17.37970000000003
 20
28.70035000000001
 10
17.37652000000004
 20
28.70161000000002
 10
17.37399000000001
 20
28.70226000000002
 10
17.37146000000003
 20
28.70289000000002
 10
17.36892999999999
 20
28.70352000000002
 42
-0.08061749800003735
 10
17.36133000000002
 20
28.70542
 10
17.35879000000001
 20
28.70605
 10
17.35626000000003
 20
28.70668999999997
 42
-0.00116233410000004
 10
17.34866000000001
 20
28.70859000000002
 10
17.34613000000003
 20
28.70922000000002
 10
17.34357000000002
 20
28.71049000000001
 42
-0.002028326399999947
 10
17.33850000000002
 20
28.71303
 10
17.33597000000005
 20
28.71429000000001
 10
17.33343000000004
 20
28.71555999999998
 10
17.3309
 20
28.71683000000002
 10
17.32837000000002
 20
28.71809000000002
 10
17.32583000000004
 20
28.71936000000005
 42
-0.0007408515599999283
 10
17.31824000000002
 20
28.72316000000006
 10
17.31570000000001
 20
28.72442999999998
 10
17.31000000000003
 20
28.72633000000005
 42
0.0212286160000028
 10
17.29288000000004
 20
28.73204000000004
 10
17.28717000000002
 20
28.73394000000002
 10
17.28146
 20
28.73584
 10
17.27576000000001
 20
28.73775000000001
 10
17.27005000000004
 20
28.73964999999998
 10
17.26434000000002
 20
28.74155000000002
 10
17.25867
 20
28.74345000000002
 42
6.498570400004123e-05
 10
17.24725000000002
 20
28.74725000000001
 10
17.24472000000004
 20
28.74851999999998
 10
17.24219000000001
 20
28.74979000000002
 10
17.23962000000002
 20
28.75105000000002
 10
17.23709000000006
 20
28.75232000000003
 42
0.008330587400001248
 10
17.22696000000003
 20
28.75739000000004
 10
17.22442000000002
 20
28.75866000000002
 10
17.22189000000004
 20
28.75993
 10
17.21936000000001
 20
28.76119
 10
17.21683000000003
 20
28.76245999999998
 10
17.21365000000003
 20
28.76372999999998
 42
-0.00215829999999995
 10
17.20099000000004
 20
28.7688
 42
1.971381700005579e-05
 10
17.19147000000005
 20
28.77260000000003
 42
-0.001322104600000114
 10
17.18511999999999
 20
28.77512999999992
 42
-0.001320507699999929
 10
17.17880000000004
 20
28.77767
 10
17.17374000000002
 20
28.78019999999998
 10
17.16867000000003
 20
28.78275000000002
 10
17.16357000000001
 20
28.78528
 10
17.15850999999999
 20
28.78780999999997
 42
-0.1200729200000373
 10
17.13824000000001
 20
28.79795000000001
 42
-0.06132437300000831
 10
17.12302000000001
 20
28.80556000000001
 10
17.11795000000002
 20
28.80808999999999
 10
17.11224
 20
28.81061999999997
 10
17.10654000000001
 20
28.81315999999998
 10
17.10083000000007
 20
28.81570000000004
 42
-0.0002163430700001436
 10
17.08373999999999
 20
28.82330000000007
 10
17.07803000000002
 20
28.82584
 42
0.000287944740000008
 10
17.06662
 20
28.83089999999996
 42
0.07299301499996852
 10
17.04950000000005
 20
28.83851999999996
 42
-0.3297992200004956
 10
17.03430000000004
 20
28.84611999999998
 10
17.02923
 20
28.84865000000002
 10
17.02417000000005
 20
28.85118999999999
 42
0.02289903600000175
 10
17.00387000000002
 20
28.8613300000001
 42
-8.390199899991492e-05
 10
16.98868000000004
 20
28.86893000000003
 10
16.98297000000004
 20
28.87146999999999
 10
16.97726000000002
 20
28.87400000000002
 10
16.97156000000003
 20
28.87653999999997
 42
-0.005766067700000157
 10
16.96014000000004
 20
28.88161000000002
 10
16.95443999999999
 20
28.88414
 10
16.94873000000004
 20
28.88666999999996
 42
-0.4142258300001202
 10
16.93732000000001
 20
28.89175
 10
16.93164000000003
 20
28.89429000000001
 10
16.92593000000001
 20
28.89681999999999
 10
16.92023000000002
 20
28.89935000000003
 10
16.91769000000001
 20
28.90062
 10
16.91516000000003
 20
28.90188999999998
 10
16.91262999999996
 20
28.90314999999994
 42
-0.0001311875599999347
 10
16.90753000000002
 20
28.90568999999994
 10
16.90500000000004
 20
28.90696000000003
 10
16.90246000000003
 20
28.90823
 10
16.89993
 20
28.90949000000001
 10
16.89740000000002
 20
28.91075999999998
 10
16.89487000000004
 20
28.91203000000002
 10
16.89233000000003
 20
28.91329999999999
 10
16.88979999999999
 20
28.91457000000003
 10
16.88663000000004
 20
28.91647
 10
16.88345
 20
28.91836999999998
 42
0.1164616999999926
 10
16.87713000000004
 20
28.92216999999999
 10
16.87396000000003
 20
28.92406999999997
 10
16.87079
 20
28.92596999999999
 42
0.006492726999999526
 10
16.86444000000002
 20
28.92977999999999
 10
16.86127
 20
28.93167
 10
16.85812
 20
28.93358000000001
 10
16.85495000000004
 20
28.93547999999998
 10
16.85177
 20
28.93738000000004
 42
-0.2162833699997371
 10
16.84164000000001
 20
28.94245000000001
 10
16.83655000000001
 20
28.94497999999999
 42
0.6682468699979446
 10
16.82641000000002
 20
28.95006000000001
 10
16.82135000000001
 20
28.95258999999999
 10
16.81628000000002
 20
28.95512000000002
 10
16.81122000000001
 20
28.95765999999998
 10
16.80615000000002
 20
28.96019999999999
 10
16.80109
 20
28.96273000000002
 10
16.79599000000003
 20
28.96526999999998
 10
16.79092000000004
 20
28.96780000000001
 10
16.78522
 20
28.97097000000002
 10
16.77381000000004
 20
28.97730999999999
 10
16.76241000000001
 20
28.98363999999998
 42
0.007870684400000156
 10
16.75101000000002
 20
28.98998
 10
16.7453
 20
28.99315999999999
 10
16.73959000000006
 20
28.99632000000006
 42
0.05472292700002555
 10
16.72247
 20
29.00583000000006
 10
16.71994000000002
 20
29.00772999999998
 10
16.71741000000003
 20
29.00963
 42
0.001114479299999859
 10
16.71234
 20
29.01344
 10
16.70981000000002
 20
29.01533999999998
 10
16.70727000000001
 20
29.01722999999998
 10
16.70474000000003
 20
29.01913000000002
 10
16.70220999999998
 20
29.02102999999998
 42
0.001493716999999989
 10
16.69458000000004
 20
29.02674999999999
 10
16.69208000000005
 20
29.02864
 10
16.6889
 20
29.02990999999997
 10
16.68572999999999
 20
29.03116999999996
 42
0.1667807099999699
 10
16.66354000000003
 20
29.04005000000001
 10
16.66037000000001
 20
29.04131999999998
 10
16.65719000000003
 20
29.04259000000002
 10
16.65405
 20
29.04385000000002
 10
16.65149000000002
 20
29.04574999999997
 42
-0.1213716000002839
 10
16.64641999999998
 20
29.04955999999999
 10
16.64389000000001
 20
29.05146000000002
 10
16.64136000000003
 20
29.05336
 10
16.63882000000002
 20
29.05525999999998
 10
16.63629000000004
 20
29.05716
 42
-0.08993244500003399
 10
16.62363000000001
 20
29.06666999999999
 10
16.62170000000005
 20
29.06857000000002
 10
16.61981000000004
 20
29.07047
 10
16.61792000000004
 20
29.07236999999998
 10
16.61603000000004
 20
29.07427000000001
 10
16.61410000000002
 20
29.07616999999999
 10
16.61221000000002
 20
29.07808
 10
16.61032000000002
 20
29.07997999999998
 10
16.60840000000003
 20
29.08188000000001
 10
16.60651000000003
 20
29.08377999999999
 10
16.60460999999999
 20
29.08568000000002
 10
16.60269000000001
 20
29.08758999999998
 10
16.60080000000001
 20
29.08949000000001
 10
16.59699999999999
 20
29.09138999999999
 10
16.59319000000001
 20
29.09329000000002
 10
16.59066999999999
 20
29.09455999999997
 42
0.0002755732300000269
 10
16.58307000000003
 20
29.09835999999995
 42
0.1520908900000448
 10
16.57544000000001
 20
29.10216
 42
0.001273885600000005
 10
16.57037000000004
 20
29.10469999999998
 10
16.56784
 20
29.10660000000001
 10
16.56531000000003
 20
29.10849999999999
 10
16.56277000000001
 20
29.11040000000003
 10
16.56024000000004
 20
29.1123
 10
16.55771
 20
29.11419999999998
 10
16.55517000000005
 20
29.11610000000002
 10
16.55264000000001
 20
29.11799999999999
 10
16.55011000000003
 20
29.11989999999997
 10
16.54758
 20
29.12180999999998
 10
16.54504000000004
 20
29.12369999999997
 42
0.0002186676000000226
 10
16.53995000000005
 20
29.12752
 10
16.53805000000001
 20
29.12941000000001
 10
16.53616000000001
 20
29.13130999999998
 10
16.53424000000003
 20
29.13321999999999
 10
16.53235000000002
 20
29.13511999999997
 10
16.53046000000002
 20
29.13702000000001
 10
16.52856000000004
 20
29.13891999999998
 10
16.52664
 20
29.14082000000002
 10
16.52475
 20
29.14272
 10
16.52285999999999
 20
29.14461999999997
 10
16.52093000000004
 20
29.14652999999998
 10
16.51904000000003
 20
29.14841999999999
 10
16.51715000000003
 20
29.15033
 10
16.51526000000003
 20
29.15222
 10
16.51333000000001
 20
29.15413000000001
 10
16.51144000000001
 20
29.15602999999999
 10
16.50952000000002
 20
29.15794
 10
16.50763000000002
 20
29.15983999999997
 10
16.50574000000002
 20
29.16172999999998
 10
16.50384000000004
 20
29.16363999999999
 10
16.50192
 20
29.16552999999999
 10
16.50003
 20
29.16743000000002
 10
16.49813999999999
 20
29.16933999999998
 10
16.49621000000003
 20
29.17124000000001
 10
16.49432000000003
 20
29.17313999999999
 10
16.49243000000003
 20
29.17504000000002
 10
16.49054000000002
 20
29.17694
 10
16.48862000000004
 20
29.17885000000001
 10
16.48672000000001
 20
29.18074999999999
 10
16.48483
 20
29.18265000000002
 10
16.48291000000002
 20
29.18455999999998
 10
16.48102000000002
 20
29.18644999999998
 10
16.47912000000004
 20
29.18835000000001
 10
16.4772
 20
29.19024999999999
 10
16.47530999999999
 20
29.19215000000003
 10
16.47342000000005
 20
29.19405999999998
 10
16.47153000000004
 20
29.19594999999998
 10
16.47024
 20
29.19785999999999
 10
16.46896000000003
 20
29.19977000000003
 42
-0.0004085758500002628
 10
16.46518000000011
 20
29.20547
 42
-0.0003231476199999024
 10
16.46265000000003
 20
29.20927000000003
 42
-0.0004089774899997997
 10
16.45882999999998
 20
29.21496999999999
 10
16.45758000000002
 20
29.21686999999997
 10
16.45630000000001
 20
29.21877999999998
 10
16.45502
 20
29.22005000000001
 10
16.45376
 20
29.22131000000002
 10
16.45251000000003
 20
29.22257999999999
 10
16.45123000000002
 20
29.22385000000003
 10
16.44995000000002
 20
29.22510999999997
 10
16.44870000000004
 20
29.22638000000001
 10
16.44742000000004
 20
29.22764999999998
 10
16.44617000000001
 20
29.22890999999998
 10
16.44488000000003
 20
29.23018000000002
 10
16.44363
 20
29.23145
 10
16.44235000000005
 20
29.23271
 10
16.44110000000002
 20
29.23399000000001
 10
16.43918000000004
 20
29.23651999999998
 10
16.43729000000003
 20
29.23905000000001
 42
-0.0006645566600000509
 10
16.42969000000001
 20
29.24919
 10
16.42779000000003
 20
29.25171999999998
 10
16.42587000000003
 20
29.25425999999998
 42
-0.0001890500400001507
 10
16.41827
 20
29.26440000000002
 10
16.41699000000002
 20
29.26630999999998
 42
-0.06132115899997222
 10
16.41449000000001
 20
29.27010999999999
 10
16.41321000000001
 20
29.27201000000002
 10
16.4113
 20
29.27485999999999
 10
16.40940000000002
 20
29.27771000000001
 10
16.40814
 20
29.27962
 42
-0.1164431600002883
 10
16.40561000000003
 20
29.28341999999997
 42
-0.000282000780000144
 10
16.40307000000003
 20
29.28721999999999
 10
16.40243
 20
29.28912000000003
 10
16.40179000000002
 20
29.29102
 10
16.40115000000004
 20
29.29291999999998
 10
16.40053999999999
 20
29.29482999999999
 10
16.39990000000002
 20
29.29671999999999
 10
16.39926000000004
 20
29.29863
 10
16.39862000000001
 20
29.30052999999998
 10
16.39801000000006
 20
29.30243000000004
 42
-0.0002225183400002032
 10
16.39609000000009
 20
29.30813999999998
 10
16.39545000000001
 20
29.31004000000002
 42
0.0284560070000128
 10
16.39291000000004
 20
29.31384000000003
 10
16.39166000000002
 20
29.31572999999997
 10
16.39037999999999
 20
29.31763999999997
 42
-0.0002843310599998837
 10
16.38785000000003
 20
29.32144
 10
16.38660000000001
 20
29.32335000000001
 42
0.0002931519400001447
 10
16.38150000000003
 20
29.33096
 10
16.38025
 20
29.33285999999998
 10
16.37961000000003
 20
29.33474999999999
 10
16.37898000000003
 20
29.33665000000002
 10
16.37835000000003
 20
29.33855999999997
 10
16.37770999999999
 20
29.34044999999998
 10
16.37707000000002
 20
29.34235999999999
 10
16.37643000000004
 20
29.34426000000002
 10
16.37582000000005
 20
29.34616
 10
16.37518000000001
 20
29.34807000000001
 10
16.37454000000004
 20
29.34996000000001
 10
16.37390000000001
 20
29.35187000000002
 10
16.37329000000001
 20
29.35377999999997
 10
16.37265000000004
 20
29.35566999999998
 10
16.37265000000004
 20
29.35629999999998
 10
16.37264
 20
29.35757000000001
 10
16.37264
 20
29.35883000000001
 10
16.37265000000004
 20
29.35946999999999
 10
16.37265000000004
 20
29.36011000000002
 10
16.37265000000004
 20
29.36074000000002
 10
16.37265000000004
 20
29.36137000000002
 10
16.37265000000004
 20
29.36200000000002
 10
16.37265000000004
 20
29.36264
 10
16.37265000000004
 20
29.36327
 10
16.37329000000001
 20
29.36390999999998
 10
16.37390000000001
 20
29.36455000000001
 10
16.37454000000004
 20
29.36516999999998
 10
16.37518000000001
 20
29.36581000000001
 10
16.37582000000005
 20
29.36644000000001
 10
16.37643000000004
 20
29.36707999999999
 10
16.37707000000002
 20
29.36770999999999
 10
16.37770999999999
 20
29.36835000000002
 10
16.37836
 20
29.36898000000002
 10
16.37897
 20
29.36961000000002
 10
16.37961000000003
 20
29.37025
 10
16.38024999999999
 20
29.37088
 42
-0.001206329199999851
 10
16.38025
 20
29.37594999999999
 10
16.38025
 20
29.37720999999999
 10
16.38025
 20
29.37848000000002
 10
16.38025
 20
29.38038
 10
16.38025
 20
29.38229000000001
 10
16.38025
 20
29.38418999999999
 10
16.38025
 20
29.38609000000002
 10
16.38025
 20
29.38672000000003
 10
16.38025000000003
 20
29.38736
 42
-0.0007661582000001063
 10
16.38025
 20
29.38862999999998
 10
16.38025
 20
29.38925
 10
16.38025
 20
29.39021000000002
 10
16.38025
 20
29.39116000000001
 10
16.38024999999999
 20
29.39179999999999
 42
0.04507058999993722
 10
16.38025
 20
29.39305999999999
 10
16.38025
 20
29.39368999999999
 10
16.38024999999998
 20
29.39433000000002
 42
-0.0007716078700001498
 10
16.38025
 20
29.3956
 10
16.38025
 20
29.39622000000003
 10
16.38025
 20
29.39686999999998
 10
16.38025
 20
29.39780999999999
 10
16.38025
 20
29.39875999999998
 10
16.38025
 20
29.39940000000001
 10
16.38025
 20
29.40035
 10
16.38025
 20
29.40129999999999
 10
16.38025000000002
 20
29.40192999999999
 42
-0.003727158799998771
 10
16.38025
 20
29.40320000000003
 10
16.38025
 20
29.40384
 10
16.38025000000003
 20
29.40445999999997
 42
0.003263792100000209
 10
16.38025
 20
29.40701000000001
 10
16.38025
 20
29.40764000000001
 10
16.38025
 20
29.40825999999998
 10
16.38025
 20
29.40890999999999
 10
16.38025
 20
29.41016999999999
 10
16.38025
 20
29.41144000000003
 10
16.38025
 20
29.41271
 10
16.38025
 20
29.41397999999998
 10
16.38025
 20
29.41523999999998
 10
16.38024999999999
 20
29.41651
 42
-0.5576967799995239
 10
16.38025
 20
29.42032000000001
 42
-0.6179447599950126
 10
16.38025
 20
29.42284999999998
 10
16.38025
 20
29.42412000000002
 10
16.38025
 20
29.42473999999999
 10
16.38025
 20
29.42538000000002
 10
16.38025
 20
29.42601999999999
 10
16.38025000000001
 20
29.42665
 42
-0.4139107999960328
 10
16.38025
 20
29.42854999999997
 10
16.38025
 20
29.42919000000001
 10
16.38025
 20
29.42982000000001
 10
16.38025
 20
29.43045000000001
 10
16.38025
 20
29.43108999999998
 10
16.38025
 20
29.43171999999998
 10
16.38025
 20
29.43266999999997
 10
16.38025
 20
29.43362000000002
 10
16.38025
 20
29.43425000000002
 10
16.38025
 20
29.43489
 10
16.38025
 20
29.43552
 10
16.38025
 20
29.43615999999997
 10
16.38025
 20
29.43678
 10
16.38025
 20
29.43741999999997
 10
16.38025
 20
29.43806000000001
 10
16.38025
 20
29.43869000000001
 10
16.38025
 20
29.43932000000001
 10
16.37961000000003
 20
29.43995999999999
 10
16.37897
 20
29.44058999999999
 10
16.37836
 20
29.44123000000002
 10
16.37770999999999
 20
29.44186000000002
 10
16.37707000000002
 20
29.4425
 10
16.37646000000002
 20
29.44312000000002
 10
16.37582000000005
 20
29.44376
 10
16.37518000000001
 20
29.44439999999997
 10
16.37454000000004
 20
29.44502999999997
 10
16.37390000000001
 20
29.44565999999998
 10
16.37329000000001
 20
29.44630000000001
 10
16.37265000000004
 20
29.44693000000001
 10
16.37265000000004
 20
29.44756999999999
 42
-0.41411834999627
 10
16.37265000000004
 20
29.44945999999999
 10
16.37265000000004
 20
29.45010000000002
 42
0.0008532437999997673
 10
16.37265000000004
 20
29.45326999999997
 10
16.37265000000004
 20
29.45389999999998
 10
16.37265000000003
 20
29.45454000000001
 42
-0.4887042000016482
 10
16.37265000000004
 20
29.45580000000001
 10
16.37265000000004
 20
29.45643999999999
 10
16.37264
 20
29.45706999999999
 10
16.37264
 20
29.45771000000002
 10
16.37265000000004
 20
29.45834000000002
 10
16.37265000000004
 20
29.45897000000002
 10
16.37265000000004
 20
29.45961
 42
-0.4897428500014909
 10
16.37265000000004
 20
29.46087999999997
 10
16.37265000000004
 20
29.4615
 10
16.37265000000004
 20
29.46213999999998
 10
16.37201
 20
29.46213999999998
 10
16.37137000000003
 20
29.46213999999998
 10
16.37072999999999
 20
29.46213999999998
 10
16.37012
 20
29.46213999999998
 10
16.36946999999999
 20
29.46213999999998
 10
16.36789
 20
29.46213999999998
 10
16.36631000000001
 20
29.46213999999998
 10
16.36566000000001
 20
29.46213999999998
 10
16.36505000000001
 20
29.46213999999998
 10
16.36505000000001
 20
29.46278000000001
 10
16.36505000000001
 20
29.46341000000001
 10
16.36505000000001
 20
29.46404000000001
 10
16.36504000000004
 20
29.46467000000001
 10
16.36504000000004
 20
29.46530999999999
 10
16.36505000000001
 20
29.46593999999999
 10
16.36505000000006
 20
29.46658000000002
 42
0.00042517062
  0
LWPOLYLINE
  5
A7
100
AcDbEntity
  8
Layer_0
  6
ByLayer
 62
    7
370
   -1
100
AcDbPolyline
 90
  482
 70
    1
 43
0
 10
19.28545000000004
 20
31.92624000000001
 10
19.28545000000004
 20
31.92433999999997
 10
19.28545000000004
 20
31.92243000000002
 10
19.28546000000001
 20
31.92052999999999
 10
19.28546000000004
 20
31.91863000000001
 42
0.001594107499999643
 10
19.28546000000001
 20
31.91293000000002
 10
19.28546000000001
 20
31.91102999999998
 10
19.28546000000001
 20
31.90913
 10
19.28545000000004
 20
31.90627000000001
 10
19.28545000000003
 20
31.90341999999998
 42
0.04003774600000058
 10
19.29306000000004
 20
31.77413000000001
 10
19.28924000000002
 20
31.77032000000003
 10
19.28546000000001
 20
31.76652999999999
 10
19.28165000000003
 20
31.76272999999998
 10
19.27783000000001
 20
31.75891999999999
 10
19.27405
 20
31.75511999999998
 10
19.27023000000004
 20
31.75130999999999
 10
19.26645000000003
 20
31.74750999999998
 10
19.26263000000002
 20
31.74371000000002
 10
19.25882000000003
 20
31.73991000000001
 10
19.25503000000005
 20
31.73611
 10
19.25122
 20
31.73230000000001
 10
19.24744000000003
 20
31.72849999999997
 42
0.006660263199999358
 10
19.24173000000009
 20
31.72089
 10
19.23980999999999
 20
31.71836000000002
 10
19.23791000000001
 20
31.71582999999998
 10
19.23602000000001
 20
31.71328999999997
 10
19.23410000000003
 20
31.71075000000002
 10
19.23221000000002
 20
31.70821999999998
 10
19.23031000000005
 20
31.70569
 10
19.22839000000001
 20
31.70316000000002
 42
0.004565431699999838
 10
19.22461
 20
31.69808
 10
19.22015
 20
31.69301000000002
 10
19.21573000000002
 20
31.68794000000003
 10
19.21130000000001
 20
31.68286999999998
 10
19.20685000000005
 20
31.67779999999999
 10
19.20242000000003
 20
31.67273
 10
19.19799999999999
 20
31.66766000000001
 10
19.19354
 20
31.66259000000002
 10
19.18912000000002
 20
31.65751999999998
 10
19.18469
 20
31.65244999999999
 10
19.18024000000004
 20
31.64738
 10
19.17581000000003
 20
31.64229999999998
 10
19.17135000000003
 20
31.63724000000002
 10
19.16946000000003
 20
31.63533999999999
 10
19.16757000000003
 20
31.63344000000001
 10
19.16568000000002
 20
31.63153999999997
 10
19.16376000000004
 20
31.62963999999999
 10
19.16186
 20
31.62772999999999
 10
19.15997
 20
31.62583000000001
 10
19.15805000000002
 20
31.62392999999997
 10
19.15616000000001
 20
31.62202000000002
 10
19.15427000000001
 20
31.62011999999999
 10
19.15234
 20
31.61822999999998
 10
19.15044999999999
 20
31.61633
 10
19.14856000000005
 20
31.61443000000003
 10
19.14349
 20
31.60935000000001
 10
19.13843000000004
 20
31.60428000000002
 10
19.13333000000002
 20
31.59921000000003
 10
19.12826000000003
 20
31.59415000000001
 10
19.12320000000001
 20
31.58906999999999
 10
19.11813000000002
 20
31.584
 10
19.11307000000001
 20
31.57893000000001
 10
19.10800000000002
 20
31.57386000000002
 10
19.10293000000003
 20
31.56878999999998
 10
19.09784000000003
 20
31.56371999999999
 10
19.09277000000004
 20
31.55865
 10
19.08771000000003
 20
31.55358000000001
 10
19.08581
 20
31.55167999999998
 10
19.08391999999999
 20
31.54977000000002
 10
19.08200000000001
 20
31.54786999999999
 10
19.08011
 20
31.54597000000001
 10
19.07822
 20
31.54408000000001
 10
19.07629000000004
 20
31.54217999999997
 10
19.07440000000004
 20
31.54027000000002
 10
19.07251000000004
 20
31.53838000000002
 10
19.07059
 20
31.53647000000001
 10
19.06869000000002
 20
31.53456999999997
 10
19.06680000000001
 20
31.53267
 10
19.06491000000001
 20
31.53075999999999
 10
19.06235
 20
31.52760000000001
 10
19.05981000000004
 20
31.52442000000002
 10
19.05729000000004
 20
31.52125999999998
 10
19.05475000000001
 20
31.51808999999999
 42
-0.0009492507900001417
 10
19.04714999999999
 20
31.50857999999999
 10
19.04460999999999
 20
31.50542000000002
 10
19.04208000000001
 20
31.50225
 10
19.03955000000006
 20
31.49907999999997
 42
0.006360058199999324
 10
19.03448000000004
 20
31.49274000000003
 10
19.03195000000001
 20
31.49020000000002
 10
19.02942000000003
 20
31.48766999999998
 10
19.02685000000004
 20
31.48513000000003
 10
19.02432
 20
31.48259999999999
 10
19.02179000000002
 20
31.48005999999998
 10
19.01926000000005
 20
31.47753
 10
19.01672000000003
 20
31.47498999999999
 10
19.01419
 20
31.47246000000001
 10
19.01166000000002
 20
31.46992
 10
19.00912000000001
 20
31.46739000000002
 10
19.00659000000003
 20
31.46485000000001
 10
19.00406
 20
31.46231999999998
 10
18.99963000000004
 20
31.45724000000001
 10
18.99517999999996
 20
31.45218000000001
 42
-2.680650700013607e-05
 10
18.98629999999997
 20
31.44203999999993
 10
18.98187000000006
 20
31.43696999999994
 42
0.0001737232999999146
 10
18.95968000000005
 20
31.41161000000001
 42
0.01067502000000049
 10
18.95079999999984
 20
31.4014699999999
 42
8.47426329984326e-06
 10
18.92865000000016
 20
31.37613000000022
 42
0.0001895932799999548
 10
18.91088999999997
 20
31.35584000000001
 42
0.0002996061000000043
 10
18.89758000000003
 20
31.34063999999999
 42
0.0005002468899999595
 10
18.87540000000005
 20
31.31527999999997
 42
0.0003245773000000307
 10
18.85766000000002
 20
31.29500000000002
 10
18.85100000000001
 20
31.28739999999999
 10
18.84434
 20
31.27978999999999
 10
18.83990000000001
 20
31.27535
 10
18.83548000000003
 20
31.27091999999999
 10
18.83102000000004
 20
31.26648
 10
18.8266
 20
31.26204999999999
 10
18.82217000000004
 20
31.25761
 10
18.81772000000002
 20
31.25317000000001
 10
18.81329000000001
 20
31.24873000000002
 10
18.80887000000003
 20
31.24430000000001
 10
18.80441000000003
 20
31.23986000000002
 10
18.79998999999999
 20
31.23543000000001
 10
18.79553
 20
31.23099000000002
 10
18.79111000000002
 20
31.22654999999997
 10
18.77780000000003
 20
31.21578
 10
18.76449000000004
 20
31.20501000000002
 10
18.75119000000002
 20
31.19423
 10
18.73788000000003
 20
31.18346000000003
 10
18.72455000000004
 20
31.17268000000001
 10
18.71124000000005
 20
31.16190999999998
 10
18.69794000000003
 20
31.15114
 10
18.68463000000004
 20
31.14037000000002
 10
18.67131999999999
 20
31.12959000000001
 10
18.65802000000004
 20
31.11882000000003
 10
18.64471000000005
 20
31.10804000000002
 10
18.63141000000003
 20
31.09726999999998
 10
18.62634000000004
 20
31.09219000000002
 10
18.62125000000005
 20
31.08713
 10
18.61618
 20
31.08204999999998
 10
18.61111000000001
 20
31.07699000000002
 10
18.60605
 20
31.07191
 10
18.60098000000001
 20
31.06684999999999
 10
18.59591999999999
 20
31.06178
 10
18.59085
 20
31.05671000000001
 10
18.58575000000003
 20
31.05164000000002
 10
18.58069000000002
 20
31.04656999999997
 10
18.57562000000003
 20
31.04149999999998
 10
18.57056000000001
 20
31.03642000000002
 10
18.56549000000003
 20
31.03136000000001
 10
18.56042000000004
 20
31.02627999999999
 10
18.55536000000002
 20
31.02122000000003
 10
18.55025999999999
 20
31.01614000000001
 10
18.54520000000004
 20
31.01107999999999
 10
18.54013000000005
 20
31.00599999999997
 10
18.53506
 20
31.00092999999998
 10
18.53000000000004
 20
30.99585999999999
 10
18.52493
 20
30.99079999999998
 10
18.51987000000004
 20
30.98572999999999
 10
18.51477000000001
 20
30.98065000000003
 10
18.50970000000002
 20
30.97559000000001
 10
18.50464000000001
 20
30.97050999999999
 10
18.49957000000002
 20
30.96544
 10
18.49451000000001
 20
30.96037000000001
 10
18.48944000000002
 20
30.95531
 10
18.48437000000003
 20
30.95022999999998
 10
18.47931000000001
 20
30.94515999999999
 10
18.47421000000004
 20
30.94009
 10
18.46915000000003
 20
30.93502000000001
 10
18.46408000000004
 20
30.92995000000002
 10
18.45900999999999
 20
30.92487999999997
 10
18.45395000000003
 20
30.91982000000002
 10
18.44888000000005
 20
30.91473999999999
 10
18.44317000000002
 20
30.90777000000003
 10
18.43747000000003
 20
30.9008
 10
18.43176000000001
 20
30.89382999999998
 10
18.42605000000005
 20
30.88686000000001
 10
18.42035
 20
30.87988000000001
 10
18.41464000000003
 20
30.87290999999999
 10
18.40893000000001
 20
30.86594000000002
 10
18.40323000000002
 20
30.85897
 10
18.39755000000004
 20
30.85199999999998
 10
18.39184000000002
 20
30.84503000000001
 10
18.38614000000003
 20
30.83805000000001
 10
18.38043
 20
30.83109000000002
 10
18.37536000000001
 20
30.82538
 10
18.37026999999998
 20
30.81968000000004
 42
-0.03678612399998723
 10
18.35507
 20
30.80257000000002
 42
0.0001803810200000005
 10
18.33481000000011
 20
30.77974999999988
 42
0.0005127712100000317
 10
18.31958000000011
 20
30.76262999999997
 42
0.0001248244699999949
 10
18.29422000000001
 20
30.73411999999999
 42
0.0005237240999999767
 10
18.27394999999996
 20
30.71130000000005
 42
0.0003729058300000358
 10
18.26382000000002
 20
30.69988999999998
 10
18.25876000000001
 20
30.69418000000002
 42
0.01273659000000008
 10
18.24858999999997
 20
30.68279000000003
 42
-0.03891871099998693
 10
18.23846000000004
 20
30.67137000000003
 42
0.0007852695299999895
 10
18.22833000000005
 20
30.65996999999999
 42
-0.4021121399994287
 10
18.21816999999997
 20
30.64855999999999
 42
0.0001808032599999688
 10
18.19790999999998
 20
30.62574000000003
 10
18.19598000000003
 20
30.62320999999997
 10
18.19409000000003
 20
30.62067000000002
 10
18.19220000000003
 20
30.61813000000001
 10
18.18744
 20
30.61180000000002
 10
18.18269
 20
30.60545999999999
 42
0.00789425299999964
 10
18.17697
 20
30.59784999999999
 10
18.17508
 20
30.59532000000003
 42
0.1487398600000021
 10
17.90890000000003
 20
30.81587000000002
 10
17.90954000000001
 20
30.81715000000003
 10
17.91015000000002
 20
30.81840999999995
 42
0.2360535600018429
 10
17.91144000000004
 20
30.82094999999998
 10
17.91208000000002
 20
30.82220999999998
 10
17.91302000000003
 20
30.82411000000002
 10
17.91397000000001
 20
30.82601
 42
-0.001116564900000043
 10
17.9165
 20
30.83109000000002
 10
17.91778000000001
 20
30.83235000000002
 10
17.91904000000001
 20
30.83362
 10
17.92032000000002
 20
30.83488
 10
17.92157000000005
 20
30.83614999999998
 10
17.92285
 20
30.83742000000001
 10
17.92410000000002
 20
30.83868000000001
 10
17.92538000000003
 20
30.83996000000002
 10
17.92663
 20
30.84122000000002
 10
17.92792000000004
 20
30.84249
 10
17.92917000000001
 20
30.84375999999997
 10
17.93045000000002
 20
30.84501999999998
 10
17.93169999999999
 20
30.84629999999999
 10
17.93680000000002
 20
30.85262999999998
 10
17.94186000000008
 20
30.85896999999997
 42
-0.0002402980500000315
 10
17.95706000000011
 20
30.87797999999997
 42
-0.0003788941100000812
 10
17.96722000000003
 20
30.89066000000001
 42
-0.007092539299999842
 10
17.98242
 20
30.90967999999998
 10
17.98748999999999
 20
30.91601000000003
 10
17.99255000000001
 20
30.92234999999999
 10
17.99762
 20
30.92867999999999
 10
18.00268000000001
 20
30.93502999999998
 10
18.00778000000004
 20
30.94135999999997
 10
18.01285000000003
 20
30.9477
 10
18.01791000000004
 20
30.95402999999999
 10
18.02298000000003
 20
30.96037000000001
 10
18.02804000000005
 20
30.96670999999998
 10
18.03311000000004
 20
30.97305
 10
18.03818000000005
 20
30.97939000000001
 42
-0.00024001864999999
 10
18.05340000000005
 20
30.99839999999998
 42
-0.0006736745200000495
 10
18.06353999999998
 20
31.01107000000004
 42
-0.0003375118700000294
 10
18.07367000000001
 20
31.02375
 42
-0.005324908799999933
 10
18.08382999999997
 20
31.03642000000004
 42
-0.004972399400000228
 10
18.09396000000001
 20
31.0491
 42
-0.005324106299999859
 10
18.10408999999996
 20
31.06178000000003
 42
-0.0007028279600000495
 10
18.11425999999996
 20
31.07445000000007
 10
18.11678000000002
 20
31.07762000000002
 10
18.11931
 20
31.08078999999998
 10
18.12186000000004
 20
31.08395000000002
 10
18.12438999999999
 20
31.08713000000002
 42
-0.004263964300000163
 10
18.13451999999997
 20
31.09980000000002
 10
18.13705
 20
31.10297000000003
 10
18.13959000000002
 20
31.10613999999998
 42
7.436063399996128e-05
 10
18.14465000000003
 20
31.11248000000001
 10
18.14717999999997
 20
31.11565000000001
 42
4.483502700021132e-05
 10
18.15228000000002
 20
31.12198999999999
 10
18.15480999999998
 20
31.12515000000005
 42
-0.002846053000000196
 10
18.15987999999994
 20
31.13148000000007
 10
18.16241000000004
 20
31.13466
 10
18.16494000000002
 20
31.13783000000001
 10
18.16748000000003
 20
31.14100000000002
 10
18.17001
 20
31.14416999999997
 10
18.17255000000002
 20
31.14733999999999
 10
18.17507999999997
 20
31.15051000000002
 42
-0.002845303300000102
 10
18.18014000000001
 20
31.15683999999999
 10
18.18268000000002
 20
31.16001
 10
18.18521000000001
 20
31.16318
 42
-0.003321840300000022
 10
18.19284
 20
31.17268000000001
 10
18.19537000000004
 20
31.17586
 10
18.19790999999999
 20
31.17901999999998
 10
18.20044000000003
 20
31.18218999999999
 10
18.20297000000001
 20
31.18536
 10
18.20550000000005
 20
31.18853000000001
 42
-0.003789376699999938
 10
18.21310000000005
 20
31.19804000000006
 42
-1.40646549999072e-05
 10
18.22070000000005
 20
31.20753999999995
 10
18.22326999999999
 20
31.21070999999995
 42
5.760782899999501e-05
 10
18.23592999999997
 20
31.22655999999997
 10
18.23846000000005
 20
31.22971999999999
 10
18.241
 20
31.23289999999997
 10
18.24353000000004
 20
31.23606000000001
 10
18.24606000000004
 20
31.23923000000003
 42
-2.225556499991751e-05
 10
18.25113000000003
 20
31.24556999999994
 42
-0.002121627599999979
 10
18.25622
 20
31.25189999999998
 10
18.25873000000006
 20
31.25506999999997
 42
-0.0005189119100000643
 10
18.26636000000009
 20
31.26458000000002
 10
18.26761
 20
31.26585
 10
18.26889000000001
 20
31.26711999999998
 10
18.27014000000004
 20
31.26839000000001
 10
18.27141999999999
 20
31.26965000000001
 10
18.27267000000002
 20
31.27091999999999
 10
18.27395000000003
 20
31.27219000000002
 10
18.27521000000003
 20
31.27345000000003
 10
18.27649000000004
 20
31.27472
 10
18.27777000000005
 20
31.27598999999998
 10
18.27902000000002
 20
31.27724999999998
 10
18.28030000000003
 20
31.27852999999999
 10
18.28155
 20
31.27978999999999
 10
18.28219000000003
 20
31.28043000000002
 10
18.28284000000004
 20
31.28106000000002
 10
18.28345000000003
 20
31.28169000000003
 10
18.28409000000001
 20
31.28233
 10
18.28473000000004
 20
31.28296
 10
18.28537000000001
 20
31.28359
 10
18.28601000000005
 20
31.28422999999998
 10
18.28662000000004
 20
31.28487000000001
 10
18.28726000000002
 20
31.28548999999998
 10
18.28789999999999
 20
31.28613000000001
 10
18.28854000000003
 20
31.28676999999999
 10
18.28915000000002
 20
31.28739999999999
 10
18.28979
 20
31.28802999999999
 10
18.29043000000003
 20
31.28867000000002
 10
18.29108000000004
 20
31.28930000000003
 10
18.29169000000003
 20
31.28993000000003
 10
18.29233000000001
 20
31.29057
 10
18.29297000000004
 20
31.2912
 10
18.29361000000002
 20
31.29183
 10
18.29424999999999
 20
31.29246999999998
 10
18.29486000000004
 20
31.29309999999998
 10
18.29550000000002
 20
31.29372999999998
 10
18.29613999999999
 20
31.29437000000001
 10
18.29677999999999
 20
31.29500000000003
 42
-0.004382326300000212
 10
18.30563000000004
 20
31.30641000000001
 42
-0.0002968966999999976
 10
18.31450999999997
 20
31.31782
 42
-0.000325400590000006
 10
18.32339000000004
 20
31.32922000000002
 42
-0.0003252965800000415
 10
18.33226999999999
 20
31.34064000000002
 42
-0.004396298900000073
 10
18.34111999999998
 20
31.35204
 42
-0.004383925600000164
 10
18.35000000000004
 20
31.36345
 10
18.38231000000003
 20
31.40528
 10
18.41464999999999
 20
31.44711000000018
 42
4.099879899964856e-05
 10
18.4577299999998
 20
31.50287999999966
 42
0.3029202400000149
 10
18.52239999999996
 20
31.58652999999998
 10
18.55472000000005
 20
31.62835999999999
 10
18.58704000000002
 20
31.67018999999999
 10
18.60858000000003
 20
31.69808
 10
18.61239000000002
 20
31.70314999999999
 10
18.61617999999996
 20
31.70821999999999
 42
-0.2253264400001111
 10
18.63141000000003
 20
31.7285
 10
18.63519000000002
 20
31.73356999999999
 42
0.0003448386099998387
 10
18.64661
 20
31.74878000000001
 42
0.000674783960000101
 10
18.65420000000009
 20
31.75893000000008
 42
1.281435199977007e-05
 10
18.66179999999997
 20
31.76842999999988
 10
18.66435000000003
 20
31.77159999999998
 10
18.66689000000004
 20
31.77476000000001
 10
18.66943000000002
 20
31.77793999999998
 42
-0.003902904499999854
 10
18.67956000000001
 20
31.79061
 42
-0.002121627599999979
 10
18.68463000000004
 20
31.79694000000001
 10
18.68716000000004
 20
31.80011999999999
 42
-0.1810871599997964
 10
18.69223000000001
 20
31.80646000000002
 10
18.69478999999999
 20
31.80962
 42
-0.3441759500021584
 10
18.70239000000002
 20
31.81914000000005
 42
-0.002122848599999937
 10
18.70746000000007
 20
31.82546999999997
 42
-0.0009702957000000038
 10
18.71506000000001
 20
31.83497999999997
 10
18.71695000000001
 20
31.83688000000001
 10
18.71887
 20
31.83877999999999
 10
18.72076
 20
31.84068000000002
 10
18.72265
 20
31.84258
 10
18.72458000000002
 20
31.84447999999998
 10
18.72647000000002
 20
31.84638000000001
 10
18.72836000000002
 20
31.84827999999999
 10
18.73025000000003
 20
31.85018000000002
 10
18.73218000000004
 20
31.85208
 10
18.73407000000005
 20
31.85399000000001
 10
18.73595999999999
 20
31.85588999999999
 10
18.73788000000003
 20
31.85779000000002
 10
18.74103000000004
 20
31.86160000000001
 10
18.74420000000003
 20
31.86538999999996
 42
-0.002905180199999865
 10
18.7505500000001
 20
31.87299999999993
 10
18.75372
 20
31.8768
 10
18.7569000000001
 20
31.88060999999995
 42
-0.003479472599999743
 10
18.76639000000011
 20
31.89200999999994
 42
-0.002920323899999872
 10
18.7727300000001
 20
31.89961999999997
 10
18.77591000000002
 20
31.90341999999998
 10
18.77905000000002
 20
31.90723000000001
 42
-0.002329027699999983
 10
18.7854
 20
31.91482999999999
 10
18.78857000000001
 20
31.91863000000001
 10
18.79174999999998
 20
31.92244000000001
 42
-0.002901837700000064
 10
18.79809000000002
 20
31.93004000000002
 10
18.80124000000002
 20
31.93385000000001
 10
18.80441000000001
 20
31.93764
 42
-0.003490317200000099
 10
18.81393000000004
 20
31.94905
 10
18.81454000000005
 20
31.95032999999996
 42
3.957574700020939e-05
 10
18.81772000000003
 20
31.95666
 10
18.81836
 20
31.95792999999998
 10
18.81898999999999
 20
31.95918999999999
 42
-0.00208040010000014
 10
18.82025000000001
 20
31.96172000000001
 10
18.82089000000003
 20
31.96300000000002
 10
18.82153
 20
31.96426000000003
 42
-0.0001139644900000105
 10
18.82342000000001
 20
31.96805999999998
 10
18.82406000000004
 20
31.96933999999999
 42
-0.001942799399999961
 10
18.82535000000003
 20
31.97187000000002
 10
18.82596000000002
 20
31.97313000000003
 10
18.8266
 20
31.9744
 10
18.82723
 20
31.97566999999998
 10
18.82787000000003
 20
31.97694000000001
 10
18.82849
 20
31.97820999999999
 10
18.82913000000002
 20
31.97948000000003
 42
-0.00354193140000006
 10
18.83926000000004
 20
31.99216000000001
 10
18.84179999999995
 20
31.99532000000002
 42
0.000511076480000099
 10
18.84941999999997
 20
32.00483000000008
 42
0.0004451021000001459
 10
18.85956
 20
32.01749999999998
 10
18.86209000000004
 20
32.02067
 10
18.86462000000002
 20
32.02382999999998
 10
18.86716
 20
32.02700999999999
 42
0.0001059985300000129
 10
18.87982000000001
 20
32.04284999999999
 10
18.88238000000003
 20
32.04602
 10
18.88492000000004
 20
32.04919000000001
 10
18.88745000000002
 20
32.05236000000002
 10
18.88997999999999
 20
32.05552999999998
 10
18.89252
 20
32.05806000000001
 10
18.89505000000004
 20
32.06060000000002
 10
18.89758000000002
 20
32.06313
 10
18.90011
 20
32.06567000000001
 10
18.90265000000001
 20
32.06821000000002
 10
18.90518000000004
 20
32.07074
 10
18.90771000000002
 20
32.07326999999998
 10
18.91025000000003
 20
32.07580999999999
 10
18.91278000000001
 20
32.07835
 10
18.91530999999999
 20
32.08087999999998
 10
18.91785
 20
32.08341000000001
 10
18.92041000000002
 20
32.08595000000003
 10
18.92354999999999
 20
32.08911999999998
 10
18.92673000000003
 20
32.09228999999999
 10
18.92990000000005
 20
32.09546
 10
18.93307
 20
32.09863000000001
 10
18.93625000000004
 20
32.10178999999999
 10
18.93942
 20
32.10496999999998
 10
18.94256000000003
 20
32.10813000000002
 10
18.94574000000001
 20
32.11130000000003
 10
18.94891000000003
 20
32.11446999999998
 10
18.95209000000001
 20
32.11763999999999
 10
18.95526000000002
 20
32.12079999999997
 10
18.95843000000004
 20
32.12398000000002
 10
18.96158000000004
 20
32.12714
 10
18.96475
 20
32.13031000000001
 10
18.96792000000001
 20
32.13348000000002
 10
18.97109999999999
 20
32.13664999999997
 10
18.97427
 20
32.13981999999999
 10
18.97745000000005
 20
32.14299
 10
18.98059000000002
 20
32.14616000000001
 10
18.98376000000003
 20
32.14931999999999
 10
18.98694000000002
 20
32.15249999999997
 10
18.99011000000003
 20
32.15566000000001
 10
18.99328000000004
 20
32.15883000000002
 10
18.99646000000003
 20
32.16199999999998
 10
18.99899000000001
 20
32.16453999999999
 10
19.00152000000004
 20
32.16707000000002
 10
19.00406
 20
32.1696
 10
19.00659000000003
 20
32.17214000000001
 10
19.00912000000001
 20
32.17466999999999
 10
19.01166000000002
 20
32.17721999999998
 10
19.01419
 20
32.17975000000001
 10
19.01672000000003
 20
32.18227999999999
 10
19.01926000000005
 20
32.18481000000003
 10
19.02179000000002
 20
32.18736000000001
 10
19.02432
 20
32.18988999999999
 10
19.02685000000006
 20
32.19242000000001
 42
-0.0009288396700000074
 10
19.03067000000001
 20
32.19749000000001
 42
-0.001818472399999977
 10
19.03448000000004
 20
32.20256000000001
 10
19.03638000000002
 20
32.20508999999998
 10
19.03827000000001
 20
32.20763000000001
 42
-0.00182319929999999
 10
19.04208000000001
 20
32.21269999999998
 10
19.04397000000002
 20
32.21523000000002
 10
19.04590000000004
 20
32.21776999999997
 42
-0.00182283680000006
 10
19.04968000000004
 20
32.22284000000002
 10
19.05032000000001
 20
32.22411
 10
19.05096000000005
 20
32.22537999999997
 10
19.05157000000004
 20
32.22665000000001
 10
19.05221000000002
 20
32.22791000000001
 10
19.05286000000002
 20
32.22917999999999
 10
19.05349999999999
 20
32.23045000000003
 42
-0.0001715796500000109
 10
19.05475000000003
 20
32.23298
 10
19.05539
 20
32.23424999999997
 10
19.05603000000004
 20
32.23552000000001
 10
19.05666000000004
 20
32.23678999999998
 10
19.05729000000004
 20
32.23804999999999
 10
19.14427999999999
 20
32.13015000000001
 10
19.21130000000001
 20
32.04221999999999
 10
19.25835000000002
 20
31.97424999999998
  0
LWPOLYLINE
  5
A8
100
AcDbEntity
  8
Layer_0
  6
ByLayer
 62
    7
370
   -1
100
AcDbPolyline
 90
  301
 70
    1
 43
0
 10
17.48300000000002
 20
30.50405999999998
 10
17.49441000000003
 20
30.50405999999998
 10
17.50583000000002
 20
30.50405999999998
 10
17.51724000000003
 20
30.50405999999998
 10
17.52862
 20
30.50406000000001
 42
-0.0003950218499999783
 10
17.55145
 20
30.50405999999998
 10
17.57428
 20
30.50405999999998
 10
17.59708000000002
 20
30.50406
 42
-0.0008964419999999746
 10
17.61990000000004
 20
30.50405999999998
 10
17.62942
 20
30.50405999999998
 10
17.63891000000002
 20
30.50405999999998
 10
17.64844000000001
 20
30.50405999999998
 10
17.65793000000004
 20
30.50405999999998
 10
17.69591000000004
 20
30.50407999999999
 10
17.73398000000005
 20
30.50405999999998
 10
17.74792000000004
 20
30.48820999999998
 10
17.76187
 20
30.47237000000001
 10
17.77582000000002
 20
30.45652999999999
 10
17.78973000000003
 20
30.44067999999999
 10
17.80371000000004
 20
30.42484000000002
 10
17.81763000000002
 20
30.40899999999999
 10
17.83157000000001
 20
30.39314999999999
 10
17.84552000000004
 20
30.37729999999999
 10
17.85947
 20
30.36147
 10
17.88027000000001
 20
30.33816000000002
 10
17.90129000000003
 20
30.31393000000003
 10
17.90130000000001
 20
30.31265999999999
 10
17.90130000000001
 20
30.31139000000002
 10
17.90129000000003
 20
30.31013000000002
 10
17.90129000000003
 20
30.30885999999998
 10
17.9013
 20
30.30759
 42
0.0002230152999999253
 10
17.90130000000001
 20
30.30504999999999
 10
17.90130000000001
 20
30.30378999999999
 10
17.90130000000001
 20
30.30252000000002
 10
17.90130000000001
 20
30.30124999999998
 10
17.90130000000001
 20
30.29998000000001
 10
17.90130000000001
 20
30.29872
 10
17.90130000000001
 20
30.28604000000001
 10
17.90130000000001
 20
30.27336000000003
 42
0.0002057048799998
 10
17.90130000000001
 20
30.24802
 10
17.90130000000001
 20
30.23534000000001
 10
17.90130000000001
 20
30.22266000000002
 10
17.90129999999996
 20
30.2099900000001
 42
2.607695000003575e-05
 10
17.90129999999999
 20
30.18464000000005
 10
17.90130000000001
 20
30.17196000000001
 10
17.90130000000001
 20
30.15929
 10
17.90130000000001
 20
30.14661000000001
 10
17.90130000000001
 20
30.13963999999999
 10
17.90130000000001
 20
30.13267000000002
 10
17.90130000000001
 20
30.12569000000002
 10
17.90130000000001
 20
30.11873000000003
 10
17.90130000000001
 20
30.11176
 10
17.90130000000001
 20
30.10478999999998
 10
17.90130000000001
 20
30.09782000000001
 10
17.90130000000001
 20
30.09084000000001
 10
17.90130000000001
 20
30.08386000000002
 10
17.90130000000001
 20
30.07690000000002
 10
17.90130000000001
 20
30.06992000000002
 10
17.90130000000001
 20
30.06295999999998
 10
17.88736000000002
 20
30.04901000000001
 10
17.87340999999999
 20
30.03507000000002
 10
17.85947
 20
30.02113000000003
 10
17.84552000000004
 20
30.00718999999998
 10
17.83157000000001
 20
29.99324000000001
 10
17.81763000000002
 20
29.97930000000002
 10
17.80368
 20
29.96535
 10
17.78976000000002
 20
29.95141999999998
 10
17.77582000000002
 20
29.93747000000002
 10
17.76187
 20
29.92352
 10
17.74792000000004
 20
29.90958000000001
 10
17.73398000000005
 20
29.89564999999999
 10
17.72955000000003
 20
29.89564000000001
 10
17.72510000000001
 20
29.89564000000002
 42
-0.414196199999065
 10
17.71625000000002
 20
29.89564999999999
 10
17.71179000000002
 20
29.89564000000001
 10
17.70737000000004
 20
29.89564000000001
 10
17.70294000000003
 20
29.89564000000001
 10
17.69849000000001
 20
29.89564000000001
 10
17.69405999999999
 20
29.89564999999999
 10
17.6896
 20
29.89564999999999
 10
17.68518000000002
 20
29.89564999999999
 10
17.68074999999996
 20
29.89564000000005
 42
0.0004791871599999886
 10
17.67311999999994
 20
29.88613000000004
 10
17.67059
 20
29.88297000000011
 42
1.028848800002866e-05
 10
17.66046
 20
29.87029000000013
 10
17.65793000000004
 20
29.86712
 10
17.65539000000003
 20
29.86394999999999
 10
17.65286000000005
 20
29.86079000000001
 10
17.65032000000004
 20
29.85761000000002
 42
0.0006761598799999855
 10
17.64020000000002
 20
29.84494
 42
0.0003600486900000362
 10
17.63003000000005
 20
29.83226000000002
 10
17.62497000000003
 20
29.82592
 10
17.61990000000006
 20
29.81959000000006
 42
2.061515700005949e-05
 10
17.60977
 20
29.80692000000001
 10
17.60467000000002
 20
29.80058000000002
 42
-0.0007139545600000689
 10
17.59454000000001
 20
29.78789999999998
 10
17.58947999999999
 20
29.78156000000001
 10
17.58441000000001
 20
29.77521999999999
 10
17.57934000000002
 20
29.76889
 10
17.57427999999998
 20
29.76254000000002
 42
0.000372495919999997
 10
17.56415000000002
 20
29.74986999999997
 42
0.0003919257399999806
 10
17.55398000000004
 20
29.73719999999997
 42
0.0003814494600000817
 10
17.54385000000003
 20
29.72451999999998
 10
17.53879000000002
 20
29.71818999999999
 10
17.53372000000003
 20
29.71185000000003
 10
17.52862
 20
29.70551
 10
17.52356000000006
 20
29.69916999999997
 42
0.0003767790199999667
 10
17.51343000000004
 20
29.68648999999998
 10
17.50836
 20
29.68016
 10
17.50329000000001
 20
29.67381999999998
 10
17.49822999999999
 20
29.66748000000001
 10
17.49316
 20
29.66115000000002
 10
17.48807000000001
 20
29.65481
 10
17.48300000000002
 20
29.64846999999997
 10
17.47793000000003
 20
29.64213999999998
 10
17.47287000000001
 20
29.63578999999999
 10
17.46780000000003
 20
29.62945999999999
 10
17.46588000000004
 20
29.62756000000002
 10
17.46399000000004
 20
29.62565999999998
 10
17.46210000000004
 20
29.62376
 10
17.4602
 20
29.62186000000003
 10
17.45828000000002
 20
29.61995000000002
 10
17.45639000000001
 20
29.61804999999998
 10
17.45450000000001
 20
29.61615
 10
17.45256999999999
 20
29.61424
 10
17.45067999999999
 20
29.61234999999999
 10
17.44879000000005
 20
29.61043999999998
 10
17.44687
 20
29.60854
 10
17.44498
 20
29.60664000000001
 42
0.06967298600000182
 10
17.60469999999999
 20
29.58382000000002
 42
0.2617454599999968
 10
18.12945000000003
 20
29.87283000000002
 10
21.44533999999998
 20
29.87281999999998
 42
0.2903445800000167
 10
22.12982000000001
 20
29.42411999999992
 42
0.2306502500000118
 10
22.71542000000001
 20
29.70551
 10
22.71542000000001
 20
29.70614999999998
 10
22.71539000000003
 20
29.70677000000001
 10
22.71541999999999
 20
29.70740999999998
 42
0.001054709099999953
 10
22.71542000000001
 20
29.70931000000002
 10
22.71541000000003
 20
29.70994999999999
 10
22.71541000000003
 20
29.71057999999999
 10
22.71542000000001
 20
29.71120999999999
 10
22.71539000000001
 20
29.71185000000003
 42
0.001090497400000035
 10
22.71539000000003
 20
29.71312
 10
22.71539000000003
 20
29.71818999999999
 42
-0.1430963700000028
 10
22.71539000000003
 20
29.75873999999999
 10
22.71542000000001
 20
29.76382000000001
 10
22.71539000000003
 20
29.76889
 10
22.71539000000003
 20
29.77396
 42
0.2963292000000395
 10
22.63681000000004
 20
29.77395999999999
 10
22.59753000000002
 20
29.77395999999999
 10
22.55822999999999
 20
29.77395999999999
 10
22.51895000000003
 20
29.77395999999999
 10
22.47964000000003
 20
29.77395999999999
 10
22.44037000000004
 20
29.77395999999999
 10
22.40106000000004
 20
29.77395999999999
 10
22.36175000000004
 20
29.77395999999999
 10
22.32248
 20
29.77396
 42
-0.2564052399999698
 10
22.24390000000001
 20
29.77395999999999
 10
22.21724999999999
 20
29.80817999999999
 10
22.19064000000004
 20
29.8424
 10
22.16403000000004
 20
29.87662999999998
 10
22.13742000000003
 20
29.91084999999998
 10
22.11077999999999
 20
29.94508000000002
 10
22.08417
 20
29.97928999999997
 42
0.07012098099998966
 10
22.03094000000002
 20
30.04773999999994
 42
-0.0107762389999996
 10
21.97769000000001
 20
30.11619999999998
 10
21.95106
 20
30.15048000000002
 10
21.92446000000002
 20
30.18464
 10
21.95108
 20
30.21823000000001
 10
21.97769000000003
 20
30.25182
 42
-0.06354024699999532
 10
22.03093999999997
 20
30.31900000000004
 42
0.03753069099999779
 10
22.08416999999999
 20
30.38618000000002
 10
22.11075000000001
 20
30.41978
 10
22.13741
 20
30.45335999999998
 10
22.16403000000004
 20
30.48694999999998
 10
22.19064000000005
 20
30.52053999999996
 42
0.4179731499999244
 10
22.24389999999995
 20
30.58771999999999
 10
22.28317
 20
30.58771999999999
 10
22.32245999999999
 20
30.58769999999998
 10
22.36176999999999
 20
30.58771999999999
 10
22.40106000000004
 20
30.58771999999999
 10
22.44032
 20
30.58769000000001
 10
22.47964999999999
 20
30.58771999999997
 42
0.001317263000000051
 10
22.55822999999998
 20
30.58772
 10
22.59753000000002
 20
30.58771999999999
 42
-0.01549991400000006
 10
22.67612000000004
 20
30.58771999999999
 10
22.71542000000001
 20
30.58771999999999
 10
22.71542000000001
 20
30.59341999999998
 10
22.71539000000008
 20
30.59912000000003
 42
-0.04499513099996239
 10
22.71542000000006
 20
30.61052999999999
 42
-0.0004434824299998329
 10
22.71542000002228
 20
30.62194000018394
 42
-2.6603894198729e-08
 10
22.71538999999757
 20
30.64476000035438
 10
22.71541000000003
 20
30.65046000000001
 10
22.71541000000005
 20
30.65616000000001
 42
0.2306520300000108
 10
22.12982000000001
 20
30.93756000000004
 42
0.2971330199999864
 10
21.44534
 20
30.48885000000001
 10
18.14465000000003
 20
30.48885000000001
 10
18.14276000000002
 20
30.49202000000002
 10
18.14087000000002
 20
30.49518999999998
 10
18.13895000000008
 20
30.49836000000002
 42
0.0003974562299999674
 10
18.13516000000006
 20
30.50468999999998
 10
18.13324000000001
 20
30.50785999999999
 10
18.13135000000001
 20
30.51103000000001
 10
18.12945000000003
 20
30.51420000000002
 10
18.12756000000003
 20
30.51736
 10
18.12564000000005
 20
30.52053999999998
 10
18.12375000000004
 20
30.52370000000002
 10
18.12186000000005
 20
30.52688000000001
 42
0.1389029500000035
 10
17.85565000000004
 20
30.74741999999998
 42
0.1165574400000028
 10
17.60467000000001
 20
30.80066000000005
 42
0.4142135600000297
 10
16.98867999999997
 20
30.18464
 42
0.08826222900000515
 10
17.01909999999999
 20
29.98691000000002
 10
17.02164
 20
29.98944
 10
17.02417000000004
 20
29.99196999999998
 10
17.02670000000002
 20
29.99450999999999
 10
17.02923
 20
29.99704000000003
 10
17.03177000000001
 20
29.99957999999998
 10
17.03430000000004
 20
30.00211000000002
 10
17.03683000000002
 20
30.00465000000003
 10
17.03937000000003
 20
30.00718999999998
 10
17.04190000000001
 20
30.00972000000002
 10
17.04442999999999
 20
30.01224999999999
 10
17.04697
 20
30.01479
 10
17.04950000000004
 20
30.01731999999998
 10
17.05266999999999
 20
30.02049
 10
17.05585000000004
 20
30.02366000000001
 10
17.05902000000005
 20
30.02683000000002
 10
17.06219
 20
30.02999999999997
 10
17.06537000000004
 20
30.03316999999998
 10
17.06851000000002
 20
30.03634
 10
17.07168000000003
 20
30.03951000000001
 10
17.07486000000002
 20
30.04268000000002
 10
17.07803000000003
 20
30.04584999999997
 10
17.08121000000001
 20
30.04901000000001
 10
17.08438000000002
 20
30.05219
 10
17.08751999999998
 20
30.05534999999999
 42
-0.0007467559000000153
 10
17.09261999999998
 20
30.06168000000006
 42
-0.00038965585999998
 10
17.10274999999996
 20
30.07436000000008
 42
-0.0003852316699999628
 10
17.11288000000003
 20
30.08704
 10
17.11542000000004
 20
30.09021000000001
 10
17.11795000000002
 20
30.09338000000002
 10
17.11923000000003
 20
30.09464000000003
 10
17.12048
 20
30.09591999999998
 10
17.12176000000001
 20
30.09717999999998
 10
17.12302000000001
 20
30.09845000000001
 10
17.12430000000002
 20
30.09971999999999
 10
17.12555000000005
 20
30.10097999999999
 10
17.12683
 20
30.10225000000003
 10
17.12811000000001
 20
30.10352
 10
17.12936000000003
 20
30.10478000000001
 10
17.13064000000004
 20
30.10604999999998
 10
17.13190000000004
 20
30.10732000000002
 10
17.13318
 20
30.10858999999999
 10
17.13443000000002
 20
30.10986000000003
 10
17.13571000000003
 20
30.11112000000003
 10
17.13696
 20
30.11239
 10
17.13824000000001
 20
30.11365999999998
 10
17.13949000000004
 20
30.11493000000002
 10
17.14078000000002
 20
30.11619999999999
 10
17.14202999999999
 20
30.11745999999999
 10
17.14331
 20
30.11873000000003
 10
17.14456000000003
 20
30.12
 10
17.14584000000004
 20
30.12126000000001
 10
17.14709000000001
 20
30.12252999999998
 10
17.14838000000004
 20
30.12379
 42
-0.002845303300000102
 10
17.15343999999998
 20
30.13013000000003
 42
-0.0006700313499999086
 10
17.16357000000003
 20
30.14280999999998
 42
-0.0003462070199999851
 10
17.17374000000002
 20
30.15548999999999
 10
17.17626000000003
 20
30.15866
 10
17.17880000000002
 20
30.16182
 42
0.0004265604899999167
 10
17.18387000000001
 20
30.16816000000003
 42
0.0002626777499996038
 10
17.19906000000003
 20
30.18718000000001
 10
17.20161000000003
 20
30.19035000000002
 10
17.20415000000004
 20
30.19351
 10
17.20668999999999
 20
30.19668999999999
 10
17.20923000000001
 20
30.19985000000003
 10
17.21492999999997
 20
30.20618000000004
 42
-0.0002014352500000505
 10
17.23773000000004
 20
30.23153999999997
 42
-0.0003021947200000354
 10
17.25485000000009
 20
30.25054999999997
 42
-0.0001813427600000125
 10
17.27768000000005
 20
30.27589999999997
 10
17.27768000000005
 20
30.27906999999999
 10
17.27768000000005
 20
30.28224
 10
17.27765000000004
 20
30.28541999999998
 42
-7.766383000001343e-05
 10
17.27768000000005
 20
30.29808000000003
 10
17.27767000000001
 20
30.30441999999999
 10
17.27767000000001
 20
30.31076000000002
 10
17.27765000000001
 20
30.31393000000003
 10
17.29416000000005
 20
30.32977
 10
17.31061000000001
 20
30.34560999999999
 42
-0.000113144170000052
 10
17.34357000000001
 20
30.37730000000001
 10
17.36005000000002
 20
30.39314999999999
 10
17.37652000000001
 20
30.40899999999996
 42
-8.721788599996627e-05
 10
17.40948
 20
30.44067999999994
 10
17.42596000000005
 20
30.45652999999999
 10
17.44244000000007
 20
30.47236999999999
 42
-0.0003704458700000136
 10
17.47540000000008
 20
30.50405999999995
 42
-0.3442193099949846
 10
17.47729
 20
30.50405999999998
 10
17.47793000000003
 20
30.50405999999998
 42
-0.2840617799998141
 10
17.47983000000001
 20
30.50405999999997
 42
0.001082162099999989
 10
17.48174999999999
 20
30.50405999999998
 10
17.48236000000004
 20
30.50405999999998
  0
LWPOLYLINE
  5
A9
100
AcDbEntity
  8
Layer_0
  6
ByLayer
 62
    7
370
   -1
100
AcDbPolyline
 90
    6
 70
    1
 43
0
 10
42.59042000000003
 20
14.39840999999999
 42
-0.4142135599999741
 10
42.30759000000005
 20
14.3984100000001
 42
-0.4142135599999077
 10
42.30759000000002
 20
14.68124
 10
51.40606999999999
 20
23.77972000000002
 42
-0.4142135599999738
 10
51.68889999999998
 20
23.77971999999992
 42
-0.4142135599999134
 10
51.6889
 20
23.49687
  0
LWPOLYLINE
  5
AA
100
AcDbEntity
  8
Layer_0
  6
ByLayer
 62
    7
370
   -1
100
AcDbPolyline
 90
    6
 70
    1
 43
0
 10
42.30759000000002
 20
-14.68124
 10
51.40606999999999
 20
-23.77971000000004
 42
0.4142135599999704
 10
51.68890000000001
 20
-23.77970999999998
 42
0.4142135600000393
 10
51.6889
 20
-23.49687
 10
42.59042000000002
 20
-14.39841000000001
 42
0.4142135599999148
 10
42.30759000000004
 20
-14.39839000000009
 42
0.414213559999884
  0
LWPOLYLINE
  5
AB
100
AcDbEntity
  8
Layer_0
  6
ByLayer
 62
    7
370
   -1
100
AcDbPolyline
 90
   16
 70
    1
 43
0
 10
44.28747
 20
-20.62094000000002
 10
40.32770000000007
 20
-16.66113000000001
 42
-0.4142135599999812
 10
40.32770000000004
 20
-16.3783
 42
-0.4142135599999848
 10
40.61053000000005
 20
-16.37830000000008
 10
49.70901000000003
 20
-25.47676000000003
 42
-0.4142135599999467
 10
49.70901000000005
 20
-25.75961000000001
 42
-0.4142135600000011
 10
49.42615000000002
 20
-25.75961000000001
 10
46.26738999999999
 20
-22.60082999999997
 10
38.06493999999999
 20
-30.80327999999997
 10
41.22371999999999
 20
-33.96204999999996
 42
-0.4142135600001166
 10
41.22371999999999
 20
-34.24489000000008
 42
-0.4142135600000253
 10
40.94088999999998
 20
-34.24489
 10
31.84241000000005
 20
-25.14641999999997
 42
-0.4142135599999776
 10
31.84241000000005
 20
-24.86358999999999
 42
-0.4142135599999738
 10
32.12524000000003
 20
-24.86358999999999
 10
36.08505000000004
 20
-28.82337999999999
  0
LWPOLYLINE
  5
AC
100
AcDbEntity
  8
Layer_0
  6
ByLayer
 62
    7
370
   -1
100
AcDbPolyline
 90
   16
 70
    1
 43
0
 10
36.08505000000004
 20
28.82337999999999
 10
32.12524000000003
 20
24.86358999999999
 42
-0.4142135599999741
 10
31.84241000000005
 20
24.86358999999999
 42
-0.4142135599999774
 10
31.84241000000004
 20
25.14641999999998
 10
40.94089000000001
 20
34.24489999999994
 42
-0.4142135599999886
 10
41.22371999999997
 20
34.24489999999997
 42
-0.4142135599999724
 10
41.22371999999997
 20
33.96204999999997
 10
38.06493999999999
 20
30.80327999999997
 10
46.26738999999999
 20
22.60084999999998
 10
49.42615000000002
 20
25.75961999999999
 42
-0.4142135599999848
 10
49.70898
 20
25.75961
 42
-0.4142135599999777
 10
49.70898000000001
 20
25.47678000000002
 10
40.61053000000002
 20
16.37830000000006
 42
-0.4142135599999774
 10
40.32770000000006
 20
16.37830000000002
 42
-0.4142135599999685
 10
40.32770000000006
 20
16.66115000000002
 10
44.28747
 20
20.62094000000002
  0
LWPOLYLINE
  5
AD
100
AcDbEntity
  8
Layer_0
  6
ByLayer
 62
    7
370
   -1
100
AcDbPolyline
 90
    6
 70
    1
 43
0
 10
30.14535000000001
 20
26.84348000000001
 42
-0.4142135599999774
 10
29.86252000000005
 20
26.84348000000002
 42
-0.4142135599999687
 10
29.86252000000002
 20
27.12633
 10
38.96097000000005
 20
36.22478999999998
 42
-0.4142135599999738
 10
39.24380000000003
 20
36.22478999999998
 42
-0.4142135599999738
 10
39.24380000000004
 20
35.94195999999999
  0
LWPOLYLINE
  5
AE
100
AcDbEntity
  8
Layer_0
  6
ByLayer
 62
    7
370
   -1
100
AcDbPolyline
 90
    6
 70
    1
 43
0
 10
1.065700000000021
 20
27.12632000000004
 42
-0.414213559999999
 10
1.0657
 20
26.84348000000001
 42
-0.4142135599999699
 10
0.7828700000000178
 20
26.84348
 10
-8.315609999999969
 20
35.94195000000003
 42
-0.4142135599999737
 10
-8.315609999999966
 20
36.22478
 42
-0.4142135599999776
 10
-8.032779999999986
 20
36.22478999999998
  0
LWPOLYLINE
  5
AF
100
AcDbEntity
  8
Layer_0
  6
ByLayer
 62
    7
370
   -1
100
AcDbPolyline
 90
    6
 70
    1
 43
0
 10
29.86252000000003
 20
-27.12633
 10
38.96097000000002
 20
-36.22479000000001
 42
0.4142135600000417
 10
39.24383
 20
-36.22478999999996
 42
0.4142135599999724
 10
39.24383000000002
 20
-35.94193999999999
 10
30.14535000000001
 20
-26.84348000000001
 42
0.4142135599999774
 10
29.86252000000005
 20
-26.84348000000002
 42
0.4142135599999614
  0
LWPOLYLINE
  5
B0
100
AcDbEntity
  8
Layer_0
  6
ByLayer
 62
    7
370
   -1
100
AcDbPolyline
 90
    6
 70
    1
 43
0
 10
0.7828700000000222
 20
-26.84348000000001
 42
-0.4142135599999778
 10
1.065699999999984
 20
-26.84348000000002
 42
-0.414213559999965
 10
1.065700000000008
 20
-27.12633
 10
-8.032779999999995
 20
-36.22478999999998
 42
-0.4142135599999756
 10
-8.315609999999975
 20
-36.22478999999998
 42
-0.4142135599999737
 10
-8.315609999999975
 20
-35.94195999999999
  0
LWPOLYLINE
  5
B1
100
AcDbEntity
  8
Layer_0
  6
ByLayer
 62
    7
370
   -1
100
AcDbPolyline
 90
   16
 70
    1
 43
0
 10
-5.156829999999999
 20
-28.82337999999999
 10
-1.19701999999999
 20
-24.86358999999999
 42
-0.4142135599999773
 10
-0.9141900000000108
 20
-24.86358999999999
 42
-0.4142135599999741
 10
-0.9141900000000043
 20
-25.14641999999998
 10
-10.01267000000001
 20
-34.24489999999997
 42
-0.4142135599999665
 10
-10.2955
 20
-34.24489999999998
 42
-0.4142135599999613
 10
-10.29549999999999
 20
-33.96204999999998
 10
-7.136719999999954
 20
-30.80327999999997
 10
-15.33916999999995
 20
-22.60084999999998
 10
-18.49795999999997
 20
-25.75961
 42
-0.4142135599999777
 10
-18.78078999999995
 20
-25.75961
 42
-0.4142135599999776
 10
-18.78078999999995
 20
-25.47678000000002
 10
-9.682309999999951
 20
-16.37830000000003
 42
-0.4142135599999756
 10
-9.399479999999963
 20
-16.37830000000002
 42
-0.4142135599999667
 10
-9.399479999999969
 20
-16.66115000000002
 10
-13.35928
 20
-20.62094000000002
  0
LWPOLYLINE
  5
B2
100
AcDbEntity
  8
Layer_0
  6
ByLayer
 62
    7
370
   -1
100
AcDbPolyline
 90
    9
 70
    1
 43
0
 10
5.464110000000019
 20
2
 10
5.464109999999991
 20
-2
 42
-0.2679465999999942
 10
4.964110000000008
 20
-2.866030000000009
 42
-0.2679490399999948
 10
3.964110000000018
 20
-2.866030000000023
 10
0.5000000000000175
 20
-0.8660300000000164
 42
-0.2679489900000016
 10
-8.881784197001252e-16
 20
-8.259884136797672e-17
 42
-0.2679472900000035
 10
0.5000000000000143
 20
0.8660300000000234
 10
3.96411000000001
 20
2.866030000000042
 42
-0.2679487900000064
 10
4.964110000000009
 20
2.866030000000004
 42
-0.2679511999999951
  0
LWPOLYLINE
  5
B3
100
AcDbEntity
  8
Layer_0
  6
ByLayer
 62
    7
370
   -1
100
AcDbPolyline
 90
   16
 70
    1
 43
0
 10
-13.35928
 20
20.62094000000002
 10
-9.399479999999954
 20
16.66114
 42
-0.414213560000056
 10
-9.399479999999974
 20
16.37830000000003
 42
-0.4142135599999813
 10
-9.68230999999996
 20
16.37830000000002
 10
-18.78078999999993
 20
25.47676000000003
 42
-0.4142135599999651
 10
-18.78078999999995
 20
25.75961
 42
-0.4142135599999701
 10
-18.49795999999996
 20
25.75961000000001
 10
-15.33916999999995
 20
22.60084000000001
 10
-7.136749999999992
 20
30.80327999999997
 10
-10.29549999999998
 20
33.96204999999999
 42
-0.4142135599999989
 10
-10.29549999999998
 20
34.24488999999999
 42
-0.4142135599999977
 10
-10.01267
 20
34.24489000000001
 10
-0.9141900000000129
 20
25.14641999999997
 42
-0.4142135599999741
 10
-0.914190000000017
 20
24.86359
 42
-0.4142135599999761
 10
-1.197019999999995
 20
24.86358000000001
 10
-5.156829999999999
 20
28.82337999999999
  0
LWPOLYLINE
  5
B4
100
AcDbEntity
  8
Layer_0
  6
ByLayer
 62
    7
370
   -1
100
AcDbPolyline
 90
    6
 70
    1
 43
0
 10
-11.37936999999999
 20
14.68123999999999
 42
-0.4142135599999988
 10
-11.37936999999998
 20
14.39839999999998
 42
-0.414213559999992
 10
-11.66223000000001
 20
14.39839999999998
 10
-20.76067999999998
 20
23.49686999999999
 42
-0.4142135600000025
 10
-20.76067999999996
 20
23.77971000000002
 42
-0.4142135599999738
 10
-20.47784999999998
 20
23.77971000000002
  0
LWPOLYLINE
  5
B5
100
AcDbEntity
  8
Layer_0
  6
ByLayer
 62
    7
370
   -1
100
AcDbPolyline
 90
    6
 70
    1
 43
0
 10
-11.66223000000001
 20
-14.39841000000001
 42
-0.4142135599999864
 10
-11.37936999999999
 20
-14.39841000000002
 42
-0.4142135599999719
 10
-11.37936999999998
 20
-14.68124
 10
-20.47784999999998
 20
-23.77971999999999
 42
-0.4142135599999701
 10
-20.76067999999994
 20
-23.77971999999998
 42
-0.4142135599999614
 10
-20.76067999999997
 20
-23.49687
  0
LWPOLYLINE
  5
B6
100
AcDbEntity
  8
Layer_0
  6
ByLayer
 62
    7
370
   -1
100
AcDbPolyline
 90
  603
 70
    1
 43
0
 10
25.59019000000002
 20
34.13936000000001
 10
25.56167000000001
 20
34.14434999999997
 10
25.49892000000001
 20
34.16788000000003
 10
25.43617999999999
 20
34.22278
 10
25.40766000000007
 20
34.32189
 42
-0.4142135599999127
 10
25.58258000000002
 20
34.51961999999997
 42
0.03577279700000011
 10
25.72708000000002
 20
34.51961999999997
 10
25.79932000000004
 20
34.51956000000001
 10
25.87158000000002
 20
34.51962
 42
0.2191548199999759
 10
26.01608000000004
 20
34.51961999999997
 42
0.03235116300000018
 10
25.68906
 20
35.40944000000002
 10
25.64343000000004
 20
35.40627000000001
 10
25.59778000000001
 20
35.40309000000002
 10
25.55215
 20
35.39992999999998
 10
25.50653000000001
 20
35.39676000000001
 42
-0.04285126999999624
 10
25.41528000000001
 20
35.39043000000004
 10
25.36963000000004
 20
35.38724999999999
 10
25.32400000000003
 20
35.38409000000001
 10
25.27838000000004
 20
35.38092
 10
25.23276
 20
35.37774999999999
 10
25.1871
 20
35.37457999999998
 10
25.14148000000002
 20
35.37141000000003
 10
25.11248000000002
 20
35.37045999999998
 10
25.04640999999999
 20
35.38092
 10
24.97464000000004
 20
35.42275000000001
 10
24.92853000000004
 20
35.51591000000002
 10
24.92853000000004
 20
35.62108000000001
 10
24.96275000000004
 20
35.68988000000002
 10
25.01409000000002
 20
35.72874000000002
 10
25.06543000000001
 20
35.74407000000002
 10
25.29833000000004
 20
35.78494999999998
 10
25.49132000000005
 20
35.82011999999998
 42
0.02825696699999995
 10
25.03500000000004
 20
36.59586000000002
 10
25.01852000000003
 20
36.59206000000002
 42
-0.0198704589999997
 10
24.95260000000003
 20
36.57683999999999
 42
-0.03109800200000033
 10
24.91965
 20
36.56923999999999
 42
-0.06132264999999471
 10
24.88672000000004
 20
36.56162999999998
 10
24.87024000000004
 20
36.55783000000002
 10
24.85376000000004
 20
36.55401999999998
 10
24.83728000000004
 20
36.55022000000002
 10
24.83728000000004
 20
40.44409999999999
 10
24.82499000000003
 20
40.72223000000002
 10
24.78898
 20
40.97723999999999
 10
24.73044
 20
41.20845000000003
 10
24.65058000000001
 20
41.41519
 10
24.55063000000003
 20
41.59681
 10
24.43180000000002
 20
41.75261999999998
 10
24.29530000000001
 20
41.88195999999999
 10
24.14234
 20
41.98415999999997
 10
23.97413999999999
 20
42.05856
 10
23.79192000000002
 20
42.10448000000002
 10
23.59689000000004
 20
42.12124999999997
 10
23.39024999999999
 20
42.10822000000002
 10
23.17324000000004
 20
42.06470000000002
 10
22.94706000000004
 20
41.99004000000002
 10
22.71292000000001
 20
41.88355999999999
 10
22.47204000000001
 20
41.74459000000002
 10
19.71133000000004
 20
39.99538999999996
 42
0.01730140099999987
 10
19.39953000000004
 20
40.04102
 10
19.38495000000002
 20
40.01186999999999
 10
19.37036000000002
 20
39.98271
 10
19.3558
 20
39.95355999999998
 10
19.34122000000004
 20
39.92441000000002
 10
19.32666000000002
 20
39.89526000000001
 10
19.31207000000002
 20
39.86610000000002
 10
19.29748000000002
 20
39.83694000000003
 10
19.28293000000004
 20
39.80779000000001
 10
19.26834000000004
 20
39.77864
 10
19.25375000000004
 20
39.74948999999998
 10
19.2392
 20
39.72034000000002
 10
19.22461
 20
39.69117999999997
 10
19.17992
 20
39.66268000000002
 10
19.13524000000001
 20
39.63414000000004
 42
0.1129840800000222
 10
19.07567999999999
 20
39.59611999999998
 42
0.02244332700000018
 10
19.01611000000003
 20
39.55809000000001
 42
0.03908839700000189
 10
18.92672999999945
 20
39.50105000000008
 42
7.578227600036534e-06
 10
18.8671599999991
 20
39.46301999999969
 42
-0.3453179900000385
 10
18.79111000000002
 20
39.66836999999998
 10
18.86621000000004
 20
39.87846000000002
 10
18.93560000000004
 20
40.07145000000003
 42
0.01337343600000007
 10
18.50970000000002
 20
40.08665000000005
 42
0.01208462200000005
 10
18.03818000000003
 20
40.07144
 10
18.02487000000004
 20
40.02771000000001
 10
18.01156000000005
 20
39.98397999999997
 10
17.99826000000003
 20
39.94024999999999
 10
17.98495000000004
 20
39.89652000000001
 10
17.97165000000003
 20
39.8528
 10
17.95834000000004
 20
39.80907000000002
 10
17.94504000000002
 20
39.76533999999998
 10
17.93173000000003
 20
39.72160000000002
 10
17.91839
 20
39.67786999999998
 10
17.90509000000004
 20
39.63414
 10
17.89178
 20
39.59041999999999
 10
17.87848000000004
 20
39.54667999999998
 10
17.86516999999999
 20
39.51436000000001
 10
17.81764
 20
39.44781
 10
17.82332000000004
 20
39.39708999999999
 10
17.82904000000003
 20
39.34640999999999
 10
17.83475
 20
39.29572000000002
 10
17.84045000000005
 20
39.24500999999998
 10
17.84616000000001
 20
39.19430999999997
 10
17.85187000000005
 20
39.14361000000002
 42
-0.03898443700000037
 10
17.87466000000002
 20
38.94080000000002
 10
17.88037000000004
 20
38.89010000000002
 10
17.88608000000001
 20
38.83940000000001
 10
17.87088000000001
 20
38.82990000000001
 10
17.85565000000004
 20
38.82038
 10
17.84045000000005
 20
38.81087000000002
 10
17.82526000000003
 20
38.80137999999999
 10
17.81003
 20
38.79185999999999
 10
17.79483
 20
38.78235999999998
 10
17.77960000000003
 20
38.77285999999998
 10
17.76440000000004
 20
38.76334000000003
 10
17.74917000000001
 20
38.75384000000003
 10
17.73398000000005
 20
38.74432000000002
 10
17.71878
 20
38.73482999999999
 10
17.70355000000002
 20
38.72532000000001
 10
17.69720000000002
 20
38.78172000000001
 10
17.69089000000004
 20
38.83812999999998
 10
17.68454000000004
 20
38.89452999999997
 10
17.67822000000002
 20
38.95094
 10
17.67187000000003
 20
39.00734999999997
 10
17.66553
 20
39.06375000000003
 10
17.65918000000001
 20
39.12016
 10
17.65286000000005
 20
39.17655999999999
 10
17.64650999999999
 20
39.23295999999999
 10
17.64020000000001
 20
39.28937999999999
 10
17.63385000000001
 20
39.34577999999999
 10
17.6275
 20
39.40217999999995
 42
-0.367611440000051
 10
17.49822999999999
 20
39.59992
 10
17.53910000000003
 20
39.82713000000001
 10
17.57427000000002
 20
40.02580999999999
 42
0.02616115500000004
 10
16.69208000000005
 20
39.86610000000002
 10
16.68698000000002
 20
39.82047
 10
16.68191000000003
 20
39.77483999999998
 10
16.67685000000002
 20
39.72919999999999
 10
16.67178000000003
 20
39.68358000000001
 10
16.66672000000001
 20
39.63794999999999
 10
16.66165000000002
 20
39.59231999999997
 10
16.65658000000003
 20
39.54667999999998
 10
16.65149000000004
 20
39.50105000000002
 10
16.64641999999999
 20
39.45542
 10
16.64136000000003
 20
39.40978999999999
 10
16.63629000000005
 20
39.36415
 10
16.63122
 20
39.31853000000001
 10
16.62623000000004
 20
39.29001
 10
16.60270000000004
 20
39.22726
 10
16.54780000000001
 20
39.16451999999998
 10
16.44869000000001
 20
39.13600000000006
 42
-0.4142135599999647
 10
16.25098000000004
 20
39.31092000000001
 10
16.25098000000004
 20
39.34705000000002
 10
16.25095
 20
39.38315
 10
16.25096000000003
 20
39.41930000000002
 10
16.25094000000003
 20
39.45542
 10
16.25094000000003
 20
39.49155000000002
 10
16.25094000000003
 20
39.52766000000003
 10
16.25098000000004
 20
39.56380000000001
 10
16.25098000000004
 20
39.59991000000002
 10
16.25098000000004
 20
39.63605000000001
 10
16.25097000000001
 20
39.67218000000003
 10
16.25096000000003
 20
39.70830000000001
 10
16.25094000000003
 20
39.74441999999999
 42
0.03235374800000007
 10
15.36113999999999
 20
39.41739999999999
 10
15.36432000000003
 20
39.37175999999999
 10
15.36749000000005
 20
39.32612999999998
 10
15.37067000000003
 20
39.28048999999999
 10
15.37384000000004
 20
39.23486000000003
 10
15.37698000000002
 20
39.18923000000001
 10
15.38016
 20
39.14361000000002
 10
15.38333000000002
 20
39.09798000000001
 10
15.38650000000003
 20
39.05234000000002
 10
15.38968000000001
 20
39.00671
 10
15.39282000000004
 20
38.96107000000001
 10
15.39599
 20
38.91545000000002
 10
15.39917000000004
 20
38.86980999999997
 10
15.40012000000003
 20
38.84082000000001
 10
15.38967000000004
 20
38.77474999999998
 10
15.34784000000003
 20
38.70298000000003
 10
15.25467000000005
 20
38.65687000000002
 42
-0.3952559200000254
 10
15.02652000000002
 20
38.79376000000002
 10
14.98564
 20
39.02667000000002
 10
14.95046000000004
 20
39.21965999999996
 42
0.02825386399999992
 10
14.17474
 20
38.76335
 10
14.18552000000001
 20
38.71897999999999
 10
14.20697000000003
 20
38.63037000000003
 10
14.22860000000007
 20
38.54152000000001
 42
-0.2457962200000861
 10
14.26092000000007
 20
38.40843000000001
 10
14.28257000000004
 20
38.31977999999998
 10
14.30401999999999
 20
38.23097999999999
 10
14.30984000000002
 20
38.20269000000002
 10
14.31067000000003
 20
38.13591000000002
 10
14.28156000000003
 20
38.05772000000002
 10
14.19754999999999
 20
37.99520999999999
 10
14.09416
 20
37.97964999999999
 10
14.02072
 20
38.00187
 10
13.97295000000004
 20
38.04548
 10
13.94657
 20
38.09408000000001
 42
-0.03998959700000052
 10
13.79446000000005
 20
38.49715999999998
 42
0.02710837499999992
 10
13.10998000000002
 20
37.91154999999998
 10
13.12839000000004
 20
37.86973
 10
13.14676000000004
 20
37.8279
 10
13.16513000000005
 20
37.78607
 10
13.18353000000003
 20
37.74423999999999
 10
13.20190000000004
 20
37.70242000000002
 10
13.22027000000004
 20
37.66057999999998
 10
13.23865000000002
 20
37.61876000000001
 10
13.25702000000003
 20
37.57691999999997
 10
13.27541999999999
 20
37.5351
 42
0.1795954400000275
 10
13.31216000000002
 20
37.45143999999999
 10
13.33053000000002
 20
37.40960999999999
 10
13.34017000000001
 20
37.38216
 10
13.35051
 20
37.31549999999999
 10
13.33376
 20
37.23315000000002
 10
13.26210000000008
 20
37.15863999999993
 42
-0.4158700200000698
 10
13.00353999999997
 20
37.21187999999999
 42
-0.01387926900000001
 10
12.78295999999995
 20
37.58452999999999
 42
0.02693198100000007
 10
12.21258000000002
 20
36.89246000000003
 10
12.23791000000001
 20
36.85442999999998
 10
12.26326999999999
 20
36.81641000000002
 10
12.28863000000003
 20
36.77837
 10
12.31396000000002
 20
36.74036000000001
 10
12.33932
 20
36.70233000000002
 10
12.36468000000004
 20
36.66430000000003
 10
12.39004000000001
 20
36.62626999999998
 10
12.41537000000001
 20
36.58825000000002
 10
12.44073000000004
 20
36.55022000000002
 10
12.46609000000002
 20
36.51218999999998
 10
12.49145
 20
36.47417000000002
 10
12.51678
 20
36.43614000000002
 10
12.53141000000001
 20
36.41070999999999
 10
12.55386
 20
36.34678000000002
 10
12.55208
 20
36.26288
 10
12.49398000000002
 20
36.17756000000005
 42
-0.4125099999999498
 10
12.22778000000001
 20
36.18517000000003
 10
12.07283000000002
 20
36.36009000000001
 10
11.94640000000002
 20
36.51218999999996
 42
0.02826006999999993
 10
11.49768000000002
 20
35.72885000000002
 10
11.52936000000001
 20
35.69589999999999
 10
11.56106000000005
 20
35.66294000000001
 42
-0.001524371500000006
 10
11.6561300000001
 20
35.56407999999999
 10
11.68780000000001
 20
35.53112000000001
 42
-0.06252790800000538
 10
11.75119000000002
 20
35.46519999999998
 10
11.7829
 20
35.43225000000001
 10
11.81457000000002
 20
35.39929000000001
 10
11.84625000000001
 20
35.36633999999998
 10
11.87796000000004
 20
35.33337
 10
11.89649000000004
 20
35.31115999999997
 10
11.92928000000002
 20
35.25258000000002
 10
11.94212
 20
35.16975000000002
 10
11.90077000000005
 20
35.07479999999997
 42
-0.4059590200000152
 10
11.63458000000004
 20
35.03676999999999
 10
11.4473
 20
35.19459000000001
 10
11.29995
 20
35.31817000000002
 42
0.02820329400000018
 10
10.99572999999994
 20
34.47399000000001
 10
10.99637000000003
 20
34.46956
 10
10.99701
 20
34.46512000000001
 10
10.99765000000004
 20
34.46068000000002
 10
10.99829000000001
 20
34.45625000000001
 10
10.99890000000001
 20
34.45181000000008
 42
8.901533299995244e-05
 10
11.00079000000002
 20
34.43850000000006
 10
11.00143000000004
 20
34.43407000000002
 10
11.00207000000002
 20
34.42962999999997
 10
11.00270999999999
 20
34.42518999999999
 10
11.00336
 20
34.42075
 10
10.07549999999999
 20
33.82754999999997
 10
9.846909999999994
 20
33.66800999999998
 10
9.648780000000002
 20
33.50099999999998
 10
9.481139999999996
 20
33.32756000000001
 10
9.343980000000002
 20
33.14877999999999
 10
9.237300000000019
 20
32.96571999999998
 10
9.161100000000047
 20
32.77945
 10
9.11538000000003
 20
32.59104000000002
 10
9.100140000000025
 20
32.40156000000002
 10
9.11538000000003
 20
32.21208999999999
 10
9.161100000000047
 20
32.02368000000001
 10
9.237300000000019
 20
31.83740999999998
 10
9.343980000000002
 20
31.65435000000002
 10
9.481139999999996
 20
31.47557
 10
9.648780000000002
 20
31.30212999999998
 10
9.846900000000019
 20
31.13511
 10
10.07551000000002
 20
30.97557999999998
 10
11.61175000000004
 20
29.98691000000002
 10
11.52811000000004
 20
29.98689999999999
 10
11.44445000000003
 20
29.98689999999999
 10
11.40832000000002
 20
29.98691000000002
 10
11.37219
 20
29.98689999999999
 10
11.33609000000003
 20
29.98689999999999
 10
11.29996000000001
 20
29.98689999999996
 42
0.008857282599999848
 10
11.22769000000001
 20
29.98690999999997
 10
11.19159000000003
 20
29.98691000000002
 10
11.15546000000002
 20
29.98691000000002
 10
11.11932000000003
 20
29.98689999999999
 10
11.08319000000002
 20
29.98689999999999
 10
11.04709000000004
 20
29.98689999999999
 10
11.01094999999998
 20
29.9869
 42
0.03235544600000009
 10
11.33798000000003
 20
29.09708999999998
 10
11.38360000000002
 20
29.10025999999999
 10
11.42912000000003
 20
29.10340000000002
 10
11.47487000000001
 20
29.10660000000007
 42
-0.08181273000001668
 10
11.56613
 20
29.11293000000006
 10
11.61172000000001
 20
29.11612000000002
 10
11.65740000000001
 20
29.11926999999997
 10
11.70303000000003
 20
29.12243999999998
 10
11.74869000000002
 20
29.12563
 10
11.79429
 20
29.12877999999996
 42
0.02622524600000153
 10
11.88556000000001
 20
29.13511999999992
 10
11.91455000000003
 20
29.13605999999999
 10
11.98062
 20
29.12560999999999
 10
12.05239000000002
 20
29.08377999999999
 10
12.0985
 20
28.99061999999997
 42
-0.3952592599999816
 10
11.96161000000002
 20
28.76245999999998
 10
11.73155000000004
 20
28.72158000000002
 10
11.53571
 20
28.68641000000002
 42
0.02825482800000018
 10
11.99203000000001
 20
27.91068000000001
 10
12.03641
 20
27.92144999999999
 10
12.08075000000004
 20
27.93221999999997
 10
12.12512
 20
27.94299000000001
 10
12.16949000000001
 20
27.95377000000002
 10
12.21384000000002
 20
27.96454999999997
 10
12.25821000000003
 20
27.97532000000001
 10
12.30257999999999
 20
27.98608999999999
 10
12.34695000000001
 20
27.99686000000003
 10
12.39130000000002
 20
28.00763999999998
 10
12.43567000000003
 20
28.01841999999999
 10
12.48004000000005
 20
28.02919000000003
 10
12.52438000000002
 20
28.03996000000001
 10
12.55266999999999
 20
28.04579000000001
 10
12.61946000000002
 20
28.04662000000002
 10
12.69765000000002
 20
28.01749999999998
 10
12.76015000000002
 20
27.93349000000001
 10
12.77571999999999
 20
27.83010999999999
 10
12.75350000000005
 20
27.75666999999999
 10
12.70989000000004
 20
27.70890000000003
 10
12.66129000000002
 20
27.68250999999998
 42
-0.04000472600000003
 10
12.25821000000003
 20
27.53041000000002
 42
0.02710981500000028
 10
12.84381000000003
 20
26.84593999999998
 10
12.88565000000001
 20
26.86432000000002
 10
12.92748999999999
 20
26.8827
 10
12.96930000000005
 20
26.90107999999998
 10
13.01114000000003
 20
26.91946000000002
 10
13.05295000000002
 20
26.93783999999999
 10
13.09479
 20
26.95621
 10
13.13663000000004
 20
26.97458999999998
 10
13.17843000000001
 20
26.99297000000001
 10
13.22027000000004
 20
27.01134999999999
 10
13.26208000000004
 20
27.02974
 10
13.30392000000002
 20
27.04811000000001
 10
13.34576
 20
27.06650000000002
 10
13.37321000000004
 20
27.07612
 10
13.43988000000003
 20
27.08645999999999
 10
13.52222999999999
 20
27.06970000000001
 10
13.59672999999999
 20
26.99804
 42
-0.4158828200000852
 10
13.54349000000007
 20
26.73946999999996
 42
-0.01382332700000007
 10
13.17084000000002
 20
26.51891000000007
 42
0.02693519199999994
 10
13.86291000000001
 20
25.94851999999997
 10
13.90094000000001
 20
25.97388000000001
 10
13.93896000000002
 20
25.99921999999998
 10
13.97699000000001
 20
26.02456999999998
 10
14.01501000000003
 20
26.04993000000002
 10
14.05302000000002
 20
26.07521000000003
 10
14.09107000000001
 20
26.10063000000003
 42
-0.0188762010000002
 10
14.16711
 20
26.15132999999996
 42
-0.0877883599999964
 10
14.24316000000001
 20
26.20202999999997
 42
0.07753350200000532
 10
14.31921000000001
 20
26.25272999999999
 10
14.34466000000005
 20
26.26735000000002
 10
14.40859000000002
 20
26.28980999999999
 10
14.49249000000005
 20
26.28802999999999
 10
14.57781000000003
 20
26.22992
 42
-0.4125183400000572
 10
14.57019000000004
 20
25.96373
 10
14.39528000000003
 20
25.80878000000001
 10
14.24318000000003
 20
25.68234000000005
 42
0.02825544899999972
 10
15.02652000000001
 20
25.23363000000006
 10
15.05948000000002
 20
25.26531999999997
 10
15.09244000000002
 20
25.29700000000003
 10
15.12540000000003
 20
25.32870000000003
 10
15.15832000000002
 20
25.36038000000002
 10
15.19128000000002
 20
25.39206999999999
 10
15.22424000000002
 20
25.42376000000002
 10
15.25720000000003
 20
25.45544000000001
 10
15.29016000000003
 20
25.48714000000001
 10
15.32312000000003
 20
25.51882999999998
 10
15.35603000000005
 20
25.55045000000001
 10
15.38903000000001
 20
25.58220999999998
 10
15.42200000000004
 20
25.61389000000003
 10
15.44421000000001
 20
25.63243
 10
15.50279000000002
 20
25.66523000000001
 10
15.58562000000002
 20
25.67806000000002
 10
15.68056999999999
 20
25.63670999999998
 42
-0.4059608499999904
 10
15.7186
 20
25.37052
 10
15.56744000000005
 20
25.18324999999999
 10
15.4448
 20
25.03590000000003
 42
0.02821189199999998
 10
16.289
 20
24.73169000000001
 10
16.31622
 20
24.76844999999997
 10
16.34350000000002
 20
24.80520999999999
 10
16.37072999999999
 20
24.84195999999997
 10
16.39801000000001
 20
24.87871999999999
 10
16.42523000000001
 20
24.91548
 10
16.45247999999999
 20
24.95224000000002
 10
16.47974
 20
24.98899999999998
 42
0.01310626199999963
 10
16.53424000000003
 20
25.06252
 42
0.1385021700000139
 10
16.58874000000004
 20
25.13603000000001
 10
16.616
 20
25.17279000000002
 10
16.63490000000003
 20
25.19524999999999
 10
16.68731000000004
 20
25.23838999999998
 10
16.76681000000004
 20
25.26584000000003
 10
16.86698000000002
 20
25.24124
 42
-0.4125606100000142
 10
16.95065000000001
 20
24.99025999999998
 10
16.83561000000005
 20
24.78681999999998
 10
16.73769
 20
24.61761000000001
 42
0.03323799100000002
 10
17.6275
 20
24.46550000000002
 10
17.64778000000003
 20
24.50605000000002
 10
17.66807000000001
 20
24.54662000000002
 10
17.68835000000002
 20
24.58719000000002
 42
0.02787978199999956
 10
17.72891
 20
24.66831000000002
 10
17.74921000000002
 20
24.70886999999999
 10
17.76947000000003
 20
24.74943999999999
 10
17.78984000000004
 20
24.79000000000002
 10
17.81003
 20
24.83055000000002
 10
17.83032000000004
 20
24.87110999999999
 10
17.85059000000003
 20
24.91160000000002
 10
17.87087000000004
 20
24.95224000000002
 10
17.88525
 20
24.97743000000003
 10
17.92886
 20
25.02829000000003
 10
18.00242000000004
 20
25.06774000000001
 10
18.10664000000004
 20
25.05871000000002
 10
18.19742000000004
 20
25.00475999999998
 10
18.23973000000002
 20
24.94083000000001
 10
18.24781000000003
 20
24.87689999999998
 10
18.23593000000001
 20
24.82294999999999
 10
18.16082000000002
 20
24.61284999999998
 10
18.09143000000002
 20
24.41987
 42
0.01337594999999987
 10
18.51733000000003
 20
24.40465999999996
 42
0.01207827800000001
 10
18.98883000000002
 20
24.41987
 10
19.00216999999999
 20
24.46359999999999
 10
19.01547000000001
 20
24.50733000000002
 10
19.02878
 20
24.55106000000001
 10
19.04208000000001
 20
24.59478999999999
 10
19.05539
 20
24.63852000000003
 10
19.06869000000002
 20
24.68225000000001
 10
19.08200000000001
 20
24.72597999999999
 10
19.09531
 20
24.76970999999998
 10
19.10863999999999
 20
24.81344000000001
 10
19.12195000000004
 20
24.85718000000003
 10
19.13525
 20
24.90089999999998
 10
19.14856000000005
 20
24.94463000000002
 10
19.16186
 20
24.97694999999999
 10
19.20940000000004
 20
25.04349999999999
 42
-0.0003105588399999843
 10
19.20941000000001
 20
25.04730000000001
 10
19.20941000000001
 20
25.04921000000002
 10
19.20941000000001
 20
25.05110000000002
 10
19.20941000000001
 20
25.05300999999997
 10
19.20938000000002
 20
25.05491000000001
 10
19.20941000000002
 20
25.05680999999998
 42
0.000204081590000178
 10
19.20941
 20
25.06060999999999
 42
-0.1988644699995792
 10
19.20941000000001
 20
25.06441000000001
 10
19.20941000000001
 20
25.06630999999999
 10
19.23602000000001
 20
25.04919999999998
 10
19.26263000000004
 20
25.03210000000005
 42
0.02666718399999767
 10
19.31586
 20
24.99787000000003
 10
19.34250000000004
 20
24.98075999999998
 10
19.36908000000001
 20
24.96368000000001
 10
19.39572
 20
24.94653
 10
19.42233
 20
24.92943000000002
 10
19.44891000000003
 20
24.91232000000002
 10
19.47557999999999
 20
24.89519999999999
 10
19.50220000000003
 20
24.87808000000001
 10
19.52881000000004
 20
24.86097999999998
 10
19.49174000000001
 20
24.62997000000001
 10
19.46037000000002
 20
24.45029
 42
0.01949234299999999
 10
20.03076
 20
24.54154999999997
 10
22.47964000000003
 20
22.99009000000001
 10
22.72052000000004
 20
22.85113000000001
 10
22.95461999999999
 20
22.74470000000002
 10
23.18069000000004
 20
22.67018000000002
 10
23.39749999999999
 20
22.62693999999999
 10
23.60379999999999
 20
22.61435999999998
 10
23.79832
 20
22.63180999999997
 10
23.97984000000004
 20
22.67867000000001
 10
24.14709000000001
 20
22.75432999999998
 10
24.29884
 20
22.85813999999999
 10
24.43384000000005
 20
22.98948999999999
 10
24.55083000000003
 20
23.14776000000001
 10
24.64856000000005
 20
23.33231999999998
 10
24.72581000000004
 20
23.54255000000001
 10
24.7813
 20
23.77782000000002
 10
24.81380000000003
 20
24.03751999999997
 10
24.82206000000004
 20
24.32100000000003
 10
24.82205
 20
28.29854
 42
0.02492320000000006
 10
25.07303
 20
28.00194000000002
 42
0.0282541749999997
 10
25.52172999999995
 20
28.78528
 10
25.49005000000001
 20
28.81824
 10
25.45837000000002
 20
28.85118999999997
 10
25.42666000000004
 20
28.88414
 10
25.39499000000002
 20
28.9171
 10
25.36331000000003
 20
28.95006000000001
 10
25.33159999999999
 20
28.98300999999998
 10
25.29993000000003
 20
29.01596999999998
 10
25.26825000000004
 20
29.04892999999998
 10
25.23654000000001
 20
29.08188000000001
 10
25.20486000000001
 20
29.11484000000002
 10
25.17316000000001
 20
29.14780000000002
 10
25.14148000000002
 20
29.18074999999999
 10
25.12294000000004
 20
29.20296999999999
 10
25.09014000000003
 20
29.26155
 10
25.07731000000003
 20
29.34438
 10
25.11865999999999
 20
29.43932999999998
 42
-0.4059578299999991
 10
25.38486000000002
 20
29.47735999999998
 10
25.57212
 20
29.32619999999997
 10
25.71948000000004
 20
29.20355999999998
 42
0.02820905299999992
 10
26.02368000000002
 20
30.04773999999996
 42
-0.08551580200000501
 10
25.95016
 20
30.10225000000003
 10
25.91342000000004
 20
30.12950000000001
 10
25.87665
 20
30.15674999999999
 10
25.83924000000003
 20
30.18421000000001
 10
25.80313000000002
 20
30.21125999999998
 10
25.76639000000002
 20
30.23851000000002
 42
-0.02816512799999975
 10
25.69287000000004
 20
30.29300999999998
 10
25.6561
 20
30.32026999999999
 10
25.61935000000001
 20
30.34751999999997
 10
25.58258000000002
 20
30.37477000000001
 10
25.56012
 20
30.39366999999999
 10
25.51699000000004
 20
30.44607000000002
 10
25.48953999999999
 20
30.52557000000002
 10
25.51414000000003
 20
30.62574
 42
-0.4125638400000022
 10
25.76510000000003
 20
30.70940000000002
 10
25.96855000000001
 20
30.59152
 10
26.13775999999997
 20
30.49645
 42
0.03179232500000004
 10
26.28984999999996
 20
31.38627000000002
 10
26.24930000000002
 20
31.40654999999998
 10
26.20873999999999
 20
31.42683
 10
26.16818000000002
 20
31.44711000000001
 10
26.12761999999999
 20
31.46739000000002
 10
26.08707
 20
31.48766999999998
 10
26.04651000000003
 20
31.50794999999999
 10
26.00595
 20
31.52823999999998
 10
25.96538
 20
31.54851000000002
 10
25.92480000000002
 20
31.56878999999998
 10
25.88425000000002
 20
31.58906999999999
 10
25.84369
 20
31.60935000000001
 10
25.80313000000002
 20
31.62963999999999
 10
25.77794000000002
 20
31.64400999999998
 10
25.72708000000002
 20
31.68763000000001
 10
25.68763000000003
 20
31.76118000000002
 10
25.69666000000002
 20
31.86540000000002
 10
25.75061000000001
 20
31.95618000000002
 10
25.81454000000004
 20
31.99849
 10
25.87847000000001
 20
32.00657000000001
 10
25.93241999999999
 20
31.99468000000002
 10
26.14252
 20
31.91958
 10
26.33550000000008
 20
31.85018000000001
 42
0.01337092200000028
 10
26.35071000000004
 20
32.27607999999998
 42
0.01208047499999999
 10
26.33551000000001
 20
32.74759999999998
 10
26.29178000000003
 20
32.76028000000002
 10
26.24804999999997
 20
32.77295999999996
 42
0.01165968299999966
 10
26.16058
 20
32.79829999999993
 10
26.11685000000001
 20
32.81097999999997
 10
26.07312000000002
 20
32.82364999999997
 42
0.2274566099998865
 10
25.98566000000001
 20
32.84900999999995
 10
25.94192
 20
32.86167999999998
 10
25.89819000000001
 20
32.87436000000002
 10
25.85446000000003
 20
32.88702999999998
 10
25.81072999999999
 20
32.89971000000003
 10
25.77842
 20
32.91302000000002
 10
25.71187000000005
 20
32.96055000000001
 10
25.63898000000002
 20
32.95231999999999
 10
25.56610000000002
 20
32.94407999999999
 10
25.49322000000002
 20
32.93583000000001
 10
25.42035
 20
32.92759999999998
 10
25.34744000000002
 20
32.91935999999998
 10
25.27457
 20
32.91111999999998
 10
25.20169
 20
32.90287999999998
 10
25.12881
 20
32.89463999999998
 10
25.05591
 20
32.88639999999998
 10
24.98303
 20
32.87815999999998
 10
24.91015
 20
32.86991999999998
 10
24.83728000000004
 20
32.86167999999998
 10
24.83731000000002
 20
32.95657
 10
24.83727
 20
33.05180999999999
 10
24.90708000000002
 20
33.05930999999998
 10
24.97670000000001
 20
33.06702000000001
 10
25.04642000000003
 20
33.07463000000001
 10
25.11612000000004
 20
33.08222999999998
 10
25.18585000000003
 20
33.08983999999998
 10
25.25555000000004
 20
33.09744000000001
 42
0.2593055000000611
 10
25.39499000000002
 20
33.11265999999994
 10
25.46469000000003
 20
33.12025999999997
 10
25.53442000000003
 20
33.12786999999997
 10
25.60412000000004
 20
33.13547
 10
25.67386000000002
 20
33.14307000000002
 42
-0.3676040999999846
 10
25.87158000000001
 20
33.27235999999999
 10
26.09879000000002
 20
33.23149000000001
 10
26.29747000000003
 20
33.19630999999998
 42
0.02615610000000001
 10
26.13776000000003
 20
34.07852000000003
 10
26.09205000000004
 20
34.08355999999998
 10
26.04649999999999
 20
34.08865999999998
 42
-0.02753017900000119
 10
25.95523000000004
 20
34.09879999999998
 10
25.90961
 20
34.10386999999997
 10
25.86398000000004
 20
34.10894000000002
 10
25.81836
 20
34.11401000000001
 10
25.7727
 20
34.11908
 10
25.72708000000002
 20
34.12414999999999
 10
25.68146000000003
 20
34.12923000000001
 10
25.63580000000003
 20
34.13429000000002
  0
LWPOLYLINE
  5
B7
100
AcDbEntity
  8
Layer_0
  6
ByLayer
 62
    7
370
   -1
100
AcDbPolyline
 90
  110
 70
    1
 43
0
 10
17.55906
 20
17.13405
 10
17.56671000000001
 20
17.29163999999997
 10
17.59031
 20
17.42793
 10
17.63085000000002
 20
17.54300000000001
 10
17.68930000000002
 20
17.63695000000001
 10
17.76665000000004
 20
17.70987000000002
 10
17.86386
 20
17.76184000000001
 10
17.98194000000002
 20
17.79295999999999
 10
18.12185000000001
 20
17.80331000000001
 10
18.25874
 20
17.79284000000001
 10
18.36997000000004
 20
17.76089000000002
 10
18.45981000000002
 20
17.70666
 10
18.53253000000002
 20
17.62934999999999
 10
18.59242000000002
 20
17.52814999999998
 10
18.64376
 20
17.40226000000001
 10
18.69081000000001
 20
17.25088
 10
18.73787
 20
17.07321000000002
 10
18.79644000000003
 20
16.86183
 10
18.86134
 20
16.67833000000002
 10
18.93747000000003
 20
16.52283
 10
19.02972000000001
 20
16.3954
 10
19.14301999999999
 20
16.29613000000001
 10
19.28224000000002
 20
16.22510999999997
 10
19.45231000000003
 20
16.18243000000001
 10
19.65811000000004
 20
16.16818999999998
 10
19.89688000000002
 20
16.18326999999999
 10
20.10527000000003
 20
16.22890999999998
 10
20.28282000000003
 20
16.30574999999999
 10
20.42909000000004
 20
16.41440999999998
 10
20.54363000000002
 20
16.55551000000003
 10
20.62599000000002
 20
16.72967
 10
20.67574000000003
 20
16.93752000000001
 10
20.69242000000004
 20
17.17968999999999
 10
20.67816000000001
 20
17.49101999999999
 10
20.64679000000002
 20
17.80522000000002
 10
20.63003000000005
 20
17.94020999999998
 10
20.61542000000004
 20
18.04811000000001
 10
20.60508
 20
18.11964
 10
20.60116000000001
 20
18.14555000000001
 10
20.57580000000003
 20
18.14364999999998
 10
20.55043999999999
 20
18.14175
 10
20.52508000000002
 20
18.13985000000002
 10
20.49975000000002
 20
18.13794999999999
 10
20.47439000000004
 20
18.13605000000001
 10
20.44903000000001
 20
18.13414999999998
 10
20.42370000000001
 20
18.13225
 10
20.39834000000003
 20
18.13033999999999
 10
20.37298
 20
18.12844000000001
 10
20.34765
 20
18.12653
 10
20.32229000000002
 20
18.12463000000002
 10
20.29693000000005
 20
18.12272999999999
 10
20.29989000000002
 20
18.09532000000002
 10
20.30764000000001
 20
18.02030000000002
 10
20.31860000000002
 20
17.90857
 10
20.33117
 20
17.77098999999998
 10
20.35469999999999
 20
17.46179000000001
 10
20.36539
 20
17.17968999999999
 10
20.35473000000003
 20
17.02809999999999
 10
20.32285000000003
 20
16.89816999999999
 10
20.26994000000003
 20
16.78946000000002
 10
20.19618000000004
 20
16.70150999999998
 10
20.10173000000005
 20
16.63387999999998
 10
19.98679
 20
16.58611999999999
 10
19.85153000000004
 20
16.55779999999999
 10
19.69613
 20
16.54845
 10
19.55548
 20
16.55914999999999
 10
19.43933
 20
16.59123
 10
19.34440000000002
 20
16.64470999999998
 10
19.26738999999999
 20
16.71956999999998
 10
19.15390000000004
 20
16.93347
 10
19.07250000000001
 20
17.23291999999998
 10
19.01301000000002
 20
17.45314999999999
 10
18.94595
 20
17.64573999999999
 10
18.86730000000001
 20
17.81018
 10
18.77305000000003
 20
17.94591000000003
 10
18.65919000000004
 20
18.05241999999998
 10
18.52172000000003
 20
18.12914999999998
 10
18.35661
 20
18.17559
 10
18.15987000000003
 20
18.19117999999997
 10
17.93408000000001
 20
18.17419000000001
 10
17.74099000000002
 20
18.12369000000001
 10
17.57981000000002
 20
18.04038000000003
 10
17.44974000000003
 20
17.92500000000001
 10
17.34996000000002
 20
17.77823999999998
 10
17.27969000000003
 20
17.60082999999997
 10
17.23811000000002
 20
17.39346
 10
17.22443
 20
17.15687000000003
 10
17.23988000000004
 20
16.85622999999998
 10
17.27386000000003
 20
16.56556
 10
17.29201999999999
 20
16.44314000000003
 10
17.30785000000004
 20
16.34620000000001
 10
17.31905000000002
 20
16.28242
 10
17.32330000000003
 20
16.25945000000002
 10
17.34866000000001
 20
16.26071999999999
 10
17.37399000000001
 20
16.26199000000003
 10
17.39935000000004
 20
16.26326
 10
17.42471000000002
 20
16.26452999999998
 10
17.45004000000002
 20
16.26578999999998
 10
17.47539999999999
 20
16.26706000000001
 10
17.50076000000003
 20
16.26832999999999
 10
17.52609000000002
 20
16.26958999999999
 10
17.55145
 20
16.27086000000003
 10
17.57681000000004
 20
16.27213
 10
17.60217000000002
 20
16.27339000000001
 10
17.62750000000001
 20
16.27467000000001
 10
17.62457000000002
 20
16.29818
 10
17.61681
 20
16.36295000000001
 10
17.60585000000005
 20
16.46035000000001
 10
17.59328000000001
 20
16.58172000000002
 10
17.56976000000004
 20
16.86180999999999
  0
LWPOLYLINE
  5
B8
100
AcDbEntity
  8
Layer_0
  6
ByLayer
 62
    7
370
   -1
100
AcDbPolyline
 90
   35
 70
    1
 43
0
 10
17.27005000000004
 20
13.24016999999998
 10
20.63919
 20
13.24016999999998
 10
20.63919
 20
11.54419999999999
 42
0.02103081100000003
 10
20.58468000000001
 20
11.54421000000003
 42
0.3027773100000655
 10
20.53018000000004
 20
11.54419999999999
 10
20.50288999999999
 20
11.54422
 10
20.47566999999999
 20
11.54421000000003
 42
0.01404860300000009
 10
20.42117000000003
 20
11.54419999999999
 10
20.39391999999999
 20
11.54421000000006
 42
0.003898339500000089
 10
20.33942000000003
 20
11.54420000000005
 10
20.31216000000002
 20
11.54421000000002
 10
20.31216000000002
 20
11.65449000000001
 10
20.31216000000002
 20
11.76476000000002
 10
20.31216000000002
 20
11.87504000000001
 10
20.31216000000002
 20
11.98531000000003
 10
20.31216000000002
 20
12.09559000000002
 10
20.31216000000002
 20
12.20585999999997
 10
20.31216000000002
 20
12.31614000000002
 10
20.31216000000002
 20
12.42640999999998
 10
20.31216000000002
 20
12.53669000000002
 10
20.31216000000002
 20
12.64697000000001
 10
20.31216000000002
 20
12.75724000000002
 10
20.31216000000002
 20
12.86752000000001
 10
17.27005000000004
 20
12.86752000000001
 10
17.27005000000004
 20
12.89857000000001
 10
17.27005000000004
 20
12.92962999999997
 10
17.27005000000004
 20
12.96068000000002
 10
17.27005000000004
 20
12.99173999999999
 10
17.27005000000004
 20
13.02280000000002
 10
17.27005000000004
 20
13.05385000000001
 10
17.27005000000004
 20
13.0849
 10
17.27005000000004
 20
13.11595999999997
 10
17.27005000000004
 20
13.14701000000002
 10
17.27005000000004
 20
13.17806999999999
 10
17.27005000000004
 20
13.20911999999998
  0
LWPOLYLINE
  5
B9
100
AcDbEntity
  8
Layer_0
  6
ByLayer
 62
    7
370
   -1
100
AcDbPolyline
 90
   40
 70
    1
 43
0
 10
17.27005000000004
 20
14.06914999999998
 10
17.27005000000004
 20
14.03618999999998
 10
17.27005000000004
 20
14.00322999999997
 10
17.27008000000002
 20
13.97028
 10
17.27008000000002
 20
13.93732
 10
17.27005000000004
 20
13.90436
 10
17.27006000000002
 20
13.87141000000003
 10
17.27005000000004
 20
13.83846
 10
17.27008000000002
 20
13.80549999999999
 10
17.27005000000004
 20
13.77253999999999
 10
17.27005000000004
 20
13.73959000000002
 10
17.27008000000002
 20
13.70663000000002
 10
17.27005000000004
 20
13.67367999999999
 10
19.22461
 20
14.64713999999998
 10
20.63918999999999
 20
14.64713999999998
 42
-0.02088833000000016
 10
20.63919
 20
14.70672000000002
 10
20.63919
 20
14.73649999999998
 10
20.63919
 20
14.7663
 10
20.63919
 20
14.79608000000002
 10
20.63919
 20
14.82587000000001
 10
20.63919
 20
14.85565000000003
 10
20.63919
 20
14.88544000000002
 10
20.63919
 20
14.91523000000001
 10
20.63919
 20
14.94502
 10
20.63919
 20
14.97480999999999
 10
20.63919
 20
15.00459000000001
 10
19.22461
 20
15.00459000000001
 10
17.27005000000004
 20
15.98566
 10
17.27005000000004
 20
15.95206999999999
 10
17.27008000000002
 20
15.91849000000002
 10
17.27005000000004
 20
15.88490000000002
 10
17.27005000000004
 20
15.85129999999998
 10
17.27008000000002
 20
15.81772000000001
 10
17.27005000000004
 20
15.78413
 10
17.27005000000004
 20
15.75053000000003
 10
17.27005000000004
 20
15.71695
 10
17.27005000000004
 20
15.68335999999999
 10
17.27008000000004
 20
15.64976999999999
 42
-0.04307448000000157
 10
17.27005000000004
 20
15.58258999999998
 10
18.82153000000001
 20
14.82967000000002
  0
LWPOLYLINE
  5
BA
100
AcDbEntity
  8
Layer_0
  6
ByLayer
 62
    7
370
   -1
100
AcDbPolyline
 90
   68
 70
    1
 43
0
 10
20.63919
 20
20.57922000000002
 42
-0.001854762400000066
 10
20.63919
 20
20.64132999999998
 10
20.63919000000001
 20
20.67239000000001
 42
-0.0207882739999995
 10
20.63919
 20
20.73450000000003
 10
20.63918000000002
 20
20.76555999999999
 10
20.63918000000001
 20
20.79660999999999
 42
-0.01303244299999986
 10
20.63919
 20
20.85872000000001
 10
20.63919
 20
20.88977000000003
 42
-0.9186933999999622
 10
20.63919
 20
20.95188000000002
 10
17.27005000000004
 20
20.07727999999997
 10
17.27005000000004
 20
20.01580999999999
 10
17.27005000000004
 20
19.95433000000003
 10
17.27005000000004
 20
19.89285000000001
 10
17.27008000000002
 20
19.83138000000002
 10
17.27011
 20
19.76985000000002
 10
17.27006000000002
 20
19.70843000000002
 10
17.27
 20
19.64688000000001
 10
17.27006000000002
 20
19.58548000000002
 10
17.27005000000004
 20
19.524
 10
17.27005000000004
 20
19.46251999999998
 10
17.27005000000004
 20
19.40105
 10
17.27008000000002
 20
19.33956999999998
 10
20.63919
 20
18.47257999999999
 10
20.63919
 20
18.50362999999999
 10
20.63918999999999
 20
18.53468
 42
0.5126676800000536
 10
20.63919000000001
 20
18.59679
 42
-0.009040219999999754
 10
20.63919
 20
18.65890999999999
 10
20.63919
 20
18.68995999999999
 10
20.63919
 20
18.72102000000001
 10
20.63919
 20
18.75207
 10
20.63919
 20
18.78313000000003
 10
20.63919
 20
18.81418000000002
 10
20.63919
 20
18.84523000000002
 10
20.56756000000003
 20
18.86488000000003
 10
20.49594000000003
 20
18.88452000000001
 10
20.42435000000002
 20
18.90417000000002
 10
20.35272000000005
 20
18.92383000000001
 10
20.28161000000001
 20
18.94330000000002
 10
20.20949000000003
 20
18.96310999999997
 10
20.13788000000001
 20
18.98275999999998
 10
20.06625000000004
 20
19.00241
 10
19.99463000000004
 20
19.02204999999998
 10
19.92303
 20
19.04169999999999
 10
19.85141
 20
19.06135
 10
19.77978000000003
 20
19.08098999999999
 10
19.77978000000003
 20
19.18619999999999
 10
19.77978000000003
 20
19.29140000000001
 10
19.77978000000003
 20
19.39661000000001
 10
19.77978000000003
 20
19.50182000000001
 10
19.77978000000003
 20
19.60703000000001
 10
19.77978000000003
 20
19.71222999999998
 10
19.77978000000003
 20
19.81743999999998
 10
19.77978000000003
 20
19.92264
 10
19.77978000000003
 20
20.02785
 10
19.77978000000003
 20
20.13306
 10
19.77990000000001
 20
20.23793000000001
 10
19.77979000000001
 20
20.34345999999999
 10
19.85115000000003
 20
20.36288999999999
 10
19.92302000000002
 20
20.38276000000002
 10
19.99481000000004
 20
20.40210000000002
 10
20.06625000000004
 20
20.42205000000001
 10
20.13788000000001
 20
20.44170000000003
 10
20.20947000000002
 20
20.46134000000001
 10
20.2811
 20
20.48099000000002
 10
20.35272000000005
 20
20.50063999999998
 10
20.42435000000002
 20
20.52028999999999
 10
20.49594000000003
 20
20.53993000000003
 10
20.56756000000003
 20
20.55957999999998
  0
LWPOLYLINE
  5
BB
100
AcDbEntity
  8
Layer_0
  6
ByLayer
 62
    7
370
   -1
100
AcDbPolyline
 90
   80
 70
    1
 43
0
 10
12.24301000000004
 20
20.1001
 10
12.24301000000004
 20
20.15460000000002
 10
12.24301000000004
 20
20.20911000000001
 10
12.24301000000004
 20
20.26361000000003
 10
12.24301000000004
 20
20.31812000000002
 10
12.24301000000004
 20
20.37261999999998
 10
12.24301000000004
 20
20.42712
 10
12.24301000000004
 20
20.48163
 10
12.24301000000004
 20
20.53613000000001
 10
12.24301000000004
 20
20.59064000000001
 10
12.24301000000004
 20
20.64514000000003
 10
12.24301000000004
 20
20.69965000000002
 10
12.24301000000004
 20
20.75414999999998
 10
15.61212000000002
 20
20.75414999999998
 10
15.61212000000002
 20
20.72498999999999
 10
15.61212000000002
 20
20.69583999999998
 10
15.61212000000002
 20
20.66669000000002
 10
15.61212000000002
 20
20.63753000000003
 10
15.61212000000002
 20
20.60838000000001
 10
15.61212000000002
 20
20.57923
 10
15.61212000000002
 20
20.55007999999998
 10
15.61212000000002
 20
20.52091999999999
 10
15.61212000000002
 20
20.49176999999997
 10
15.61212000000002
 20
20.46262000000002
 10
15.61212000000002
 20
20.43346000000003
 10
15.61212000000002
 20
20.40431000000001
 10
12.57764000000005
 20
20.40431000000001
 10
12.57764000000005
 20
20.39796000000001
 10
12.57764000000005
 20
20.39163000000002
 10
12.57764000000005
 20
20.38529999999997
 10
12.57764000000005
 20
20.37894999999997
 10
12.57764000000005
 20
20.37261999999998
 10
12.57764000000005
 20
20.36628000000002
 10
12.57764000000005
 20
20.35993999999999
 10
12.57764000000005
 20
20.35361
 10
12.57764000000005
 20
20.34726999999998
 10
12.57764000000005
 20
20.34093000000001
 10
12.57764000000005
 20
20.33458999999999
 10
12.57764000000005
 20
20.32825000000003
 10
15.49045
 20
19.47647
 42
-0.08453826299999163
 10
15.49045000000002
 20
19.39915000000002
 10
15.49045000000002
 20
19.36049000000003
 10
15.49045000000002
 20
19.32182999999998
 10
15.49045000000002
 20
19.28316999999998
 10
15.49045000000002
 20
19.24450999999999
 10
15.49040000000004
 20
19.20589000000001
 10
15.49043999999999
 20
19.16719000000001
 10
15.49045000000002
 20
19.12851999999998
 10
15.49045000000002
 20
19.08987000000002
 10
15.49045000000002
 20
19.05121000000003
 10
15.49045000000002
 20
19.01254999999998
 10
12.57764000000006
 20
18.15314999999998
 42
0.0003420222299999577
 10
12.57764000000003
 20
18.13033999999999
 42
2.053050799976993e-05
 10
12.57764000000003
 20
18.10753000000023
 10
12.57764000000006
 20
18.10181999999998
 42
-0.0002545307300000989
 10
12.57764000000005
 20
18.09041000000002
 10
12.57764000000005
 20
18.08472
 10
15.61212
 20
18.08470999999997
 42
0.04622879600000143
 10
15.61212000000002
 20
18.02512999999999
 10
15.61211999999999
 20
17.99534999999997
 42
-0.1344909399999756
 10
15.61212
 20
17.93578000000002
 42
-0.2180764699999748
 10
15.61212000000002
 20
17.87619999999998
 10
15.61214000000002
 20
17.84643
 10
15.61212000000001
 20
17.81662999999998
 42
-0.02239556699999992
 10
15.61212000000002
 20
17.75704999999999
 10
15.61212000000002
 20
17.72726
 10
12.24301000000004
 20
17.72726
 10
12.24301000000004
 20
17.78176999999999
 10
12.24301000000004
 20
17.83627000000001
 10
12.24301000000004
 20
17.89078000000001
 10
12.24301000000004
 20
17.94528000000003
 10
12.24301000000004
 20
17.99979000000002
 10
12.24301000000004
 20
18.05428999999998
 10
12.24301000000004
 20
18.10879999999997
 10
12.24301000000004
 20
18.16329999999999
 10
12.24301000000004
 20
18.21780000000001
 10
12.24301000000004
 20
18.27231
 10
12.24301000000004
 20
18.32681000000002
 10
12.24301000000004
 20
18.38132000000002
 10
15.13299000000002
 20
19.24070999999998
  0
LWPOLYLINE
  5
BC
100
AcDbEntity
  8
Layer_0
  6
ByLayer
 62
    7
370
   -1
100
AcDbPolyline
 90
   69
 70
    1
 43
0
 10
19.61247000000004
 20
8.996449999999982
 10
19.87035000000004
 20
9.012960000000021
 10
20.09125000000002
 20
9.062880000000007
 10
20.27596000000001
 20
9.146849999999972
 10
20.42528
 20
9.26549
 10
20.54003000000002
 20
9.419420000000002
 10
20.621
 20
9.609269999999981
 10
20.669
 20
9.835660000000018
 10
20.68482000000002
 20
10.09921000000003
 10
20.669
 20
10.36025999999998
 10
20.621
 20
10.58476000000002
 10
20.54003000000002
 20
10.77325999999999
 10
20.42529000000003
 20
10.92628000000002
 10
20.27596000000001
 20
11.04437000000001
 10
20.09125000000002
 20
11.12806
 10
19.87035000000004
 20
11.17788000000002
 10
19.61247000000004
 20
11.19436999999999
 10
17.27005000000004
 20
11.19436999999999
 10
17.27008000000002
 20
11.16331000000002
 10
17.27005000000004
 20
11.13225999999997
 10
17.27008000000002
 20
11.10120000000001
 10
17.27008000000002
 20
11.07013999999998
 10
17.27006000000002
 20
11.03908000000001
 10
17.27006000000003
 20
11.00804
 42
0.002844828999999835
 10
17.27008000000002
 20
10.94592999999998
 10
17.27004000000001
 20
10.91487000000001
 10
17.27006000000002
 20
10.88382000000001
 10
17.27008000000002
 20
10.85277000000002
 10
17.27005000000004
 20
10.82172000000003
 10
17.27006000000002
 20
10.82107999999999
 10
17.27006000000002
 20
10.82044000000002
 10
17.27005000000002
 20
10.81981000000002
 42
0.0007082164099999023
 10
17.27005000000004
 20
10.81853999999998
 10
17.27006000000002
 20
10.81759
 10
17.27006000000002
 20
10.81664000000001
 10
17.27008000000002
 20
10.81601000000001
 10
17.27008000000002
 20
10.81536999999997
 10
17.27006000000002
 20
10.81473999999997
 10
17.27006000000002
 20
10.8141
 10
19.63528000000004
 20
10.8141
 10
19.81482000000001
 20
10.80333999999999
 10
19.96636000000002
 20
10.77073000000001
 10
20.09116000000002
 20
10.71584999999999
 10
20.19047000000002
 20
10.63823000000002
 10
20.26555000000003
 20
10.53744999999998
 10
20.31762000000005
 20
10.41305
 10
20.34796000000001
 20
10.26458000000002
 10
20.35779000000004
 20
10.09161
 10
20.34796000000001
 20
9.916449999999998
 10
20.31762000000005
 20
9.766959999999983
 10
20.26554
 20
9.642420000000016
 10
20.19047000000002
 20
9.542129999999986
 10
20.09116000000002
 20
9.465359999999976
 10
19.96636000000002
 20
9.411409999999989
 10
19.81482000000001
 20
9.379570000000001
 10
19.63529000000001
 20
9.369109999999978
 10
17.27005000000004
 20
9.369109999999978
 10
17.27005000000004
 20
9.338059999999984
 10
17.27005000000004
 20
9.307000000000016
 10
17.27005000000004
 20
9.275950000000023
 10
17.27005000000004
 20
9.244889999999998
 10
17.27005000000004
 20
9.213840000000005
 10
17.27005000000004
 20
9.182790000000011
 10
17.27005000000004
 20
9.151729999999986
 10
17.27005000000004
 20
9.120670000000018
 10
17.27008000000002
 20
9.089609999999993
 10
17.27005000000004
 20
9.05856
 10
17.27007000000005
 20
9.027510000000007
 10
17.27006000000002
 20
8.996449999999982
  0
LWPOLYLINE
  5
BD
100
AcDbEntity
  8
Layer_0
  6
ByLayer
 62
    7
370
   -1
100
AcDbPolyline
 90
   82
 70
    1
 43
0
 10
17.27005000000003
 20
7.604699999999979
 42
0.02179126499999988
 10
17.27005000000005
 20
7.714969999999984
 42
0.002272119200000223
 10
17.27005000000004
 20
7.825249999999982
 42
0.006074220500000278
 10
17.27005000000004
 20
7.935519999999996
 10
17.27005000000004
 20
7.990659999999991
 10
17.27005000000004
 20
8.045810000000017
 10
17.27005000000004
 20
8.10093999999998
 10
17.27008000000002
 20
8.156079999999974
 10
17.27005000000004
 20
8.211209999999994
 10
17.27008000000002
 20
8.26636000000002
 10
20.63919
 20
8.266349999999989
 10
20.63919
 20
8.237199999999973
 10
20.63919
 20
8.208050000000014
 10
20.63919
 20
8.178890000000024
 10
20.63919
 20
8.149729999999977
 10
20.63919
 20
8.120580000000018
 10
20.63919
 20
8.091430000000003
 10
20.63919
 20
8.062279999999987
 10
20.63919
 20
8.033130000000028
 10
20.63919
 20
8.003969999999981
 10
20.63919
 20
7.974820000000022
 10
20.63919
 20
7.945659999999975
 10
20.63919
 20
7.916510000000017
 10
17.60469999999999
 20
7.916510000000017
 10
17.60469999999999
 20
7.910169999999994
 10
17.60469999999999
 20
7.903840000000002
 10
17.60469999999999
 20
7.897490000000005
 10
17.60467000000001
 20
7.891160000000013
 10
17.60469999999999
 20
7.884830000000022
 10
17.60469999999999
 20
7.878489999999999
 10
17.60469999999999
 20
7.872149999999976
 10
17.60469999999999
 20
7.86581000000001
 10
17.60469999999999
 20
7.859469999999988
 10
17.60469999999999
 20
7.853130000000021
 10
17.60469999999999
 20
7.846799999999973
 10
17.60469999999999
 20
7.840449999999976
 10
20.51749000000002
 20
6.981060000000014
 10
20.51749000000002
 20
6.943039999999996
 10
20.51749000000002
 20
6.905010000000004
 10
20.51749000000002
 20
6.866989999999987
 10
20.51749000000002
 20
6.828959999999995
 10
20.51749000000002
 20
6.790939999999978
 10
20.51749000000002
 20
6.752909999999986
 10
20.51749000000002
 20
6.714890000000025
 10
20.51749000000002
 20
6.676859999999976
 10
20.51749000000002
 20
6.638829999999984
 10
20.51749000000002
 20
6.600810000000024
 10
20.51751000000003
 20
6.562819999999988
 10
20.5175
 20
6.524749999999983
 10
17.60469999999999
 20
5.657759999999996
 10
17.60470000000002
 20
5.652049999999968
 42
0.0003106001099998304
 10
17.60469999999999
 20
5.640640000000015
 10
17.60469999999999
 20
5.634950000000003
 10
17.6047
 20
5.629239999999982
 42
0.0001871205799997339
 10
17.60469999999999
 20
5.617830000000029
 10
17.60469999999999
 20
5.612120000000009
 42
0.0001459671200000972
 10
17.60469999999999
 20
5.600709999999984
 10
17.60469999999999
 20
5.595019999999977
 10
17.60469999999999
 20
5.589310000000012
 10
20.63919
 20
5.589310000000012
 10
20.63919
 20
5.560150000000021
 10
20.63919
 20
5.531009999999981
 10
20.63919
 20
5.50184999999999
 10
20.63919
 20
5.47269
 10
20.63919
 20
5.443539999999985
 10
20.63919
 20
5.414400000000001
 10
20.63919
 20
5.38524000000001
 10
20.63919
 20
5.35608000000002
 10
20.63919
 20
5.326930000000004
 10
20.63919
 20
5.297779999999989
 10
20.63919
 20
5.268619999999999
 10
20.63919
 20
5.239469999999983
 10
17.27008000000002
 20
5.239469999999983
 10
17.27005000000007
 20
5.293330000000018
 42
0.1233839500000255
 10
17.27008000000008
 20
5.401079999999978
 42
0.1227686800000046
 10
17.27005000000004
 20
5.508820000000014
 10
17.27005000000003
 20
5.562700000000009
 42
0.1225620599999969
 10
17.27005000000004
 20
5.670439999999985
 10
17.27005000000007
 20
5.724300000000034
 42
-0.004764224099999666
 10
17.27008000000002
 20
5.832049999999979
 10
17.27005000000004
 20
5.885910000000024
 10
20.16006
 20
6.752909999999986
  0
LWPOLYLINE
  5
BE
100
AcDbEntity
  8
Layer_0
  6
ByLayer
 62
    7
370
   -1
100
AcDbPolyline
 90
   76
 70
    1
 43
0
 10
13.90854000000003
 20
13.13369999999998
 10
12.24301000000004
 20
12.22868
 10
12.24301000000004
 20
12.26353
 10
12.24301000000004
 20
12.29840000000002
 10
12.24301000000004
 20
12.33325000000002
 10
12.24301000000004
 20
12.36811
 10
12.24301000000004
 20
12.40296000000001
 10
12.24301000000004
 20
12.43781999999999
 10
12.24301000000004
 20
12.47268000000003
 10
12.24301000000004
 20
12.50754000000001
 10
12.24301000000004
 20
12.54239999999999
 10
12.24301000000004
 20
12.57726000000002
 10
12.24301000000004
 20
12.61210999999997
 10
12.24301000000004
 20
12.64697000000001
 10
13.77927000000001
 20
13.46073000000001
 10
13.78116000000001
 20
13.49874999999997
 10
13.78305000000002
 20
13.53678000000002
 10
13.78497
 20
13.57481000000001
 10
13.78686
 20
13.61282999999997
 10
13.78876000000004
 20
13.65086000000002
 10
13.79068000000002
 20
13.68889000000001
 10
13.79257000000003
 20
13.72690999999998
 10
13.79446000000003
 20
13.76494000000002
 10
13.79639000000005
 20
13.80295999999998
 10
13.79827999999999
 20
13.84098999999998
 10
13.80016999999999
 20
13.87900999999999
 10
13.80206
 20
13.91703999999999
 10
12.24301000000004
 20
13.91703999999999
 10
12.24301000000004
 20
13.94745999999998
 10
12.24301000000004
 20
13.97788000000003
 10
12.24301000000004
 20
14.00830000000002
 10
12.24301000000004
 20
14.03872999999999
 10
12.24301000000004
 20
14.06914999999998
 10
12.24301000000004
 20
14.09956
 10
12.24301000000004
 20
14.12999000000002
 10
12.24301000000004
 20
14.16041000000001
 10
12.24301000000004
 20
14.19083000000001
 10
12.24301000000003
 20
14.22124999999999
 42
-0.3020308600000643
 10
12.24301000000004
 20
14.28208999999998
 10
15.61212000000002
 20
14.28210000000001
 10
15.61212000000002
 20
14.25166999999999
 10
15.61212000000002
 20
14.22125
 10
15.61212000000002
 20
14.19083000000001
 10
15.61212000000002
 20
14.16041000000001
 10
15.61212000000002
 20
14.12999000000002
 10
15.61212000000002
 20
14.09956
 10
15.61212000000002
 20
14.06914999999998
 10
15.61212000000002
 20
14.03872999999999
 10
15.61212000000002
 20
14.00830000000002
 10
15.61212000000002
 20
13.97788000000003
 10
15.61212000000002
 20
13.94745999999998
 10
15.61212000000002
 20
13.91703999999999
 10
14.12909000000006
 20
13.91703999999998
 42
0.1505216499999723
 10
14.12656
 20
13.83972
 10
14.1253
 20
13.80106000000001
 10
14.12402000000004
 20
13.76240999999999
 10
14.12277000000003
 20
13.72374000000002
 42
-0.1178810300000169
 10
14.12024000000004
 20
13.64641999999998
 10
14.11896000000003
 20
13.60775999999998
 10
14.11767000000005
 20
13.56911000000002
 10
14.11642000000002
 20
13.53044
 10
14.11516000000002
 20
13.49176999999997
 10
14.11389000000004
 20
13.45312000000001
 10
15.61212000000002
 20
12.59372999999999
 10
15.61212000000002
 20
12.55887999999999
 10
15.61212000000002
 20
12.52402000000001
 10
15.61210000000001
 20
12.48914000000002
 10
15.61212000000002
 20
12.45429999999999
 10
15.61212000000002
 20
12.41944000000001
 10
15.61212000000002
 20
12.38459
 10
15.61210000000001
 20
12.34969000000001
 10
15.61212000000002
 20
12.31486999999998
 10
15.61212000000002
 20
12.28001
 10
15.61210000000001
 20
12.24518999999998
 10
15.61212000000002
 20
12.21030000000002
 10
15.61212000000002
 20
12.17545000000001
  0
LWPOLYLINE
  5
BF
100
AcDbEntity
  8
Layer_0
  6
ByLayer
 62
    7
370
   -1
100
AcDbPolyline
 90
   85
 70
    1
 43
0
 10
14.06067000000003
 20
11.36167999999998
 10
14.06067000000003
 20
11.25837999999999
 10
14.06067000000003
 20
11.15508
 10
14.06067000000003
 20
11.05176999999998
 10
14.06067000000003
 20
10.94846000000001
 10
14.06067000000003
 20
10.84516000000002
 10
14.06067000000003
 20
10.74185999999997
 10
14.06067000000003
 20
10.63855000000001
 10
14.06067000000003
 20
10.53525000000002
 10
14.06067000000003
 20
10.43194999999997
 10
14.06067000000003
 20
10.32864000000001
 10
14.06067000000003
 20
10.22532999999999
 10
14.06063999999999
 20
10.12203
 10
14.03338000000004
 20
10.12203
 10
14.00616000000004
 20
10.12203
 10
13.97888000000002
 20
10.12202000000002
 10
13.95166000000002
 20
10.12203
 10
13.92438
 20
10.12202000000002
 10
13.89715000000002
 20
10.12203
 10
13.86987000000001
 20
10.12202000000002
 10
13.84265
 20
10.12202999999998
 42
0.05330129999999829
 10
13.78815000000004
 20
10.12202000000002
 42
-0.01031620399999988
 10
13.73363999999999
 20
10.12202000000002
 10
13.73363999999999
 20
10.22532999999999
 10
13.73363999999999
 20
10.32864000000001
 10
13.73363999999999
 20
10.43194999999997
 10
13.73363999999999
 20
10.53525000000002
 10
13.73363999999997
 20
10.63855000000001
 42
0.0473527419999988
 10
13.73363999999999
 20
10.84514999999999
 10
13.73363999999999
 20
10.94846000000001
 10
13.73363999999999
 20
11.05176999999998
 10
13.73363999999999
 20
11.15508
 10
13.73363999999999
 20
11.25837999999999
 10
13.73363999999999
 20
11.36167999999998
 10
13.63781000000002
 20
11.36196000000001
 10
13.54096
 20
11.36167999999998
 10
13.44464000000001
 20
11.36167999999998
 10
13.34766000000003
 20
11.36183
 10
13.25196000000001
 20
11.36167999999998
 10
13.15564000000002
 20
11.36167999999998
 10
13.05892000000001
 20
11.36156999999997
 10
12.96295999999991
 20
11.36167999999992
 42
-0.0001407342600000408
 10
12.77028999999981
 20
11.36167999999992
 10
12.67395
 20
11.36167999999998
 10
12.57764000000005
 20
11.36167999999998
 10
12.57764000000005
 20
9.848239999999976
 10
12.54974
 20
9.848239999999976
 10
12.52185000000004
 20
9.848239999999976
 10
12.49399000000001
 20
9.848239999999976
 10
12.46609000000002
 20
9.848239999999976
 10
12.43820000000001
 20
9.848239999999976
 10
12.41031
 20
9.848239999999976
 10
12.38244000000005
 20
9.848239999999976
 10
12.35455000000003
 20
9.848239999999976
 10
12.32666000000002
 20
9.848239999999976
 10
12.29877
 20
9.848239999999976
 10
12.27087000000002
 20
9.848239999999976
 10
12.24301000000004
 20
9.848239999999976
 10
12.24301000000004
 20
11.72672999999998
 10
15.61212000000002
 20
11.72674000000001
 10
15.61212000000002
 20
9.848239999999976
 10
15.58423000000001
 20
9.848239999999976
 10
15.55636
 20
9.848239999999976
 10
15.52847000000004
 20
9.848239999999976
 10
15.50058000000003
 20
9.848239999999976
 10
15.47269000000001
 20
9.848239999999976
 10
15.44482000000001
 20
9.848239999999976
 10
15.41692999999999
 20
9.848239999999976
 10
15.38904000000004
 20
9.848239999999976
 10
15.36113999999999
 20
9.848239999999976
 10
15.33325000000004
 20
9.848239999999976
 10
15.30539
 20
9.848239999999976
 10
15.27750000000005
 20
9.848239999999976
 10
15.27750000000005
 20
11.36167999999998
 10
15.17609
 20
11.36167999999998
 10
15.07468000000001
 20
11.36169000000001
 10
14.97327000000003
 20
11.36167999999998
 10
14.87189000000002
 20
11.36167999999998
 10
14.77048000000003
 20
11.36167999999998
 10
14.66907000000005
 20
11.36167999999998
 10
14.56766
 20
11.36167999999998
 10
14.46628
 20
11.36167999999998
 10
14.36487000000001
 20
11.36167999999998
 10
14.26346000000002
 20
11.36167999999998
 10
14.16205000000004
 20
11.36167999999998
  0
LWPOLYLINE
  5
C0
100
AcDbEntity
  8
Layer_0
  6
ByLayer
 62
    7
370
   -1
100
AcDbPolyline
 90
  110
 70
    1
 43
0
 10
12.532
 20
4.661470000000008
 10
12.53965000000001
 20
4.819059999999979
 10
12.56326000000003
 20
4.955339999999978
 10
12.60379000000002
 20
5.070409999999981
 10
12.66224000000001
 20
5.164370000000019
 10
12.73959000000004
 20
5.237279999999998
 10
12.83681000000003
 20
5.289260000000013
 10
12.95488000000002
 20
5.32038
 10
13.09479
 20
5.330730000000017
 10
13.23168
 20
5.320260000000019
 10
13.34291000000003
 20
5.288310000000024
 10
13.43275000000001
 20
5.234069999999974
 10
13.50547000000002
 20
5.15676000000002
 10
13.56536000000001
 20
5.055560000000014
 10
13.61669999999999
 20
4.929669999999987
 10
13.66376000000004
 20
4.778300000000002
 10
13.71081
 20
4.600630000000024
 10
13.76938000000003
 20
4.389239999999972
 10
13.83427999999999
 20
4.205750000000023
 10
13.91041000000003
 20
4.050239999999974
 10
14.00266000000001
 20
3.922810000000027
 10
14.11595000000001
 20
3.82353999999998
 10
14.25518000000001
 20
3.752529999999979
 10
14.42524000000004
 20
3.709850000000017
 10
14.63105000000003
 20
3.695609999999988
 10
14.86982000000002
 20
3.710680000000025
 10
15.07821000000003
 20
3.756329999999991
 10
15.25576000000002
 20
3.833169999999996
 10
15.40203000000004
 20
3.941820000000007
 10
15.51657000000002
 20
4.082920000000001
 10
15.59893000000001
 20
4.257090000000005
 10
15.64868000000003
 20
4.464940000000013
 10
15.66536000000004
 20
4.707100000000025
 10
15.6511
 20
5.018439999999998
 10
15.61973000000002
 20
5.332629999999995
 10
15.60297000000004
 20
5.467629999999986
 10
15.58836000000004
 20
5.575519999999983
 10
15.57802
 20
5.64706000000001
 10
15.5741
 20
5.672970000000021
 10
15.54874000000002
 20
5.671069999999986
 10
15.52341000000003
 20
5.669159999999977
 10
15.49804999999999
 20
5.667269999999974
 10
15.47269000000001
 20
5.665360000000021
 10
15.44736000000002
 20
5.663450000000012
 10
15.42200000000004
 20
5.661560000000009
 10
15.39664
 20
5.659649999999999
 10
15.37128000000003
 20
5.657759999999996
 10
15.34595000000003
 20
5.655849999999987
 10
15.32059
 20
5.653959999999984
 10
15.29523000000002
 20
5.652049999999974
 10
15.26990000000002
 20
5.650149999999996
 10
15.27283000000001
 20
5.62272999999999
 10
15.28058
 20
5.547720000000027
 10
15.29154000000001
 20
5.435990000000004
 10
15.30410999999999
 20
5.29840999999999
 10
15.32764000000005
 20
4.989210000000014
 10
15.33833
 20
4.707100000000025
 10
15.32767000000003
 20
4.555520000000001
 10
15.29579000000003
 20
4.42559
 10
15.24288000000003
 20
4.316869999999994
 10
15.16912000000004
 20
4.228920000000016
 10
15.07468000000001
 20
4.161290000000008
 10
14.95974000000002
 20
4.11354
 10
14.82448000000001
 20
4.085210000000018
 10
14.66907000000005
 20
4.075870000000009
 10
14.52842
 20
4.08656000000002
 10
14.41228000000002
 20
4.118650000000002
 10
14.31734000000002
 20
4.172120000000007
 10
14.24033000000004
 20
4.246989999999983
 10
14.12684000000003
 20
4.460879999999975
 10
14.04544
 20
4.760339999999985
 10
13.98595000000002
 20
4.980560000000025
 10
13.91889000000005
 20
5.173159999999996
 10
13.84024000000001
 20
5.337589999999977
 10
13.74599000000002
 20
5.473329999999976
 10
13.63213000000003
 20
5.579830000000015
 10
13.49466000000002
 20
5.656569999999988
 10
13.32956000000003
 20
5.702999999999975
 10
13.13282
 20
5.718599999999981
 10
12.90702
 20
5.701599999999985
 10
12.71393000000002
 20
5.651099999999985
 10
12.55275000000002
 20
5.567799999999977
 10
12.42267
 20
5.452409999999986
 10
12.32290000000002
 20
5.305659999999989
 10
12.25263000000002
 20
5.128240000000005
 10
12.21105000000001
 20
4.920880000000011
 10
12.19736999999999
 20
4.684289999999976
 10
12.21282000000004
 20
4.383640000000014
 10
12.24681
 20
4.092980000000011
 10
12.26496000000004
 20
3.970550000000003
 10
12.28079000000004
 20
3.873609999999985
 10
12.29199000000001
 20
3.809829999999977
 10
12.29624000000003
 20
3.786870000000022
 10
12.32159000000003
 20
3.788130000000024
 10
12.34695000000001
 20
3.789400000000001
 10
12.37228
 20
3.790680000000009
 10
12.39764000000004
 20
3.791929999999979
 10
12.42300000000002
 20
3.793209999999988
 10
12.44835999999999
 20
3.794480000000021
 10
12.47369000000005
 20
3.795749999999998
 10
12.49905000000003
 20
3.79701
 10
12.52438000000002
 20
3.798279999999977
 10
12.54974
 20
3.799550000000011
 10
12.57510000000003
 20
3.800810000000013
 10
12.60046000000001
 20
3.802079999999989
 10
12.59751000000001
 20
3.825589999999977
 10
12.58976000000003
 20
3.890370000000019
 10
12.57879000000004
 20
3.987770000000012
 10
12.56623000000003
 20
4.109140000000025
 10
12.54270000000004
 20
4.389229999999998
  0
LWPOLYLINE
  5
C1
100
AcDbEntity
  8
Layer_0
  6
ByLayer
 62
    7
370
   -1
100
AcDbPolyline
 90
   70
 70
    1
 43
0
 10
14.25078000000003
 20
7.703559999999982
 10
14.13599000000001
 20
7.480869999999982
 10
13.94848000000003
 20
7.302390000000003
 10
13.82076000000002
 20
7.234620000000007
 10
13.66685000000003
 20
7.183789999999988
 10
13.48405000000004
 20
7.151859999999999
 10
13.26971000000005
 20
7.140780000000007
 10
13.02285000000002
 20
7.157100000000014
 10
12.81209000000003
 20
7.205780000000004
 10
12.63644000000001
 20
7.286360000000002
 10
12.49493000000002
 20
7.398399999999981
 10
12.38657000000002
 20
7.541459999999972
 10
12.31038000000002
 20
7.715089999999975
 10
12.26539000000004
 20
7.918839999999989
 10
12.25061000000001
 20
8.152269999999987
 10
12.25055000000005
 20
8.245319999999992
 10
12.25061000000001
 20
8.337330000000009
 10
12.25061000000001
 20
8.429860000000019
 10
12.25061000000001
 20
8.522400000000005
 10
12.25060999999999
 20
8.614930000000008
 42
-0.1871973800000094
 10
12.25061000000001
 20
8.79998999999998
 10
12.25061000000001
 20
8.89251999999999
 10
12.25061000000001
 20
8.985050000000001
 10
12.25042000000003
 20
9.077710000000025
 10
12.25061000000001
 20
9.170099999999991
 10
12.25061000000001
 20
9.262630000000001
 10
15.61972000000004
 20
9.262630000000001
 10
15.61972000000003
 20
9.23158000000001
 42
0.04840925700000197
 10
15.61972000000004
 20
9.16946999999999
 10
15.61971000000001
 20
9.13839999999999
 10
15.61973000000002
 20
9.107360000000028
 10
15.61972000000007
 20
9.076309999999976
 42
0.02353897699999912
 10
15.61972000000004
 20
9.014200000000015
 42
-0.3039175399998705
 10
15.61972000000004
 20
8.952089999999984
 42
0.1303166399999479
 10
15.6197200000001
 20
8.88997999999998
 10
15.51199000000004
 20
8.88997999999998
 10
15.40423
 20
8.88997999999998
 10
15.29651000000003
 20
8.88997999999998
 10
15.18878000000002
 20
8.88997999999998
 10
15.08102000000004
 20
8.88997999999998
 10
14.97330000000001
 20
8.88997999999998
 10
14.86554000000002
 20
8.88997999999998
 10
14.75781000000002
 20
8.88997999999998
 10
14.65005000000004
 20
8.88997999999998
 10
14.54233000000001
 20
8.88997999999998
 10
14.43457000000002
 20
8.88997999999998
 10
14.32684000000002
 20
8.88997999999998
 10
14.32684000000002
 20
8.820899999999995
 10
14.32684000000002
 20
8.751820000000009
 10
14.32684000000002
 20
8.682740000000024
 10
14.32684000000002
 20
8.613659999999982
 10
14.32684000000002
 20
8.544579999999996
 10
14.32684000000002
 20
8.475489999999979
 10
14.32684000000002
 20
8.406420000000026
 10
14.32674000000004
 20
8.33726999999999
 10
14.32684000000002
 20
8.268250000000023
 10
14.32684000000002
 20
8.199169999999981
 10
14.32684000000002
 20
8.130089999999996
 10
14.32684000000002
 20
8.060999999999979
 10
15.61212000000002
 20
7.460199999999986
 10
15.61212000000002
 20
7.426609999999982
 10
15.61212
 20
7.393019999999978
 42
-0.01512038200000016
 10
15.61212000000002
 20
7.325840000000026
 10
15.61212000000002
 20
7.292250000000024
 10
15.61210000000001
 20
7.258609999999976
 10
15.61212000000002
 20
7.225070000000017
 10
15.61212000000001
 20
7.191469999999982
 42
0.0743002550000031
 10
15.61212000000002
 20
7.124300000000005
 10
15.61212000000002
 20
7.090710000000001
 10
15.61212000000002
 20
7.057119999999998
  0
LWPOLYLINE
  5
C2
100
AcDbEntity
  8
Layer_0
  6
ByLayer
 62
    7
370
   -1
100
AcDbPolyline
 90
   44
 70
    1
 43
0
 10
12.23541000000002
 20
6.235760000000028
 10
12.32794000000003
 20
6.236389999999972
 10
12.42047000000004
 20
6.237019999999973
 10
12.51299999999999
 20
6.237660000000005
 10
12.60553
 20
6.238299999999981
 10
12.69806000000001
 20
6.238920000000007
 10
12.79059000000002
 20
6.239559999999983
 10
12.88312000000003
 20
6.240189999999984
 10
12.97565000000004
 20
6.240819999999985
 10
13.06817000000002
 20
6.241460000000018
 10
13.16070000000003
 20
6.242099999999994
 10
13.25323000000004
 20
6.24272000000002
 10
13.34576
 20
6.243359999999996
 10
13.34576
 20
6.269970000000001
 10
13.34576
 20
6.296600000000012
 10
13.34576
 20
6.323210000000017
 10
13.34576
 20
6.349839999999972
 10
13.34576
 20
6.376449999999977
 10
13.34576
 20
6.403070000000014
 10
13.34576
 20
6.429689999999994
 10
13.34576
 20
6.456309999999974
 10
13.34576
 20
6.48293000000001
 10
13.34575999999997
 20
6.509540000000016
 42
0.02758529299999854
 10
13.34576
 20
6.56277
 10
13.25323000000004
 20
6.564039999999977
 10
13.16070000000003
 20
6.565319999999986
 10
13.06817000000002
 20
6.566579999999988
 10
12.97565000000004
 20
6.567850000000021
 10
12.88312000000003
 20
6.569110000000023
 10
12.79059000000002
 20
6.570389999999975
 10
12.69806000000001
 20
6.571660000000008
 10
12.60553
 20
6.572920000000011
 10
12.51299999999999
 20
6.574189999999987
 10
12.42047000000004
 20
6.575449999999989
 10
12.32794000000003
 20
6.576720000000023
 10
12.23541000000002
 20
6.57799
 10
12.23541000000002
 20
6.549469999999985
 10
12.23541000000002
 20
6.520950000000028
 10
12.23541000000002
 20
6.492430000000013
 10
12.23541000000002
 20
6.463909999999998
 10
12.23538000000003
 20
6.435369999999978
 10
12.23540000000006
 20
6.406870000000031
 42
-0.1152540000000178
 10
12.23541
 20
6.349829999999998
 42
0.0496087050000015
 10
12.23541000000005
 20
6.292790000000011
 42
0.240360419999918
  0
LWPOLYLINE
  5
C3
100
AcDbEntity
  8
Layer_0
  6
ByLayer
 62
    7
370
   -1
100
AcDbPolyline
 90
   66
 70
    1
 43
0
 10
15.61212000000002
 20
15.14148
 10
15.54050000000002
 20
15.16113000000001
 10
15.46890000000003
 20
15.18077
 10
15.39728000000004
 20
15.20042000000001
 10
15.32565000000001
 20
15.22008
 10
15.25403000000001
 20
15.23971999999998
 10
15.18243000000002
 20
15.25936000000002
 10
15.11081000000003
 20
15.27901000000003
 10
15.03918
 20
15.29865999999998
 10
14.96759000000004
 20
15.31830000000002
 10
14.89596000000002
 20
15.33794999999998
 10
14.82434000000002
 20
15.35759999999999
 10
14.75270999999998
 20
15.37724000000001
 42
0.0002448129499997411
 10
14.75270999999998
 20
15.69286000000008
 10
14.75243000000002
 20
15.79894999999999
 10
14.75273
 20
15.90327000000002
 10
14.75271
 20
16.00848000000002
 42
-0.01181416099999984
 10
14.75275000000001
 20
16.21888999999999
 10
14.75275000000001
 20
16.32409999999999
 10
14.75282
 20
16.42973000000001
 10
14.75273
 20
16.53451000000001
 10
14.75270999999999
 20
16.63970999999998
 10
14.82434000000002
 20
16.65935999999999
 10
14.89596000000002
 20
16.67901000000001
 10
14.96759000000004
 20
16.69864999999999
 10
15.03918
 20
16.7183
 10
15.11081000000003
 20
16.73795000000001
 10
15.18243000000002
 20
16.75760000000002
 10
15.25403000000001
 20
16.77724000000001
 10
15.32565000000001
 20
16.79689000000002
 10
15.39728000000004
 20
16.81653999999997
 10
15.46890000000003
 20
16.83618000000001
 10
15.54050000000002
 20
16.85583000000003
 10
15.61212000000002
 20
16.87547000000001
 10
15.61212000000002
 20
16.90652
 10
15.61212000000002
 20
16.93758000000003
 10
15.61212000000002
 20
16.96863999999999
 10
15.61212000000002
 20
16.99968999999999
 10
15.61212000000002
 20
17.03075000000001
 10
15.61212000000003
 20
17.06179999999999
 42
0.4334344999999395
 10
15.61212
 20
17.12392
 42
0.004166305299999713
 10
15.61212
 20
17.18602000000001
 42
0.4953254499999003
 10
15.61212000000002
 20
17.24813
 10
12.24301000000004
 20
16.37353000000002
 10
12.24301000000004
 20
16.31205999999997
 10
12.24301000000004
 20
16.25058000000001
 10
12.24301000000006
 20
16.1891
 42
0.04521904799999888
 10
12.24301000000006
 20
16.06614999999999
 42
0.05733326499999797
 10
12.24301000000004
 20
15.94321000000002
 10
12.24301000000004
 20
15.88171999999997
 10
12.24301000000004
 20
15.82024999999999
 10
12.24301000000004
 20
15.75877000000003
 10
12.24301000000004
 20
15.69729999999998
 10
12.24301000000004
 20
15.63583
 10
15.61212000000002
 20
14.76882999999998
 10
15.61212000000002
 20
14.79989
 10
15.61212000000002
 20
14.83094
 10
15.61214000000002
 20
14.86203999999998
 10
15.61212000000002
 20
14.89305000000002
 10
15.61212000000002
 20
14.92410000000001
 10
15.61210000000001
 20
14.95517000000001
 10
15.61212000000002
 20
14.98621000000003
 10
15.61210000000001
 20
15.01722999999998
 10
15.61212000000002
 20
15.04831999999999
 10
15.61212000000002
 20
15.07936999999998
 10
15.61212000000002
 20
15.11043000000001
  0
LWPOLYLINE
  5
C4
100
AcDbEntity
  8
Layer_0
  6
ByLayer
 62
    7
370
   -1
100
AcDbPolyline
 90
   84
 70
    1
 43
0
 10
11.14785999999999
 20
2.97311000000002
 10
11.15924000000002
 20
2.973109999999997
 42
0.1544538700001074
 10
11.18207000000002
 20
2.97311000000002
 10
11.19348000000003
 20
2.973110000000044
 42
-0.07669021200002567
 10
11.21631000000004
 20
2.973110000000007
 42
-0.2728708599997916
 10
11.23910000000002
 20
2.97311000000002
 10
11.25052000000001
 20
2.973110000000013
 42
-0.1005453099999876
 10
11.27334000000003
 20
2.97311000000002
 10
11.28473000000004
 20
2.97311000000002
 10
11.28475000000005
 20
2.988319999999987
 10
11.28474000000005
 20
3.00353
 42
0.1370123900000828
 10
11.28476000000003
 20
3.033950000000007
 42
-0.05451440699999457
 10
11.28473000000004
 20
3.064360000000022
 42
0.09086397199999069
 10
11.28473000000009
 20
3.094789999999995
 42
-0.05876988699997567
 10
11.28476000000008
 20
3.125209999999984
 42
-0.2572948400000223
 10
11.28473000000004
 20
3.155639999999987
 42
0.01724791100000017
 10
11.39755000000004
 20
3.155640000000028
 42
0.008361466400000024
 10
11.51037000000004
 20
3.155640000000004
 10
11.56677000000003
 20
3.155640000000005
 10
11.62317000000003
 20
3.155640000000005
 10
11.67959000000003
 20
3.155640000000005
 10
11.73599000000003
 20
3.155640000000005
 10
11.79239000000003
 20
3.155640000000005
 10
11.84881000000003
 20
3.155640000000005
 10
11.90521000000003
 20
3.155640000000005
 10
11.96161000000002
 20
3.155640000000005
 10
11.96161000000002
 20
3.168299999999988
 10
11.96161000000002
 20
3.180979999999977
 10
11.96161000000002
 20
3.193660000000023
 10
11.96161000000002
 20
3.20632999999998
 10
11.96161000000002
 20
3.219010000000026
 10
11.96161000000002
 20
3.231690000000015
 10
11.96161000000002
 20
3.244349999999997
 10
11.96161000000002
 20
3.257029999999986
 10
11.96161000000002
 20
3.269709999999975
 10
11.96161000000002
 20
3.282379999999989
 10
11.96161000000002
 20
3.295059999999978
 10
11.96161000000002
 20
3.307740000000024
 10
11.90521000000003
 20
3.307740000000024
 10
11.84878000000005
 20
3.307740000000024
 10
11.79239000000003
 20
3.307740000000024
 10
11.73599000000003
 20
3.307740000000024
 10
11.67959000000003
 20
3.307740000000024
 10
11.62317000000003
 20
3.307740000000024
 10
11.56677000000003
 20
3.307740000000024
 10
11.51037000000004
 20
3.307740000000024
 10
11.45395000000003
 20
3.307740000000024
 10
11.39755000000004
 20
3.307740000000024
 10
11.34115000000004
 20
3.307740000000024
 10
11.28473000000004
 20
3.307740000000024
 10
11.28476000000006
 20
3.325489999999992
 42
0.1354347500000861
 10
11.2847300000001
 20
3.360979999999984
 10
11.28473000000004
 20
3.378719999999987
 10
11.28473000000004
 20
3.39645999999999
 10
11.28474000000001
 20
3.414210000000026
 10
11.28473000000004
 20
3.431949999999972
 10
11.28473000000004
 20
3.449709999999982
 10
11.28473000000004
 20
3.467440000000011
 10
11.28473000000004
 20
3.48520000000002
 10
11.28473000000004
 20
3.502929999999992
 10
11.28473000000004
 20
3.520690000000002
 10
11.27334000000003
 20
3.520690000000002
 10
11.26193000000002
 20
3.520690000000002
 10
11.25052000000001
 20
3.520690000000002
 10
11.23910000000002
 20
3.520690000000002
 10
11.22772000000005
 20
3.520690000000002
 10
11.21631000000004
 20
3.520690000000002
 10
11.20488999999999
 20
3.520690000000002
 10
11.19348000000004
 20
3.520690000000002
 10
11.18207000000002
 20
3.520690000000002
 10
11.17065000000004
 20
3.520690000000002
 10
11.15924000000003
 20
3.520690000000002
 10
11.14785999999999
 20
3.520690000000002
 10
11.14785999999999
 20
3.47505000000001
 10
11.14785999999999
 20
3.429410000000018
 10
11.14785999999999
 20
3.383789999999976
 10
11.14785999999999
 20
3.338169999999991
 10
11.14785999999999
 20
3.292529999999999
 10
11.14785999999999
 20
3.246890000000008
 10
11.14785999999999
 20
3.201259999999991
 10
11.14785999999999
 20
3.155640000000005
 10
11.14785999999999
 20
3.110000000000014
 10
11.14785999999999
 20
3.064380000000028
 10
11.14785999999999
 20
3.01873999999998
  0
LWPOLYLINE
  5
C5
100
AcDbEntity
  8
Layer_0
  6
ByLayer
 62
    7
370
   -1
100
AcDbPolyline
 90
  145
 70
    1
 43
0
 10
11.92358000000003
 20
2.562419999999975
 10
11.92358000000003
 20
2.552919999999972
 10
11.92358000000002
 20
2.543410000000012
 42
2.674104499993525e-05
 10
11.92358000000002
 20
2.52440000000005
 10
11.92358000000003
 20
2.51488999999998
 10
11.92358000000003
 20
2.505389999999977
 10
11.92358000000003
 20
2.49588
 10
11.92358000000004
 20
2.486370000000022
 42
2.672731199985498e-05
 10
11.92358000000004
 20
2.46736000000006
 10
11.92358000000003
 20
2.457859999999982
 10
11.92358000000003
 20
2.448350000000005
 10
11.87604
 20
2.43313999999998
 10
11.82852000000004
 20
2.417919999999981
 10
11.78097000000004
 20
2.402710000000013
 10
11.73345999999999
 20
2.38751000000002
 10
11.68590999999999
 20
2.372299999999996
 10
11.6384
 20
2.357090000000028
 10
11.59085
 20
2.341869999999972
 10
11.54333000000004
 20
2.326660000000004
 10
11.49579000000001
 20
2.311449999999979
 10
11.44824000000001
 20
2.29622999999998
 10
11.40071999999999
 20
2.281040000000019
 10
11.35318000000001
 20
2.265820000000003
 42
0.001726577300000041
 10
11.45587000000002
 20
2.265820000000019
 10
11.50720000000003
 20
2.265820000000019
 10
11.55853000000003
 20
2.265809999999988
 10
11.60986000000004
 20
2.265820000000019
 10
11.66119000000005
 20
2.265820000000019
 10
11.71252
 20
2.265820000000019
 10
11.76388000000004
 20
2.265820000000019
 10
11.81520999999999
 20
2.265820000000019
 10
11.86655000000003
 20
2.265820000000019
 10
11.91788000000004
 20
2.265820000000019
 10
11.96921000000005
 20
2.265820000000019
 10
11.96921000000005
 20
2.253780000000006
 10
11.96921000000006
 20
2.241730000000024
 42
-0.1989123900001095
 10
11.96921000000005
 20
2.217649999999992
 10
11.96921000000005
 20
2.205609999999979
 10
11.96921000000005
 20
2.193570000000022
 10
11.96921000000005
 20
2.181519999999978
 10
11.96921000000005
 20
2.169489999999996
 10
11.96921000000005
 20
2.157440000000008
 10
11.96921000000005
 20
2.145399999999995
 10
11.96921000000005
 20
2.133359999999982
 10
11.96921000000005
 20
2.121320000000026
 10
11.90076000000001
 20
2.121320000000026
 10
11.83234
 20
2.121320000000026
 10
11.76368000000004
 20
2.121260000000007
 10
11.69543
 20
2.121320000000026
 10
11.62698000000002
 20
2.121320000000008
 42
-0.01379926600000009
 10
11.49007999999999
 20
2.121320000000027
 10
11.42162999999992
 20
2.12132000000004
 42
-0.0005039921499997879
 10
11.28472999999999
 20
2.121320000000054
 10
11.21631000000004
 20
2.121320000000026
 10
11.14785999999999
 20
2.121320000000026
 10
11.14785999999999
 20
2.137800000000027
 10
11.14785999999999
 20
2.154269999999997
 10
11.14785999999999
 20
2.170759999999973
 10
11.14785999999999
 20
2.18723
 10
11.14785999999999
 20
2.203700000000026
 10
11.14785999999999
 20
2.220180000000028
 10
11.14785999999999
 20
2.236659999999972
 10
11.14785999999999
 20
2.253139999999973
 10
11.14785999999999
 20
2.269619999999975
 10
11.14785999999999
 20
2.286099999999976
 10
11.14785999999999
 20
2.302579999999978
 10
11.14785999999999
 20
2.319059999999979
 10
11.19537000000004
 20
2.334900000000005
 10
11.24292000000004
 20
2.350739999999973
 10
11.29043000000003
 20
2.366589999999974
 10
11.33798000000003
 20
2.382429999999999
 10
11.38549999999999
 20
2.39828
 10
11.43304000000002
 20
2.414120000000025
 10
11.48059000000002
 20
2.429959999999994
 10
11.52811000000004
 20
2.445820000000026
 10
11.57565000000001
 20
2.46165000000002
 10
11.62317000000003
 20
2.477509999999995
 10
11.67071
 20
2.493350000000021
 10
11.71823000000002
 20
2.50918999999999
 10
11.67071
 20
2.524400000000014
 10
11.62317000000003
 20
2.539609999999982
 10
11.57565000000001
 20
2.554820000000007
 10
11.52811000000004
 20
2.570040000000006
 10
11.48059000000002
 20
2.585239999999999
 10
11.43304000000002
 20
2.600450000000023
 10
11.38549999999999
 20
2.615659999999991
 10
11.33798000000003
 20
2.630870000000016
 10
11.29043000000003
 20
2.646090000000015
 10
11.24292000000004
 20
2.661290000000008
 10
11.19537000000004
 20
2.676499999999976
 10
11.14785999999999
 20
2.69171
 10
11.14785999999999
 20
2.708190000000002
 10
11.14785999999999
 20
2.724670000000003
 10
11.14785999999999
 20
2.741150000000005
 10
11.14785999999999
 20
2.757630000000006
 10
11.14785999999999
 20
2.774110000000007
 10
11.14785999999999
 20
2.790590000000009
 10
11.14785999999999
 20
2.80707000000001
 10
11.14785999999999
 20
2.823530000000005
 10
11.14785999999999
 20
2.840010000000007
 10
11.14785999999999
 20
2.856490000000008
 10
11.14785999999999
 20
2.872970000000009
 10
11.14785999999999
 20
2.889450000000011
 10
11.21631000000004
 20
2.88882000000005
 42
0.01917292599999957
 10
11.35318000000002
 20
2.887540000000058
 10
11.42163000000001
 20
2.886919999999975
 10
11.49007999999999
 20
2.886279999999999
 10
11.55853000000003
 20
2.885649999999998
 10
11.62698000000002
 20
2.885010000000023
 10
11.69543
 20
2.884380000000021
 10
11.76388000000004
 20
2.883739999999995
 42
-0.03371057500000016
 10
11.90076000000001
 20
2.882479999999987
 10
11.96921000000005
 20
2.881840000000011
 10
11.96921000000005
 20
2.869809999999973
 10
11.96921000000005
 20
2.857759999999985
 10
11.96921000000005
 20
2.845719999999972
 10
11.96921000000005
 20
2.833680000000015
 10
11.96921000000005
 20
2.821640000000002
 10
11.96921000000005
 20
2.809599999999989
 10
11.96921000000005
 20
2.797550000000001
 10
11.96921000000005
 20
2.785509999999988
 10
11.96921000000003
 20
2.773469999999981
 42
0.1262341800000471
 10
11.96921000000005
 20
2.749390000000004
 10
11.96921000000005
 20
2.737340000000017
 10
11.91788000000004
 20
2.737350000000003
 42
-0.05394503199999936
 10
11.81520999999999
 20
2.737340000000017
 10
11.76388000000004
 20
2.737349999999992
 10
11.71252
 20
2.737349999999978
 42
-0.04742295200000116
 10
11.60986000000004
 20
2.737349999999992
 10
11.55853000000003
 20
2.737340000000017
 10
11.50711000000003
 20
2.737289999999973
 10
11.45586000000004
 20
2.737340000000017
 10
11.40454000000001
 20
2.737340000000017
 10
11.35321
 20
2.737349999999992
 10
11.40071999999999
 20
2.722759999999994
 10
11.44824000000001
 20
2.708190000000002
 10
11.49579000000001
 20
2.693600000000004
 10
11.54333000000004
 20
2.679050000000018
 10
11.59085
 20
2.66446000000002
 10
11.6384
 20
2.649890000000028
 10
11.68590999999999
 20
2.635310000000004
 10
11.73345999999999
 20
2.62072999999998
 10
11.78097000000004
 20
2.606159999999988
 10
11.82852000000004
 20
2.591580000000022
 10
11.87604
 20
2.576999999999998
  0
LWPOLYLINE
  5
C6
100
AcDbEntity
  8
Layer_0
  6
ByLayer
 62
    7
370
   -1
100
AcDbPolyline
 90
   27
 70
    1
 43
0
 10
22.94357000000004
 20
41.00688000000002
 10
10.47098000000001
 20
33.01378999999997
 10
10.28881000000003
 20
32.86993999999999
 10
10.15868999999999
 20
32.71005000000002
 10
10.08062000000002
 20
32.53946999999999
 10
10.05459000000003
 20
32.36354
 10
10.08062000000002
 20
32.18761000000001
 10
10.15868999999999
 20
32.01702
 10
10.28881000000003
 20
31.85714000000002
 10
10.47098000000001
 20
31.71328999999997
 10
22.93597000000001
 20
23.70499000000001
 10
23.14133
 20
23.59906999999998
 10
23.33262000000003
 20
23.54788000000002
 10
23.50573000000004
 20
23.54910000000001
 10
23.65656000000003
 20
23.60041000000001
 10
23.78100000000002
 20
23.69947999999999
 10
23.87497000000003
 20
23.84401000000003
 10
23.93435000000001
 20
24.03167999999999
 10
23.95506000000002
 20
24.26015999999998
 10
23.95508000000002
 20
40.45170999999999
 10
23.93437000000002
 20
40.68018999999998
 10
23.87509000000001
 20
40.86786000000001
 10
23.78140000000003
 20
41.01238999999998
 10
23.65751000000002
 20
41.11146000000002
 10
23.50758000000003
 20
41.16277000000002
 10
23.33583
 20
41.16397999999998
 10
23.14643000000002
 20
41.11279999999999
  0
LWPOLYLINE
  5
C7
100
AcDbEntity
  8
Layer_0
  6
ByLayer
 62
    7
370
   -1
100
AcDbPolyline
 90
   25
 70
    1
 43
0
 10
19.45276000000003
 20
19.15703999999999
 10
17.60469999999999
 20
19.63618000000002
 10
17.60469999999999
 20
19.64821999999998
 10
17.60469999999999
 20
19.66025999999999
 10
17.60470000000001
 20
19.67230000000001
 42
0.01019870900000042
 10
17.60469999999999
 20
19.69637999999998
 10
17.60469999999999
 20
19.70843000000002
 10
17.60469999999999
 20
19.72046999999998
 10
17.60469999999999
 20
19.73250999999999
 10
17.60469999999999
 20
19.74455
 10
17.60469999999999
 20
19.75659000000002
 10
17.60469999999999
 20
19.76862999999997
 10
17.60469999999999
 20
19.78068000000002
 10
19.45276000000003
 20
20.26740999999998
 10
19.45276000000003
 20
20.17487999999997
 10
19.45276000000003
 20
20.08235000000002
 10
19.45276000000003
 20
19.98982000000001
 10
19.45276000000003
 20
19.89729
 10
19.45292000000002
 20
19.80432000000002
 10
19.45277
 20
19.71222999999998
 10
19.45276000000003
 20
19.61970000000002
 10
19.45276000000003
 20
19.52717000000001
 10
19.45276000000003
 20
19.43464
 10
19.45276000000003
 20
19.34210999999999
 10
19.45276000000003
 20
19.24957999999998
  0
LWPOLYLINE
  5
C8
100
AcDbEntity
  8
Layer_0
  6
ByLayer
 62
    7
370
   -1
100
AcDbPolyline
 90
   39
 70
    1
 43
0
 10
12.57003000000005
 20
8.88997999999998
 10
12.57010000000004
 20
8.828579999999988
 10
12.57003000000005
 20
8.767029999999977
 10
12.57004000000001
 20
8.705550000000017
 42
-0.007457760199999627
 10
12.57004000000002
 20
8.582600000000012
 10
12.57004000000002
 20
8.521130000000028
 10
12.57000000000001
 20
8.459780000000023
 10
12.57003000000005
 20
8.398169999999993
 10
12.57004000000003
 20
8.336700000000008
 42
-0.02934935300000023
 10
12.57004000000002
 20
8.213750000000005
 10
12.57004000000002
 20
8.152269999999987
 10
12.58075000000004
 20
8.00069000000002
 10
12.61304000000003
 20
7.870760000000018
 10
12.66708000000001
 20
7.762040000000013
 10
12.74305
 20
7.674089999999978
 10
12.84111000000003
 20
7.606460000000027
 10
12.96146
 20
7.558710000000019
 10
13.10427
 20
7.53037999999998
 10
13.26971000000005
 20
7.521040000000028
 10
13.44301000000003
 20
7.53037999999998
 10
13.59233999999999
 20
7.558710000000019
 10
13.71796000000002
 20
7.606460000000027
 10
13.82013999999999
 20
7.674089999999978
 10
13.89915000000003
 20
7.762040000000013
 10
13.95524999999999
 20
7.870760000000018
 10
13.98872000000001
 20
8.00069000000002
 10
13.99981000000004
 20
8.152269999999987
 10
13.99982000000001
 20
8.213750000000005
 10
13.99982000000001
 20
8.27521999999999
 10
13.99982000000001
 20
8.336700000000008
 10
13.99982000000001
 20
8.398180000000025
 10
13.99982000000001
 20
8.459659999999985
 10
13.99982000000001
 20
8.521130000000028
 10
13.99982000000001
 20
8.582600000000014
 10
13.99982000000001
 20
8.644069999999999
 10
13.99982000000001
 20
8.705550000000017
 10
13.99982000000001
 20
8.767029999999977
 10
13.99982000000001
 20
8.828509999999994
 10
13.99982000000001
 20
8.88997999999998
  0
LWPOLYLINE
  5
C9
100
AcDbEntity
  8
Layer_0
  6
ByLayer
 62
    7
370
   -1
100
AcDbPolyline
 90
   24
 70
    1
 43
0
 10
14.42572000000003
 20
15.45328999999998
 10
12.57764000000006
 20
15.93243000000001
 42
0.08061042100002792
 10
12.57764000000005
 20
15.95650999999998
 10
12.57764000000005
 20
15.96854999999999
 10
12.57764000000005
 20
15.98059000000001
 10
12.57764000000005
 20
15.99263000000002
 10
12.57764000000005
 20
16.00468000000001
 10
12.57764000000005
 20
16.01672000000002
 10
12.57764000000005
 20
16.02875999999998
 10
12.57764000000005
 20
16.04079999999999
 10
12.57764000000005
 20
16.05284
 10
12.57764000000005
 20
16.06488000000002
 10
12.57764000000005
 20
16.07693
 10
14.42572000000003
 20
16.56366000000003
 10
14.42572000000003
 20
16.47113000000002
 10
14.42572000000003
 20
16.37860000000001
 10
14.42572000000003
 20
16.28607
 10
14.42584000000001
 20
16.19315
 10
14.42570000000002
 20
16.10100999999997
 10
14.42572000000003
 20
16.00848000000002
 10
14.42572000000007
 20
15.91595
 42
0.0008945235499996111
 10
14.42572000000009
 20
15.73089000000005
 10
14.42572000000003
 20
15.63835999999998
 10
14.42572000000003
 20
15.54583000000002
  0
LWPOLYLINE
  5
CA
100
AcDbEntity
  8
Layer_0
  6
ByLayer
 62
    7
370
   -1
100
AcDbPolyline
 90
   75
 70
    1
 43
0
 10
18.12945000000003
 20
34.18499000000003
 10
18.69141000000003
 20
33.54163999999997
 10
19.22556000000004
 20
32.93392999999998
 10
19.45034
 20
32.68043
 10
19.62994000000005
 20
32.48023000000001
 10
19.69880999999999
 20
32.40474
 10
19.75161000000004
 20
32.34811999999999
 10
19.78674000000002
 20
32.31222000000002
 10
19.8026
 20
32.29888999999997
 10
19.87961000000003
 20
32.28985999999998
 10
20.00795000000001
 20
32.26657
 10
20.15340000000005
 20
32.21760999999998
 10
20.28173
 20
32.13157999999999
 42
-0.1989077600000074
 10
20.41864
 20
31.85018000000002
 42
-0.06061479299999958
 10
20.40341000000002
 20
31.75893000000002
 10
20.37775000000001
 20
31.64864999999998
 10
20.35778000000001
 20
31.60682000000003
 10
20.33749000000002
 20
31.62772999999999
 10
20.31723000000001
 20
31.64864999999998
 10
20.29693000000005
 20
31.66955999999999
 10
20.27667000000004
 20
31.69047999999998
 10
20.25637999999999
 20
31.71138999999999
 10
20.23611000000001
 20
31.73230999999998
 10
20.21582000000002
 20
31.75322
 10
20.19556000000001
 20
31.77413000000001
 10
20.17526
 20
31.79503999999998
 42
-0.02252993599999986
 10
20.11441000000003
 20
31.85779000000004
 42
0.3196382400000232
 10
19.81021
 20
31.65244999999999
 10
19.82986000000001
 20
31.6309
 10
19.84949000000002
 20
31.60935999999998
 10
19.86914000000003
 20
31.58780999999999
 10
19.88879000000004
 20
31.56626
 10
19.90845000000003
 20
31.54471000000001
 10
19.92810000000004
 20
31.52316000000002
 10
19.94772000000002
 20
31.50161000000003
 10
19.96738000000001
 20
31.48005999999998
 10
19.98703000000002
 20
31.45850999999999
 10
20.00668000000003
 20
31.43696999999997
 10
20.02634000000002
 20
31.41541999999998
 10
20.04595999999999
 20
31.39386999999999
 10
20.04532999999999
 20
31.38625999999999
 10
20.04469999999998
 20
31.37866000000003
 42
0.1099430000000347
 10
20.04343000000001
 20
31.36345
 10
20.04281000000005
 20
31.35584999999998
 10
20.04217000000001
 20
31.34823999999998
 10
20.04152999999999
 20
31.34064000000001
 42
-0.002283040299999919
 10
20.03899999999994
 20
31.31020999999998
 10
20.03836000000003
 20
31.30261000000002
 10
19.99903000000002
 20
31.29987999999997
 10
19.88911000000003
 20
31.30356
 10
19.73784000000002
 20
31.34859999999998
 10
19.57445000000003
 20
31.46992
 10
19.48235000000001
 20
31.60883999999999
 10
19.44231000000003
 20
31.73705999999999
 10
19.43220000000004
 20
31.84958999999998
 10
19.42995000000003
 20
31.94144999999997
 10
19.40642000000004
 20
31.98811999999998
 10
19.36009000000003
 20
32.05813000000001
 10
19.2931
 20
32.14915000000002
 10
19.20761
 20
32.25885
 10
18.98971999999999
 20
32.52499
 10
18.72361000000002
 20
32.83792
 10
18.11555
 20
33.52963999999997
 10
17.52103000000001
 20
34.18499000000003
 10
17.57180000000001
 20
34.18500999999998
 10
17.62244
 20
34.18499000000003
 10
17.67312
 20
34.18499000000003
 10
17.72385000000004
 20
34.18499000000003
 10
17.77453000000004
 20
34.18499000000003
 10
17.82526000000003
 20
34.185
 10
17.87594000000003
 20
34.18499000000003
 10
17.92663
 20
34.185
 10
17.97731
 20
34.18498
 10
18.02805000000002
 20
34.18499000000003
 10
18.07876
 20
34.18499000000003
  0
LWPOLYLINE
  5
CB
100
AcDbEntity
  8
Layer_0
  6
ByLayer
 62
    7
370
   -1
100
AcDbPolyline
 90
   63
 70
    1
 43
0
 10
16.06081999999996
 20
34.49680999999995
 42
-0.0001051625200000147
 10
16.12166999999999
 20
34.50567999999996
 10
16.15210000000001
 20
34.51011999999997
 42
-8.01917449999921e-05
 10
16.21291999999998
 20
34.51898
 42
0.01049841600000006
 10
16.33462000000004
 20
34.53672999999998
 10
16.36505000000001
 20
34.54117000000008
 42
-0.0001034354700000897
 10
16.42587000000005
 20
34.55004000000008
 10
16.53235000000002
 20
34.48919999999998
 10
20.09921000000008
 20
34.48919999999934
 42
7.389236100020662e-06
 10
20.09921000000008
 20
34.51202000000036
 10
20.12107000000005
 20
34.64985999999999
 10
20.16005000000003
 20
34.70215000000002
 10
20.16067
 20
34.70214999999999
 42
-0.03508804199990128
 10
20.16196000000004
 20
34.70215000000002
 10
20.16260000000001
 20
34.70215000000002
 10
20.16321000000001
 20
34.70215000000002
 10
20.16385000000003
 20
34.70215000000004
 42
-0.1622510800011012
 10
20.16574000000004
 20
34.70215000000002
 10
20.16638000000002
 20
34.70215
 42
0.0008560859700004027
 10
20.16766000000003
 20
34.70215000000004
 42
-0.292535580000216
 10
20.2056900000001
 20
34.67173000000006
 42
0.1703091799999736
 10
20.37297999999999
 20
34.60328000000003
 42
-0.06666423100000106
 10
20.48706
 20
34.64130000000001
 10
21.45959000000001
 20
34.70215000000002
 10
22.42641000000005
 20
34.76299
 10
22.54013000000005
 20
34.75693000000001
 10
22.67453000000002
 20
34.71451000000002
 10
22.79324000000004
 20
34.63357999999999
 10
22.85991000000003
 20
34.51202000000001
 42
-0.06220993500000051
 10
22.86751999999997
 20
34.41314999999997
 42
-0.08255926199997883
 10
22.85988999999996
 20
34.33710000000002
 10
22.79550000000002
 20
34.21422999999999
 10
22.68118
 20
34.12984999999998
 10
22.54976000000001
 20
34.08256
 10
22.43401000000001
 20
34.07091000000003
 10
21.46053999999999
 20
34.10514000000001
 10
20.48707000000003
 20
34.13936000000004
 42
-0.1164562899999888
 10
20.37298
 20
34.16977999999998
 42
0.1988969999999813
 10
20.21329000000006
 20
34.09372999999999
 42
-0.4387604199999633
 10
20.19046000000004
 20
34.06331000000001
 10
20.14389000000001
 20
34.11559999999997
 10
20.11442000000005
 20
34.25344000000013
 42
8.129513299993709e-05
 10
20.10681000000011
 20
34.35231000000002
 10
16.53995000000005
 20
34.35230999999999
 10
16.42587000000005
 20
34.30667
 10
16.39545
 20
34.31110999999999
 10
16.36503
 20
34.31554
 10
16.33462000000004
 20
34.31997999999999
 10
16.30419999999999
 20
34.32441999999998
 10
16.27375000000002
 20
34.32886999999999
 10
16.24335000000004
 20
34.33328999999998
 10
16.21291999999818
 20
34.33773000000065
 42
-1.402821399979365e-05
 10
16.15209999999917
 20
34.34660000000031
 10
16.12167000000001
 20
34.35104000000001
 42
-0.2102305400000083
 10
16.06081999999999
 20
34.35991000000001
 10
16.06081999999999
 20
34.37132000000003
 10
16.06082000000001
 20
34.38272999999998
 42
-0.0004131724500000626
 10
16.06081999999999
 20
34.40555000000001
 10
16.06083000000002
 20
34.42264999999998
 10
16.06083000000005
 20
34.43977000000001
 42
-0.0007125039899999075
 10
16.06081999999999
 20
34.46258999999998
 10
16.06081999999999
 20
34.47399000000001
 10
16.06081999999999
 20
34.48540000000003
  0
LWPOLYLINE
  5
CC
100
AcDbEntity
  8
Layer_0
  6
ByLayer
 62
    7
370
   -1
100
AcDbPolyline
 90
  117
 70
    1
 43
0
 10
17.29288000000004
 20
35.18887999999998
 10
17.29287000000001
 20
35.18982999999997
 10
17.29288000000004
 20
35.19078000000002
 10
17.29288000000004
 20
35.19141999999999
 10
17.29288000000004
 20
35.19204999999999
 10
17.29288000000004
 20
35.19269000000003
 10
17.29288000000004
 20
35.19332000000003
 10
17.29288000000004
 20
35.19394999999997
 10
17.29288000000004
 20
35.19490000000002
 10
17.29288000000004
 20
35.19585000000001
 10
17.29288000000042
 20
35.19648999999981
 42
-3.022622100000844e-05
 10
17.30807000000004
 20
35.37900999999987
 42
0.1754436999999793
 10
17.21682999999997
 20
35.65279999999996
 10
17.05569000000004
 20
35.78399000000002
 10
16.90881000000003
 20
35.83533
 10
16.80186000000005
 20
35.84102999999999
 10
16.76050999999998
 20
35.83532999999999
 42
-0.1002276399999431
 10
16.75859999999994
 20
35.80489999999998
 42
0.000506805289999976
 10
16.75735000000005
 20
35.78462000000002
 10
16.75671000000001
 20
35.77449000000001
 10
16.75607000000011
 20
35.76434
 42
3.712912800009942e-05
 10
16.75479000000007
 20
35.74405999999991
 10
16.75418000000003
 20
35.73392000000001
 10
16.75354
 20
35.72379000000001
 10
16.75290000000003
 20
35.71364999999997
 10
16.77127000000003
 20
35.69272999999998
 10
16.78967000000002
 20
35.67180999999999
 10
16.80804000000002
 20
35.65089999999998
 10
16.82641000000002
 20
35.62999000000002
 10
16.84479
 20
35.60908000000001
 10
16.86319000000005
 20
35.58816000000002
 10
16.88155999999999
 20
35.56725
 10
16.89993
 20
35.54633000000001
 10
16.91833000000004
 20
35.52541000000002
 10
16.93671000000002
 20
35.50450000000001
 10
16.95508000000002
 20
35.48358999999999
 10
16.97345000000001
 20
35.46267999999996
 42
-3.241911800014865e-05
 10
16.9677399999999
 20
35.44935999999994
 42
-0.1703105499994422
 10
16.96395999999994
 20
35.44049000000007
 10
16.9611
 20
35.43383
 10
16.95825000000004
 20
35.42718000000002
 10
16.95636000000003
 20
35.42273999999998
 10
16.95443999999999
 20
35.41829999999999
 10
16.95254000000001
 20
35.41386999999997
 10
16.95064000000002
 20
35.40943
 42
0.0002449914500000141
 10
16.93924
 20
35.39422999999999
 10
16.93542000000004
 20
35.38914999999997
 10
16.93164000000003
 20
35.38409000000001
 10
16.92782000000001
 20
35.37900999999999
 10
16.92401000000007
 20
35.37395000000001
 42
3.668913800006551e-05
 10
16.91260000000007
 20
35.35872999999995
 10
16.90881000000003
 20
35.35367000000002
 10
16.90500000000003
 20
35.34859000000002
 42
-0.0990367319999972
 10
16.82895000000005
 20
35.29536
 42
-0.1426976000000069
 10
16.66165000000002
 20
35.28775000000002
 10
16.64136000000003
 20
35.30993999999998
 10
16.62108999999997
 20
35.33211999999995
 42
-0.053145333000007
 10
16.58050000000006
 20
35.37648000000003
 42
-0.03689870999999723
 10
16.53995000000006
 20
35.42084999999999
 42
-0.03553356999999858
 10
16.49939000000002
 20
35.46521000000001
 10
16.479
 20
35.48743999999999
 10
16.45882999999997
 20
35.50956999999998
 42
0.02311954699999939
 10
16.41827000000001
 20
35.55394000000005
 42
0.2661306600004114
 10
16.40306999999997
 20
35.53111999999999
 10
16.40115000000004
 20
35.52541000000002
 42
0.0005782829400000369
 10
16.39737000000004
 20
35.51400999999998
 10
16.39545
 20
35.50830000000001
 42
-5.289871800023056e-05
 10
16.39165999999999
 20
35.49688999999996
 10
16.38974000000003
 20
35.49119999999999
 10
16.38785000000003
 20
35.48549000000003
 10
16.38594999999999
 20
35.47978000000001
 10
16.38405999999999
 20
35.47408000000001
 10
16.38214000000001
 20
35.46838000000002
 10
16.38025000000001
 20
35.46267999999998
 42
0.0657752349999987
 10
16.36505000000001
 20
35.32578000000001
 10
16.36505000000001
 20
35.32324
 10
16.36505000000001
 20
35.32071000000002
 10
16.36505000000001
 20
35.31817999999998
 10
16.36505000000001
 20
35.31563999999997
 10
16.36505000000001
 20
35.31310000000002
 10
16.36505000000001
 20
35.31056000000001
 10
16.36505000000001
 20
35.30802999999997
 10
16.36505000000001
 20
35.30549999999999
 10
16.36505000000001
 20
35.30295999999998
 10
16.36505000000001
 20
35.30043000000001
 10
16.36505000000001
 20
35.29789
 10
16.36505000000002
 20
35.29536000000002
 42
0.1836988999999973
 10
16.51715000000003
 20
34.96071999999998
 10
16.62848000000004
 20
34.87481000000002
 10
16.74625000000005
 20
34.83238999999998
 10
16.85403000000004
 20
34.81421
 10
16.93543000000001
 20
34.80101999999999
 10
16.99057000000001
 20
34.75824
 10
17.10275000000003
 20
34.6413
 42
0.880768840037912
 10
17.10275000000003
 20
34.64004999999997
 10
17.10275000000003
 20
34.63940000000002
 10
17.10275000000003
 20
34.63877000000002
 10
17.10274
 20
34.63814000000002
 10
17.10275000000003
 20
34.63749999999999
 10
17.10275000000002
 20
34.63686999999998
 42
-0.3440383099957453
 10
17.10275000000003
 20
34.63560000000001
 10
17.10275000000001
 20
34.63495999999998
 42
0.04521230300006631
 10
17.10275000000003
 20
34.63371000000001
 10
17.15661000000001
 20
34.63369999999998
 10
17.21048000000003
 20
34.63369999999998
 10
17.26434000000002
 20
34.63369999999998
 10
17.31824000000002
 20
34.63369999999998
 10
17.3721
 20
34.63369999999991
 42
0.001995171999999945
 10
17.47983000000001
 20
34.63370999999995
 10
17.53372000000003
 20
34.63369999999998
 10
17.58758000000002
 20
34.63369999999998
 10
17.64145000000003
 20
34.63369999999998
 10
17.69516
 20
34.63373999999999
 10
17.74919000000001
 20
34.63369999999998
 10
17.56559
 20
34.85307
 10
17.42121000000004
 20
35.02537000000001
 10
17.32674000000004
 20
35.14064000000002
  0
LWPOLYLINE
  5
CD
100
AcDbEntity
  8
Layer_0
  6
ByLayer
 62
    7
370
   -1
100
AcDbPolyline
 90
    8
 70
    1
 43
0
 10
21.41491999999999
 20
30.19985000000003
 42
0.2462750699999623
 10
21.37689000000005
 20
30.26830000000005
 42
0.1760324100001532
 10
21.33887
 20
30.27590000000004
 10
18.50970000000002
 20
30.2759
 42
0.4141841300000554
 10
18.43365000000001
 20
30.19983999999999
 42
0.4141945200000039
 10
18.50970000000002
 20
30.12378999999999
 10
21.33886999999988
 20
30.12379000000001
 42
4.433410199995734e-05
 10
21.37688999999987
 20
30.13140999999996
 42
0.2462738000000701
  0
ARC
  5
CE
100
AcDbEntity
  8
Layer_0
  6
ByLayer
 62
    7
370
   -1
100
AcDbCircle
 10
-6.915890792450497
 20
8.075010474540761
 40
3.999989555905809
100
AcDbArc
 50
75.50853090432118
 51
151.0174223012796
  0
ARC
  5
CF
100
AcDbEntity
  8
Layer_0
  6
ByLayer
 62
    7
370
   -1
100
AcDbCircle
 10
-6.915880404869583
 20
8.07500691292779
 40
3.99999040487556
100
AcDbArc
 50
359.9999009793657
 51
75.50868772814955
  0
ARC
  5
D0
100
AcDbEntity
  8
Layer_0
  6
ByLayer
 62
    7
370
   -1
100
AcDbCircle
 10
-6.915880682343001
 20
-8.075006698051652
 40
3.999990682348607
100
AcDbArc
 50
284.4913153497385
 51
9.594274629876355e-05
  0
ARC
  5
D1
100
AcDbEntity
  8
Layer_0
  6
ByLayer
 62
    7
370
   -1
100
AcDbCircle
 10
-6.91590001715484
 20
-8.0749776708127
 40
4.000023624332046
100
AcDbArc
 50
208.9828445391178
 51
284.4914794453943
  0
ARC
  5
D2
100
AcDbEntity
  8
Layer_0
  6
ByLayer
 62
    7
370
   -1
100
AcDbCircle
 10
-13.91403271361712
 20
-11.95134988437297
 40
3.999984049138462
100
AcDbArc
 50
28.98262726778337
 51
98.9437623251259
  0
LINE
  5
D3
100
AcDbEntity
  8
Layer_0
  6
ByLayer
 62
    7
370
   -1
100
AcDbLine
 10
-14.53588999999998
 20
-7.999999999999943
 11
-25.03588999999998
 21
-8
  0
ARC
  5
D4
100
AcDbEntity
  8
Layer_0
  6
ByLayer
 62
    7
370
   -1
100
AcDbCircle
 10
-25.03588998379546
 20
-12.00000001620452
 40
4.000000016204507
100
AcDbArc
 50
90.00000023211271
 51
179.9999997678873
  0
LINE
  5
D5
100
AcDbEntity
  8
Layer_0
  6
ByLayer
 62
    7
370
   -1
100
AcDbLine
 10
-29.03588999999998
 20
-12
 11
-29.03588999999998
 21
-14.5
  0
ARC
  5
D6
100
AcDbEntity
  8
Layer_0
  6
ByLayer
 62
    7
370
   -1
100
AcDbCircle
 10
0.9641075608738703
 20
-14.50000243912615
 40
29.99999756087397
100
AcDbArc
 50
179.9999953416118
 51
270.0000046583881
  0
LINE
  5
D7
100
AcDbEntity
  8
Layer_0
  6
ByLayer
 62
    7
370
   -1
100
AcDbLine
 10
0.9641100000000193
 20
-44.5
 11
29.96411000000002
 21
-44.5
  0
ARC
  5
D8
100
AcDbEntity
  8
Layer_0
  6
ByLayer
 62
    7
370
   -1
100
AcDbCircle
 10
29.96411090273024
 20
-14.50000090273022
 40
29.99999909726978
100
AcDbArc
 50
269.9999982759122
 51
1.724087779846357e-06
  0
ARC
  5
D9
100
AcDbEntity
  8
Layer_0
  6
ByLayer
 62
    7
370
   -1
100
AcDbCircle
 10
29.96411243912617
 20
14.50000243912615
 40
29.99999756087397
100
AcDbArc
 50
359.9999953416119
 51
90.00000465838818
  0
LINE
  5
DA
100
AcDbEntity
  8
Layer_0
  6
ByLayer
 62
    7
370
   -1
100
AcDbLine
 10
29.96411000000002
 20
44.5
 11
0.9641100000000193
 21
44.5
  0
ARC
  5
DB
100
AcDbEntity
  8
Layer_0
  6
ByLayer
 62
    7
370
   -1
100
AcDbCircle
 10
0.9641126821942549
 20
14.49999731780576
 40
30.00000268219438
100
AcDbArc
 50
90.0000051226132
 51
179.9999948773868
  0
LINE
  5
DC
100
AcDbEntity
  8
Layer_0
  6
ByLayer
 62
    7
370
   -1
100
AcDbLine
 10
-29.03588999999998
 20
14.5
 11
-29.03588999999998
 21
11.99999000000003
  0
ARC
  5
DD
100
AcDbEntity
  8
Layer_0
  6
ByLayer
 62
    7
370
   -1
100
AcDbCircle
 10
-25.03588752555986
 20
11.99999247444015
 40
4.000002474440885
100
AcDbArc
 50
180.000035443722
 51
269.999964556278
  0
LINE
  5
DE
100
AcDbEntity
  8
Layer_0
  6
ByLayer
 62
    7
370
   -1
100
AcDbLine
 10
-25.03588999999998
 20
7.999990000000025
 11
-14.53588999999998
 21
8
  0
ARC
  5
DF
100
AcDbEntity
  8
Layer_0
  6
ByLayer
 62
    7
370
   -1
100
AcDbCircle
 10
-13.91401810365288
 20
11.95137212045989
 40
4.000008286218217
100
AcDbArc
 50
261.0560804642363
 51
331.0172009278556
  0
LINE
  5
E0
100
AcDbEntity
  8
Layer_0
  6
ByLayer
 62
    7
370
   -1
100
AcDbLine
 10
-2.915889999999976
 20
8.074999999999989
 11
-2.915889999999976
 21
0.1999987480994747
  0
LINE
  5
E1
100
AcDbEntity
  8
Layer_0
  6
ByLayer
 62
    7
370
   -1
100
AcDbLine
 10
-2.915889999999976
 20
-0.200001251900531
 11
-2.915889999999976
 21
-8.074999999999989
  0
LINE
  5
E2
100
AcDbEntity
  8
Layer_0
  6
ByLayer
 62
    7
370
   -1
100
AcDbLine
 10
59.96410999999999
 20
0.1999987480994747
 11
59.96411000000002
 21
14.5
  0
LINE
  5
E3
100
AcDbEntity
  8
Layer_0
  6
ByLayer
 62
    7
370
   -1
100
AcDbLine
 10
59.96411000000002
 20
-14.5
 11
59.96410999999999
 21
-0.200001251900531
  0
ENDBLK
  5
55
330
53
100
AcDbEntity
  8
0
100
AcDbBlockEnd
  0
BLOCK
  5
57
330
56
100
AcDbEntity
  8
0
100
AcDbBlockBegin
  2
plate_support
 70
    0
 10
0
 20
0
  3
plate_support
  1

  0
LINE
  5
E4
100
AcDbEntity
  8
Layer_0
  6
ByLayer
 62
    7
370
   -1
100
AcDbLine
 10
9.04998999999998
 20
27.19999999999999
 11
6.25
 21
27.19999999999999
  0
LINE
  5
E5
100
AcDbEntity
  8
Layer_0
  6
ByLayer
 62
    7
370
   -1
100
AcDbLine
 10
6.25
 20
27.19999999999999
 11
6.25
 21
24.39999999999998
  0
LINE
  5
E6
100
AcDbEntity
  8
Layer_0
  6
ByLayer
 62
    7
370
   -1
100
AcDbLine
 10
6.25
 20
24.39999999999998
 11
7.75
 21
24.39999999999998
  0
LINE
  5
E7
100
AcDbEntity
  8
Layer_0
  6
ByLayer
 62
    7
370
   -1
100
AcDbLine
 10
7.75
 20
8.399999999999977
 11
10.54998999999998
 21
8.399999999999977
  0
LINE
  5
E8
100
AcDbEntity
  8
Layer_0
  6
ByLayer
 62
    7
370
   -1
100
AcDbLine
 10
10.54998999999998
 20
5.600000000000023
 11
7.75
 21
5.600000000000023
  0
LINE
  5
E9
100
AcDbEntity
  8
Layer_0
  6
ByLayer
 62
    7
370
   -1
100
AcDbLine
 10
7.75
 20
5.600000000000023
 11
7.75
 21
2.800000000000011
  0
LINE
  5
EA
100
AcDbEntity
  8
Layer_0
  6
ByLayer
 62
    7
370
   -1
100
AcDbLine
 10
7.75
 20
2.800000000000011
 11
8.053710000000024
 21
2.800000000000011
  0
ARC
  5
EB
100
AcDbEntity
  8
Layer_0
  6
ByLayer
 62
    7
370
   -1
100
AcDbCircle
 10
8.053736174517439
 20
2.600095734365368
 40
0.1999042673482445
100
AcDbArc
 50
39.46268537587935
 51
90.00750203786488
  0
ARC
  5
EC
100
AcDbEntity
  8
Layer_0
  6
ByLayer
 62
    7
370
   -1
100
AcDbCircle
 10
8.053717743820016
 20
2.599992026159612
 40
0.1999844226410553
100
AcDbArc
 50
348.9582023494951
 51
39.48226849188627
  0
LINE
  5
ED
100
AcDbEntity
  8
Layer_0
  6
ByLayer
 62
    7
370
   -1
100
AcDbLine
 10
8.250000000000114
 20
2.561689999999999
 11
7.75
 21
0
  0
LINE
  5
EE
100
AcDbEntity
  8
Layer_0
  6
ByLayer
 62
    7
370
   -1
100
AcDbLine
 10
7.75
 20
0
 11
4.95001000000002
 21
0
  0
LINE
  5
EF
100
AcDbEntity
  8
Layer_0
  6
ByLayer
 62
    7
370
   -1
100
AcDbLine
 10
4.95001000000002
 20
0
 11
4.95001000000002
 21
14
  0
ARC
  5
F0
100
AcDbEntity
  8
Layer_0
  6
ByLayer
 62
    7
370
   -1
100
AcDbCircle
 10
4.500004998177019
 20
13.99999499817699
 40
0.4500050018508092
100
AcDbArc
 50
0.0006368448068950183
 51
90.00063638058971
  0
ARC
  5
F1
100
AcDbEntity
  8
Layer_0
  6
ByLayer
 62
    7
370
   -1
100
AcDbCircle
 10
4.499995001822981
 20
13.99999499817699
 40
0.4500050018508376
100
AcDbArc
 50
89.99936361941029
 51
179.9993631551931
  0
LINE
  5
F2
100
AcDbEntity
  8
Layer_0
  6
ByLayer
 62
    7
370
   -1
100
AcDbLine
 10
4.04998999999998
 20
14
 11
4.04998999999998
 21
0
  0
LINE
  5
F3
100
AcDbEntity
  8
Layer_0
  6
ByLayer
 62
    7
370
   -1
100
AcDbLine
 10
4.04998999999998
 20
0
 11
-4.04998999999998
 21
0
  0
LINE
  5
F4
100
AcDbEntity
  8
Layer_0
  6
ByLayer
 62
    7
370
   -1
100
AcDbLine
 10
-4.04998999999998
 20
0
 11
-4.04998999999998
 21
14
  0
ARC
  5
F5
100
AcDbEntity
  8
Layer_0
  6
ByLayer
 62
    7
370
   -1
100
AcDbCircle
 10
-4.499995001822981
 20
13.99999499817699
 40
0.4500050018508092
100
AcDbArc
 50
0.0006368448068950183
 51
90.00063638058971
  0
ARC
  5
F6
100
AcDbEntity
  8
Layer_0
  6
ByLayer
 62
    7
370
   -1
100
AcDbCircle
 10
-4.500004998177019
 20
13.99999499817699
 40
0.4500050018508376
100
AcDbArc
 50
89.99936361941029
 51
179.9993631551931
  0
LINE
  5
F7
100
AcDbEntity
  8
Layer_0
  6
ByLayer
 62
    7
370
   -1
100
AcDbLine
 10
-4.95001000000002
 20
14
 11
-4.95001000000002
 21
0
  0
LINE
  5
F8
100
AcDbEntity
  8
Layer_0
  6
ByLayer
 62
    7
370
   -1
100
AcDbLine
 10
-4.95001000000002
 20
0
 11
-7.75
 21
0
  0
LINE
  5
F9
100
AcDbEntity
  8
Layer_0
  6
ByLayer
 62
    7
370
   -1
100
AcDbLine
 10
-7.75
 20
0
 11
-8.25
 21
2.561689999999999
  0
ARC
  5
FA
100
AcDbEntity
  8
Layer_0
  6
ByLayer
 62
    7
370
   -1
100
AcDbCircle
 10
-8.053717743820016
 20
2.599992026159612
 40
0.1999844226410553
100
AcDbArc
 50
140.5177315081137
 51
191.0417976505049
  0
ARC
  5
FB
100
AcDbEntity
  8
Layer_0
  6
ByLayer
 62
    7
370
   -1
100
AcDbCircle
 10
-8.053696760606499
 20
2.600012221238273
 40
0.19998777919999
100
AcDbArc
 50
90.00379303863397
 51
140.5260195475603
  0
LINE
  5
FC
100
AcDbEntity
  8
Layer_0
  6
ByLayer
 62
    7
370
   -1
100
AcDbLine
 10
-8.053710000000024
 20
2.800000000000011
 11
-7.75
 21
2.800000000000011
  0
LINE
  5
FD
100
AcDbEntity
  8
Layer_0
  6
ByLayer
 62
    7
370
   -1
100
AcDbLine
 10
-7.75
 20
2.800000000000011
 11
-7.75
 21
5.600000000000023
  0
LINE
  5
FE
100
AcDbEntity
  8
Layer_0
  6
ByLayer
 62
    7
370
   -1
100
AcDbLine
 10
-7.75
 20
5.600000000000023
 11
-10.54998999999998
 21
5.600000000000023
  0
LINE
  5
FF
100
AcDbEntity
  8
Layer_0
  6
ByLayer
 62
    7
370
   -1
100
AcDbLine
 10
-10.54998999999998
 20
8.399999999999977
 11
-7.75
 21
8.399999999999977
  0
LINE
  5
100
100
AcDbEntity
  8
Layer_0
  6
ByLayer
 62
    7
370
   -1
100
AcDbLine
 10
-7.75
 20
24.39999999999998
 11
-6.25
 21
24.39999999999998
  0
LINE
  5
101
100
AcDbEntity
  8
Layer_0
  6
ByLayer
 62
    7
370
   -1
100
AcDbLine
 10
-6.25
 20
24.39999999999998
 11
-6.25
 21
27.19999999999999
  0
LINE
  5
102
100
AcDbEntity
  8
Layer_0
  6
ByLayer
 62
    7
370
   -1
100
AcDbLine
 10
-6.25
 20
27.19999999999999
 11
-9.04998999999998
 21
27.19999999999999
  0
LINE
  5
103
100
AcDbEntity
  8
Layer_0
  6
ByLayer
 62
    7
370
   -1
100
AcDbLine
 10
-9.04998999999998
 20
31.60000000000002
 11
-6.25
 21
31.60000000000002
  0
LINE
  5
104
100
AcDbEntity
  8
Layer_0
  6
ByLayer
 62
    7
370
   -1
100
AcDbLine
 10
-6.25
 20
31.60000000000002
 11
-6.25
 21
34.39999999999998
  0
LINE
  5
105
100
AcDbEntity
  8
Layer_0
  6
ByLayer
 62
    7
370
   -1
100
AcDbLine
 10
-6.25
 20
34.39999999999998
 11
-6.553710000000024
 21
34.39999999999998
  0
ARC
  5
106
100
AcDbEntity
  8
Layer_0
  6
ByLayer
 62
    7
370
   -1
100
AcDbCircle
 10
-6.553699236287912
 20
34.59999998745997
 40
0.1999999877496587
100
AcDbArc
 50
219.4793424927004
 51
269.9969164234301
  0
ARC
  5
107
100
AcDbEntity
  8
Layer_0
  6
ByLayer
 62
    7
370
   -1
100
AcDbCircle
 10
-6.553672558350854
 20
34.60001405353125
 40
0.2000295225194763
100
AcDbArc
 50
168.9595790824092
 51
219.4775938314615
  0
LINE
  5
108
100
AcDbEntity
  8
Layer_0
  6
ByLayer
 62
    7
370
   -1
100
AcDbLine
 10
-6.75
 20
34.63832000000002
 11
-6.25
 21
37.20000000000005
  0
LINE
  5
109
100
AcDbEntity
  8
Layer_0
  6
ByLayer
 62
    7
370
   -1
100
AcDbLine
 10
-6.25
 20
37.20000000000005
 11
-3.45001000000002
 21
37.20000000000005
  0
LINE
  5
10A
100
AcDbEntity
  8
Layer_0
  6
ByLayer
 62
    7
370
   -1
100
AcDbLine
 10
-3.45001000000002
 20
37.20000000000005
 11
-3.45001000000002
 21
19.00002000000001
  0
ARC
  5
10B
100
AcDbEntity
  8
Layer_0
  6
ByLayer
 62
    7
370
   -1
100
AcDbCircle
 10
-3.000004998177019
 20
19.00002500182308
 40
0.4500050018508092
100
AcDbArc
 50
180.0006368448141
 51
270.0006363805897
  0
ARC
  5
10C
100
AcDbEntity
  8
Layer_0
  6
ByLayer
 62
    7
370
   -1
100
AcDbCircle
 10
-2.999995001822981
 20
19.00002500182308
 40
0.4500050018508092
100
AcDbArc
 50
269.9993636194103
 51
359.9993631551859
  0
LINE
  5
10D
100
AcDbEntity
  8
Layer_0
  6
ByLayer
 62
    7
370
   -1
100
AcDbLine
 10
-2.54998999999998
 20
19.00002000000001
 11
-2.54998999999998
 21
37.20001999999999
  0
LINE
  5
10E
100
AcDbEntity
  8
Layer_0
  6
ByLayer
 62
    7
370
   -1
100
AcDbLine
 10
-2.54998999999998
 20
37.20001999999999
 11
2.54998999999998
 21
37.20001999999999
  0
LINE
  5
10F
100
AcDbEntity
  8
Layer_0
  6
ByLayer
 62
    7
370
   -1
100
AcDbLine
 10
2.54998999999998
 20
37.20001999999999
 11
2.54998999999998
 21
19.00002000000001
  0
ARC
  5
110
100
AcDbEntity
  8
Layer_0
  6
ByLayer
 62
    7
370
   -1
100
AcDbCircle
 10
2.999995001822981
 20
19.00002500182308
 40
0.4500050018508092
100
AcDbArc
 50
180.0006368448141
 51
270.0006363805897
  0
ARC
  5
111
100
AcDbEntity
  8
Layer_0
  6
ByLayer
 62
    7
370
   -1
100
AcDbCircle
 10
3.000004998177019
 20
19.00002500182308
 40
0.4500050018508092
100
AcDbArc
 50
269.9993636194103
 51
359.9993631551859
  0
LINE
  5
112
100
AcDbEntity
  8
Layer_0
  6
ByLayer
 62
    7
370
   -1
100
AcDbLine
 10
3.45001000000002
 20
19.00002000000001
 11
3.45001000000002
 21
37.20000000000005
  0
LINE
  5
113
100
AcDbEntity
  8
Layer_0
  6
ByLayer
 62
    7
370
   -1
100
AcDbLine
 10
3.45001000000002
 20
37.20000000000005
 11
6.25
 21
37.20000000000005
  0
LINE
  5
114
100
AcDbEntity
  8
Layer_0
  6
ByLayer
 62
    7
370
   -1
100
AcDbLine
 10
6.25
 20
37.20000000000005
 11
6.75
 21
34.63832000000002
  0
ARC
  5
115
100
AcDbEntity
  8
Layer_0
  6
ByLayer
 62
    7
370
   -1
100
AcDbCircle
 10
6.553672558350854
 20
34.60001405353125
 40
0.2000295225194763
100
AcDbArc
 50
320.5224061685385
 51
11.0404209175908
  0
ARC
  5
116
100
AcDbEntity
  8
Layer_0
  6
ByLayer
 62
    7
370
   -1
100
AcDbCircle
 10
6.553738655734037
 20
34.59991645113791
 40
0.199916453191672
100
AcDbArc
 50
269.9917873061611
 51
320.5319537776915
  0
LINE
  5
117
100
AcDbEntity
  8
Layer_0
  6
ByLayer
 62
    7
370
   -1
100
AcDbLine
 10
6.553710000000024
 20
34.39999999999998
 11
6.25
 21
34.39999999999998
  0
LINE
  5
118
100
AcDbEntity
  8
Layer_0
  6
ByLayer
 62
    7
370
   -1
100
AcDbLine
 10
6.25
 20
34.39999999999998
 11
6.25
 21
31.60000000000002
  0
LINE
  5
119
100
AcDbEntity
  8
Layer_0
  6
ByLayer
 62
    7
370
   -1
100
AcDbLine
 10
6.25
 20
31.60000000000002
 11
9.04998999999998
 21
31.60000000000002
  0
LINE
  5
11A
100
AcDbEntity
  8
0
  6
ByLayer
 62
  256
370
   -1
100
AcDbLine
 10
-9.04998999999998
 20
5.600000000000023
 11
-10.54998999999998
 21
5.600000000000023
  0
LINE
  5
11B
100
AcDbEntity
  8
Layer_0
  6
ByLayer
 62
    7
370
   -1
100
AcDbLine
 10
-7.75
 20
16.59999999999998
 11
-7.75
 21
24.39999999999998
  0
LINE
  5
11C
100
AcDbEntity
  8
0
  6
ByLayer
 62
  256
370
   -1
100
AcDbLine
 10
-10.54998999999998
 20
8.399999999999977
 11
-10.54998999999998
 21
5.600000000000023
  0
LINE
  5
11D
100
AcDbEntity
  8
0
  6
ByLayer
 62
  256
370
   -1
100
AcDbLine
 10
10.54998999999998
 20
8.399999999999977
 11
10.54998999999998
 21
5.600000000000023
  0
LINE
  5
11E
100
AcDbEntity
  8
0
  6
ByLayer
 62
  256
370
   -1
100
AcDbLine
 10
-9.04998999999998
 20
31.60000000000002
 11
-9.04998999999998
 21
27.19999999999999
  0
LINE
  5
11F
100
AcDbEntity
  8
0
  6
ByLayer
 62
  256
370
   -1
100
AcDbLine
 10
9.04998999999998
 20
31.60000000000002
 11
9.04998999999998
 21
27.19999999999999
  0
LINE
  5
120
100
AcDbEntity
  8
Layer_0
  6
ByLayer
 62
    7
370
   -1
100
AcDbLine
 10
7.75
 20
24.39999999999998
 11
7.75
 21
16.59999999999998
  0
LINE
  5
121
100
AcDbEntity
  8
Layer_0
  6
ByLayer
 62
    7
370
   -1
100
AcDbLine
 10
7.75
 20
16.19999999999997
 11
7.75
 21
8.399999999999977
  0
LINE
  5
122
100
AcDbEntity
  8
Layer_0
  6
ByLayer
 62
    7
370
   -1
100
AcDbLine
 10
-7.75
 20
8.399999999999977
 11
-7.75
 21
16.19999999999997
  0
ENDBLK
  5
58
330
56
100
AcDbEntity
  8
0
100
AcDbBlockEnd
  0
BLOCK
  5
5A
330
59
100
AcDbEntity
  8
0
100
AcDbBlockBegin
  2
plate_middle
 70
    0
 10
0
 20
0
  3
plate_middle
  1

  0
LWPOLYLINE
  5
123
100
AcDbEntity
  8
Layer_0
  6
ByLayer
 62
    7
370
   -1
100
AcDbPolyline
 90
    4
 70
    1
 43
0
 10
0
 20
1.524999999999977
 10
-7.043090000000007
 20
1.524999999999977
 10
-7.043090000000007
 20
-1.52499999999997
 10
0
 20
-1.52499999999997
  0
LWPOLYLINE
  5
124
100
AcDbEntity
  8
Layer_0
  6
ByLayer
 62
    7
370
   -1
100
AcDbPolyline
 90
    4
 70
    1
 43
0
 10
38.55922999999996
 20
-31.99549000000001
 10
35.86394999999999
 20
-25.48851999999999
 10
38.68178999999998
 20
-24.32132999999998
 10
41.37707000000001
 20
-30.82832000000001
  0
LWPOLYLINE
  5
125
100
AcDbEntity
  8
Layer_0
  6
ByLayer
 62
    7
370
   -1
100
AcDbPolyline
 90
    4
 70
    1
 43
0
 10
38.68178999999998
 20
24.32132999999999
 10
41.37707000000001
 20
30.82832000000002
 10
38.55922999999996
 20
31.99549999999999
 10
35.86394999999999
 20
25.48851999999999
  0
LWPOLYLINE
  5
126
100
AcDbEntity
  8
Layer_0
  6
ByLayer
 62
    7
370
   -1
100
AcDbPolyline
 90
    9
 70
    1
 43
0
 10
36.95691
 20
-2.000009999999975
 10
36.95691000000001
 20
2.000010000000024
 42
-0.2679465999999991
 10
37.45691000000001
 20
2.866019999999971
 42
-0.2679490399999953
 10
38.45691
 20
2.866019999999985
 10
41.92102000000001
 20
0.866020000000008
 42
-0.267948990000008
 10
42.42102000000004
 20
-9.999999975181122e-06
 42
-0.2679472900000037
 10
41.92102
 20
-0.8660400000000053
 10
38.45691000000001
 20
-2.866020000000014
 42
-0.2679487900000069
 10
37.45690999999998
 20
-2.866019999999996
 42
-0.2679512000000053
  0
LWPOLYLINE
  5
127
100
AcDbEntity
  8
Layer_0
  6
ByLayer
 62
    7
370
   -1
100
AcDbPolyline
 90
    6
 70
    1
 43
0
 10
46.22690000000001
 20
-20.69999999999998
 10
46.22689999999999
 20
-4.699999999999996
 42
-0.4142111799999761
 10
46.52691999999997
 20
-4.400000000000029
 42
-0.4142135600000266
 10
46.82689999999997
 20
-4.699999999999996
 10
46.82689999999999
 20
-20.69999999999998
 42
-0.4142126699999827
 10
46.52691999999997
 20
-21.0000099999999
 42
-0.4142238399999784
  0
LWPOLYLINE
  5
128
100
AcDbEntity
  8
Layer_0
  6
ByLayer
 62
    7
370
   -1
100
AcDbPolyline
 90
    6
 70
    1
 43
0
 10
46.82689999999997
 20
4.699999999999989
 42
-0.4142135599999709
 10
46.52691999999997
 20
4.399999999999983
 42
-0.4142135600000216
 10
46.22690000000001
 20
4.699999999999989
 10
46.22692999999997
 20
20.69999999999997
 42
-0.4142135599999746
 10
46.52691999999998
 20
20.99998999999997
 42
-0.4142135599999907
 10
46.82689999999997
 20
20.69999999999999
  0
LWPOLYLINE
  5
129
100
AcDbEntity
  8
Layer_18
  6
ByLayer
 62
   13
370
   -1
100
AcDbPolyline
 90
   24
 70
    1
 43
0
 10
41.92093
 20
0.8660199999999847
 10
38.45682000000002
 20
2.866020000000006
 42
0.0788691600000013
 10
38.16472999999996
 20
2.978110000000014
 42
0.07878524399999885
 10
37.85231999999998
 20
2.994509999999946
 42
0.07881140799999717
 10
37.55010999999996
 20
2.913510000000044
 42
0.07903773800000113
 10
37.28771999999999
 20
2.743109999999991
 42
0.07889003499999953
 10
37.09082
 20
2.50002000000002
 42
0.07863259400000279
 10
36.97863999999993
 20
2.207910000000027
 42
0.05226929700000003
 10
36.95682
 20
2.000020000000006
 10
36.95681999999996
 20
-1.999979999999993
 42
0.07872106300000255
 10
37.00573999999996
 20
-2.308980000000013
 42
0.07862999599999929
 10
37.14783000000001
 20
-2.587780000000003
 42
0.07881888199999929
 10
37.36901999999998
 20
-2.808980000000023
 42
0.07863411300000153
 10
37.64783000000001
 20
-2.951090000000022
 42
0.0787238829999992
 10
37.95682
 20
-2.999979999999959
 42
0.07872106299999684
 10
38.26581
 20
-2.951090000000026
 42
0.05258153700000074
 10
38.45682
 20
-2.865990000000018
 10
41.92092999999998
 20
-0.8659899999999775
 42
0.07891308999999597
 10
42.16411999999994
 20
-0.6690899999999531
 42
0.07879977700000212
 10
42.33453000000004
 20
-0.4066899999999681
 42
0.07878752800000051
 10
42.41553000000002
 20
-0.1045899999999738
 42
0.07877617100000203
 10
42.39911000000007
 20
0.2079100000000414
 42
0.07864049300000278
 10
42.28701999999999
 20
0.5000200000000041
 42
0.07860650300000009
 10
42.09011999999995
 20
0.7431099999999864
 42
0.0522938389999985
  0
LINE
  5
12A
100
AcDbEntity
  8
Layer_0
  6
ByLayer
 62
    7
370
   -1
100
AcDbLine
 10
43.42690999999997
 20
11.37
 11
43.42690999999997
 21
4.699999999999989
  0
ARC
  5
12B
100
AcDbEntity
  8
Layer_0
  6
ByLayer
 62
    7
370
   -1
100
AcDbCircle
 10
43.72690500121536
 20
4.699995001215321
 40
0.2999950012570091
100
AcDbArc
 50
179.9990452865435
 51
269.9990448223098
  0
ARC
  5
12C
100
AcDbEntity
  8
Layer_0
  6
ByLayer
 62
    7
370
   -1
100
AcDbCircle
 10
43.72690877990437
 20
4.700011220176918
 40
0.3000112203053684
100
AcDbArc
 50
269.9983232244978
 51
359.9978571841982
  0
LINE
  5
12D
100
AcDbEntity
  8
Layer_0
  6
ByLayer
 62
    7
370
   -1
100
AcDbLine
 10
44.02691999999991
 20
4.699999999999989
 11
44.02691999999998
 21
11.37
  0
LINE
  5
12E
100
AcDbEntity
  8
Layer_0
  6
ByLayer
 62
    7
370
   -1
100
AcDbLine
 10
44.02691999999998
 20
11.37
 11
44.02691999999998
 21
14.03000000000003
  0
LINE
  5
12F
100
AcDbEntity
  8
Layer_0
  6
ByLayer
 62
    7
370
   -1
100
AcDbLine
 10
44.02691999999998
 20
14.03000000000003
 11
44.02691999999998
 21
20.69999999999999
  0
ARC
  5
130
100
AcDbEntity
  8
Layer_0
  6
ByLayer
 62
    7
370
   -1
100
AcDbCircle
 10
43.72690999878461
 20
20.69998999878459
 40
0.3000100013820258
100
AcDbArc
 50
0.001910027765499629
 51
90.00190956353332
  0
ARC
  5
131
100
AcDbEntity
  8
Layer_0
  6
ByLayer
 62
    7
370
   -1
100
AcDbCircle
 10
43.72690500121536
 20
20.70000499878466
 40
0.2999950012570091
100
AcDbArc
 50
90.00095517769022
 51
180.0009547134565
  0
LINE
  5
132
100
AcDbEntity
  8
Layer_0
  6
ByLayer
 62
    7
370
   -1
100
AcDbLine
 10
43.42691000000003
 20
20.69999999999999
 11
43.42690999999997
 21
14.03000000000003
  0
LINE
  5
133
100
AcDbEntity
  8
Layer_0
  6
ByLayer
 62
    7
370
   -1
100
AcDbLine
 10
44.02691999999998
 20
-20.69999000000001
 11
44.02691999999998
 21
-14.03001
  0
LINE
  5
134
100
AcDbEntity
  8
Layer_0
  6
ByLayer
 62
    7
370
   -1
100
AcDbLine
 10
44.02691999999998
 20
-14.03001
 11
44.02691999999998
 21
-11.37
  0
LINE
  5
135
100
AcDbEntity
  8
Layer_0
  6
ByLayer
 62
    7
370
   -1
100
AcDbLine
 10
44.02691999999998
 20
-11.37
 11
44.02691999999998
 21
-4.699990000000014
  0
ARC
  5
136
100
AcDbEntity
  8
Layer_0
  6
ByLayer
 62
    7
370
   -1
100
AcDbCircle
 10
43.72691499878466
 20
-4.700005001215402
 40
0.3000050015903508
100
AcDbArc
 50
0.002864973334133218
 51
90.00286450910507
  0
ARC
  5
137
100
AcDbEntity
  8
Layer_0
  6
ByLayer
 62
    7
370
   -1
100
AcDbCircle
 10
43.72690622009561
 20
-4.699996220054913
 40
0.2999962201194071
100
AcDbArc
 50
90.00118796572137
 51
180.000721925428
  0
LINE
  5
138
100
AcDbEntity
  8
Layer_0
  6
ByLayer
 62
    7
370
   -1
100
AcDbLine
 10
43.42691000000003
 20
-4.699999999999996
 11
43.42690999999997
 21
-11.37
  0
LINE
  5
139
100
AcDbEntity
  8
Layer_0
  6
ByLayer
 62
    7
370
   -1
100
AcDbLine
 10
43.42690999999997
 20
-11.37
 11
6.126890000000017
 21
-11.37
  0
LINE
  5
13A
100
AcDbEntity
  8
Layer_0
  6
ByLayer
 62
    7
370
   -1
100
AcDbLine
 10
6.126890000000017
 20
-14.03001
 11
43.42690999999997
 21
-14.03001
  0
LINE
  5
13B
100
AcDbEntity
  8
Layer_0
  6
ByLayer
 62
    7
370
   -1
100
AcDbLine
 10
43.42690999999997
 20
-14.03001
 11
43.42690999999997
 21
-20.69999000000001
  0
ARC
  5
13C
100
AcDbEntity
  8
Layer_0
  6
ByLayer
 62
    7
370
   -1
100
AcDbCircle
 10
43.72691439173919
 20
-20.70000560819994
 40
0.3000043921451769
100
AcDbArc
 50
179.9970190970344
 51
269.9972514205249
  0
ARC
  5
13D
100
AcDbEntity
  8
Layer_0
  6
ByLayer
 62
    7
370
   -1
100
AcDbCircle
 10
43.72690457746592
 20
-20.69999457746587
 40
0.3000154225689586
100
AcDbArc
 50
269.9991258133479
 51
0.0008741866412797286
  0
ARC
  5
13E
100
AcDbEntity
  8
Layer_0
  6
ByLayer
 62
    7
370
   -1
100
AcDbCircle
 10
-4.086117836226933
 20
-21.56775122132489
 40
0.7000430892114942
100
AcDbArc
 50
214.7924939682347
 51
264.8973437566556
  0
ARC
  5
13F
100
AcDbEntity
  8
Layer_0
  6
ByLayer
 62
    7
370
   -1
100
AcDbCircle
 10
-4.08609134035521
 20
-21.56780908987877
 40
0.6999878072598034
100
AcDbArc
 50
264.8947623138882
 51
314.9994461164359
  0
LINE
  5
140
100
AcDbEntity
  8
Layer_0
  6
ByLayer
 62
    7
370
   -1
100
AcDbLine
 10
-3.591130000000021
 20
-22.06277999999997
 11
-2.007870000000025
 21
-20.47951999999997
  0
LINE
  5
141
100
AcDbEntity
  8
Layer_0
  6
ByLayer
 62
    7
370
   -1
100
AcDbLine
 10
-2.007870000000025
 20
-20.47951999999997
 11
6.477419999999995
 21
-28.96478999999999
  0
LINE
  5
142
100
AcDbEntity
  8
Layer_0
  6
ByLayer
 62
    7
370
   -1
100
AcDbLine
 10
6.477419999999995
 20
-28.96478999999999
 11
4.89409999999998
 21
-30.54806000000002
  0
ARC
  5
143
100
AcDbEntity
  8
Layer_0
  6
ByLayer
 62
    7
370
   -1
100
AcDbCircle
 10
5.389085910121139
 20
-31.04298924932362
 40
0.6999757231893733
100
AcDbArc
 50
135.0032794977723
 51
185.1079633003201
  0
ARC
  5
144
100
AcDbEntity
  8
Layer_0
  6
ByLayer
 62
    7
370
   -1
100
AcDbCircle
 10
5.389111588283924
 20
-31.04305377050849
 40
0.6999955580428185
100
AcDbArc
 50
185.1025159800962
 51
235.206516182378
  0
ARC
  5
145
100
AcDbEntity
  8
Layer_0
  6
ByLayer
 62
    7
370
   -1
100
AcDbCircle
 10
26.95688999999993
 20
7.543766116668849e-06
 40
38.50000509909371
100
AcDbArc
 50
235.2095419019462
 51
304.7904580980539
  0
ARC
  5
146
100
AcDbEntity
  8
Layer_0
  6
ByLayer
 62
    7
370
   -1
100
AcDbCircle
 10
48.52468032372372
 20
-31.04301866949822
 40
0.7000175868905611
100
AcDbArc
 50
304.791043761891
 51
354.8939388448889
  0
ARC
  5
147
100
AcDbEntity
  8
Layer_0
  6
ByLayer
 62
    7
370
   -1
100
AcDbCircle
 10
48.52468858960044
 20
-31.04302989814306
 40
0.7000083545480338
100
AcDbArc
 50
354.8947940499408
 51
44.99875493971756
  0
LINE
  5
148
100
AcDbEntity
  8
Layer_0
  6
ByLayer
 62
    7
370
   -1
100
AcDbLine
 10
49.01968
 20
-30.54806000000002
 11
47.43642999999998
 21
-28.96481
  0
LINE
  5
149
100
AcDbEntity
  8
Layer_0
  6
ByLayer
 62
    7
370
   -1
100
AcDbLine
 10
47.43642999999998
 20
-28.96481
 11
55.92172
 21
-20.47953000000001
  0
LINE
  5
14A
100
AcDbEntity
  8
Layer_0
  6
ByLayer
 62
    7
370
   -1
100
AcDbLine
 10
55.92172
 20
-20.47953000000001
 11
57.50496999999996
 21
-22.06277999999997
  0
ARC
  5
14B
100
AcDbEntity
  8
Layer_0
  6
ByLayer
 62
    7
370
   -1
100
AcDbCircle
 10
57.99993448969099
 20
-21.56780041223146
 40
0.6999961702484836
100
AcDbArc
 50
225.0008738434202
 51
275.1049177262548
  0
ARC
  5
14C
100
AcDbEntity
  8
Layer_0
  6
ByLayer
 62
    7
370
   -1
100
AcDbCircle
 10
57.99991866949819
 20
-21.56778032372375
 40
0.7000175868905611
100
AcDbArc
 50
275.1060611551111
 51
325.208956238109
  0
ARC
  5
14D
100
AcDbEntity
  8
Layer_0
  6
ByLayer
 62
    7
370
   -1
100
AcDbCircle
 10
26.95676379845264
 20
7.690937081861193e-05
 40
38.5001489354955
100
AcDbArc
 50
325.2095693743633
 51
339.6455606525593
  0
ARC
  5
14E
100
AcDbEntity
  8
Layer_0
  6
ByLayer
 62
    7
370
   -1
100
AcDbCircle
 10
59.30270426272154
 20
-11.99998025272004
 40
3.999986089388607
100
AcDbArc
 50
339.6452844071063
 51
34.82257404032022
  0
ARC
  5
14F
100
AcDbEntity
  8
Layer_0
  6
ByLayer
 62
    7
370
   -1
100
AcDbCircle
 10
59.30270837654075
 20
-12.00000929861177
 40
3.999999298620545
100
AcDbArc
 50
34.82294923637247
 51
90.0001199851296
  0
LINE
  5
150
100
AcDbEntity
  8
Layer_0
  6
ByLayer
 62
    7
370
   -1
100
AcDbLine
 10
59.30269999999996
 20
-8.000009999999975
 11
56.95691
 21
-8.000009999999975
  0
LINE
  5
151
100
AcDbEntity
  8
Layer_0
  6
ByLayer
 62
    7
370
   -1
100
AcDbLine
 10
56.95691
 20
8
 11
59.30269999999996
 21
8
  0
ARC
  5
152
100
AcDbEntity
  8
Layer_0
  6
ByLayer
 62
    7
370
   -1
100
AcDbCircle
 10
59.30269714783578
 20
12.00000747533164
 40
4.000007475332684
100
AcDbArc
 50
270.0000408541663
 51
325.1771640491331
  0
ARC
  5
153
100
AcDbEntity
  8
Layer_0
  6
ByLayer
 62
    7
370
   -1
100
AcDbCircle
 10
59.30269663535728
 20
12.00001183122862
 40
4.00001038343361
100
AcDbArc
 50
325.1771170208202
 51
20.35410403899505
  0
ARC
  5
154
100
AcDbEntity
  8
Layer_0
  6
ByLayer
 62
    7
370
   -1
100
AcDbCircle
 10
26.9566590876143
 20
-0.0001216368083944985
 40
38.5002907922311
100
AcDbArc
 50
20.35443202344283
 51
34.79038312523608
  0
ARC
  5
155
100
AcDbEntity
  8
Layer_0
  6
ByLayer
 62
    7
370
   -1
100
AcDbCircle
 10
57.99995237615474
 20
21.56776701736237
 40
0.7000278414294334
100
AcDbArc
 50
34.79278344160397
 51
84.89678364388278
  0
ARC
  5
156
100
AcDbEntity
  8
Layer_0
  6
ByLayer
 62
    7
370
   -1
100
AcDbCircle
 10
57.99994203736566
 20
21.56780408987879
 40
0.6999918356352509
100
AcDbArc
 50
84.89567083104424
 51
135.0003546335911
  0
LINE
  5
157
100
AcDbEntity
  8
Layer_0
  6
ByLayer
 62
    7
370
   -1
100
AcDbLine
 10
57.50497000000002
 20
22.06276999999994
 11
55.92172
 21
20.47951
  0
LINE
  5
158
100
AcDbEntity
  8
Layer_0
  6
ByLayer
 62
    7
370
   -1
100
AcDbLine
 10
55.92172
 20
20.47951
 11
47.43642999999998
 21
28.96480000000003
  0
LINE
  5
159
100
AcDbEntity
  8
Layer_0
  6
ByLayer
 62
    7
370
   -1
100
AcDbLine
 10
47.43642999999998
 20
28.96480000000003
 11
49.01968
 21
30.54806000000002
  0
ARC
  5
15A
100
AcDbEntity
  8
Layer_0
  6
ByLayer
 62
    7
370
   -1
100
AcDbCircle
 10
48.52469839286829
 20
31.04302634035514
 40
0.6999989067728547
100
AcDbArc
 50
315.0008836038979
 51
5.105567406444981
  0
ARC
  5
15B
100
AcDbEntity
  8
Layer_0
  6
ByLayer
 62
    7
370
   -1
100
AcDbCircle
 10
48.52471970617541
 20
31.04306492713721
 40
0.6999742451020485
100
AcDbArc
 50
5.102576702942452
 51
55.2074264913602
  0
ARC
  5
15C
100
AcDbEntity
  8
Layer_0
  6
ByLayer
 62
    7
370
   -1
100
AcDbCircle
 10
26.95689780337928
 20
-5.239823791924891e-05
 40
38.50005460044817
100
AcDbArc
 50
55.20955286116122
 51
124.7904210564458
  0
ARC
  5
15D
100
AcDbEntity
  8
Layer_0
  6
ByLayer
 62
    7
370
   -1
100
AcDbCircle
 10
5.389112432829108
 20
31.04306327986853
 40
0.6999964428778426
100
AcDbArc
 50
124.7935176700539
 51
174.8974501674638
  0
ARC
  5
15E
100
AcDbEntity
  8
Layer_0
  6
ByLayer
 62
    7
370
   -1
100
AcDbCircle
 10
5.389125452082169
 20
31.04305801213559
 40
0.7000098790539154
100
AcDbArc
 50
174.8971154876457
 51
225.0018844671619
  0
LINE
  5
15F
100
AcDbEntity
  8
Layer_0
  6
ByLayer
 62
    7
370
   -1
100
AcDbLine
 10
4.894159999999999
 20
30.54806000000002
 11
6.477419999999995
 21
28.96481
  0
LINE
  5
160
100
AcDbEntity
  8
Layer_0
  6
ByLayer
 62
    7
370
   -1
100
AcDbLine
 10
6.477419999999995
 20
28.96481
 11
-2.007870000000025
 21
20.47951999999998
  0
LINE
  5
161
100
AcDbEntity
  8
Layer_0
  6
ByLayer
 62
    7
370
   -1
100
AcDbLine
 10
-2.007870000000025
 20
20.47951999999998
 11
-3.591130000000021
 21
22.06278000000003
  0
ARC
  5
162
100
AcDbEntity
  8
Layer_0
  6
ByLayer
 62
    7
370
   -1
100
AcDbCircle
 10
-4.086101209696778
 20
21.56781637031651
 40
0.6999896378790962
100
AcDbArc
 50
44.99956128146059
 51
95.10441325390306
  0
ARC
  5
163
100
AcDbEntity
  8
Layer_0
  6
ByLayer
 62
    7
370
   -1
100
AcDbCircle
 10
-4.086101440847301
 20
21.56774641312671
 40
0.700059297097784
100
AcDbArc
 50
95.10388499913628
 51
145.2079485382225
  0
ARC
  5
164
100
AcDbEntity
  8
Layer_0
  6
ByLayer
 62
    7
370
   -1
100
AcDbCircle
 10
26.95691141513419
 20
0
 40
38.50001078511019
100
AcDbArc
 50
145.2095659023577
 51
179.7023583316213
  0
ARC
  5
165
100
AcDbEntity
  8
Layer_0
  6
ByLayer
 62
    7
370
   -1
100
AcDbCircle
 10
26.95691141513419
 20
0
 40
38.50001078511019
100
AcDbArc
 50
180.2976416683788
 51
214.7904340976423
  0
ARC
  5
166
100
AcDbEntity
  8
Layer_0
  6
ByLayer
 62
    7
370
   -1
100
AcDbCircle
 10
56.95691312044761
 20
-3.120449939331138e-06
 40
8.000003120450547
100
AcDbArc
 50
90.00002234855111
 51
178.5674344657674
  0
ARC
  5
167
100
AcDbEntity
  8
Layer_0
  6
ByLayer
 62
    7
370
   -1
100
AcDbCircle
 10
56.95690689133397
 20
-1.310866598913663e-05
 40
7.999996891334598
100
AcDbArc
 50
181.4324503810535
 51
270.000022264189
  0
ARC
  5
168
100
AcDbEntity
  8
0
  6
ByLayer
 62
  256
370
   -1
100
AcDbCircle
 10
6.126890000000017
 20
12.700005
 40
1.330005
100
AcDbArc
 50
90.00008013924057
 51
270.0000689501478
  0
ARC
  5
169
100
AcDbEntity
  8
0
  6
ByLayer
 62
  256
370
   -1
100
AcDbCircle
 10
6.126890000000017
 20
-12.700005
 40
1.330005
100
AcDbArc
 50
90.00001658044437
 51
270
  0
LINE
  5
16A
100
AcDbEntity
  8
Layer_0
  6
ByLayer
 62
    7
370
   -1
100
AcDbLine
 10
43.42690999999997
 20
14.03000000000003
 11
6.126891787577847
 21
14.03000999999952
  0
LINE
  5
16B
100
AcDbEntity
  8
Layer_0
  6
ByLayer
 62
    7
370
   -1
100
AcDbLine
 10
6.126891600537476
 20
11.37
 11
43.42690999999997
 21
11.37000000000002
  0
ENDBLK
  5
5B
330
59
100
AcDbEntity
  8
0
100
AcDbBlockEnd
  0
BLOCK
  5
5D
330
5C
100
AcDbEntity
  8
0
100
AcDbBlockBegin
  2
clip_support
 70
    0
 10
0
 20
0
  3
clip_support
  1

  0
ARC
  5
16C
100
AcDbEntity
  8
Layer_0
  6
ByLayer
 62
    7
370
   -1
100
AcDbCircle
 10
-3.89999400960113
 20
-3.149998332820019
 40
0.09998833290043098
100
AcDbArc
 50
89.99770239971467
 51
138.9771541361608
  0
ARC
  5
16D
100
AcDbEntity
  8
Layer_0
  6
ByLayer
 62
    7
370
   -1
100
AcDbCircle
 10
-3.899977900069644
 20
-3.150005308094421
 40
0.1000050651345542
100
AcDbArc
 50
138.9801970578904
 51
187.9575804313579
  0
LINE
  5
16E
100
AcDbEntity
  8
Layer_0
  6
ByLayer
 62
    7
370
   -1
100
AcDbLine
 10
-3.999019999999973
 20
-3.163849999999968
 11
-3.5
 21
-6.733079999999973
  0
ARC
  5
16F
100
AcDbEntity
  8
Layer_0
  6
ByLayer
 62
    7
370
   -1
100
AcDbCircle
 10
-2.90578400021468
 20
-6.650004893634502
 40
0.5999951063954807
100
AcDbArc
 50
187.9587220432666
 51
269.9994270580301
  0
LINE
  5
170
100
AcDbEntity
  8
Layer_0
  6
ByLayer
 62
    7
370
   -1
100
AcDbLine
 10
-2.905790000000025
 20
-7.25
 11
-0.7000100000000202
 21
-7.25
  0
LINE
  5
171
100
AcDbEntity
  8
Layer_0
  6
ByLayer
 62
    7
370
   -1
100
AcDbLine
 10
-0.7000100000000202
 20
-7.25
 11
-0.7000100000000202
 21
-0.25
  0
ARC
  5
172
100
AcDbEntity
  8
Layer_0
  6
ByLayer
 62
    7
370
   -1
100
AcDbCircle
 10
-0.450009998987241
 20
-0.2500000010127792
 40
0.2500000010127817
100
AcDbArc
 50
90.00000023211189
 51
179.9999997678881
  0
LINE
  5
173
100
AcDbEntity
  8
Layer_0
  6
ByLayer
 62
    7
370
   -1
100
AcDbLine
 10
-0.4500100000000202
 20
0
 11
0.4500100000000202
 21
0
  0
ARC
  5
174
100
AcDbEntity
  8
Layer_0
  6
ByLayer
 62
    7
370
   -1
100
AcDbCircle
 10
0.450009998987241
 20
-0.2500000010127792
 40
0.2500000010127817
100
AcDbArc
 50
2.321118935434669e-07
 51
89.99999976788811
  0
LINE
  5
175
100
AcDbEntity
  8
Layer_0
  6
ByLayer
 62
    7
370
   -1
100
AcDbLine
 10
0.7000100000000202
 20
-0.25
 11
0.7000100000000202
 21
-7.25
  0
LINE
  5
176
100
AcDbEntity
  8
Layer_0
  6
ByLayer
 62
    7
370
   -1
100
AcDbLine
 10
0.7000100000000202
 20
-7.25
 11
2.905790000000025
 21
-7.25
  0
ARC
  5
177
100
AcDbEntity
  8
Layer_0
  6
ByLayer
 62
    7
370
   -1
100
AcDbCircle
 10
2.90578470551543
 20
-6.650005704392072
 40
0.5999942956313065
100
AcDbArc
 50
270.0005055908434
 51
352.0413453078681
  0
LINE
  5
178
100
AcDbEntity
  8
Layer_0
  6
ByLayer
 62
    7
370
   -1
100
AcDbLine
 10
3.5
 20
-6.733079999999973
 11
3.999019999999973
 21
-3.163849999999968
  0
ARC
  5
179
100
AcDbEntity
  8
Layer_0
  6
ByLayer
 62
    7
370
   -1
100
AcDbCircle
 10
3.899987423664982
 20
-3.150002481451168
 40
0.09999602464848982
100
AcDbArc
 50
352.0400601087316
 51
41.02216240214495
  0
ARC
  5
17A
100
AcDbEntity
  8
Layer_0
  6
ByLayer
 62
    7
370
   -1
100
AcDbCircle
 10
3.899995252744134
 20
-3.149995603404648
 40
0.09998560354265809
100
AcDbArc
 50
41.02213343003934
 51
90.00301003403547
  0
LINE
  5
17B
100
AcDbEntity
  8
Layer_0
  6
ByLayer
 62
    7
370
   -1
100
AcDbLine
 10
3.899990000000003
 20
-3.050009999999986
 11
3.5
 21
-3.050009999999986
  0
LINE
  5
17C
100
AcDbEntity
  8
Layer_0
  6
ByLayer
 62
    7
370
   -1
100
AcDbLine
 10
3.5
 20
-3.050009999999986
 11
3.5
 21
-0.5
  0
ARC
  5
17D
100
AcDbEntity
  8
Layer_0
  6
ByLayer
 62
    7
370
   -1
100
AcDbCircle
 10
3.500000001012779
 20
-0.2499999989872208
 40
0.2500000010127817
100
AcDbArc
 50
180.0000002321119
 51
269.9999997678881
  0
ARC
  5
17E
100
AcDbEntity
  8
Layer_0
  6
ByLayer
 62
    7
370
   -1
100
AcDbCircle
 10
3.500000001012779
 20
-0.2500000010127792
 40
0.2500000010127817
100
AcDbArc
 50
90.00000023211189
 51
179.9999997678881
  0
ARC
  5
17F
100
AcDbEntity
  8
Layer_0
  6
ByLayer
 62
    7
370
   -1
100
AcDbCircle
 10
3.499999998987221
 20
-0.2500000010127792
 40
0.2500000010127817
100
AcDbArc
 50
2.321118935434669e-07
 51
89.99999976788811
  0
ARC
  5
180
100
AcDbEntity
  8
Layer_0
  6
ByLayer
 62
    7
370
   -1
100
AcDbCircle
 10
3.500007870451554
 20
2.544423345496625
 40
2.805583343743811
100
AcDbArc
 50
275.1121333277936
 51
2.555986984303915
  0
ARC
  5
181
100
AcDbEntity
  8
Layer_0
  6
ByLayer
 62
    7
370
   -1
100
AcDbCircle
 10
3.5000040624912
 20
2.544412362262619
 40
2.80558763774035
100
AcDbArc
 50
2.556207592994429
 51
90.00008296429489
  0
ARC
  5
182
100
AcDbEntity
  8
Layer_0
  6
ByLayer
 62
    7
370
   -1
100
AcDbCircle
 10
3.500010001620467
 20
4.94999999837961
 40
0.4000000017454564
100
AcDbArc
 50
90.00143262659653
 51
180.001432162376
  0
LINE
  5
183
100
AcDbEntity
  8
Layer_0
  6
ByLayer
 62
    7
370
   -1
100
AcDbLine
 10
3.100009999999997
 20
4.949990000000014
 11
3.100009999999997
 21
4.350000000000023
  0
ARC
  5
184
100
AcDbEntity
  8
Layer_0
  6
ByLayer
 62
    7
370
   -1
100
AcDbCircle
 10
3.500010862026045
 20
4.349990861983031
 40
0.4000008621304455
100
AcDbArc
 50
179.9986910783041
 51
269.9984441327299
  0
ARC
  5
185
100
AcDbEntity
  8
Layer_0
  6
ByLayer
 62
    7
370
   -1
100
AcDbCircle
 10
3.499994996759028
 20
3.149994996759176
 40
0.7999950032565302
100
AcDbArc
 50
359.9996421312499
 51
89.99964166702242
  0
ARC
  5
186
100
AcDbEntity
  8
Layer_0
  6
ByLayer
 62
    7
370
   -1
100
AcDbCircle
 10
3.500000857129066
 20
3.149989142870936
 40
0.7999891428713453
100
AcDbArc
 50
269.9999386118193
 51
6.138818062984634e-05
  0
ARC
  5
187
100
AcDbEntity
  8
Layer_0
  6
ByLayer
 62
    7
370
   -1
100
AcDbCircle
 10
-3.499999996759129
 20
3.149990003240873
 40
0.7999900032408407
100
AcDbArc
 50
180.0000002321132
 51
269.9999997678868
  0
ARC
  5
188
100
AcDbEntity
  8
Layer_0
  6
ByLayer
 62
    7
370
   -1
100
AcDbCircle
 10
-3.499994136376131
 20
3.149994136387022
 40
0.7999958636345336
100
AcDbArc
 50
90.0004199532968
 51
180.0002962484301
  0
ARC
  5
189
100
AcDbEntity
  8
Layer_0
  6
ByLayer
 62
    7
370
   -1
100
AcDbCircle
 10
-3.500010001620467
 20
4.349990001620483
 40
0.4000000017454279
100
AcDbArc
 50
270.0014326265965
 51
0.001432162367838845
  0
LINE
  5
18A
100
AcDbEntity
  8
Layer_0
  6
ByLayer
 62
    7
370
   -1
100
AcDbLine
 10
-3.100009999999997
 20
4.350000000000023
 11
-3.100009999999997
 21
4.949990000000014
  0
ARC
  5
18B
100
AcDbEntity
  8
Layer_0
  6
ByLayer
 62
    7
370
   -1
100
AcDbCircle
 10
-3.500010001620467
 20
4.94999999837961
 40
0.4000000017454564
100
AcDbArc
 50
359.998567837624
 51
89.99856737340349
  0
ARC
  5
18C
100
AcDbEntity
  8
Layer_0
  6
ByLayer
 62
    7
370
   -1
100
AcDbCircle
 10
-3.500003192517397
 20
2.54441145258204
 40
2.805588547419825
100
AcDbArc
 50
89.9999348023526
 51
177.4437746403594
  0
ARC
  5
18D
100
AcDbEntity
  8
Layer_0
  6
ByLayer
 62
    7
370
   -1
100
AcDbCircle
 10
-3.500007870451554
 20
2.544423345496568
 40
2.805583343743784
100
AcDbArc
 50
177.4440130156949
 51
264.8878666722063
  0
ARC
  5
18E
100
AcDbEntity
  8
Layer_0
  6
ByLayer
 62
    7
370
   -1
100
AcDbCircle
 10
-3.499999998987221
 20
-0.2500000010127792
 40
0.2500000010127817
100
AcDbArc
 50
90.00000023211189
 51
179.9999997678881
  0
ARC
  5
18F
100
AcDbEntity
  8
Layer_0
  6
ByLayer
 62
    7
370
   -1
100
AcDbCircle
 10
-3.500000001012779
 20
-0.2500000010127792
 40
0.2500000010127817
100
AcDbArc
 50
2.321118935434669e-07
 51
89.99999976788811
  0
ARC
  5
190
100
AcDbEntity
  8
Layer_0
  6
ByLayer
 62
    7
370
   -1
100
AcDbCircle
 10
-3.500000001012779
 20
-0.2499999989872208
 40
0.2500000010127817
100
AcDbArc
 50
270.0000002321119
 51
359.9999997678881
  0
LINE
  5
191
100
AcDbEntity
  8
Layer_0
  6
ByLayer
 62
    7
370
   -1
100
AcDbLine
 10
-3.5
 20
-0.5
 11
-3.5
 21
-3.050009999999986
  0
LINE
  5
192
100
AcDbEntity
  8
Layer_0
  6
ByLayer
 62
    7
370
   -1
100
AcDbLine
 10
-3.5
 20
-3.050009999999986
 11
-3.899990000000003
 21
-3.050009999999986
  0
LINE
  5
193
100
AcDbEntity
  8
Layer_0
  6
ByLayer
 62
    7
370
   -1
100
AcDbLine
 10
-0.2000000000000028
 20
2.350000000000023
 11
-3.5
 21
2.350000000000023
  0
LINE
  5
194
100
AcDbEntity
  8
Layer_0
  6
ByLayer
 62
    7
370
   -1
100
AcDbLine
 10
3.5
 20
2.350000000000023
 11
0.2000000000000028
 21
2.350000000000023
  0
LINE
  5
195
100
AcDbEntity
  8
0
  6
ByLayer
 62
  256
370
   -1
100
AcDbLine
 10
-0.7000100000000202
 20
-7.25
 11
0.7000100000000202
 21
-7.25
  0
ENDBLK
  5
5E
330
5C
100
AcDbEntity
  8
0
100
AcDbBlockEnd
  0
ENDSEC
  0
SECTION
  2
ENTITIES
  0
LWPOLYLINE
  5
196
100
AcDbEntity
  8
Layer_27
  6
ByLayer
 62
  138
370
   -1
100
AcDbPolyline
 90
  136
 70
    1
 43
0
 10
3
 20
98.99493749999999
 10
2.701140000000009
 20
98.97464750000006
 10
2.408659999999998
 20
98.92861749999997
 10
2.124169999999992
 20
98.85692749999998
 10
1.849310000000003
 20
98.7596575
 10
1.585710000000006
 20
98.63686749999999
 10
1.334990000000005
 20
98.48865750000004
 10
1.098780000000033
 20
98.3150875
 10
0.8786999999999807
 20
98.11623750000001
 10
0.6798600000000192
 20
97.89615750000007
 10
0.5062900000000354
 20
97.65994750000004
 10
0.3580900000000042
 20
97.40922750000004
 10
0.2353100000000268
 20
97.14561750000007
 10
0.1380399999999895
 20
96.87075749999997
 10
0.06634999999999991
 20
96.58627750000005
 10
0.02030999999999494
 20
96.29378750000001
 10
0
 20
95.99493749999999
 10
0
 20
2.994927500000017
 10
0.02030999999999494
 20
2.696077500000001
 10
0.06634999999999991
 20
2.403587500000015
 10
0.1380399999999895
 20
2.119107500000041
 10
0.2353100000000268
 20
1.844247499999994
 10
0.3580900000000042
 20
1.580637500000023
 10
0.5062900000000354
 20
1.329917500000022
 10
0.6798600000000192
 20
1.093707499999994
 10
0.8786999999999807
 20
0.8736274999999978
 10
1.098780000000033
 20
0.6747775000000047
 10
1.334990000000005
 20
0.5012075000000209
 10
1.585710000000006
 20
0.3529875000000402
 10
1.849310000000003
 20
0.2302075000000059
 10
2.124169999999992
 20
0.1329274999999939
 10
2.408659999999998
 20
0.06123750000000427
 10
2.701140000000009
 20
0.01521750000000566
 10
3
 20
-0.005072499999982938
 10
171
 20
-0.005072499999982938
 10
171.2988800000001
 20
0.01521750000000566
 10
171.59139
 20
0.06123750000000427
 10
171.8758800000001
 20
0.1329274999999939
 10
172.15074
 20
0.2302075000000059
 10
172.41434
 20
0.3529875000000402
 10
172.66507
 20
0.5012075000000209
 10
172.90129
 20
0.6747775000000047
 10
173.1214
 20
0.8736274999999978
 10
173.3202200000001
 20
1.093707499999994
 10
173.49377
 20
1.329917500000022
 10
173.64197
 20
1.580637500000023
 10
173.76474
 20
1.844247499999994
 10
173.8620100000001
 20
2.119107500000041
 10
173.93369
 20
2.403587500000015
 10
173.97971
 20
2.696077500000001
 10
174
 20
2.994927500000017
 10
174
 20
95.99493749999999
 10
174.02028
 20
96.29378750000001
 10
174.06631
 20
96.58627750000005
 10
174.138
 20
96.87075749999997
 10
174.23527
 20
97.14561750000007
 10
174.35806
 20
97.40922750000004
 10
174.5062800000001
 20
97.65994750000004
 10
174.67985
 20
97.89615750000007
 10
174.8787
 20
98.11623750000001
 10
175.09878
 20
98.3150875
 10
175.3349900000001
 20
98.48865750000004
 10
175.5857100000001
 20
98.63686749999999
 10
175.8493100000001
 20
98.7596575
 10
176.12417
 20
98.85692749999998
 10
176.4086600000001
 20
98.92861749999997
 10
176.70114
 20
98.97464750000006
 10
177
 20
98.99493749999999
 10
219.07348
 20
98.99493749999999
 10
219.37236
 20
98.97464750000006
 10
219.66484
 20
98.92861749999997
 10
219.94933
 20
98.85692749999998
 10
220.22419
 20
98.7596575
 10
220.48779
 20
98.63686749999999
 10
220.73852
 20
98.48865750000004
 10
220.97473
 20
98.3150875
 10
221.19481
 20
98.11623750000001
 10
221.39365
 20
97.89615750000007
 10
221.56722
 20
97.65994750000004
 10
221.7154400000001
 20
97.40922750000004
 10
221.83822
 20
97.14561750000007
 10
221.9355
 20
96.87075749999997
 10
222.00719
 20
96.58627750000005
 10
222.05321
 20
96.29378750000001
 10
222.0735
 20
95.99493749999999
 10
222.07348
 20
2.994927500000017
 10
222.05321
 20
2.696077500000001
 10
222.00719
 20
2.403587500000015
 10
221.9355
 20
2.119107500000041
 10
221.83822
 20
1.844247499999994
 10
221.7154400000001
 20
1.580637500000023
 10
221.56722
 20
1.329917500000022
 10
221.39365
 20
1.093707499999994
 10
221.19481
 20
0.8736274999999978
 10
220.97473
 20
0.6747775000000047
 10
220.73852
 20
0.5012075000000209
 10
220.48779
 20
0.3529875000000402
 10
220.22419
 20
0.2302075000000059
 10
219.94933
 20
0.1329274999999939
 10
219.66484
 20
0.06123750000000427
 10
219.37236
 20
0.01521750000000566
 10
219.0735
 20
-0.005072499999982938
 10
177
 20
-0.005072499999982938
 10
176.70114
 20
0.01521750000000566
 10
176.4086600000001
 20
0.06123750000000427
 10
176.12417
 20
0.1329274999999939
 10
175.8493100000001
 20
0.2302075000000059
 10
175.5857100000001
 20
0.3529875000000402
 10
175.3349900000001
 20
0.5012075000000209
 10
175.09878
 20
0.6747775000000047
 10
174.8787
 20
0.8736274999999978
 10
174.67985
 20
1.093707499999994
 10
174.5062800000001
 20
1.329917500000022
 10
174.35806
 20
1.580637500000023
 10
174.23527
 20
1.844247499999994
 10
174.138
 20
2.119107500000041
 10
174.06631
 20
2.403587500000015
 10
174.02028
 20
2.696077500000001
 10
174
 20
2.994927500000017
 10
174
 20
95.99493749999999
 10
173.97971
 20
96.29378750000001
 10
173.93369
 20
96.58627750000005
 10
173.8620100000001
 20
96.87075749999997
 10
173.76474
 20
97.14561750000007
 10
173.64197
 20
97.40922750000004
 10
173.49377
 20
97.65994750000004
 10
173.3202200000001
 20
97.89615750000007
 10
173.1214
 20
98.11623750000001
 10
172.90129
 20
98.3150875
 10
172.66507
 20
98.48865750000004
 10
172.41434
 20
98.63686749999999
 10
172.15074
 20
98.7596575
 10
171.8758800000001
 20
98.85692749999998
 10
171.59139
 20
98.92861749999997
 10
171.2988800000001
 20
98.97464750000006
 10
171
 20
98.99493749999999
  0
INSERT
  5
197
100
AcDbEntity
  8
0
  6
ByLayer
 62
  256
370
   -1
100
AcDbBlockReference
  2
plate_bottom
 10
112.57263
 20
48.41781875190054
 30
0
 41
1
 42
1
 43
0
 50
0
 70
    1
 71
    1
 44
0
 45
0
  0
INSERT
  5
198
100
AcDbEntity
  8
0
  6
ByLayer
 62
  256
370
   -1
100
AcDbBlockReference
  2
plate_support
 10
209.03674
 20
60.89491750000002
 30
0
 41
1
 42
1
 43
0
 50
0
 70
    1
 71
    1
 44
0
 45
0
  0
INSERT
  5
199
100
AcDbEntity
  8
0
  6
ByLayer
 62
  256
370
   -1
100
AcDbBlockReference
  2
plate_support
 10
187.1588310330713
 20
60.89491750000002
 30
0
 41
1
 42
1
 43
0
 50
0
 70
    1
 71
    1
 44
0
 45
0
  0
INSERT
  5
19A
100
AcDbEntity
  8
0
  6
ByLayer
 62
  256
370
   -1
100
AcDbBlockReference
  2
plate_support
 10
209.03674
 20
22.78357006809588
 30
0
 41
1
 42
1
 43
0
 50
0
 70
    1
 71
    1
 44
0
 45
0
  0
INSERT
  5
19B
100
AcDbEntity
  8
0
  6
ByLayer
 62
  256
370
   -1
100
AcDbBlockReference
  2
plate_support
 10
187.1588310330713
 20
22.78357006809588
 30
0
 41
1
 42
1
 43
0
 50
0
 70
    1
 71
    1
 44
0
 45
0
  0
INSERT
  5
19C
100
AcDbEntity
  8
0
  6
ByLayer
 62
  256
370
   -1
100
AcDbBlockReference
  2
plate_support
 10
216.6427979875285
 20
11.31616916906916
 30
0
 41
1
 42
1
 43
0
 50
90
 70
    1
 71
    1
 44
0
 45
0
  0
INSERT
  5
19D
100
AcDbEntity
  8
0
  6
ByLayer
 62
  256
370
   -1
100
AcDbBlockReference
  2
plate_middle
 10
14.50375125023741
 20
48.41781750000001
 30
0
 41
1
 42
1
 43
0
 50
0
 70
    1
 71
    1
 44
0
 45
0
  0
INSERT
  5
19E
100
AcDbEntity
  8
0
  6
ByLayer
 62
  256
370
   -1
100
AcDbBlockReference
  2
clip_support
 10
74.30043301601252
 20
49.4649790911927
 30
0
 41
1
 42
1
 43
0
 50
0
 70
    1
 71
    1
 44
0
 45
0
  0
INSERT
  5
19F
100
AcDbEntity
  8
0
  6
ByLayer
 62
  256
370
   -1
100
AcDbBlockReference
  2
clip_support
 10
102.4312259479976
 20
49.4649790911927
 30
0
 41
1
 42
1
 43
0
 50
0
 70
    1
 71
    1
 44
0
 45
0
  0
INSERT
  5
1A0
100
AcDbEntity
  8
0
  6
ByLayer
 62
  256
370
   -1
100
AcDbBlockReference
  2
clip_support
 10
88.36582948200504
 20
47.35215335111663
 30
0
 41
1
 42
1
 43
0
 50
180
 70
    1
 71
    1
 44
0
 45
0
  0
INSERT
  5
1A1
100
AcDbEntity
  8
0
  6
ByLayer
 62
  256
370
   -1
100
AcDbBlockReference
  2
clip_support
 10
77.65289550625059
 20
16.44552333263499
 30
0
 41
1
 42
1
 43
0
 50
0
 70
    1
 71
    1
 44
0
 45
0
  0
INSERT
  5
1A2
100
AcDbEntity
  8
0
  6
ByLayer
 62
  256
370
   -1
100
AcDbBlockReference
  2
clip_support
 10
77.65289550625059
 20
81.87082482087499
 30
0
 41
1
 42
1
 43
0
 50
0
 70
    1
 71
    1
 44
0
 45
0
  0
ENDSEC
  0
SECTION
  2
OBJECTS
  0
DICTIONARY
  5
C
330
0
100
AcDbDictionary
281
    1
  3
ACAD_GROUP
350
D
  0
DICTIONARY
  5
D
330
C
100
AcDbDictionary
281
    1
  0
PLOTSETTINGS
  5
1A3
100
AcDbPlotSettings
  6
1x1
 40
0
 41
0
 42
0
 43
0
  0
ENDSEC
  0
EOF
